{"jobName":"transcribes..113","accountId":"097989105209","results":{"transcripts":[{"transcript":"그래요 여보세요. 본인만이 십니까 서울중앙지검 금융범죄수사 일 팀에 이철균 수사관입니다 본인과 연루된 금융범죄 사건 때문에 연락드렸습니다 접목시 통화 가능하십니까 이 전화는 모두 녹취 상태로 이루어지고 있으니 사실대로 진실해 주시기 바랍니다."}],"items":[{"start_time":"0.55","end_time":"0.91","alternatives":[{"confidence":"0.0371","content":"그래요"}],"type":"pronunciation"},{"start_time":"2.07","end_time":"3.15","alternatives":[{"confidence":"0.8972","content":"여보세요"}],"type":"pronunciation"},{"alternatives":[{"confidence":"0.0","content":"."}],"type":"punctuation"},{"start_time":"4.54","end_time":"4.99","alternatives":[{"confidence":"0.52505","content":"본인만이"}],"type":"pronunciation"},{"start_time":"4.99","end_time":"5.47","alternatives":[{"confidence":"0.9813","content":"십니까"}],"type":"pronunciation"},{"start_time":"7.45","end_time":"8.41","alternatives":[{"confidence":"0.991525","content":"서울중앙지검"}],"type":"pronunciation"},{"start_time":"8.41","end_time":"9.18","alternatives":[{"confidence":"0.9314333333333332","content":"금융범죄수사"}],"type":"pronunciation"},{"start_time":"9.18","end_time":"9.35","alternatives":[{"confidence":"0.9504","content":"일"}],"type":"pronunciation"},{"start_time":"9.35","end_time":"9.79","alternatives":[{"confidence":"0.8152","content":"팀에"}],"type":"pronunciation"},{"start_time":"9.79","end_time":"10.24","alternatives":[{"confidence":"0.99745","content":"이철균"}],"type":"pronunciation"},{"start_time":"10.24","end_time":"11.04","alternatives":[{"confidence":"0.84585","content":"수사관입니다"}],"type":"pronunciation"},{"start_time":"12.46","end_time":"12.92","alternatives":[{"confidence":"0.9865999999999999","content":"본인과"}],"type":"pronunciation"},{"start_time":"12.92","end_time":"13.4","alternatives":[{"confidence":"0.9987","content":"연루된"}],"type":"pronunciation"},{"start_time":"13.4","end_time":"13.9","alternatives":[{"confidence":"0.67615","content":"금융범죄"}],"type":"pronunciation"},{"start_time":"13.9","end_time":"14.16","alternatives":[{"confidence":"0.8233","content":"사건"}],"type":"pronunciation"},{"start_time":"14.16","end_time":"14.44","alternatives":[{"confidence":"0.9934","content":"때문에"}],"type":"pronunciation"},{"start_time":"14.44","end_time":"15.35","alternatives":[{"confidence":"0.9914499999999999","content":"연락드렸습니다"}],"type":"pronunciation"},{"start_time":"15.35","end_time":"15.75","alternatives":[{"confidence":"0.17985","content":"접목시"}],"type":"pronunciation"},{"start_time":"15.75","end_time":"15.97","alternatives":[{"confidence":"0.9227","content":"통화"}],"type":"pronunciation"},{"start_time":"15.97","end_time":"16.79","alternatives":[{"confidence":"0.9988","content":"가능하십니까"}],"type":"pronunciation"},{"start_time":"19.34","end_time":"19.46","alternatives":[{"confidence":"0.7984","content":"이"}],"type":"pronunciation"},{"start_time":"19.46","end_time":"19.81","alternatives":[{"confidence":"0.5362","content":"전화는"}],"type":"pronunciation"},{"start_time":"19.81","end_time":"20.02","alternatives":[{"confidence":"0.9935","content":"모두"}],"type":"pronunciation"},{"start_time":"20.02","end_time":"20.29","alternatives":[{"confidence":"0.8806499999999999","content":"녹취"}],"type":"pronunciation"},{"start_time":"20.29","end_time":"20.64","alternatives":[{"confidence":"0.9653","content":"상태로"}],"type":"pronunciation"},{"start_time":"20.64","end_time":"21.06","alternatives":[{"confidence":"0.976","content":"이루어지고"}],"type":"pronunciation"},{"start_time":"21.06","end_time":"21.65","alternatives":[{"confidence":"0.9989","content":"있으니"}],"type":"pronunciation"},{"start_time":"21.68","end_time":"22.18","alternatives":[{"confidence":"0.9993","content":"사실대로"}],"type":"pronunciation"},{"start_time":"22.18","end_time":"22.58","alternatives":[{"confidence":"0.6021000000000001","content":"진실해"}],"type":"pronunciation"},{"start_time":"22.58","end_time":"22.84","alternatives":[{"confidence":"0.61","content":"주시기"}],"type":"pronunciation"},{"start_time":"22.84","end_time":"23.12","alternatives":[{"confidence":"1.0","content":"바랍니다"}],"type":"pronunciation"},{"alternatives":[{"confidence":"0.0","content":"."}],"type":"punctuation"}]},"status":"COMPLETED"}