{"jobName":"transcribes219","accountId":"097989105209","results":{"transcripts":[{"transcript":"이름은 김호철 이고 태어난 곳은 전라도 광주올해로 사십 세 된 남성의 농협은행이. 십년 정도 근무를 했던 사람인데 전혀 모르시는 분 맞습니까? 왜냐하면 얼마전에 저희 검찰에서 김호철을 주범으로 하는 금융범죄 단들을 총 일곱 명 권고를 했어요. 이 사람들을 권고를 하고 사무실 압수수색을 좀 진행을 했는데 사무실에서 압수된 품목들이 대포통장하고 복제된 신용카드 보안 카드그 다음에 위조된 신분증이라고 저희가 수천 장 압수를 했고 그 압수된 물품들 분류하는 과정에서 지금 선생 혹시 명의로 된 농협은행 하고 하나은행계좌가 두 개 발견돼 있기 때문에 본인한테 사실 관계를 확인하기 위해서 전화를 드린건데요. 저희가 금융기관의 확인을 해보니까 본인 계좌는 맞는데 이 계좌들이 저희가 조회를 해보니까 만들어진 시점이 이천십육 년 오월 십칠일날 이날의 평일이고 하여야 돼요. 약 5 개월 전인데 경기도 광명시 철산동 이라는 데서 각각 신규 계좌개설된 것을 확인이 됐는데 호 씨가 만든 통장아닙니까 범죄에 이용된 거기 때문에 더 이상 사용하지 못하도록 해지처리하고 그 안에 있던 돈들은 전부 곳곳에서 조치를 했어요. 그런데 이제 근데 중요한 거는 저희가 사건 현장에서 압수할 당시 지명의 농협 계좌에는 삼 천 팔백 만원 하나은행계좌는 칠백구십 만원이라는 불법적인 자금들이 들어있었고 이 자금 이 자금들로 인해서 많은 피해자분들이 발생했는데 어떤 사건이었냐 하면 김호철의 일당들이 온라인상에서 판매자로 등록을 해놓고 고가의 고가의 항공권하고 상품권이런걸 좀 싸게 판다고 올리고 그걸 보고서 연락 오는 사람들한테 이제 대포통장계좌번호 알려주고 그쪽돈 보낸 물건보내주겠다고 하고 돈만 받아 가로챘고 싶지 않았던 사기사건이고 사기사건의 지금 C이름하고 대포통장들이 이용된 건데 그러다 보니까 대포통장은 돈을 송금하신 재산이 피해자 분들이 계시잖아요. 물건 사겠다고 돈을 송금했는데 물건 도착하지 않고 처음에 연락조차 되지 않으니까 이제 그제서야 사기사건이라고 나 인지를 하고 사기 혐의로 고소고발을 좀 진행을 한 상태인데 비가 판매자 지금까지 되기 때문에 앞으로 다가고소고발장이 접수가 되어 있어요. 제가 사건 수사를 진행을 해봐서 씨가 뭐 사건에 전혀 가담한 사실 없고 오히려 당하신 분이든 피해자가 맞다, 피해자 입증됐다 되시게 되면 본인 무혐의 처분받을 수 있도록 제가 도와드릴 거예요. 제가 금융감독원에서 온 자료하고 지금부터 하는 진술하고 주도를 해서 제가 만든 통장에 대해서는 계좌동결처리 진행하지 않을 건데 씨가 직접 계좌개설해서 본인사용하고 계시는 금융기관어디 어디가 있죠? 금융기관명만 좀 알려주세요. 그러면 신한은행 하고 국민은행우체국저축은행이렇게 있으시고 본인증권회사라든지 새마을금고, 신협 이런 데는 거리가 없으신것 같죠. 본인 계좌가 맞으시면 정확하게 만 진술하시면 저희가 계좌동결처리 진행하지 않습니다. 이게 각각의 계좌가 본인 계좌가 맞으시면 오늘 현재 자로 개략적인 자네도 기억을 할 거예요. 본인 계좌가 맞으면 저희가 계좌동결철을 진행하지 않아야 되기 때문에 대조를 해볼건데. 이게 정확한 금액은 필요가 유선 조사하기 때문에 십만원 미만오십만원 미만백만원미만 이런식으로 간략하게 진술해주시고 오차 범위 만 오십 만원 이내에서만 차이없으면 분위기가 맞다고 판단을 할 거에요. 신안 해 입출일단 신한행부터 진행을 하겠습니다. 신 안해 입출금 계좌는 잔액이 얼마 미만인 분위기가 맞아요. 본인이 정태준이라는 사람이 잘 아시는 분이죠. 네. 네. 정태준입니다 제가 다시 한번 사람도 정확하게 설명을 좀 드릴게요. 정태준이라는 사람은 전라도 광주에서 태어났고요 전라도 광주 출신이고 고등학교부터 해서 사회생활까지는 서울 하고 경기권에서 주로 활동을 한 사람이고, 올해로 올해로 사십 세 된 남성의 농협은행 이라는데 한 십년 정도 분명히 하는 사람이에요. 정태준이라고 분이 전혀 모르시는 분이에요. 왜냐하면 얼마전에 검찰에서 이 정태준을 주범으로 하는 금융범죄사기단들을 총 일곱 명 권고를 했어요. 그런데 이 검거과정에서 정태주의라는 친구가 면회에 농협은행 하고 하나 은행 계좌를 기계 가지고 있다고 했는데 체포가 됐는데 정태준이 진술로는 를 잘 아시는 분이고 이 통장들은 돈을 주고 샀다 이렇게 진술하고 있는 부분이 있는데 사실인가요? 대자보는 유 선생님 때문에 말씀드릴 수는 없고, 제가 만들어진 지역으로 말씀드릴게요. 금융기관을 확인을 해보니까 이천십육 년 오월 십칠일날 경기도 광명시 철산동 이라서 각각 신규 제작 에서는 농협은행 하고 하나냐인데 본인 거 맞아요."}],"items":[{"start_time":"0.51","end_time":"0.95","alternatives":[{"confidence":"0.9971","content":"이름은"}],"type":"pronunciation"},{"start_time":"0.95","end_time":"1.53","alternatives":[{"confidence":"0.84815","content":"김호철"}],"type":"pronunciation"},{"start_time":"1.53","end_time":"2.15","alternatives":[{"confidence":"1.0","content":"이고"}],"type":"pronunciation"},{"start_time":"2.69","end_time":"3.15","alternatives":[{"confidence":"0.998","content":"태어난"}],"type":"pronunciation"},{"start_time":"3.15","end_time":"3.47","alternatives":[{"confidence":"1.0","content":"곳은"}],"type":"pronunciation"},{"start_time":"3.47","end_time":"3.85","alternatives":[{"confidence":"1.0","content":"전라도"}],"type":"pronunciation"},{"start_time":"3.85","end_time":"5.59","alternatives":[{"confidence":"0.9427333333333333","content":"광주올해로"}],"type":"pronunciation"},{"start_time":"5.59","end_time":"6.01","alternatives":[{"confidence":"0.912","content":"사십"}],"type":"pronunciation"},{"start_time":"6.01","end_time":"6.16","alternatives":[{"confidence":"0.6044","content":"세"}],"type":"pronunciation"},{"start_time":"6.16","end_time":"6.35","alternatives":[{"confidence":"0.7183","content":"된"}],"type":"pronunciation"},{"start_time":"6.35","end_time":"7.07","alternatives":[{"confidence":"0.9593","content":"남성의"}],"type":"pronunciation"},{"start_time":"7.07","end_time":"7.68","alternatives":[{"confidence":"0.50795","content":"농협은행이"}],"type":"pronunciation"},{"alternatives":[{"confidence":"0.0","content":"."}],"type":"punctuation"},{"start_time":"7.69","end_time":"8.02","alternatives":[{"confidence":"0.67215","content":"십년"}],"type":"pronunciation"},{"start_time":"8.02","end_time":"8.26","alternatives":[{"confidence":"0.9987","content":"정도"}],"type":"pronunciation"},{"start_time":"8.26","end_time":"8.59","alternatives":[{"confidence":"0.9945","content":"근무를"}],"type":"pronunciation"},{"start_time":"8.59","end_time":"8.87","alternatives":[{"confidence":"0.8956","content":"했던"}],"type":"pronunciation"},{"start_time":"8.87","end_time":"9.67","alternatives":[{"confidence":"1.0","content":"사람인데"}],"type":"pronunciation"},{"start_time":"10.59","end_time":"10.88","alternatives":[{"confidence":"1.0","content":"전혀"}],"type":"pronunciation"},{"start_time":"10.88","end_time":"11.32","alternatives":[{"confidence":"0.9995499999999999","content":"모르시는"}],"type":"pronunciation"},{"start_time":"11.32","end_time":"11.45","alternatives":[{"confidence":"0.6708","content":"분"}],"type":"pronunciation"},{"start_time":"11.45","end_time":"12.15","alternatives":[{"confidence":"0.9999","content":"맞습니까"}],"type":"pronunciation"},{"alternatives":[{"confidence":"0.0","content":"?"}],"type":"punctuation"},{"start_time":"13.83","end_time":"14.53","alternatives":[{"confidence":"0.9815","content":"왜냐하면"}],"type":"pronunciation"},{"start_time":"14.53","end_time":"14.89","alternatives":[{"confidence":"0.711","content":"얼마전에"}],"type":"pronunciation"},{"start_time":"14.89","end_time":"15.06","alternatives":[{"confidence":"0.8607","content":"저희"}],"type":"pronunciation"},{"start_time":"15.06","end_time":"15.68","alternatives":[{"confidence":"0.99685","content":"검찰에서"}],"type":"pronunciation"},{"start_time":"15.68","end_time":"16.3","alternatives":[{"confidence":"0.9986","content":"김호철을"}],"type":"pronunciation"},{"start_time":"16.3","end_time":"16.74","alternatives":[{"confidence":"0.9998","content":"주범으로"}],"type":"pronunciation"},{"start_time":"16.74","end_time":"16.94","alternatives":[{"confidence":"0.9804","content":"하는"}],"type":"pronunciation"},{"start_time":"16.94","end_time":"17.61","alternatives":[{"confidence":"0.8159","content":"금융범죄"}],"type":"pronunciation"},{"start_time":"17.785","end_time":"18.065","alternatives":[{"confidence":"0.66825","content":"단들을"}],"type":"pronunciation"},{"start_time":"18.065","end_time":"18.195","alternatives":[{"confidence":"0.9281","content":"총"}],"type":"pronunciation"},{"start_time":"18.195","end_time":"18.425","alternatives":[{"confidence":"0.3904","content":"일곱"}],"type":"pronunciation"},{"start_time":"18.425","end_time":"18.565","alternatives":[{"confidence":"0.6834","content":"명"}],"type":"pronunciation"},{"start_time":"18.565","end_time":"18.945","alternatives":[{"confidence":"0.9896499999999999","content":"권고를"}],"type":"pronunciation"},{"start_time":"18.945","end_time":"19.745","alternatives":[{"confidence":"1.0","content":"했어요"}],"type":"pronunciation"},{"alternatives":[{"confidence":"0.0","content":"."}],"type":"punctuation"},{"start_time":"19.805","end_time":"19.905","alternatives":[{"confidence":"0.9245","content":"이"}],"type":"pronunciation"},{"start_time":"19.905","end_time":"20.325","alternatives":[{"confidence":"0.3491","content":"사람들을"}],"type":"pronunciation"},{"start_time":"20.325","end_time":"20.865","alternatives":[{"confidence":"0.9928","content":"권고를"}],"type":"pronunciation"},{"start_time":"20.865","end_time":"21.055","alternatives":[{"confidence":"0.9986","content":"하고"}],"type":"pronunciation"},{"start_time":"21.055","end_time":"21.385","alternatives":[{"confidence":"0.9998","content":"사무실"}],"type":"pronunciation"},{"start_time":"21.385","end_time":"21.855","alternatives":[{"confidence":"0.99895","content":"압수수색을"}],"type":"pronunciation"},{"start_time":"21.855","end_time":"21.985","alternatives":[{"confidence":"0.9979","content":"좀"}],"type":"pronunciation"},{"start_time":"21.985","end_time":"22.275","alternatives":[{"confidence":"0.9868","content":"진행을"}],"type":"pronunciation"},{"start_time":"22.275","end_time":"22.985","alternatives":[{"confidence":"0.9979","content":"했는데"}],"type":"pronunciation"},{"start_time":"23.415","end_time":"23.955","alternatives":[{"confidence":"1.0","content":"사무실에서"}],"type":"pronunciation"},{"start_time":"23.955","end_time":"24.405","alternatives":[{"confidence":"0.9993000000000001","content":"압수된"}],"type":"pronunciation"},{"start_time":"24.405","end_time":"25.105","alternatives":[{"confidence":"0.9803999999999999","content":"품목들이"}],"type":"pronunciation"},{"start_time":"25.135","end_time":"26.325","alternatives":[{"confidence":"0.9747666666666667","content":"대포통장하고"}],"type":"pronunciation"},{"start_time":"26.725","end_time":"27.165","alternatives":[{"confidence":"0.865","content":"복제된"}],"type":"pronunciation"},{"start_time":"27.165","end_time":"28.155","alternatives":[{"confidence":"0.6465","content":"신용카드"}],"type":"pronunciation"},{"start_time":"28.165","end_time":"28.515","alternatives":[{"confidence":"0.6576","content":"보안"}],"type":"pronunciation"},{"start_time":"28.515","end_time":"28.955","alternatives":[{"confidence":"0.4922999999999999","content":"카드그"}],"type":"pronunciation"},{"start_time":"28.955","end_time":"29.205","alternatives":[{"confidence":"0.9975","content":"다음에"}],"type":"pronunciation"},{"start_time":"29.205","end_time":"29.585","alternatives":[{"confidence":"0.99995","content":"위조된"}],"type":"pronunciation"},{"start_time":"29.585","end_time":"30.285","alternatives":[{"confidence":"0.9300999999999999","content":"신분증이라고"}],"type":"pronunciation"},{"start_time":"30.285","end_time":"30.525","alternatives":[{"confidence":"1.0","content":"저희가"}],"type":"pronunciation"},{"start_time":"30.525","end_time":"30.805","alternatives":[{"confidence":"0.5745","content":"수천"}],"type":"pronunciation"},{"start_time":"30.805","end_time":"30.955","alternatives":[{"confidence":"0.4598","content":"장"}],"type":"pronunciation"},{"start_time":"30.955","end_time":"31.285","alternatives":[{"confidence":"0.9974000000000001","content":"압수를"}],"type":"pronunciation"},{"start_time":"31.285","end_time":"31.995","alternatives":[{"confidence":"1.0","content":"했고"}],"type":"pronunciation"},{"start_time":"32.375","end_time":"32.505","alternatives":[{"confidence":"0.9271","content":"그"}],"type":"pronunciation"},{"start_time":"32.505","end_time":"33.155","alternatives":[{"confidence":"1.0","content":"압수된"}],"type":"pronunciation"},{"start_time":"33.155","end_time":"33.795","alternatives":[{"confidence":"0.94645","content":"물품들"}],"type":"pronunciation"},{"start_time":"33.795","end_time":"34.295","alternatives":[{"confidence":"0.9891000000000001","content":"분류하는"}],"type":"pronunciation"},{"start_time":"34.295","end_time":"34.965","alternatives":[{"confidence":"1.0","content":"과정에서"}],"type":"pronunciation"},{"start_time":"34.965","end_time":"35.305","alternatives":[{"confidence":"0.9439","content":"지금"}],"type":"pronunciation"},{"start_time":"36.37","end_time":"36.85","alternatives":[{"confidence":"0.0902","content":"선생"}],"type":"pronunciation"},{"start_time":"37.19","end_time":"37.45","alternatives":[{"confidence":"0.9943","content":"혹시"}],"type":"pronunciation"},{"start_time":"37.45","end_time":"37.94","alternatives":[{"confidence":"1.0","content":"명의로"}],"type":"pronunciation"},{"start_time":"37.94","end_time":"38.24","alternatives":[{"confidence":"1.0","content":"된"}],"type":"pronunciation"},{"start_time":"38.49","end_time":"39.12","alternatives":[{"confidence":"0.8565","content":"농협은행"}],"type":"pronunciation"},{"start_time":"39.12","end_time":"39.34","alternatives":[{"confidence":"0.9801","content":"하고"}],"type":"pronunciation"},{"start_time":"39.34","end_time":"40.27","alternatives":[{"confidence":"0.7826000000000001","content":"하나은행계좌가"}],"type":"pronunciation"},{"start_time":"40.33","end_time":"40.47","alternatives":[{"confidence":"0.6297","content":"두"}],"type":"pronunciation"},{"start_time":"40.47","end_time":"40.57","alternatives":[{"confidence":"0.5146","content":"개"}],"type":"pronunciation"},{"start_time":"40.57","end_time":"40.99","alternatives":[{"confidence":"0.9587","content":"발견돼"}],"type":"pronunciation"},{"start_time":"40.99","end_time":"41.16","alternatives":[{"confidence":"0.9685","content":"있기"}],"type":"pronunciation"},{"start_time":"41.16","end_time":"41.75","alternatives":[{"confidence":"0.9987","content":"때문에"}],"type":"pronunciation"},{"start_time":"42.13","end_time":"42.62","alternatives":[{"confidence":"0.9899","content":"본인한테"}],"type":"pronunciation"},{"start_time":"42.62","end_time":"42.92","alternatives":[{"confidence":"0.5747","content":"사실"}],"type":"pronunciation"},{"start_time":"42.92","end_time":"43.22","alternatives":[{"confidence":"0.9667","content":"관계를"}],"type":"pronunciation"},{"start_time":"43.22","end_time":"43.61","alternatives":[{"confidence":"0.9985","content":"확인하기"}],"type":"pronunciation"},{"start_time":"43.61","end_time":"43.83","alternatives":[{"confidence":"0.9519","content":"위해서"}],"type":"pronunciation"},{"start_time":"43.83","end_time":"44.15","alternatives":[{"confidence":"0.9993","content":"전화를"}],"type":"pronunciation"},{"start_time":"44.21","end_time":"45.13","alternatives":[{"confidence":"0.98845","content":"드린건데요"}],"type":"pronunciation"},{"alternatives":[{"confidence":"0.0","content":"."}],"type":"punctuation"},{"start_time":"46.08","end_time":"46.32","alternatives":[{"confidence":"1.0","content":"저희가"}],"type":"pronunciation"},{"start_time":"46.32","end_time":"46.86","alternatives":[{"confidence":"0.903","content":"금융기관의"}],"type":"pronunciation"},{"start_time":"46.86","end_time":"47.13","alternatives":[{"confidence":"0.9834","content":"확인을"}],"type":"pronunciation"},{"start_time":"47.13","end_time":"47.41","alternatives":[{"confidence":"0.8703000000000001","content":"해보니까"}],"type":"pronunciation"},{"start_time":"47.41","end_time":"47.66","alternatives":[{"confidence":"0.9588","content":"본인"}],"type":"pronunciation"},{"start_time":"47.66","end_time":"47.98","alternatives":[{"confidence":"0.9981","content":"계좌는"}],"type":"pronunciation"},{"start_time":"47.98","end_time":"48.8","alternatives":[{"confidence":"0.98795","content":"맞는데"}],"type":"pronunciation"},{"start_time":"49.17","end_time":"49.29","alternatives":[{"confidence":"0.8322","content":"이"}],"type":"pronunciation"},{"start_time":"49.29","end_time":"50.21","alternatives":[{"confidence":"0.9721500000000001","content":"계좌들이"}],"type":"pronunciation"},{"start_time":"50.46","end_time":"50.69","alternatives":[{"confidence":"1.0","content":"저희가"}],"type":"pronunciation"},{"start_time":"50.69","end_time":"51.05","alternatives":[{"confidence":"0.994","content":"조회를"}],"type":"pronunciation"},{"start_time":"51.05","end_time":"52.12","alternatives":[{"confidence":"0.9557","content":"해보니까"}],"type":"pronunciation"},{"start_time":"52.41","end_time":"53.14","alternatives":[{"confidence":"1.0","content":"만들어진"}],"type":"pronunciation"},{"start_time":"53.14","end_time":"53.72","alternatives":[{"confidence":"0.9924","content":"시점이"}],"type":"pronunciation"},{"start_time":"53.72","end_time":"54.77","alternatives":[{"confidence":"0.9248","content":"이천십육"}],"type":"pronunciation"},{"start_time":"54.77","end_time":"55.08","alternatives":[{"confidence":"1.0","content":"년"}],"type":"pronunciation"},{"start_time":"55.08","end_time":"55.47","alternatives":[{"confidence":"0.83065","content":"오월"}],"type":"pronunciation"},{"start_time":"55.47","end_time":"56.53","alternatives":[{"confidence":"0.7466","content":"십칠일날"}],"type":"pronunciation"},{"start_time":"56.88","end_time":"57.23","alternatives":[{"confidence":"0.669","content":"이날의"}],"type":"pronunciation"},{"start_time":"57.23","end_time":"57.73","alternatives":[{"confidence":"0.9794","content":"평일이고"}],"type":"pronunciation"},{"start_time":"57.73","end_time":"58.05","alternatives":[{"confidence":"0.3675","content":"하여야"}],"type":"pronunciation"},{"start_time":"58.05","end_time":"58.26","alternatives":[{"confidence":"0.6485","content":"돼요"}],"type":"pronunciation"},{"alternatives":[{"confidence":"0.0","content":"."}],"type":"punctuation"},{"start_time":"58.26","end_time":"58.44","alternatives":[{"confidence":"0.9682","content":"약"}],"type":"pronunciation"},{"start_time":"58.45","end_time":"58.58","alternatives":[{"confidence":"0.445","content":"5"}],"type":"pronunciation"},{"start_time":"58.58","end_time":"58.84","alternatives":[{"confidence":"0.9533","content":"개월"}],"type":"pronunciation"},{"start_time":"58.84","end_time":"59.59","alternatives":[{"confidence":"0.84805","content":"전인데"}],"type":"pronunciation"},{"start_time":"59.93","end_time":"60.57","alternatives":[{"confidence":"0.9397","content":"경기도"}],"type":"pronunciation"},{"start_time":"60.57","end_time":"61.09","alternatives":[{"confidence":"1.0","content":"광명시"}],"type":"pronunciation"},{"start_time":"61.09","end_time":"61.71","alternatives":[{"confidence":"0.8472999999999999","content":"철산동"}],"type":"pronunciation"},{"start_time":"61.71","end_time":"61.97","alternatives":[{"confidence":"0.9866","content":"이라는"}],"type":"pronunciation"},{"start_time":"61.97","end_time":"62.15","alternatives":[{"confidence":"0.9859","content":"데서"}],"type":"pronunciation"},{"start_time":"62.15","end_time":"62.48","alternatives":[{"confidence":"0.9885","content":"각각"}],"type":"pronunciation"},{"start_time":"62.48","end_time":"62.79","alternatives":[{"confidence":"0.9862","content":"신규"}],"type":"pronunciation"},{"start_time":"62.79","end_time":"63.44","alternatives":[{"confidence":"0.9596666666666667","content":"계좌개설된"}],"type":"pronunciation"},{"start_time":"63.44","end_time":"63.63","alternatives":[{"confidence":"0.7336","content":"것을"}],"type":"pronunciation"},{"start_time":"63.63","end_time":"63.91","alternatives":[{"confidence":"0.99715","content":"확인이"}],"type":"pronunciation"},{"start_time":"63.91","end_time":"64.83","alternatives":[{"confidence":"0.9911","content":"됐는데"}],"type":"pronunciation"},{"start_time":"65.34","end_time":"65.63","alternatives":[{"confidence":"0.1201","content":"호"}],"type":"pronunciation"},{"start_time":"65.63","end_time":"65.8","alternatives":[{"confidence":"0.995","content":"씨가"}],"type":"pronunciation"},{"start_time":"65.8","end_time":"66.12","alternatives":[{"confidence":"0.7856","content":"만든"}],"type":"pronunciation"},{"start_time":"66.12","end_time":"66.96","alternatives":[{"confidence":"0.9460999999999999","content":"통장아닙니까"}],"type":"pronunciation"},{"start_time":"71.29","end_time":"71.72","alternatives":[{"confidence":"0.9767","content":"범죄에"}],"type":"pronunciation"},{"start_time":"71.72","end_time":"72.06","alternatives":[{"confidence":"0.99815","content":"이용된"}],"type":"pronunciation"},{"start_time":"72.06","end_time":"72.27","alternatives":[{"confidence":"0.6768","content":"거기"}],"type":"pronunciation"},{"start_time":"72.27","end_time":"72.47","alternatives":[{"confidence":"1.0","content":"때문에"}],"type":"pronunciation"},{"start_time":"72.47","end_time":"72.57","alternatives":[{"confidence":"0.8028","content":"더"}],"type":"pronunciation"},{"start_time":"72.57","end_time":"72.75","alternatives":[{"confidence":"0.8026","content":"이상"}],"type":"pronunciation"},{"start_time":"72.75","end_time":"73.13","alternatives":[{"confidence":"0.9999","content":"사용하지"}],"type":"pronunciation"},{"start_time":"73.13","end_time":"73.69","alternatives":[{"confidence":"1.0","content":"못하도록"}],"type":"pronunciation"},{"start_time":"73.84","end_time":"74.89","alternatives":[{"confidence":"0.99725","content":"해지처리하고"}],"type":"pronunciation"},{"start_time":"75.13","end_time":"75.24","alternatives":[{"confidence":"0.9639","content":"그"}],"type":"pronunciation"},{"start_time":"75.24","end_time":"75.39","alternatives":[{"confidence":"0.9995","content":"안에"}],"type":"pronunciation"},{"start_time":"75.39","end_time":"75.59","alternatives":[{"confidence":"0.9998","content":"있던"}],"type":"pronunciation"},{"start_time":"75.59","end_time":"76.03","alternatives":[{"confidence":"0.9716","content":"돈들은"}],"type":"pronunciation"},{"start_time":"76.09","end_time":"76.44","alternatives":[{"confidence":"0.9601","content":"전부"}],"type":"pronunciation"},{"start_time":"76.62","end_time":"77.27","alternatives":[{"confidence":"0.4983","content":"곳곳에서"}],"type":"pronunciation"},{"start_time":"77.27","end_time":"77.62","alternatives":[{"confidence":"0.9819","content":"조치를"}],"type":"pronunciation"},{"start_time":"77.62","end_time":"78.34","alternatives":[{"confidence":"0.9998","content":"했어요"}],"type":"pronunciation"},{"alternatives":[{"confidence":"0.0","content":"."}],"type":"punctuation"},{"start_time":"78.52","end_time":"78.79","alternatives":[{"confidence":"0.7588","content":"그런데"}],"type":"pronunciation"},{"start_time":"78.8","end_time":"79.02","alternatives":[{"confidence":"0.987","content":"이제"}],"type":"pronunciation"},{"start_time":"79.65","end_time":"80.03","alternatives":[{"confidence":"0.6365","content":"근데"}],"type":"pronunciation"},{"start_time":"80.06","end_time":"80.45","alternatives":[{"confidence":"0.801","content":"중요한"}],"type":"pronunciation"},{"start_time":"80.45","end_time":"80.83","alternatives":[{"confidence":"0.937","content":"거는"}],"type":"pronunciation"},{"start_time":"80.83","end_time":"81.08","alternatives":[{"confidence":"1.0","content":"저희가"}],"type":"pronunciation"},{"start_time":"81.08","end_time":"81.36","alternatives":[{"confidence":"0.7869","content":"사건"}],"type":"pronunciation"},{"start_time":"81.36","end_time":"81.75","alternatives":[{"confidence":"0.9997","content":"현장에서"}],"type":"pronunciation"},{"start_time":"81.75","end_time":"82.04","alternatives":[{"confidence":"0.9989","content":"압수할"}],"type":"pronunciation"},{"start_time":"82.04","end_time":"82.39","alternatives":[{"confidence":"0.2942","content":"당시"}],"type":"pronunciation"},{"start_time":"82.79","end_time":"83.21","alternatives":[{"confidence":"0.7820499999999999","content":"지명의"}],"type":"pronunciation"},{"start_time":"83.21","end_time":"83.56","alternatives":[{"confidence":"0.96","content":"농협"}],"type":"pronunciation"},{"start_time":"83.56","end_time":"84.0","alternatives":[{"confidence":"0.9694","content":"계좌에는"}],"type":"pronunciation"},{"start_time":"84.0","end_time":"84.17","alternatives":[{"confidence":"0.7836","content":"삼"}],"type":"pronunciation"},{"start_time":"84.17","end_time":"84.36","alternatives":[{"confidence":"0.7998","content":"천"}],"type":"pronunciation"},{"start_time":"84.36","end_time":"84.7","alternatives":[{"confidence":"0.7778","content":"팔백"}],"type":"pronunciation"},{"start_time":"84.7","end_time":"85.23","alternatives":[{"confidence":"0.7872","content":"만원"}],"type":"pronunciation"},{"start_time":"85.71","end_time":"86.68","alternatives":[{"confidence":"0.7097666666666668","content":"하나은행계좌는"}],"type":"pronunciation"},{"start_time":"86.68","end_time":"87.31","alternatives":[{"confidence":"0.96305","content":"칠백구십"}],"type":"pronunciation"},{"start_time":"87.31","end_time":"87.73","alternatives":[{"confidence":"0.925","content":"만원이라는"}],"type":"pronunciation"},{"start_time":"87.73","end_time":"88.24","alternatives":[{"confidence":"0.9995","content":"불법적인"}],"type":"pronunciation"},{"start_time":"88.24","end_time":"88.59","alternatives":[{"confidence":"0.9566","content":"자금들이"}],"type":"pronunciation"},{"start_time":"88.59","end_time":"89.37","alternatives":[{"confidence":"0.76735","content":"들어있었고"}],"type":"pronunciation"},{"start_time":"89.71","end_time":"89.85","alternatives":[{"confidence":"0.7668","content":"이"}],"type":"pronunciation"},{"start_time":"89.85","end_time":"90.42","alternatives":[{"confidence":"0.5862","content":"자금"}],"type":"pronunciation"},{"start_time":"90.48","end_time":"90.6","alternatives":[{"confidence":"0.6976","content":"이"}],"type":"pronunciation"},{"start_time":"90.6","end_time":"91.02","alternatives":[{"confidence":"0.56175","content":"자금들로"}],"type":"pronunciation"},{"start_time":"91.02","end_time":"91.25","alternatives":[{"confidence":"0.9996","content":"인해서"}],"type":"pronunciation"},{"start_time":"91.25","end_time":"91.48","alternatives":[{"confidence":"0.9924","content":"많은"}],"type":"pronunciation"},{"start_time":"91.48","end_time":"91.94","alternatives":[{"confidence":"0.7596499999999999","content":"피해자분들이"}],"type":"pronunciation"},{"start_time":"91.94","end_time":"92.44","alternatives":[{"confidence":"0.759","content":"발생했는데"}],"type":"pronunciation"},{"start_time":"92.44","end_time":"92.64","alternatives":[{"confidence":"0.9998","content":"어떤"}],"type":"pronunciation"},{"start_time":"92.64","end_time":"93.22","alternatives":[{"confidence":"0.8099666666666666","content":"사건이었냐"}],"type":"pronunciation"},{"start_time":"93.22","end_time":"93.54","alternatives":[{"confidence":"0.4988","content":"하면"}],"type":"pronunciation"},{"start_time":"94.3","end_time":"94.79","alternatives":[{"confidence":"0.3899","content":"김호철의"}],"type":"pronunciation"},{"start_time":"94.79","end_time":"95.48","alternatives":[{"confidence":"0.9964500000000001","content":"일당들이"}],"type":"pronunciation"},{"start_time":"95.48","end_time":"96.4","alternatives":[{"confidence":"0.93895","content":"온라인상에서"}],"type":"pronunciation"},{"start_time":"97.14","end_time":"97.63","alternatives":[{"confidence":"0.9753000000000001","content":"판매자로"}],"type":"pronunciation"},{"start_time":"97.63","end_time":"97.97","alternatives":[{"confidence":"0.9907","content":"등록을"}],"type":"pronunciation"},{"start_time":"97.97","end_time":"98.71","alternatives":[{"confidence":"0.9993","content":"해놓고"}],"type":"pronunciation"},{"start_time":"99.2","end_time":"99.8","alternatives":[{"confidence":"0.93935","content":"고가의"}],"type":"pronunciation"},{"start_time":"100.02","end_time":"100.38","alternatives":[{"confidence":"0.9410000000000001","content":"고가의"}],"type":"pronunciation"},{"start_time":"100.38","end_time":"101.15","alternatives":[{"confidence":"0.824","content":"항공권하고"}],"type":"pronunciation"},{"start_time":"101.15","end_time":"101.91","alternatives":[{"confidence":"0.8662000000000001","content":"상품권이런걸"}],"type":"pronunciation"},{"start_time":"101.91","end_time":"102.05","alternatives":[{"confidence":"0.9664","content":"좀"}],"type":"pronunciation"},{"start_time":"102.05","end_time":"102.29","alternatives":[{"confidence":"0.6021","content":"싸게"}],"type":"pronunciation"},{"start_time":"102.29","end_time":"102.64","alternatives":[{"confidence":"0.6720999999999999","content":"판다고"}],"type":"pronunciation"},{"start_time":"102.64","end_time":"103.31","alternatives":[{"confidence":"0.9998","content":"올리고"}],"type":"pronunciation"},{"start_time":"103.58","end_time":"103.94","alternatives":[{"confidence":"0.9997","content":"그걸"}],"type":"pronunciation"},{"start_time":"103.94","end_time":"104.3","alternatives":[{"confidence":"0.6556","content":"보고서"}],"type":"pronunciation"},{"start_time":"104.3","end_time":"104.62","alternatives":[{"confidence":"0.6765","content":"연락"}],"type":"pronunciation"},{"start_time":"104.62","end_time":"104.77","alternatives":[{"confidence":"0.9899","content":"오는"}],"type":"pronunciation"},{"start_time":"104.77","end_time":"105.28","alternatives":[{"confidence":"0.9989","content":"사람들한테"}],"type":"pronunciation"},{"start_time":"105.31","end_time":"105.47","alternatives":[{"confidence":"0.1237","content":"이제"}],"type":"pronunciation"},{"start_time":"107.02","end_time":"108.03","alternatives":[{"confidence":"0.9852","content":"대포통장계좌번호"}],"type":"pronunciation"},{"start_time":"108.03","end_time":"108.69","alternatives":[{"confidence":"1.0","content":"알려주고"}],"type":"pronunciation"},{"start_time":"108.87","end_time":"109.4","alternatives":[{"confidence":"0.7605500000000001","content":"그쪽돈"}],"type":"pronunciation"},{"start_time":"109.4","end_time":"109.66","alternatives":[{"confidence":"0.9795","content":"보낸"}],"type":"pronunciation"},{"start_time":"109.66","end_time":"110.51","alternatives":[{"confidence":"0.7966333333333333","content":"물건보내주겠다고"}],"type":"pronunciation"},{"start_time":"110.51","end_time":"110.66","alternatives":[{"confidence":"0.9917","content":"하고"}],"type":"pronunciation"},{"start_time":"110.66","end_time":"110.99","alternatives":[{"confidence":"0.9964","content":"돈만"}],"type":"pronunciation"},{"start_time":"110.99","end_time":"111.28","alternatives":[{"confidence":"0.7241","content":"받아"}],"type":"pronunciation"},{"start_time":"111.28","end_time":"112.03","alternatives":[{"confidence":"0.8711333333333333","content":"가로챘고"}],"type":"pronunciation"},{"start_time":"112.34","end_time":"112.51","alternatives":[{"confidence":"0.3066","content":"싶지"}],"type":"pronunciation"},{"start_time":"112.51","end_time":"112.83","alternatives":[{"confidence":"0.9999","content":"않았던"}],"type":"pronunciation"},{"start_time":"112.83","end_time":"113.81","alternatives":[{"confidence":"0.9028333333333333","content":"사기사건이고"}],"type":"pronunciation"},{"start_time":"114.62","end_time":"115.26","alternatives":[{"confidence":"0.49155","content":"사기사건의"}],"type":"pronunciation"},{"start_time":"115.26","end_time":"115.49","alternatives":[{"confidence":"0.5598","content":"지금"}],"type":"pronunciation"},{"start_time":"115.7","end_time":"116.78","alternatives":[{"confidence":"0.6362","content":"C이름하고"}],"type":"pronunciation"},{"start_time":"117.59","end_time":"118.34","alternatives":[{"confidence":"0.976","content":"대포통장들이"}],"type":"pronunciation"},{"start_time":"118.34","end_time":"118.67","alternatives":[{"confidence":"0.87265","content":"이용된"}],"type":"pronunciation"},{"start_time":"118.67","end_time":"119.28","alternatives":[{"confidence":"0.9954","content":"건데"}],"type":"pronunciation"},{"start_time":"119.45","end_time":"119.68","alternatives":[{"confidence":"0.7275","content":"그러다"}],"type":"pronunciation"},{"start_time":"119.68","end_time":"120.17","alternatives":[{"confidence":"0.7275","content":"보니까"}],"type":"pronunciation"},{"start_time":"120.57","end_time":"121.13","alternatives":[{"confidence":"0.9081333333333333","content":"대포통장은"}],"type":"pronunciation"},{"start_time":"121.13","end_time":"121.33","alternatives":[{"confidence":"1.0","content":"돈을"}],"type":"pronunciation"},{"start_time":"121.33","end_time":"121.77","alternatives":[{"confidence":"0.87295","content":"송금하신"}],"type":"pronunciation"},{"start_time":"121.77","end_time":"122.08","alternatives":[{"confidence":"0.7479","content":"재산이"}],"type":"pronunciation"},{"start_time":"122.08","end_time":"122.36","alternatives":[{"confidence":"0.5476","content":"피해자"}],"type":"pronunciation"},{"start_time":"122.36","end_time":"122.63","alternatives":[{"confidence":"1.0","content":"분들이"}],"type":"pronunciation"},{"start_time":"122.63","end_time":"123.54","alternatives":[{"confidence":"1.0","content":"계시잖아요"}],"type":"pronunciation"},{"alternatives":[{"confidence":"0.0","content":"."}],"type":"punctuation"},{"start_time":"123.6","end_time":"123.93","alternatives":[{"confidence":"0.8894","content":"물건"}],"type":"pronunciation"},{"start_time":"123.93","end_time":"124.32","alternatives":[{"confidence":"0.9356","content":"사겠다고"}],"type":"pronunciation"},{"start_time":"124.32","end_time":"124.63","alternatives":[{"confidence":"1.0","content":"돈을"}],"type":"pronunciation"},{"start_time":"124.63","end_time":"125.2","alternatives":[{"confidence":"0.9976","content":"송금했는데"}],"type":"pronunciation"},{"start_time":"125.2","end_time":"125.42","alternatives":[{"confidence":"0.6344","content":"물건"}],"type":"pronunciation"},{"start_time":"125.42","end_time":"125.86","alternatives":[{"confidence":"0.9932000000000001","content":"도착하지"}],"type":"pronunciation"},{"start_time":"125.86","end_time":"126.03","alternatives":[{"confidence":"0.9899","content":"않고"}],"type":"pronunciation"},{"start_time":"126.03","end_time":"126.27","alternatives":[{"confidence":"0.9225","content":"처음에"}],"type":"pronunciation"},{"start_time":"126.27","end_time":"126.75","alternatives":[{"confidence":"0.9995","content":"연락조차"}],"type":"pronunciation"},{"start_time":"126.75","end_time":"127.01","alternatives":[{"confidence":"1.0","content":"되지"}],"type":"pronunciation"},{"start_time":"127.01","end_time":"127.47","alternatives":[{"confidence":"0.9986","content":"않으니까"}],"type":"pronunciation"},{"start_time":"127.48","end_time":"127.63","alternatives":[{"confidence":"0.3902","content":"이제"}],"type":"pronunciation"},{"start_time":"127.64","end_time":"128.18","alternatives":[{"confidence":"0.9968","content":"그제서야"}],"type":"pronunciation"},{"start_time":"128.19","end_time":"129.01","alternatives":[{"confidence":"0.7488","content":"사기사건이라고"}],"type":"pronunciation"},{"start_time":"129.01","end_time":"129.13","alternatives":[{"confidence":"0.6087","content":"나"}],"type":"pronunciation"},{"start_time":"129.13","end_time":"129.66","alternatives":[{"confidence":"0.999","content":"인지를"}],"type":"pronunciation"},{"start_time":"129.66","end_time":"130.31","alternatives":[{"confidence":"0.9831","content":"하고"}],"type":"pronunciation"},{"start_time":"130.68","end_time":"130.98","alternatives":[{"confidence":"0.7323","content":"사기"}],"type":"pronunciation"},{"start_time":"130.98","end_time":"131.78","alternatives":[{"confidence":"1.0","content":"혐의로"}],"type":"pronunciation"},{"start_time":"131.78","end_time":"132.31","alternatives":[{"confidence":"0.9996","content":"고소고발을"}],"type":"pronunciation"},{"start_time":"132.31","end_time":"132.47","alternatives":[{"confidence":"0.9973","content":"좀"}],"type":"pronunciation"},{"start_time":"132.47","end_time":"132.76","alternatives":[{"confidence":"0.7872","content":"진행을"}],"type":"pronunciation"},{"start_time":"132.76","end_time":"132.88","alternatives":[{"confidence":"0.978","content":"한"}],"type":"pronunciation"},{"start_time":"132.88","end_time":"133.88","alternatives":[{"confidence":"0.9964500000000001","content":"상태인데"}],"type":"pronunciation"},{"start_time":"135.875","end_time":"136.425","alternatives":[{"confidence":"0.3863","content":"비가"}],"type":"pronunciation"},{"start_time":"136.425","end_time":"136.885","alternatives":[{"confidence":"0.33864999999999995","content":"판매자"}],"type":"pronunciation"},{"start_time":"137.315","end_time":"137.935","alternatives":[{"confidence":"0.2192","content":"지금까지"}],"type":"pronunciation"},{"start_time":"137.965","end_time":"138.195","alternatives":[{"confidence":"0.6035","content":"되기"}],"type":"pronunciation"},{"start_time":"138.195","end_time":"138.725","alternatives":[{"confidence":"0.9784","content":"때문에"}],"type":"pronunciation"},{"start_time":"139.505","end_time":"139.785","alternatives":[{"confidence":"0.9998","content":"앞으로"}],"type":"pronunciation"},{"start_time":"139.785","end_time":"140.865","alternatives":[{"confidence":"0.992925","content":"다가고소고발장이"}],"type":"pronunciation"},{"start_time":"140.865","end_time":"141.195","alternatives":[{"confidence":"0.99975","content":"접수가"}],"type":"pronunciation"},{"start_time":"141.195","end_time":"141.325","alternatives":[{"confidence":"0.503","content":"되어"}],"type":"pronunciation"},{"start_time":"141.325","end_time":"142.105","alternatives":[{"confidence":"0.9851","content":"있어요"}],"type":"pronunciation"},{"alternatives":[{"confidence":"0.0","content":"."}],"type":"punctuation"},{"start_time":"142.165","end_time":"142.345","alternatives":[{"confidence":"0.7253","content":"제가"}],"type":"pronunciation"},{"start_time":"143.115","end_time":"143.445","alternatives":[{"confidence":"0.9659","content":"사건"}],"type":"pronunciation"},{"start_time":"143.445","end_time":"143.775","alternatives":[{"confidence":"0.9997","content":"수사를"}],"type":"pronunciation"},{"start_time":"143.775","end_time":"144.085","alternatives":[{"confidence":"0.9707","content":"진행을"}],"type":"pronunciation"},{"start_time":"144.085","end_time":"144.805","alternatives":[{"confidence":"0.97525","content":"해봐서"}],"type":"pronunciation"},{"start_time":"145.275","end_time":"145.665","alternatives":[{"confidence":"0.9766","content":"씨가"}],"type":"pronunciation"},{"start_time":"145.665","end_time":"145.835","alternatives":[{"confidence":"0.7015","content":"뭐"}],"type":"pronunciation"},{"start_time":"145.895","end_time":"146.215","alternatives":[{"confidence":"0.3964","content":"사건에"}],"type":"pronunciation"},{"start_time":"146.215","end_time":"146.455","alternatives":[{"confidence":"1.0","content":"전혀"}],"type":"pronunciation"},{"start_time":"146.455","end_time":"146.855","alternatives":[{"confidence":"0.9953000000000001","content":"가담한"}],"type":"pronunciation"},{"start_time":"146.855","end_time":"147.165","alternatives":[{"confidence":"0.688","content":"사실"}],"type":"pronunciation"},{"start_time":"147.165","end_time":"147.505","alternatives":[{"confidence":"0.8087","content":"없고"}],"type":"pronunciation"},{"start_time":"147.505","end_time":"147.745","alternatives":[{"confidence":"1.0","content":"오히려"}],"type":"pronunciation"},{"start_time":"148.225","end_time":"148.585","alternatives":[{"confidence":"0.95345","content":"당하신"}],"type":"pronunciation"},{"start_time":"148.585","end_time":"148.885","alternatives":[{"confidence":"0.22310000000000002","content":"분이든"}],"type":"pronunciation"},{"start_time":"148.885","end_time":"149.265","alternatives":[{"confidence":"0.9994","content":"피해자가"}],"type":"pronunciation"},{"start_time":"149.265","end_time":"149.955","alternatives":[{"confidence":"0.8692","content":"맞다"}],"type":"pronunciation"},{"alternatives":[{"confidence":"0.0","content":","}],"type":"punctuation"},{"start_time":"150.255","end_time":"150.605","alternatives":[{"confidence":"0.4996","content":"피해자"}],"type":"pronunciation"},{"start_time":"150.605","end_time":"151.195","alternatives":[{"confidence":"0.53925","content":"입증됐다"}],"type":"pronunciation"},{"start_time":"151.765","end_time":"152.095","alternatives":[{"confidence":"0.9843500000000001","content":"되시게"}],"type":"pronunciation"},{"start_time":"152.095","end_time":"152.365","alternatives":[{"confidence":"0.9998","content":"되면"}],"type":"pronunciation"},{"start_time":"152.365","end_time":"152.575","alternatives":[{"confidence":"0.5014","content":"본인"}],"type":"pronunciation"},{"start_time":"152.575","end_time":"152.855","alternatives":[{"confidence":"0.99565","content":"무혐의"}],"type":"pronunciation"},{"start_time":"152.855","end_time":"153.345","alternatives":[{"confidence":"0.9159999999999999","content":"처분받을"}],"type":"pronunciation"},{"start_time":"153.345","end_time":"153.475","alternatives":[{"confidence":"0.9995","content":"수"}],"type":"pronunciation"},{"start_time":"153.475","end_time":"153.725","alternatives":[{"confidence":"1.0","content":"있도록"}],"type":"pronunciation"},{"start_time":"153.725","end_time":"153.885","alternatives":[{"confidence":"0.8384","content":"제가"}],"type":"pronunciation"},{"start_time":"153.885","end_time":"154.275","alternatives":[{"confidence":"0.8205","content":"도와드릴"}],"type":"pronunciation"},{"start_time":"154.275","end_time":"154.875","alternatives":[{"confidence":"0.5375","content":"거예요"}],"type":"pronunciation"},{"alternatives":[{"confidence":"0.0","content":"."}],"type":"punctuation"},{"start_time":"156.7","end_time":"157.09","alternatives":[{"confidence":"0.9908","content":"제가"}],"type":"pronunciation"},{"start_time":"157.51","end_time":"158.46","alternatives":[{"confidence":"0.99495","content":"금융감독원에서"}],"type":"pronunciation"},{"start_time":"158.46","end_time":"158.59","alternatives":[{"confidence":"0.9817","content":"온"}],"type":"pronunciation"},{"start_time":"158.59","end_time":"159.31","alternatives":[{"confidence":"0.8465","content":"자료하고"}],"type":"pronunciation"},{"start_time":"159.78","end_time":"160.23","alternatives":[{"confidence":"0.9761","content":"지금부터"}],"type":"pronunciation"},{"start_time":"160.35","end_time":"160.59","alternatives":[{"confidence":"0.9615","content":"하는"}],"type":"pronunciation"},{"start_time":"160.59","end_time":"161.2","alternatives":[{"confidence":"0.99805","content":"진술하고"}],"type":"pronunciation"},{"start_time":"161.2","end_time":"161.49","alternatives":[{"confidence":"0.54765","content":"주도를"}],"type":"pronunciation"},{"start_time":"161.49","end_time":"162.0","alternatives":[{"confidence":"0.9941","content":"해서"}],"type":"pronunciation"},{"start_time":"162.28","end_time":"162.53","alternatives":[{"confidence":"0.938","content":"제가"}],"type":"pronunciation"},{"start_time":"162.59","end_time":"163.18","alternatives":[{"confidence":"0.9967","content":"만든"}],"type":"pronunciation"},{"start_time":"163.18","end_time":"163.51","alternatives":[{"confidence":"0.99995","content":"통장에"}],"type":"pronunciation"},{"start_time":"163.51","end_time":"163.84","alternatives":[{"confidence":"0.9998","content":"대해서는"}],"type":"pronunciation"},{"start_time":"163.84","end_time":"164.46","alternatives":[{"confidence":"0.9115000000000001","content":"계좌동결처리"}],"type":"pronunciation"},{"start_time":"164.46","end_time":"164.8","alternatives":[{"confidence":"0.9861","content":"진행하지"}],"type":"pronunciation"},{"start_time":"164.8","end_time":"164.95","alternatives":[{"confidence":"0.8494","content":"않을"}],"type":"pronunciation"},{"start_time":"164.95","end_time":"165.72","alternatives":[{"confidence":"0.9238","content":"건데"}],"type":"pronunciation"},{"start_time":"166.37","end_time":"166.72","alternatives":[{"confidence":"1.0","content":"씨가"}],"type":"pronunciation"},{"start_time":"166.72","end_time":"167.13","alternatives":[{"confidence":"0.9987","content":"직접"}],"type":"pronunciation"},{"start_time":"167.13","end_time":"167.75","alternatives":[{"confidence":"0.27743333333333337","content":"계좌개설해서"}],"type":"pronunciation"},{"start_time":"167.75","end_time":"168.42","alternatives":[{"confidence":"0.7747999999999999","content":"본인사용하고"}],"type":"pronunciation"},{"start_time":"168.42","end_time":"168.72","alternatives":[{"confidence":"0.9984","content":"계시는"}],"type":"pronunciation"},{"start_time":"168.72","end_time":"169.42","alternatives":[{"confidence":"0.78715","content":"금융기관어디"}],"type":"pronunciation"},{"start_time":"169.42","end_time":"169.65","alternatives":[{"confidence":"0.8151","content":"어디가"}],"type":"pronunciation"},{"start_time":"169.65","end_time":"169.83","alternatives":[{"confidence":"0.9996","content":"있죠"}],"type":"pronunciation"},{"alternatives":[{"confidence":"0.0","content":"?"}],"type":"punctuation"},{"start_time":"169.83","end_time":"170.62","alternatives":[{"confidence":"0.90105","content":"금융기관명만"}],"type":"pronunciation"},{"start_time":"170.62","end_time":"170.74","alternatives":[{"confidence":"0.9958","content":"좀"}],"type":"pronunciation"},{"start_time":"170.74","end_time":"171.47","alternatives":[{"confidence":"0.9857","content":"알려주세요"}],"type":"pronunciation"},{"alternatives":[{"confidence":"0.0","content":"."}],"type":"punctuation"},{"start_time":"173.52","end_time":"173.95","alternatives":[{"confidence":"0.9991","content":"그러면"}],"type":"pronunciation"},{"start_time":"174.33","end_time":"174.85","alternatives":[{"confidence":"0.9325","content":"신한은행"}],"type":"pronunciation"},{"start_time":"174.85","end_time":"175.03","alternatives":[{"confidence":"0.9825","content":"하고"}],"type":"pronunciation"},{"start_time":"175.03","end_time":"177.17","alternatives":[{"confidence":"0.9475750000000001","content":"국민은행우체국저축은행이렇게"}],"type":"pronunciation"},{"start_time":"177.17","end_time":"177.78","alternatives":[{"confidence":"0.9855","content":"있으시고"}],"type":"pronunciation"},{"start_time":"178.05","end_time":"179.82","alternatives":[{"confidence":"0.785875","content":"본인증권회사라든지"}],"type":"pronunciation"},{"start_time":"179.82","end_time":"180.36","alternatives":[{"confidence":"0.9991","content":"새마을금고"}],"type":"pronunciation"},{"alternatives":[{"confidence":"0.0","content":","}],"type":"punctuation"},{"start_time":"180.36","end_time":"180.63","alternatives":[{"confidence":"0.96925","content":"신협"}],"type":"pronunciation"},{"start_time":"180.63","end_time":"180.8","alternatives":[{"confidence":"0.569","content":"이런"}],"type":"pronunciation"},{"start_time":"180.8","end_time":"180.96","alternatives":[{"confidence":"0.9791","content":"데는"}],"type":"pronunciation"},{"start_time":"180.96","end_time":"181.19","alternatives":[{"confidence":"0.8922","content":"거리가"}],"type":"pronunciation"},{"start_time":"181.19","end_time":"181.56","alternatives":[{"confidence":"0.95","content":"없으신것"}],"type":"pronunciation"},{"start_time":"181.56","end_time":"182.16","alternatives":[{"confidence":"0.9056","content":"같죠"}],"type":"pronunciation"},{"alternatives":[{"confidence":"0.0","content":"."}],"type":"punctuation"},{"start_time":"183.92","end_time":"184.16","alternatives":[{"confidence":"0.8772","content":"본인"}],"type":"pronunciation"},{"start_time":"184.16","end_time":"184.43","alternatives":[{"confidence":"0.99785","content":"계좌가"}],"type":"pronunciation"},{"start_time":"184.43","end_time":"184.82","alternatives":[{"confidence":"0.959","content":"맞으시면"}],"type":"pronunciation"},{"start_time":"184.82","end_time":"185.18","alternatives":[{"confidence":"0.9185","content":"정확하게"}],"type":"pronunciation"},{"start_time":"185.18","end_time":"185.31","alternatives":[{"confidence":"0.9463","content":"만"}],"type":"pronunciation"},{"start_time":"185.31","end_time":"185.8","alternatives":[{"confidence":"1.0","content":"진술하시면"}],"type":"pronunciation"},{"start_time":"185.8","end_time":"185.99","alternatives":[{"confidence":"1.0","content":"저희가"}],"type":"pronunciation"},{"start_time":"185.99","end_time":"186.6","alternatives":[{"confidence":"0.8933666666666666","content":"계좌동결처리"}],"type":"pronunciation"},{"start_time":"186.6","end_time":"186.96","alternatives":[{"confidence":"0.98115","content":"진행하지"}],"type":"pronunciation"},{"start_time":"186.96","end_time":"187.5","alternatives":[{"confidence":"0.9994","content":"않습니다"}],"type":"pronunciation"},{"alternatives":[{"confidence":"0.0","content":"."}],"type":"punctuation"},{"start_time":"187.74","end_time":"187.94","alternatives":[{"confidence":"0.999","content":"이게"}],"type":"pronunciation"},{"start_time":"187.94","end_time":"188.43","alternatives":[{"confidence":"1.0","content":"각각의"}],"type":"pronunciation"},{"start_time":"188.43","end_time":"188.86","alternatives":[{"confidence":"0.9924","content":"계좌가"}],"type":"pronunciation"},{"start_time":"188.86","end_time":"189.19","alternatives":[{"confidence":"0.8924","content":"본인"}],"type":"pronunciation"},{"start_time":"189.19","end_time":"189.58","alternatives":[{"confidence":"0.99785","content":"계좌가"}],"type":"pronunciation"},{"start_time":"189.58","end_time":"190.36","alternatives":[{"confidence":"0.9591666666666666","content":"맞으시면"}],"type":"pronunciation"},{"start_time":"190.36","end_time":"190.64","alternatives":[{"confidence":"0.9604","content":"오늘"}],"type":"pronunciation"},{"start_time":"190.64","end_time":"190.9","alternatives":[{"confidence":"0.9778","content":"현재"}],"type":"pronunciation"},{"start_time":"190.9","end_time":"191.17","alternatives":[{"confidence":"0.9189","content":"자로"}],"type":"pronunciation"},{"start_time":"191.23","end_time":"192.07","alternatives":[{"confidence":"0.9475666666666666","content":"개략적인"}],"type":"pronunciation"},{"start_time":"192.2","end_time":"192.56","alternatives":[{"confidence":"0.8534","content":"자네도"}],"type":"pronunciation"},{"start_time":"192.56","end_time":"192.87","alternatives":[{"confidence":"0.995","content":"기억을"}],"type":"pronunciation"},{"start_time":"192.87","end_time":"193.0","alternatives":[{"confidence":"0.764","content":"할"}],"type":"pronunciation"},{"start_time":"193.0","end_time":"193.7","alternatives":[{"confidence":"0.6564","content":"거예요"}],"type":"pronunciation"},{"alternatives":[{"confidence":"0.0","content":"."}],"type":"punctuation"},{"start_time":"193.9","end_time":"194.21","alternatives":[{"confidence":"0.79","content":"본인"}],"type":"pronunciation"},{"start_time":"194.21","end_time":"194.48","alternatives":[{"confidence":"0.995","content":"계좌가"}],"type":"pronunciation"},{"start_time":"194.48","end_time":"194.98","alternatives":[{"confidence":"0.9817","content":"맞으면"}],"type":"pronunciation"},{"start_time":"194.98","end_time":"195.2","alternatives":[{"confidence":"1.0","content":"저희가"}],"type":"pronunciation"},{"start_time":"195.2","end_time":"195.85","alternatives":[{"confidence":"0.690425","content":"계좌동결철을"}],"type":"pronunciation"},{"start_time":"195.85","end_time":"196.28","alternatives":[{"confidence":"0.9891","content":"진행하지"}],"type":"pronunciation"},{"start_time":"196.28","end_time":"196.53","alternatives":[{"confidence":"0.8963","content":"않아야"}],"type":"pronunciation"},{"start_time":"196.53","end_time":"196.72","alternatives":[{"confidence":"0.8759","content":"되기"}],"type":"pronunciation"},{"start_time":"196.72","end_time":"197.45","alternatives":[{"confidence":"1.0","content":"때문에"}],"type":"pronunciation"},{"start_time":"197.76","end_time":"198.18","alternatives":[{"confidence":"0.99915","content":"대조를"}],"type":"pronunciation"},{"start_time":"198.18","end_time":"199.01","alternatives":[{"confidence":"0.78965","content":"해볼건데"}],"type":"pronunciation"},{"alternatives":[{"confidence":"0.0","content":"."}],"type":"punctuation"},{"start_time":"199.22","end_time":"199.37","alternatives":[{"confidence":"0.9978","content":"이게"}],"type":"pronunciation"},{"start_time":"199.37","end_time":"199.8","alternatives":[{"confidence":"1.0","content":"정확한"}],"type":"pronunciation"},{"start_time":"199.8","end_time":"200.13","alternatives":[{"confidence":"0.9988","content":"금액은"}],"type":"pronunciation"},{"start_time":"200.13","end_time":"200.37","alternatives":[{"confidence":"0.2056","content":"필요가"}],"type":"pronunciation"},{"start_time":"200.575","end_time":"200.795","alternatives":[{"confidence":"0.6316","content":"유선"}],"type":"pronunciation"},{"start_time":"200.795","end_time":"201.095","alternatives":[{"confidence":"0.81385","content":"조사하기"}],"type":"pronunciation"},{"start_time":"201.095","end_time":"201.725","alternatives":[{"confidence":"0.9961","content":"때문에"}],"type":"pronunciation"},{"start_time":"202.005","end_time":"202.545","alternatives":[{"confidence":"0.74905","content":"십만원"}],"type":"pronunciation"},{"start_time":"202.545","end_time":"203.415","alternatives":[{"confidence":"0.6965","content":"미만오십만원"}],"type":"pronunciation"},{"start_time":"203.415","end_time":"204.335","alternatives":[{"confidence":"0.6244","content":"미만백만원미만"}],"type":"pronunciation"},{"start_time":"204.335","end_time":"204.685","alternatives":[{"confidence":"0.5038","content":"이런식으로"}],"type":"pronunciation"},{"start_time":"204.685","end_time":"205.125","alternatives":[{"confidence":"1.0","content":"간략하게"}],"type":"pronunciation"},{"start_time":"205.125","end_time":"206.225","alternatives":[{"confidence":"0.9169","content":"진술해주시고"}],"type":"pronunciation"},{"start_time":"206.595","end_time":"207.005","alternatives":[{"confidence":"0.62255","content":"오차"}],"type":"pronunciation"},{"start_time":"207.005","end_time":"207.305","alternatives":[{"confidence":"0.8149","content":"범위"}],"type":"pronunciation"},{"start_time":"207.305","end_time":"207.495","alternatives":[{"confidence":"0.9072","content":"만"}],"type":"pronunciation"},{"start_time":"207.495","end_time":"207.765","alternatives":[{"confidence":"0.5907","content":"오십"}],"type":"pronunciation"},{"start_time":"207.765","end_time":"207.995","alternatives":[{"confidence":"0.5392","content":"만원"}],"type":"pronunciation"},{"start_time":"207.995","end_time":"208.425","alternatives":[{"confidence":"0.7395999999999999","content":"이내에서만"}],"type":"pronunciation"},{"start_time":"208.425","end_time":"208.915","alternatives":[{"confidence":"0.73375","content":"차이없으면"}],"type":"pronunciation"},{"start_time":"208.915","end_time":"209.255","alternatives":[{"confidence":"0.3199","content":"분위기가"}],"type":"pronunciation"},{"start_time":"209.255","end_time":"209.535","alternatives":[{"confidence":"0.5775","content":"맞다고"}],"type":"pronunciation"},{"start_time":"209.655","end_time":"210.025","alternatives":[{"confidence":"0.641","content":"판단을"}],"type":"pronunciation"},{"start_time":"210.025","end_time":"210.135","alternatives":[{"confidence":"0.6226","content":"할"}],"type":"pronunciation"},{"start_time":"210.135","end_time":"210.705","alternatives":[{"confidence":"0.5151","content":"거에요"}],"type":"pronunciation"},{"alternatives":[{"confidence":"0.0","content":"."}],"type":"punctuation"},{"start_time":"211.515","end_time":"211.985","alternatives":[{"confidence":"0.5772","content":"신안"}],"type":"pronunciation"},{"start_time":"211.985","end_time":"212.125","alternatives":[{"confidence":"0.3607","content":"해"}],"type":"pronunciation"},{"start_time":"212.125","end_time":"212.905","alternatives":[{"confidence":"0.8502000000000001","content":"입출일단"}],"type":"pronunciation"},{"start_time":"212.905","end_time":"213.455","alternatives":[{"confidence":"0.5689000000000001","content":"신한행부터"}],"type":"pronunciation"},{"start_time":"213.455","end_time":"213.765","alternatives":[{"confidence":"0.7546","content":"진행을"}],"type":"pronunciation"},{"start_time":"213.765","end_time":"214.155","alternatives":[{"confidence":"0.9957","content":"하겠습니다"}],"type":"pronunciation"},{"alternatives":[{"confidence":"0.0","content":"."}],"type":"punctuation"},{"start_time":"214.155","end_time":"214.295","alternatives":[{"confidence":"0.509","content":"신"}],"type":"pronunciation"},{"start_time":"214.295","end_time":"214.505","alternatives":[{"confidence":"0.2332","content":"안해"}],"type":"pronunciation"},{"start_time":"214.505","end_time":"214.825","alternatives":[{"confidence":"0.9726","content":"입출금"}],"type":"pronunciation"},{"start_time":"214.825","end_time":"215.275","alternatives":[{"confidence":"1.0","content":"계좌는"}],"type":"pronunciation"},{"start_time":"215.275","end_time":"215.555","alternatives":[{"confidence":"0.9874","content":"잔액이"}],"type":"pronunciation"},{"start_time":"215.555","end_time":"215.755","alternatives":[{"confidence":"0.9749","content":"얼마"}],"type":"pronunciation"},{"start_time":"215.755","end_time":"216.085","alternatives":[{"confidence":"0.99495","content":"미만인"}],"type":"pronunciation"},{"start_time":"216.085","end_time":"216.475","alternatives":[{"confidence":"0.1674","content":"분위기가"}],"type":"pronunciation"},{"start_time":"216.475","end_time":"216.875","alternatives":[{"confidence":"0.9951","content":"맞아요"}],"type":"pronunciation"},{"alternatives":[{"confidence":"0.0","content":"."}],"type":"punctuation"},{"start_time":"218.85","end_time":"219.16","alternatives":[{"confidence":"0.2984","content":"본인이"}],"type":"pronunciation"},{"start_time":"219.66","end_time":"220.7","alternatives":[{"confidence":"0.9798666666666667","content":"정태준이라는"}],"type":"pronunciation"},{"start_time":"220.7","end_time":"220.92","alternatives":[{"confidence":"0.9065","content":"사람이"}],"type":"pronunciation"},{"start_time":"220.92","end_time":"221.07","alternatives":[{"confidence":"0.9906","content":"잘"}],"type":"pronunciation"},{"start_time":"221.07","end_time":"221.41","alternatives":[{"confidence":"1.0","content":"아시는"}],"type":"pronunciation"},{"start_time":"221.41","end_time":"222.06","alternatives":[{"confidence":"0.98995","content":"분이죠"}],"type":"pronunciation"},{"alternatives":[{"confidence":"0.0","content":"."}],"type":"punctuation"},{"start_time":"222.53","end_time":"222.66","alternatives":[{"confidence":"0.1881","content":"네"}],"type":"pronunciation"},{"alternatives":[{"confidence":"0.0","content":"."}],"type":"punctuation"},{"start_time":"222.66","end_time":"222.78","alternatives":[{"confidence":"0.4766","content":"네"}],"type":"pronunciation"},{"alternatives":[{"confidence":"0.0","content":"."}],"type":"punctuation"},{"start_time":"222.78","end_time":"223.86","alternatives":[{"confidence":"0.9886333333333334","content":"정태준입니다"}],"type":"pronunciation"},{"start_time":"225.39","end_time":"225.55","alternatives":[{"confidence":"1.0","content":"제가"}],"type":"pronunciation"},{"start_time":"225.55","end_time":"225.73","alternatives":[{"confidence":"0.9095","content":"다시"}],"type":"pronunciation"},{"start_time":"225.73","end_time":"225.99","alternatives":[{"confidence":"0.7568","content":"한번"}],"type":"pronunciation"},{"start_time":"225.99","end_time":"226.31","alternatives":[{"confidence":"0.9372","content":"사람도"}],"type":"pronunciation"},{"start_time":"226.31","end_time":"226.8","alternatives":[{"confidence":"1.0","content":"정확하게"}],"type":"pronunciation"},{"start_time":"226.8","end_time":"227.09","alternatives":[{"confidence":"1.0","content":"설명을"}],"type":"pronunciation"},{"start_time":"227.09","end_time":"227.2","alternatives":[{"confidence":"0.9964","content":"좀"}],"type":"pronunciation"},{"start_time":"227.21","end_time":"228.21","alternatives":[{"confidence":"0.997","content":"드릴게요"}],"type":"pronunciation"},{"alternatives":[{"confidence":"0.0","content":"."}],"type":"punctuation"},{"start_time":"228.88","end_time":"229.47","alternatives":[{"confidence":"0.6314000000000001","content":"정태준이라는"}],"type":"pronunciation"},{"start_time":"229.47","end_time":"229.82","alternatives":[{"confidence":"1.0","content":"사람은"}],"type":"pronunciation"},{"start_time":"230.13","end_time":"230.52","alternatives":[{"confidence":"0.989","content":"전라도"}],"type":"pronunciation"},{"start_time":"230.52","end_time":"231.1","alternatives":[{"confidence":"0.9983500000000001","content":"광주에서"}],"type":"pronunciation"},{"start_time":"231.1","end_time":"231.66","alternatives":[{"confidence":"0.9767","content":"태어났고요"}],"type":"pronunciation"},{"start_time":"231.72","end_time":"232.03","alternatives":[{"confidence":"0.9968","content":"전라도"}],"type":"pronunciation"},{"start_time":"232.03","end_time":"232.32","alternatives":[{"confidence":"0.9158","content":"광주"}],"type":"pronunciation"},{"start_time":"232.32","end_time":"233.1","alternatives":[{"confidence":"0.99725","content":"출신이고"}],"type":"pronunciation"},{"start_time":"233.86","end_time":"234.98","alternatives":[{"confidence":"0.2059","content":"고등학교부터"}],"type":"pronunciation"},{"start_time":"235.25","end_time":"235.5","alternatives":[{"confidence":"0.2397","content":"해서"}],"type":"pronunciation"},{"start_time":"235.5","end_time":"236.83","alternatives":[{"confidence":"0.9955","content":"사회생활까지는"}],"type":"pronunciation"},{"start_time":"237.25","end_time":"237.58","alternatives":[{"confidence":"0.4566","content":"서울"}],"type":"pronunciation"},{"start_time":"237.58","end_time":"237.78","alternatives":[{"confidence":"0.9687","content":"하고"}],"type":"pronunciation"},{"start_time":"237.78","end_time":"238.58","alternatives":[{"confidence":"0.9395","content":"경기권에서"}],"type":"pronunciation"},{"start_time":"238.58","end_time":"238.82","alternatives":[{"confidence":"0.5452","content":"주로"}],"type":"pronunciation"},{"start_time":"238.82","end_time":"239.19","alternatives":[{"confidence":"0.9871","content":"활동을"}],"type":"pronunciation"},{"start_time":"239.19","end_time":"239.32","alternatives":[{"confidence":"0.9366","content":"한"}],"type":"pronunciation"},{"start_time":"239.32","end_time":"240.13","alternatives":[{"confidence":"0.9999","content":"사람이고"}],"type":"pronunciation"},{"alternatives":[{"confidence":"0.0","content":","}],"type":"punctuation"},{"start_time":"240.71","end_time":"241.42","alternatives":[{"confidence":"0.9767","content":"올해로"}],"type":"pronunciation"},{"start_time":"241.42","end_time":"241.79","alternatives":[{"confidence":"0.9951","content":"올해로"}],"type":"pronunciation"},{"start_time":"241.79","end_time":"242.21","alternatives":[{"confidence":"0.9139","content":"사십"}],"type":"pronunciation"},{"start_time":"242.21","end_time":"242.36","alternatives":[{"confidence":"0.5577","content":"세"}],"type":"pronunciation"},{"start_time":"242.36","end_time":"242.55","alternatives":[{"confidence":"0.6873","content":"된"}],"type":"pronunciation"},{"start_time":"242.55","end_time":"243.06","alternatives":[{"confidence":"0.9567","content":"남성의"}],"type":"pronunciation"},{"start_time":"243.06","end_time":"243.61","alternatives":[{"confidence":"0.81915","content":"농협은행"}],"type":"pronunciation"},{"start_time":"243.61","end_time":"243.94","alternatives":[{"confidence":"0.601","content":"이라는데"}],"type":"pronunciation"},{"start_time":"243.94","end_time":"244.05","alternatives":[{"confidence":"0.9827","content":"한"}],"type":"pronunciation"},{"start_time":"244.05","end_time":"244.36","alternatives":[{"confidence":"0.734","content":"십년"}],"type":"pronunciation"},{"start_time":"244.36","end_time":"244.6","alternatives":[{"confidence":"0.9682","content":"정도"}],"type":"pronunciation"},{"start_time":"244.6","end_time":"244.93","alternatives":[{"confidence":"0.9769","content":"분명히"}],"type":"pronunciation"},{"start_time":"244.93","end_time":"245.09","alternatives":[{"confidence":"0.4838","content":"하는"}],"type":"pronunciation"},{"start_time":"245.09","end_time":"245.46","alternatives":[{"confidence":"0.8147","content":"사람이에요"}],"type":"pronunciation"},{"alternatives":[{"confidence":"0.0","content":"."}],"type":"punctuation"},{"start_time":"245.46","end_time":"246.32","alternatives":[{"confidence":"0.9148666666666667","content":"정태준이라고"}],"type":"pronunciation"},{"start_time":"246.815","end_time":"247.035","alternatives":[{"confidence":"0.6926","content":"분이"}],"type":"pronunciation"},{"start_time":"247.035","end_time":"247.275","alternatives":[{"confidence":"1.0","content":"전혀"}],"type":"pronunciation"},{"start_time":"247.275","end_time":"247.675","alternatives":[{"confidence":"0.99995","content":"모르시는"}],"type":"pronunciation"},{"start_time":"247.675","end_time":"248.055","alternatives":[{"confidence":"0.94755","content":"분이에요"}],"type":"pronunciation"},{"alternatives":[{"confidence":"0.0","content":"."}],"type":"punctuation"},{"start_time":"250.325","end_time":"251.025","alternatives":[{"confidence":"1.0","content":"왜냐하면"}],"type":"pronunciation"},{"start_time":"251.025","end_time":"251.395","alternatives":[{"confidence":"0.6777","content":"얼마전에"}],"type":"pronunciation"},{"start_time":"251.455","end_time":"252.465","alternatives":[{"confidence":"0.9915","content":"검찰에서"}],"type":"pronunciation"},{"start_time":"253.125","end_time":"253.255","alternatives":[{"confidence":"0.4297","content":"이"}],"type":"pronunciation"},{"start_time":"253.255","end_time":"253.905","alternatives":[{"confidence":"0.9585333333333333","content":"정태준을"}],"type":"pronunciation"},{"start_time":"253.905","end_time":"254.335","alternatives":[{"confidence":"0.628","content":"주범으로"}],"type":"pronunciation"},{"start_time":"254.335","end_time":"254.515","alternatives":[{"confidence":"0.9807","content":"하는"}],"type":"pronunciation"},{"start_time":"254.515","end_time":"255.615","alternatives":[{"confidence":"0.8996600000000001","content":"금융범죄사기단들을"}],"type":"pronunciation"},{"start_time":"255.615","end_time":"255.745","alternatives":[{"confidence":"0.7534","content":"총"}],"type":"pronunciation"},{"start_time":"255.745","end_time":"255.985","alternatives":[{"confidence":"0.4123","content":"일곱"}],"type":"pronunciation"},{"start_time":"255.985","end_time":"256.135","alternatives":[{"confidence":"0.692","content":"명"}],"type":"pronunciation"},{"start_time":"256.135","end_time":"256.495","alternatives":[{"confidence":"0.9632499999999999","content":"권고를"}],"type":"pronunciation"},{"start_time":"256.495","end_time":"257.195","alternatives":[{"confidence":"1.0","content":"했어요"}],"type":"pronunciation"},{"alternatives":[{"confidence":"0.0","content":"."}],"type":"punctuation"},{"start_time":"257.875","end_time":"258.145","alternatives":[{"confidence":"0.8309","content":"그런데"}],"type":"pronunciation"},{"start_time":"258.145","end_time":"258.255","alternatives":[{"confidence":"0.7753","content":"이"}],"type":"pronunciation"},{"start_time":"258.255","end_time":"259.185","alternatives":[{"confidence":"0.9899","content":"검거과정에서"}],"type":"pronunciation"},{"start_time":"259.185","end_time":"259.945","alternatives":[{"confidence":"0.7774666666666666","content":"정태주의라는"}],"type":"pronunciation"},{"start_time":"259.945","end_time":"260.335","alternatives":[{"confidence":"0.9998","content":"친구가"}],"type":"pronunciation"},{"start_time":"261.235","end_time":"261.995","alternatives":[{"confidence":"0.0477","content":"면회에"}],"type":"pronunciation"},{"start_time":"262.695","end_time":"263.265","alternatives":[{"confidence":"0.85045","content":"농협은행"}],"type":"pronunciation"},{"start_time":"263.265","end_time":"263.455","alternatives":[{"confidence":"0.9805","content":"하고"}],"type":"pronunciation"},{"start_time":"263.455","end_time":"263.645","alternatives":[{"confidence":"0.5812","content":"하나"}],"type":"pronunciation"},{"start_time":"263.645","end_time":"263.825","alternatives":[{"confidence":"0.4462","content":"은행"}],"type":"pronunciation"},{"start_time":"263.835","end_time":"264.155","alternatives":[{"confidence":"0.9999","content":"계좌를"}],"type":"pronunciation"},{"start_time":"264.155","end_time":"264.345","alternatives":[{"confidence":"0.3687","content":"기계"}],"type":"pronunciation"},{"start_time":"264.345","end_time":"264.555","alternatives":[{"confidence":"0.9326","content":"가지고"}],"type":"pronunciation"},{"start_time":"264.555","end_time":"264.765","alternatives":[{"confidence":"0.5529","content":"있다고"}],"type":"pronunciation"},{"start_time":"264.765","end_time":"265.005","alternatives":[{"confidence":"0.4038","content":"했는데"}],"type":"pronunciation"},{"start_time":"265.005","end_time":"265.295","alternatives":[{"confidence":"0.99705","content":"체포가"}],"type":"pronunciation"},{"start_time":"265.295","end_time":"266.145","alternatives":[{"confidence":"0.986","content":"됐는데"}],"type":"pronunciation"},{"start_time":"267.415","end_time":"267.925","alternatives":[{"confidence":"0.9050666666666666","content":"정태준이"}],"type":"pronunciation"},{"start_time":"267.925","end_time":"268.635","alternatives":[{"confidence":"0.9939","content":"진술로는"}],"type":"pronunciation"},{"start_time":"269.045","end_time":"269.165","alternatives":[{"confidence":"0.3356","content":"를"}],"type":"pronunciation"},{"start_time":"269.165","end_time":"269.345","alternatives":[{"confidence":"0.9893","content":"잘"}],"type":"pronunciation"},{"start_time":"269.345","end_time":"269.675","alternatives":[{"confidence":"0.9998","content":"아시는"}],"type":"pronunciation"},{"start_time":"269.675","end_time":"270.315","alternatives":[{"confidence":"0.9845999999999999","content":"분이고"}],"type":"pronunciation"},{"start_time":"270.685","end_time":"270.815","alternatives":[{"confidence":"0.8054","content":"이"}],"type":"pronunciation"},{"start_time":"270.815","end_time":"271.435","alternatives":[{"confidence":"0.9632499999999999","content":"통장들은"}],"type":"pronunciation"},{"start_time":"271.525","end_time":"271.765","alternatives":[{"confidence":"0.9382","content":"돈을"}],"type":"pronunciation"},{"start_time":"271.765","end_time":"271.945","alternatives":[{"confidence":"0.9058","content":"주고"}],"type":"pronunciation"},{"start_time":"271.945","end_time":"272.215","alternatives":[{"confidence":"0.3454","content":"샀다"}],"type":"pronunciation"},{"start_time":"272.215","end_time":"272.415","alternatives":[{"confidence":"0.9926","content":"이렇게"}],"type":"pronunciation"},{"start_time":"272.415","end_time":"272.845","alternatives":[{"confidence":"0.99985","content":"진술하고"}],"type":"pronunciation"},{"start_time":"272.845","end_time":"273.015","alternatives":[{"confidence":"0.9983","content":"있는"}],"type":"pronunciation"},{"start_time":"273.015","end_time":"273.245","alternatives":[{"confidence":"1.0","content":"부분이"}],"type":"pronunciation"},{"start_time":"273.245","end_time":"273.505","alternatives":[{"confidence":"0.9668","content":"있는데"}],"type":"pronunciation"},{"start_time":"273.865","end_time":"274.495","alternatives":[{"confidence":"0.985","content":"사실인가요"}],"type":"pronunciation"},{"alternatives":[{"confidence":"0.0","content":"?"}],"type":"punctuation"},{"start_time":"275.47","end_time":"276.2","alternatives":[{"confidence":"0.7732666666666667","content":"대자보는"}],"type":"pronunciation"},{"start_time":"276.2","end_time":"276.26","alternatives":[{"confidence":"0.2223","content":"유"}],"type":"pronunciation"},{"start_time":"276.26","end_time":"276.63","alternatives":[{"confidence":"0.8182","content":"선생님"}],"type":"pronunciation"},{"start_time":"276.69","end_time":"276.88","alternatives":[{"confidence":"0.9629","content":"때문에"}],"type":"pronunciation"},{"start_time":"276.88","end_time":"277.29","alternatives":[{"confidence":"0.8976","content":"말씀드릴"}],"type":"pronunciation"},{"start_time":"277.29","end_time":"277.48","alternatives":[{"confidence":"0.9983","content":"수는"}],"type":"pronunciation"},{"start_time":"277.48","end_time":"278.0","alternatives":[{"confidence":"0.9962","content":"없고"}],"type":"pronunciation"},{"alternatives":[{"confidence":"0.0","content":","}],"type":"punctuation"},{"start_time":"278.46","end_time":"278.68","alternatives":[{"confidence":"0.9921","content":"제가"}],"type":"pronunciation"},{"start_time":"278.77","end_time":"279.79","alternatives":[{"confidence":"0.999","content":"만들어진"}],"type":"pronunciation"},{"start_time":"279.79","end_time":"280.19","alternatives":[{"confidence":"0.5191","content":"지역으로"}],"type":"pronunciation"},{"start_time":"280.19","end_time":"281.24","alternatives":[{"confidence":"0.849","content":"말씀드릴게요"}],"type":"pronunciation"},{"alternatives":[{"confidence":"0.0","content":"."}],"type":"punctuation"},{"start_time":"281.48","end_time":"282.09","alternatives":[{"confidence":"0.89045","content":"금융기관을"}],"type":"pronunciation"},{"start_time":"282.09","end_time":"282.42","alternatives":[{"confidence":"0.9999","content":"확인을"}],"type":"pronunciation"},{"start_time":"282.42","end_time":"282.81","alternatives":[{"confidence":"0.87425","content":"해보니까"}],"type":"pronunciation"},{"start_time":"282.81","end_time":"283.5","alternatives":[{"confidence":"0.9186","content":"이천십육"}],"type":"pronunciation"},{"start_time":"283.5","end_time":"283.67","alternatives":[{"confidence":"0.9999","content":"년"}],"type":"pronunciation"},{"start_time":"283.67","end_time":"283.93","alternatives":[{"confidence":"0.84615","content":"오월"}],"type":"pronunciation"},{"start_time":"283.93","end_time":"284.93","alternatives":[{"confidence":"0.777925","content":"십칠일날"}],"type":"pronunciation"},{"start_time":"285.64","end_time":"286.04","alternatives":[{"confidence":"0.9759","content":"경기도"}],"type":"pronunciation"},{"start_time":"286.04","end_time":"286.49","alternatives":[{"confidence":"1.0","content":"광명시"}],"type":"pronunciation"},{"start_time":"286.49","end_time":"287.09","alternatives":[{"confidence":"0.8497","content":"철산동"}],"type":"pronunciation"},{"start_time":"287.09","end_time":"287.32","alternatives":[{"confidence":"0.8531","content":"이라서"}],"type":"pronunciation"},{"start_time":"287.32","end_time":"287.62","alternatives":[{"confidence":"0.9841","content":"각각"}],"type":"pronunciation"},{"start_time":"287.62","end_time":"288.47","alternatives":[{"confidence":"0.839","content":"신규"}],"type":"pronunciation"},{"start_time":"288.5","end_time":"288.76","alternatives":[{"confidence":"0.8713","content":"제작"}],"type":"pronunciation"},{"start_time":"288.76","end_time":"289.06","alternatives":[{"confidence":"0.277","content":"에서는"}],"type":"pronunciation"},{"start_time":"289.06","end_time":"289.46","alternatives":[{"confidence":"0.84175","content":"농협은행"}],"type":"pronunciation"},{"start_time":"289.46","end_time":"289.62","alternatives":[{"confidence":"0.9796","content":"하고"}],"type":"pronunciation"},{"start_time":"289.62","end_time":"290.87","alternatives":[{"confidence":"0.7424","content":"하나냐인데"}],"type":"pronunciation"},{"start_time":"291.15","end_time":"291.48","alternatives":[{"confidence":"0.7287","content":"본인"}],"type":"pronunciation"},{"start_time":"291.48","end_time":"291.59","alternatives":[{"confidence":"0.931","content":"거"}],"type":"pronunciation"},{"start_time":"291.59","end_time":"292.03","alternatives":[{"confidence":"1.0","content":"맞아요"}],"type":"pronunciation"},{"alternatives":[{"confidence":"0.0","content":"."}],"type":"punctuation"}]},"status":"COMPLETED"}