{"jobName":"transcribes218","accountId":"097989105209","results":{"transcripts":[{"transcript":"여보세요. 다른 게 아니라 본인과 연루된 명의 도용한 건이 저희 쪽에 접수가 됐어요. 약간 좀 확인하려고 연락였습니다 본인되시죠 이 중고나라 사이트를 통해 가지고 이제 고가의 물건을 등록을 하고요. 이제 그에 대한 입금을 유도를 봤는데 물건을 양노하지 않은 상태로 중간에서 이제 자금만 가도 책이라는 사건이에요. 그래서 이게 이제 금융 범죄 사건으로 분류가 돼 가지고 저희 첨단범죄수사 사건 진행을 맡고 있는 건데요. 이제 문제가 발생한 부분이 입금을 유도한 통장이죠 통장자체가. 이제 를 포함한 많은 명당하신 피해자 분들 자체가 이제 사용이 된겁니다 으로 인해서 이제 사고라는 게 발생이 됐는데 이제 물건을 양도받지 못하고 이제 입금만한 금전적인 피해를 입으신 피해자분들이 계세요. 피해자 분들께서 이제 고소고발조치를 하시는데 이 고소고발장을 어떻게 접수를 하시냐면 보통 이제 자신들이 직접 입금한 통장명의자 있죠. 총장 명의자가 이제 범죄에 가담했다고 판단을 해요. 그래서 그 자신들이 입금한 총장에게 지금 고소고발장을 접수를 하고 있는 상황이에요. 그래서 당하신 피해자 분들이 역으로 지금 고소고발조치가 지금 당하시고 있는 부분인데 같은 경우에도 지금 현재 농협금융가지고 총 열여덟건의 지금 고소고발장이 접수가 되어 있습니다. 그래서 이 고속발작을 저희가 좀 취하조치를 해드리려고 연락드린 거예요. 피해자 입증이라는 걸 진행을 받아야지만 해당 안 통하는 무관한 피해자로 분류가 되시고 이제 고소고발장이라는 게 취하 조치가 되시는데 입증을 진행할만한 증거 자료가 측의 하나도 없기 때문에 이렇게 연락을 드린 부분인데요. 그래서 저희가 이렇게 연락을 드린건데 지금 진술전반적으로 하신 내용 있잖아요. 이 내용에 있어서 그 제가 다시 한번 질의응답식으로 본인에게 여쭤볼텐데 알고 계신 부분은 모르고 계신 부분부분 하셔가지고 식으로 대답을 해주시면 돼요. 이 부분을 녹취기록으로 좀 남겨가지고 본인의 증거자료로 제출해 드릴 거예요. 증거자료를 제출을 하면은 채택이 되면 사용이 당연히 재판상의. 제가 이제 본인 담당 수사관인데 제가 작성해 드리면 사건 맡고 계시는 담당 검사님께 이건희 되실 거에요. 검찰청사이트 접속하셔가지고 본인에게 부여된 사건 공무원으로 좀 확인하시고요. 근데 검사의 절차에 따라서 피해자 입장이라는 진행을 좀 받으실 텐데 지금 이제 저희가 녹취가 좀 진행하기 전에 그럼 좀 몇가지 좀 여쭤볼게요. 제가 그러면 지금 당장 안 하고 제가 확인을 하고 있어서 통해서 그런 말씀을 드리면 될 것 같아요. 유선선교사를 지금 그러면은 본인이 회피나 거부를 하시는 부분이신가요 피해자 분들이 연루가 되어 있어요. 많은 명의 도용당하신 피해자분들의 신상정보 만으로도 신분증통해 가지고 이제 업무상상조작으로 이제 통장개설이 가능했던 거였는데요. 이게 이제 일본 계좌가 아닌 법인계좌를 개설이 됐어요. 모든 명의 도용당하신 피해자 분들 동일하게 법인 계좌혹시 이용해보신 적 있으세요? 법인통장그렇게 본인이 다시 연락을 주신다는 거예요. 요즘 이상한 많은데 제가 연락을 확인을 하고 말씀드린 것 같아요. 제가 본인에게 어떤 걸 여쭤봤는데 의심을 가지시는거에요 이라고 그랬잖아요. 제가 연락드릴게요 받으실 수 있으시네요 말씀그렇게 하지 마시고요. 전화하셔가지고 되시고 식사하시죠 하실 필요가 있으세요? 아니 지금 전화를 가지고 다 하시는 분이 좀 이상하셔가지고. 제가 다시 연락드릴게요 아니면 받으면 되잖아요. 네, 그렇게 하세요. 직업적으로 여쭤보는 이유는 하는 과정에서 사례도 시각에 불확실하거나. 연구지가 불확실한 분들께서 이 김형석 일당들에게 금전적인 대가성을 받고 통장을 판매및 양도 한 사례가 있기 때문에 이렇게 직업적으로 여쭤보는 사항입니다. 이 부분 저희가 참고사항으로 따로 좀 해드렸고 불법현장에서 발견이 된 농협은행 하나는 그분의 통장에 대해서는 불법적으로 사용된게 저희가 이 되었기 때문에 제가 발견 즉시 동결시비가 들어갔습니다. 동결처리가 어떤 뜻인지 알고 계십니까? 네. 그 안에 들어있던 피해 자금에 대해서는 앞으로 한 조치를 취한 상태인데 이 부분에 대해서 이의가 있으십니까? 본인께서 개설하신 통장도 아니고 본인 자금이 아니라는 판단 하에 없다고 말씀하셨맞추시죠. 지금 문제가 되시는 게 사전에도 말씀드린 것처럼 저희가 아직까지 김형석 의장들을 다 보고 하셨다고 말씀드렸습니다. 이 일단 대로 권고했을 명의로 된 또 다른 통장이 발견된 소비가 있습니다. 이번 사건 자체가 금융범죄사기사건이기 때문에 저희 검찰 측에서는 금융감독원측이나 합동수사중에 있습니다. 조금 더 본인 명의로 된 계좌추적이 진행이 될 건데 계좌추적 후에 본인도 모르시는 계좌권 이 발견되신다면 저희 검찰측에서 불법 계좌로 간주하고 세력으로 동결처리가 들어가기 위해서 그래서 사용하시는 금융권상호 명에 대해서만 간단하게 하셨겠네요 지금 기관 자체에서는 학사권한이 있고 치료할 상황일지라도 개인 신상정보에 대해서 여쭤볼 수 없게 돼 있습니다. 예를 들면 계좌번호나 이런 거 절대 요구할 수가 없게 되어 있고 본인이 지금 자금이나 제작 권 게스트용도는 이제 대조작업을 할 겁니다. 불법자금 불법게다가 섞여 있는 게 있는지 이렇게 징역 징역 파악을 하기 위해서 이제 여쭤보는 거고 그래서 저희가 이제 자금 같은 부분에 좀 다른 친구들도 민감한 부분이 상당히 많았어요. 이런 부분에 있어서는 상세한 자금까지는 여쭤보지 않고 적으로만 이제 그런 겁니다. 본인 정상자금 이라고 입증하는 부분에 대해서 설정 까지만 해드리고 전남 오산이 시간 되시면 보통 고문까지 다 확인시켜드리고 두 달 진행할 거니까 너무 보수하실 필요는 없으시면"}],"items":[{"start_time":"1.36","end_time":"2.37","alternatives":[{"confidence":"0.165","content":"여보세요"}],"type":"pronunciation"},{"alternatives":[{"confidence":"0.0","content":"."}],"type":"punctuation"},{"start_time":"3.38","end_time":"3.63","alternatives":[{"confidence":"0.6572","content":"다른"}],"type":"pronunciation"},{"start_time":"3.63","end_time":"3.72","alternatives":[{"confidence":"0.9999","content":"게"}],"type":"pronunciation"},{"start_time":"3.72","end_time":"4.39","alternatives":[{"confidence":"0.9449","content":"아니라"}],"type":"pronunciation"},{"start_time":"5.12","end_time":"5.57","alternatives":[{"confidence":"0.38215","content":"본인과"}],"type":"pronunciation"},{"start_time":"5.57","end_time":"5.92","alternatives":[{"confidence":"0.5188","content":"연루된"}],"type":"pronunciation"},{"start_time":"5.92","end_time":"6.18","alternatives":[{"confidence":"0.9209","content":"명의"}],"type":"pronunciation"},{"start_time":"6.18","end_time":"6.51","alternatives":[{"confidence":"0.6799333333333334","content":"도용한"}],"type":"pronunciation"},{"start_time":"6.51","end_time":"6.77","alternatives":[{"confidence":"0.8847","content":"건이"}],"type":"pronunciation"},{"start_time":"6.77","end_time":"7.0","alternatives":[{"confidence":"0.8876","content":"저희"}],"type":"pronunciation"},{"start_time":"7.0","end_time":"7.21","alternatives":[{"confidence":"0.9523","content":"쪽에"}],"type":"pronunciation"},{"start_time":"7.21","end_time":"7.57","alternatives":[{"confidence":"0.9996499999999999","content":"접수가"}],"type":"pronunciation"},{"start_time":"7.57","end_time":"8.3","alternatives":[{"confidence":"0.7439","content":"됐어요"}],"type":"pronunciation"},{"alternatives":[{"confidence":"0.0","content":"."}],"type":"punctuation"},{"start_time":"8.45","end_time":"8.68","alternatives":[{"confidence":"0.2175","content":"약간"}],"type":"pronunciation"},{"start_time":"8.71","end_time":"8.88","alternatives":[{"confidence":"0.3001","content":"좀"}],"type":"pronunciation"},{"start_time":"8.88","end_time":"9.64","alternatives":[{"confidence":"0.94615","content":"확인하려고"}],"type":"pronunciation"},{"start_time":"9.73","end_time":"10.65","alternatives":[{"confidence":"0.61225","content":"연락였습니다"}],"type":"pronunciation"},{"start_time":"12.3","end_time":"13.54","alternatives":[{"confidence":"0.8433","content":"본인되시죠"}],"type":"pronunciation"},{"start_time":"13.99","end_time":"14.11","alternatives":[{"confidence":"0.8568","content":"이"}],"type":"pronunciation"},{"start_time":"14.11","end_time":"14.54","alternatives":[{"confidence":"0.9744999999999999","content":"중고나라"}],"type":"pronunciation"},{"start_time":"14.54","end_time":"14.88","alternatives":[{"confidence":"0.9778","content":"사이트를"}],"type":"pronunciation"},{"start_time":"14.88","end_time":"15.09","alternatives":[{"confidence":"0.9979","content":"통해"}],"type":"pronunciation"},{"start_time":"15.09","end_time":"15.39","alternatives":[{"confidence":"0.9997","content":"가지고"}],"type":"pronunciation"},{"start_time":"15.39","end_time":"15.52","alternatives":[{"confidence":"0.9384","content":"이제"}],"type":"pronunciation"},{"start_time":"15.53","end_time":"15.86","alternatives":[{"confidence":"0.8734999999999999","content":"고가의"}],"type":"pronunciation"},{"start_time":"15.86","end_time":"16.24","alternatives":[{"confidence":"1.0","content":"물건을"}],"type":"pronunciation"},{"start_time":"16.24","end_time":"16.6","alternatives":[{"confidence":"0.9945","content":"등록을"}],"type":"pronunciation"},{"start_time":"16.6","end_time":"17.28","alternatives":[{"confidence":"0.8175","content":"하고요"}],"type":"pronunciation"},{"alternatives":[{"confidence":"0.0","content":"."}],"type":"punctuation"},{"start_time":"17.31","end_time":"17.45","alternatives":[{"confidence":"0.3509","content":"이제"}],"type":"pronunciation"},{"start_time":"17.48","end_time":"17.74","alternatives":[{"confidence":"0.9704","content":"그에"}],"type":"pronunciation"},{"start_time":"17.74","end_time":"17.99","alternatives":[{"confidence":"0.9986","content":"대한"}],"type":"pronunciation"},{"start_time":"17.99","end_time":"18.36","alternatives":[{"confidence":"0.9997","content":"입금을"}],"type":"pronunciation"},{"start_time":"18.36","end_time":"18.64","alternatives":[{"confidence":"0.9996","content":"유도를"}],"type":"pronunciation"},{"start_time":"18.64","end_time":"19.38","alternatives":[{"confidence":"0.8686","content":"봤는데"}],"type":"pronunciation"},{"start_time":"19.67","end_time":"20.19","alternatives":[{"confidence":"1.0","content":"물건을"}],"type":"pronunciation"},{"start_time":"20.19","end_time":"20.66","alternatives":[{"confidence":"0.7005666666666667","content":"양노하지"}],"type":"pronunciation"},{"start_time":"20.66","end_time":"20.89","alternatives":[{"confidence":"0.9013","content":"않은"}],"type":"pronunciation"},{"start_time":"20.89","end_time":"21.2","alternatives":[{"confidence":"0.9872","content":"상태로"}],"type":"pronunciation"},{"start_time":"21.2","end_time":"21.64","alternatives":[{"confidence":"0.9910000000000001","content":"중간에서"}],"type":"pronunciation"},{"start_time":"21.64","end_time":"21.77","alternatives":[{"confidence":"0.9999","content":"이제"}],"type":"pronunciation"},{"start_time":"21.8","end_time":"22.2","alternatives":[{"confidence":"0.8573999999999999","content":"자금만"}],"type":"pronunciation"},{"start_time":"22.2","end_time":"22.39","alternatives":[{"confidence":"0.8165","content":"가도"}],"type":"pronunciation"},{"start_time":"22.39","end_time":"22.71","alternatives":[{"confidence":"0.85785","content":"책이라는"}],"type":"pronunciation"},{"start_time":"22.71","end_time":"23.91","alternatives":[{"confidence":"0.9756499999999999","content":"사건이에요"}],"type":"pronunciation"},{"alternatives":[{"confidence":"0.0","content":"."}],"type":"punctuation"},{"start_time":"24.72","end_time":"25.01","alternatives":[{"confidence":"0.9957","content":"그래서"}],"type":"pronunciation"},{"start_time":"25.01","end_time":"25.16","alternatives":[{"confidence":"0.7057","content":"이게"}],"type":"pronunciation"},{"start_time":"25.16","end_time":"25.28","alternatives":[{"confidence":"0.9162","content":"이제"}],"type":"pronunciation"},{"start_time":"25.28","end_time":"25.53","alternatives":[{"confidence":"0.6257","content":"금융"}],"type":"pronunciation"},{"start_time":"25.53","end_time":"25.73","alternatives":[{"confidence":"0.8612","content":"범죄"}],"type":"pronunciation"},{"start_time":"25.91","end_time":"26.28","alternatives":[{"confidence":"0.9996","content":"사건으로"}],"type":"pronunciation"},{"start_time":"26.28","end_time":"26.6","alternatives":[{"confidence":"0.99675","content":"분류가"}],"type":"pronunciation"},{"start_time":"26.6","end_time":"26.71","alternatives":[{"confidence":"0.3127","content":"돼"}],"type":"pronunciation"},{"start_time":"26.71","end_time":"27.37","alternatives":[{"confidence":"0.9867","content":"가지고"}],"type":"pronunciation"},{"start_time":"27.43","end_time":"27.6","alternatives":[{"confidence":"0.9735","content":"저희"}],"type":"pronunciation"},{"start_time":"27.6","end_time":"28.31","alternatives":[{"confidence":"0.8999666666666667","content":"첨단범죄수사"}],"type":"pronunciation"},{"start_time":"28.73","end_time":"29.02","alternatives":[{"confidence":"0.6914","content":"사건"}],"type":"pronunciation"},{"start_time":"29.02","end_time":"29.28","alternatives":[{"confidence":"0.9992","content":"진행을"}],"type":"pronunciation"},{"start_time":"29.28","end_time":"29.52","alternatives":[{"confidence":"0.9997","content":"맡고"}],"type":"pronunciation"},{"start_time":"29.52","end_time":"29.69","alternatives":[{"confidence":"1.0","content":"있는"}],"type":"pronunciation"},{"start_time":"29.69","end_time":"30.21","alternatives":[{"confidence":"1.0","content":"건데요"}],"type":"pronunciation"},{"alternatives":[{"confidence":"0.0","content":"."}],"type":"punctuation"},{"start_time":"30.87","end_time":"31.01","alternatives":[{"confidence":"0.6131","content":"이제"}],"type":"pronunciation"},{"start_time":"31.01","end_time":"31.33","alternatives":[{"confidence":"1.0","content":"문제가"}],"type":"pronunciation"},{"start_time":"31.33","end_time":"31.7","alternatives":[{"confidence":"0.9505","content":"발생한"}],"type":"pronunciation"},{"start_time":"31.7","end_time":"32.37","alternatives":[{"confidence":"1.0","content":"부분이"}],"type":"pronunciation"},{"start_time":"32.37","end_time":"32.82","alternatives":[{"confidence":"0.9739","content":"입금을"}],"type":"pronunciation"},{"start_time":"32.82","end_time":"33.15","alternatives":[{"confidence":"0.93965","content":"유도한"}],"type":"pronunciation"},{"start_time":"33.15","end_time":"34.02","alternatives":[{"confidence":"0.9803","content":"통장이죠"}],"type":"pronunciation"},{"start_time":"34.23","end_time":"34.89","alternatives":[{"confidence":"0.59365","content":"통장자체가"}],"type":"pronunciation"},{"alternatives":[{"confidence":"0.0","content":"."}],"type":"punctuation"},{"start_time":"34.89","end_time":"35.04","alternatives":[{"confidence":"0.9341","content":"이제"}],"type":"pronunciation"},{"start_time":"35.53","end_time":"35.64","alternatives":[{"confidence":"0.7477","content":"를"}],"type":"pronunciation"},{"start_time":"35.64","end_time":"35.93","alternatives":[{"confidence":"0.9994","content":"포함한"}],"type":"pronunciation"},{"start_time":"36.02","end_time":"36.28","alternatives":[{"confidence":"0.2984","content":"많은"}],"type":"pronunciation"},{"start_time":"36.28","end_time":"36.96","alternatives":[{"confidence":"0.6705333333333333","content":"명당하신"}],"type":"pronunciation"},{"start_time":"36.96","end_time":"37.24","alternatives":[{"confidence":"0.8136","content":"피해자"}],"type":"pronunciation"},{"start_time":"37.24","end_time":"37.86","alternatives":[{"confidence":"0.6812","content":"분들"}],"type":"pronunciation"},{"start_time":"38.73","end_time":"39.04","alternatives":[{"confidence":"0.9538","content":"자체가"}],"type":"pronunciation"},{"start_time":"39.04","end_time":"39.19","alternatives":[{"confidence":"0.9777","content":"이제"}],"type":"pronunciation"},{"start_time":"39.2","end_time":"39.51","alternatives":[{"confidence":"0.9241","content":"사용이"}],"type":"pronunciation"},{"start_time":"39.51","end_time":"40.0","alternatives":[{"confidence":"0.76465","content":"된겁니다"}],"type":"pronunciation"},{"start_time":"40.69","end_time":"40.83","alternatives":[{"confidence":"0.9929","content":"으로"}],"type":"pronunciation"},{"start_time":"40.83","end_time":"41.08","alternatives":[{"confidence":"0.9976","content":"인해서"}],"type":"pronunciation"},{"start_time":"41.08","end_time":"41.24","alternatives":[{"confidence":"0.8001","content":"이제"}],"type":"pronunciation"},{"start_time":"41.54","end_time":"41.9","alternatives":[{"confidence":"0.3353","content":"사고라는"}],"type":"pronunciation"},{"start_time":"41.9","end_time":"42.0","alternatives":[{"confidence":"0.3868","content":"게"}],"type":"pronunciation"},{"start_time":"42.0","end_time":"42.36","alternatives":[{"confidence":"0.90735","content":"발생이"}],"type":"pronunciation"},{"start_time":"42.36","end_time":"42.93","alternatives":[{"confidence":"0.9389","content":"됐는데"}],"type":"pronunciation"},{"start_time":"43.77","end_time":"44.05","alternatives":[{"confidence":"0.9943","content":"이제"}],"type":"pronunciation"},{"start_time":"44.05","end_time":"44.44","alternatives":[{"confidence":"1.0","content":"물건을"}],"type":"pronunciation"},{"start_time":"44.44","end_time":"44.84","alternatives":[{"confidence":"0.96575","content":"양도받지"}],"type":"pronunciation"},{"start_time":"44.84","end_time":"45.16","alternatives":[{"confidence":"0.9993","content":"못하고"}],"type":"pronunciation"},{"start_time":"45.16","end_time":"45.31","alternatives":[{"confidence":"0.9815","content":"이제"}],"type":"pronunciation"},{"start_time":"45.31","end_time":"45.88","alternatives":[{"confidence":"0.98085","content":"입금만한"}],"type":"pronunciation"},{"start_time":"46.26","end_time":"46.76","alternatives":[{"confidence":"0.9988","content":"금전적인"}],"type":"pronunciation"},{"start_time":"46.76","end_time":"47.08","alternatives":[{"confidence":"0.9996","content":"피해를"}],"type":"pronunciation"},{"start_time":"47.08","end_time":"47.36","alternatives":[{"confidence":"0.99915","content":"입으신"}],"type":"pronunciation"},{"start_time":"47.36","end_time":"47.9","alternatives":[{"confidence":"0.8003","content":"피해자분들이"}],"type":"pronunciation"},{"start_time":"47.9","end_time":"48.67","alternatives":[{"confidence":"1.0","content":"계세요"}],"type":"pronunciation"},{"alternatives":[{"confidence":"0.0","content":"."}],"type":"punctuation"},{"start_time":"48.92","end_time":"49.21","alternatives":[{"confidence":"0.8761","content":"피해자"}],"type":"pronunciation"},{"start_time":"49.21","end_time":"49.63","alternatives":[{"confidence":"0.9660500000000001","content":"분들께서"}],"type":"pronunciation"},{"start_time":"49.63","end_time":"49.78","alternatives":[{"confidence":"0.985","content":"이제"}],"type":"pronunciation"},{"start_time":"49.81","end_time":"50.57","alternatives":[{"confidence":"0.9884333333333334","content":"고소고발조치를"}],"type":"pronunciation"},{"start_time":"50.57","end_time":"51.54","alternatives":[{"confidence":"0.7491","content":"하시는데"}],"type":"pronunciation"},{"start_time":"51.88","end_time":"52.07","alternatives":[{"confidence":"0.8151","content":"이"}],"type":"pronunciation"},{"start_time":"52.07","end_time":"52.82","alternatives":[{"confidence":"0.8629000000000001","content":"고소고발장을"}],"type":"pronunciation"},{"start_time":"52.82","end_time":"53.12","alternatives":[{"confidence":"0.9879","content":"어떻게"}],"type":"pronunciation"},{"start_time":"53.12","end_time":"53.47","alternatives":[{"confidence":"0.99775","content":"접수를"}],"type":"pronunciation"},{"start_time":"53.47","end_time":"54.39","alternatives":[{"confidence":"0.84065","content":"하시냐면"}],"type":"pronunciation"},{"start_time":"54.54","end_time":"54.92","alternatives":[{"confidence":"0.9691","content":"보통"}],"type":"pronunciation"},{"start_time":"54.92","end_time":"55.16","alternatives":[{"confidence":"0.9977","content":"이제"}],"type":"pronunciation"},{"start_time":"55.26","end_time":"55.8","alternatives":[{"confidence":"1.0","content":"자신들이"}],"type":"pronunciation"},{"start_time":"55.8","end_time":"56.12","alternatives":[{"confidence":"0.9999","content":"직접"}],"type":"pronunciation"},{"start_time":"56.12","end_time":"56.57","alternatives":[{"confidence":"0.9001","content":"입금한"}],"type":"pronunciation"},{"start_time":"56.64","end_time":"57.33","alternatives":[{"confidence":"0.8964666666666666","content":"통장명의자"}],"type":"pronunciation"},{"start_time":"57.33","end_time":"57.91","alternatives":[{"confidence":"0.992","content":"있죠"}],"type":"pronunciation"},{"alternatives":[{"confidence":"0.0","content":"."}],"type":"punctuation"},{"start_time":"58.15","end_time":"58.45","alternatives":[{"confidence":"0.7081","content":"총장"}],"type":"pronunciation"},{"start_time":"58.45","end_time":"58.94","alternatives":[{"confidence":"0.99715","content":"명의자가"}],"type":"pronunciation"},{"start_time":"58.94","end_time":"59.07","alternatives":[{"confidence":"0.874","content":"이제"}],"type":"pronunciation"},{"start_time":"59.08","end_time":"59.46","alternatives":[{"confidence":"0.9737","content":"범죄에"}],"type":"pronunciation"},{"start_time":"59.46","end_time":"60.1","alternatives":[{"confidence":"0.99105","content":"가담했다고"}],"type":"pronunciation"},{"start_time":"60.1","end_time":"60.48","alternatives":[{"confidence":"0.9984","content":"판단을"}],"type":"pronunciation"},{"start_time":"60.48","end_time":"61.06","alternatives":[{"confidence":"0.9995","content":"해요"}],"type":"pronunciation"},{"alternatives":[{"confidence":"0.0","content":"."}],"type":"punctuation"},{"start_time":"61.97","end_time":"62.39","alternatives":[{"confidence":"0.9805","content":"그래서"}],"type":"pronunciation"},{"start_time":"62.39","end_time":"62.53","alternatives":[{"confidence":"0.8341","content":"그"}],"type":"pronunciation"},{"start_time":"62.59","end_time":"63.01","alternatives":[{"confidence":"0.9741","content":"자신들이"}],"type":"pronunciation"},{"start_time":"63.01","end_time":"63.81","alternatives":[{"confidence":"0.7986500000000001","content":"입금한"}],"type":"pronunciation"},{"start_time":"63.9","end_time":"64.71","alternatives":[{"confidence":"0.325","content":"총장에게"}],"type":"pronunciation"},{"start_time":"64.71","end_time":"64.87","alternatives":[{"confidence":"0.8682","content":"지금"}],"type":"pronunciation"},{"start_time":"64.87","end_time":"65.43","alternatives":[{"confidence":"0.9626333333333333","content":"고소고발장을"}],"type":"pronunciation"},{"start_time":"65.43","end_time":"65.8","alternatives":[{"confidence":"0.9995","content":"접수를"}],"type":"pronunciation"},{"start_time":"65.8","end_time":"66.01","alternatives":[{"confidence":"0.9989","content":"하고"}],"type":"pronunciation"},{"start_time":"66.01","end_time":"66.19","alternatives":[{"confidence":"0.9986","content":"있는"}],"type":"pronunciation"},{"start_time":"66.19","end_time":"66.99","alternatives":[{"confidence":"0.99735","content":"상황이에요"}],"type":"pronunciation"},{"alternatives":[{"confidence":"0.0","content":"."}],"type":"punctuation"},{"start_time":"67.05","end_time":"67.3","alternatives":[{"confidence":"0.8734","content":"그래서"}],"type":"pronunciation"},{"start_time":"67.72","end_time":"68.03","alternatives":[{"confidence":"0.59195","content":"당하신"}],"type":"pronunciation"},{"start_time":"68.03","end_time":"68.32","alternatives":[{"confidence":"0.5507","content":"피해자"}],"type":"pronunciation"},{"start_time":"68.32","end_time":"68.61","alternatives":[{"confidence":"0.9992","content":"분들이"}],"type":"pronunciation"},{"start_time":"68.61","end_time":"68.97","alternatives":[{"confidence":"1.0","content":"역으로"}],"type":"pronunciation"},{"start_time":"68.97","end_time":"69.13","alternatives":[{"confidence":"0.9672","content":"지금"}],"type":"pronunciation"},{"start_time":"69.13","end_time":"69.83","alternatives":[{"confidence":"0.9341333333333334","content":"고소고발조치가"}],"type":"pronunciation"},{"start_time":"69.83","end_time":"69.99","alternatives":[{"confidence":"0.9926","content":"지금"}],"type":"pronunciation"},{"start_time":"69.99","end_time":"70.41","alternatives":[{"confidence":"0.9578500000000001","content":"당하시고"}],"type":"pronunciation"},{"start_time":"70.41","end_time":"70.62","alternatives":[{"confidence":"0.9992","content":"있는"}],"type":"pronunciation"},{"start_time":"70.62","end_time":"71.26","alternatives":[{"confidence":"1.0","content":"부분인데"}],"type":"pronunciation"},{"start_time":"72.11","end_time":"72.33","alternatives":[{"confidence":"0.9899","content":"같은"}],"type":"pronunciation"},{"start_time":"72.33","end_time":"72.69","alternatives":[{"confidence":"0.9999","content":"경우에도"}],"type":"pronunciation"},{"start_time":"72.69","end_time":"72.89","alternatives":[{"confidence":"0.9988","content":"지금"}],"type":"pronunciation"},{"start_time":"72.89","end_time":"73.09","alternatives":[{"confidence":"0.9595","content":"현재"}],"type":"pronunciation"},{"start_time":"73.09","end_time":"75.11","alternatives":[{"confidence":"0.5949666666666666","content":"농협금융가지고"}],"type":"pronunciation"},{"start_time":"75.39","end_time":"75.64","alternatives":[{"confidence":"0.9251","content":"총"}],"type":"pronunciation"},{"start_time":"75.64","end_time":"76.31","alternatives":[{"confidence":"0.7529666666666667","content":"열여덟건의"}],"type":"pronunciation"},{"start_time":"76.31","end_time":"76.53","alternatives":[{"confidence":"0.98","content":"지금"}],"type":"pronunciation"},{"start_time":"76.53","end_time":"77.18","alternatives":[{"confidence":"0.8175333333333333","content":"고소고발장이"}],"type":"pronunciation"},{"start_time":"77.18","end_time":"77.51","alternatives":[{"confidence":"0.99195","content":"접수가"}],"type":"pronunciation"},{"start_time":"77.51","end_time":"77.61","alternatives":[{"confidence":"0.479","content":"되어"}],"type":"pronunciation"},{"start_time":"77.61","end_time":"78.16","alternatives":[{"confidence":"0.9911","content":"있습니다"}],"type":"pronunciation"},{"alternatives":[{"confidence":"0.0","content":"."}],"type":"punctuation"},{"start_time":"80.09","end_time":"80.36","alternatives":[{"confidence":"0.9987","content":"그래서"}],"type":"pronunciation"},{"start_time":"80.36","end_time":"80.45","alternatives":[{"confidence":"0.8521","content":"이"}],"type":"pronunciation"},{"start_time":"80.45","end_time":"81.02","alternatives":[{"confidence":"0.8715","content":"고속발작을"}],"type":"pronunciation"},{"start_time":"81.02","end_time":"81.27","alternatives":[{"confidence":"1.0","content":"저희가"}],"type":"pronunciation"},{"start_time":"81.27","end_time":"81.41","alternatives":[{"confidence":"0.994","content":"좀"}],"type":"pronunciation"},{"start_time":"81.41","end_time":"81.96","alternatives":[{"confidence":"0.8036","content":"취하조치를"}],"type":"pronunciation"},{"start_time":"81.96","end_time":"82.4","alternatives":[{"confidence":"0.7935","content":"해드리려고"}],"type":"pronunciation"},{"start_time":"82.4","end_time":"82.82","alternatives":[{"confidence":"0.9949","content":"연락드린"}],"type":"pronunciation"},{"start_time":"82.82","end_time":"83.67","alternatives":[{"confidence":"0.9594","content":"거예요"}],"type":"pronunciation"},{"alternatives":[{"confidence":"0.0","content":"."}],"type":"punctuation"},{"start_time":"83.93","end_time":"84.35","alternatives":[{"confidence":"0.5704","content":"피해자"}],"type":"pronunciation"},{"start_time":"84.35","end_time":"85.03","alternatives":[{"confidence":"0.90645","content":"입증이라는"}],"type":"pronunciation"},{"start_time":"85.03","end_time":"85.17","alternatives":[{"confidence":"0.9813","content":"걸"}],"type":"pronunciation"},{"start_time":"85.17","end_time":"85.49","alternatives":[{"confidence":"0.9519","content":"진행을"}],"type":"pronunciation"},{"start_time":"85.49","end_time":"86.04","alternatives":[{"confidence":"0.86115","content":"받아야지만"}],"type":"pronunciation"},{"start_time":"86.04","end_time":"86.26","alternatives":[{"confidence":"0.9593","content":"해당"}],"type":"pronunciation"},{"start_time":"86.26","end_time":"86.35","alternatives":[{"confidence":"0.8833","content":"안"}],"type":"pronunciation"},{"start_time":"86.35","end_time":"86.66","alternatives":[{"confidence":"0.7186","content":"통하는"}],"type":"pronunciation"},{"start_time":"86.66","end_time":"86.97","alternatives":[{"confidence":"0.9983","content":"무관한"}],"type":"pronunciation"},{"start_time":"86.97","end_time":"87.33","alternatives":[{"confidence":"0.95035","content":"피해자로"}],"type":"pronunciation"},{"start_time":"87.33","end_time":"87.64","alternatives":[{"confidence":"0.9991000000000001","content":"분류가"}],"type":"pronunciation"},{"start_time":"87.64","end_time":"88.23","alternatives":[{"confidence":"0.6930499999999999","content":"되시고"}],"type":"pronunciation"},{"start_time":"88.26","end_time":"88.4","alternatives":[{"confidence":"0.9013","content":"이제"}],"type":"pronunciation"},{"start_time":"88.43","end_time":"89.12","alternatives":[{"confidence":"0.33094999999999997","content":"고소고발장이라는"}],"type":"pronunciation"},{"start_time":"89.12","end_time":"89.38","alternatives":[{"confidence":"0.3223","content":"게"}],"type":"pronunciation"},{"start_time":"89.5","end_time":"89.71","alternatives":[{"confidence":"0.5237499999999999","content":"취하"}],"type":"pronunciation"},{"start_time":"89.71","end_time":"89.99","alternatives":[{"confidence":"1.0","content":"조치가"}],"type":"pronunciation"},{"start_time":"89.99","end_time":"90.65","alternatives":[{"confidence":"0.9914499999999999","content":"되시는데"}],"type":"pronunciation"},{"start_time":"91.28","end_time":"91.65","alternatives":[{"confidence":"0.99945","content":"입증을"}],"type":"pronunciation"},{"start_time":"91.65","end_time":"92.16","alternatives":[{"confidence":"0.7664","content":"진행할만한"}],"type":"pronunciation"},{"start_time":"92.16","end_time":"92.42","alternatives":[{"confidence":"0.559","content":"증거"}],"type":"pronunciation"},{"start_time":"92.42","end_time":"92.7","alternatives":[{"confidence":"0.9977","content":"자료가"}],"type":"pronunciation"},{"start_time":"92.92","end_time":"93.11","alternatives":[{"confidence":"0.3503","content":"측의"}],"type":"pronunciation"},{"start_time":"93.11","end_time":"93.39","alternatives":[{"confidence":"1.0","content":"하나도"}],"type":"pronunciation"},{"start_time":"93.39","end_time":"93.6","alternatives":[{"confidence":"1.0","content":"없기"}],"type":"pronunciation"},{"start_time":"93.6","end_time":"94.34","alternatives":[{"confidence":"1.0","content":"때문에"}],"type":"pronunciation"},{"start_time":"94.34","end_time":"94.81","alternatives":[{"confidence":"0.9954","content":"이렇게"}],"type":"pronunciation"},{"start_time":"94.95","end_time":"95.3","alternatives":[{"confidence":"1.0","content":"연락을"}],"type":"pronunciation"},{"start_time":"95.3","end_time":"95.49","alternatives":[{"confidence":"0.8134","content":"드린"}],"type":"pronunciation"},{"start_time":"95.49","end_time":"96.19","alternatives":[{"confidence":"0.9989","content":"부분인데요"}],"type":"pronunciation"},{"alternatives":[{"confidence":"0.0","content":"."}],"type":"punctuation"},{"start_time":"102.7","end_time":"102.94","alternatives":[{"confidence":"0.9999","content":"그래서"}],"type":"pronunciation"},{"start_time":"102.94","end_time":"103.23","alternatives":[{"confidence":"1.0","content":"저희가"}],"type":"pronunciation"},{"start_time":"103.23","end_time":"103.5","alternatives":[{"confidence":"0.9987","content":"이렇게"}],"type":"pronunciation"},{"start_time":"103.5","end_time":"103.92","alternatives":[{"confidence":"1.0","content":"연락을"}],"type":"pronunciation"},{"start_time":"103.92","end_time":"104.48","alternatives":[{"confidence":"0.9319999999999999","content":"드린건데"}],"type":"pronunciation"},{"start_time":"104.48","end_time":"104.77","alternatives":[{"confidence":"0.9857","content":"지금"}],"type":"pronunciation"},{"start_time":"104.77","end_time":"105.63","alternatives":[{"confidence":"0.8252999999999999","content":"진술전반적으로"}],"type":"pronunciation"},{"start_time":"105.85","end_time":"106.05","alternatives":[{"confidence":"0.7163","content":"하신"}],"type":"pronunciation"},{"start_time":"106.05","end_time":"106.25","alternatives":[{"confidence":"0.7272","content":"내용"}],"type":"pronunciation"},{"start_time":"106.25","end_time":"107.04","alternatives":[{"confidence":"1.0","content":"있잖아요"}],"type":"pronunciation"},{"alternatives":[{"confidence":"0.0","content":"."}],"type":"punctuation"},{"start_time":"107.26","end_time":"107.36","alternatives":[{"confidence":"0.153","content":"이"}],"type":"pronunciation"},{"start_time":"107.36","end_time":"107.72","alternatives":[{"confidence":"0.8911","content":"내용에"}],"type":"pronunciation"},{"start_time":"107.72","end_time":"108.03","alternatives":[{"confidence":"0.9933","content":"있어서"}],"type":"pronunciation"},{"start_time":"108.03","end_time":"108.15","alternatives":[{"confidence":"0.5059","content":"그"}],"type":"pronunciation"},{"start_time":"108.3","end_time":"108.53","alternatives":[{"confidence":"0.9988","content":"제가"}],"type":"pronunciation"},{"start_time":"108.53","end_time":"108.74","alternatives":[{"confidence":"0.8866","content":"다시"}],"type":"pronunciation"},{"start_time":"108.74","end_time":"108.93","alternatives":[{"confidence":"0.7868","content":"한번"}],"type":"pronunciation"},{"start_time":"108.93","end_time":"109.67","alternatives":[{"confidence":"0.9174000000000001","content":"질의응답식으로"}],"type":"pronunciation"},{"start_time":"109.67","end_time":"110.07","alternatives":[{"confidence":"0.6282000000000001","content":"본인에게"}],"type":"pronunciation"},{"start_time":"110.07","end_time":"111.11","alternatives":[{"confidence":"0.8558","content":"여쭤볼텐데"}],"type":"pronunciation"},{"start_time":"111.68","end_time":"111.92","alternatives":[{"confidence":"0.8416","content":"알고"}],"type":"pronunciation"},{"start_time":"111.92","end_time":"112.17","alternatives":[{"confidence":"0.7128","content":"계신"}],"type":"pronunciation"},{"start_time":"112.17","end_time":"112.51","alternatives":[{"confidence":"0.3083","content":"부분은"}],"type":"pronunciation"},{"start_time":"112.9","end_time":"113.2","alternatives":[{"confidence":"0.3272","content":"모르고"}],"type":"pronunciation"},{"start_time":"113.29","end_time":"113.55","alternatives":[{"confidence":"0.7658","content":"계신"}],"type":"pronunciation"},{"start_time":"113.55","end_time":"114.08","alternatives":[{"confidence":"0.85605","content":"부분부분"}],"type":"pronunciation"},{"start_time":"114.08","end_time":"114.61","alternatives":[{"confidence":"0.8833666666666667","content":"하셔가지고"}],"type":"pronunciation"},{"start_time":"115.16","end_time":"115.42","alternatives":[{"confidence":"0.7931","content":"식으로"}],"type":"pronunciation"},{"start_time":"115.42","end_time":"115.79","alternatives":[{"confidence":"0.9999","content":"대답을"}],"type":"pronunciation"},{"start_time":"115.79","end_time":"116.21","alternatives":[{"confidence":"0.9441","content":"해주시면"}],"type":"pronunciation"},{"start_time":"116.21","end_time":"116.56","alternatives":[{"confidence":"0.9689","content":"돼요"}],"type":"pronunciation"},{"alternatives":[{"confidence":"0.0","content":"."}],"type":"punctuation"},{"start_time":"116.96","end_time":"117.08","alternatives":[{"confidence":"0.8821","content":"이"}],"type":"pronunciation"},{"start_time":"117.08","end_time":"117.37","alternatives":[{"confidence":"0.994","content":"부분을"}],"type":"pronunciation"},{"start_time":"117.37","end_time":"117.99","alternatives":[{"confidence":"0.8844666666666666","content":"녹취기록으로"}],"type":"pronunciation"},{"start_time":"117.99","end_time":"118.13","alternatives":[{"confidence":"0.5046","content":"좀"}],"type":"pronunciation"},{"start_time":"118.13","end_time":"119.0","alternatives":[{"confidence":"0.5558000000000001","content":"남겨가지고"}],"type":"pronunciation"},{"start_time":"120.37","end_time":"120.66","alternatives":[{"confidence":"0.9362","content":"본인의"}],"type":"pronunciation"},{"start_time":"120.66","end_time":"121.21","alternatives":[{"confidence":"0.79735","content":"증거자료로"}],"type":"pronunciation"},{"start_time":"121.21","end_time":"121.55","alternatives":[{"confidence":"0.8957","content":"제출해"}],"type":"pronunciation"},{"start_time":"121.55","end_time":"121.76","alternatives":[{"confidence":"0.7557","content":"드릴"}],"type":"pronunciation"},{"start_time":"121.76","end_time":"122.2","alternatives":[{"confidence":"0.6736","content":"거예요"}],"type":"pronunciation"},{"alternatives":[{"confidence":"0.0","content":"."}],"type":"punctuation"},{"start_time":"122.81","end_time":"123.48","alternatives":[{"confidence":"0.6101","content":"증거자료를"}],"type":"pronunciation"},{"start_time":"123.75","end_time":"124.13","alternatives":[{"confidence":"0.80305","content":"제출을"}],"type":"pronunciation"},{"start_time":"124.13","end_time":"124.53","alternatives":[{"confidence":"0.8776","content":"하면은"}],"type":"pronunciation"},{"start_time":"124.63","end_time":"124.95","alternatives":[{"confidence":"0.8726499999999999","content":"채택이"}],"type":"pronunciation"},{"start_time":"124.95","end_time":"125.14","alternatives":[{"confidence":"0.942","content":"되면"}],"type":"pronunciation"},{"start_time":"125.14","end_time":"125.4","alternatives":[{"confidence":"0.6089","content":"사용이"}],"type":"pronunciation"},{"start_time":"125.4","end_time":"125.68","alternatives":[{"confidence":"0.941","content":"당연히"}],"type":"pronunciation"},{"start_time":"126.08","end_time":"126.7","alternatives":[{"confidence":"0.6977","content":"재판상의"}],"type":"pronunciation"},{"alternatives":[{"confidence":"0.0","content":"."}],"type":"punctuation"},{"start_time":"127.45","end_time":"127.65","alternatives":[{"confidence":"0.9723","content":"제가"}],"type":"pronunciation"},{"start_time":"127.65","end_time":"127.78","alternatives":[{"confidence":"0.9856","content":"이제"}],"type":"pronunciation"},{"start_time":"127.78","end_time":"127.99","alternatives":[{"confidence":"0.5753","content":"본인"}],"type":"pronunciation"},{"start_time":"127.99","end_time":"128.27","alternatives":[{"confidence":"0.9658","content":"담당"}],"type":"pronunciation"},{"start_time":"128.27","end_time":"129.3","alternatives":[{"confidence":"0.9944999999999999","content":"수사관인데"}],"type":"pronunciation"},{"start_time":"129.36","end_time":"129.6","alternatives":[{"confidence":"0.7318","content":"제가"}],"type":"pronunciation"},{"start_time":"130.19","end_time":"130.5","alternatives":[{"confidence":"0.5046999999999999","content":"작성해"}],"type":"pronunciation"},{"start_time":"130.5","end_time":"130.93","alternatives":[{"confidence":"0.8482000000000001","content":"드리면"}],"type":"pronunciation"},{"start_time":"131.96","end_time":"132.23","alternatives":[{"confidence":"0.382","content":"사건"}],"type":"pronunciation"},{"start_time":"132.23","end_time":"132.45","alternatives":[{"confidence":"0.9074","content":"맡고"}],"type":"pronunciation"},{"start_time":"132.45","end_time":"132.69","alternatives":[{"confidence":"0.8239","content":"계시는"}],"type":"pronunciation"},{"start_time":"132.69","end_time":"132.94","alternatives":[{"confidence":"0.9009","content":"담당"}],"type":"pronunciation"},{"start_time":"132.94","end_time":"133.47","alternatives":[{"confidence":"0.71085","content":"검사님께"}],"type":"pronunciation"},{"start_time":"133.47","end_time":"133.8","alternatives":[{"confidence":"0.2756","content":"이건희"}],"type":"pronunciation"},{"start_time":"133.8","end_time":"134.04","alternatives":[{"confidence":"0.6177","content":"되실"}],"type":"pronunciation"},{"start_time":"134.04","end_time":"134.72","alternatives":[{"confidence":"0.9782","content":"거에요"}],"type":"pronunciation"},{"alternatives":[{"confidence":"0.0","content":"."}],"type":"punctuation"},{"start_time":"135.35","end_time":"136.15","alternatives":[{"confidence":"0.76335","content":"검찰청사이트"}],"type":"pronunciation"},{"start_time":"136.15","end_time":"136.9","alternatives":[{"confidence":"0.81385","content":"접속하셔가지고"}],"type":"pronunciation"},{"start_time":"137.75","end_time":"138.14","alternatives":[{"confidence":"0.84445","content":"본인에게"}],"type":"pronunciation"},{"start_time":"138.14","end_time":"138.48","alternatives":[{"confidence":"0.7659","content":"부여된"}],"type":"pronunciation"},{"start_time":"138.48","end_time":"138.75","alternatives":[{"confidence":"0.5684","content":"사건"}],"type":"pronunciation"},{"start_time":"138.75","end_time":"139.51","alternatives":[{"confidence":"0.56475","content":"공무원으로"}],"type":"pronunciation"},{"start_time":"139.51","end_time":"139.66","alternatives":[{"confidence":"0.8686","content":"좀"}],"type":"pronunciation"},{"start_time":"139.66","end_time":"140.4","alternatives":[{"confidence":"0.9257","content":"확인하시고요"}],"type":"pronunciation"},{"alternatives":[{"confidence":"0.0","content":"."}],"type":"punctuation"},{"start_time":"140.62","end_time":"140.89","alternatives":[{"confidence":"0.2337","content":"근데"}],"type":"pronunciation"},{"start_time":"140.89","end_time":"142.11","alternatives":[{"confidence":"0.3981","content":"검사의"}],"type":"pronunciation"},{"start_time":"142.25","end_time":"142.62","alternatives":[{"confidence":"1.0","content":"절차에"}],"type":"pronunciation"},{"start_time":"142.62","end_time":"143.16","alternatives":[{"confidence":"1.0","content":"따라서"}],"type":"pronunciation"},{"start_time":"143.27","end_time":"143.54","alternatives":[{"confidence":"0.526","content":"피해자"}],"type":"pronunciation"},{"start_time":"143.54","end_time":"143.93","alternatives":[{"confidence":"0.34850000000000003","content":"입장이라는"}],"type":"pronunciation"},{"start_time":"144.0","end_time":"144.29","alternatives":[{"confidence":"0.9586","content":"진행을"}],"type":"pronunciation"},{"start_time":"144.29","end_time":"144.39","alternatives":[{"confidence":"0.9895","content":"좀"}],"type":"pronunciation"},{"start_time":"144.39","end_time":"144.77","alternatives":[{"confidence":"0.9898","content":"받으실"}],"type":"pronunciation"},{"start_time":"144.77","end_time":"145.25","alternatives":[{"confidence":"1.0","content":"텐데"}],"type":"pronunciation"},{"start_time":"145.99","end_time":"146.32","alternatives":[{"confidence":"0.993","content":"지금"}],"type":"pronunciation"},{"start_time":"146.32","end_time":"146.68","alternatives":[{"confidence":"0.9991","content":"이제"}],"type":"pronunciation"},{"start_time":"146.95","end_time":"147.18","alternatives":[{"confidence":"0.9996","content":"저희가"}],"type":"pronunciation"},{"start_time":"147.18","end_time":"147.46","alternatives":[{"confidence":"0.6936666666666667","content":"녹취가"}],"type":"pronunciation"},{"start_time":"147.46","end_time":"147.58","alternatives":[{"confidence":"0.6207","content":"좀"}],"type":"pronunciation"},{"start_time":"147.58","end_time":"147.96","alternatives":[{"confidence":"0.9923","content":"진행하기"}],"type":"pronunciation"},{"start_time":"147.96","end_time":"148.56","alternatives":[{"confidence":"0.9985","content":"전에"}],"type":"pronunciation"},{"start_time":"148.59","end_time":"148.78","alternatives":[{"confidence":"0.7165","content":"그럼"}],"type":"pronunciation"},{"start_time":"148.78","end_time":"148.9","alternatives":[{"confidence":"0.6656","content":"좀"}],"type":"pronunciation"},{"start_time":"148.9","end_time":"149.2","alternatives":[{"confidence":"0.7754","content":"몇가지"}],"type":"pronunciation"},{"start_time":"149.2","end_time":"149.33","alternatives":[{"confidence":"0.9995","content":"좀"}],"type":"pronunciation"},{"start_time":"149.33","end_time":"150.2","alternatives":[{"confidence":"0.996","content":"여쭤볼게요"}],"type":"pronunciation"},{"alternatives":[{"confidence":"0.0","content":"."}],"type":"punctuation"},{"start_time":"150.62","end_time":"150.82","alternatives":[{"confidence":"0.9942","content":"제가"}],"type":"pronunciation"},{"start_time":"150.82","end_time":"151.19","alternatives":[{"confidence":"0.2148","content":"그러면"}],"type":"pronunciation"},{"start_time":"151.97","end_time":"152.18","alternatives":[{"confidence":"0.9854","content":"지금"}],"type":"pronunciation"},{"start_time":"152.18","end_time":"152.51","alternatives":[{"confidence":"0.9526","content":"당장"}],"type":"pronunciation"},{"start_time":"152.51","end_time":"152.62","alternatives":[{"confidence":"0.4654","content":"안"}],"type":"pronunciation"},{"start_time":"152.62","end_time":"152.93","alternatives":[{"confidence":"0.4965","content":"하고"}],"type":"pronunciation"},{"start_time":"152.93","end_time":"153.15","alternatives":[{"confidence":"0.9917","content":"제가"}],"type":"pronunciation"},{"start_time":"153.22","end_time":"153.55","alternatives":[{"confidence":"0.9117","content":"확인을"}],"type":"pronunciation"},{"start_time":"153.55","end_time":"153.8","alternatives":[{"confidence":"0.8819","content":"하고"}],"type":"pronunciation"},{"start_time":"155.09","end_time":"155.32","alternatives":[{"confidence":"0.1224","content":"있어서"}],"type":"pronunciation"},{"start_time":"155.57","end_time":"156.01","alternatives":[{"confidence":"0.9802","content":"통해서"}],"type":"pronunciation"},{"start_time":"156.01","end_time":"156.21","alternatives":[{"confidence":"0.5032","content":"그런"}],"type":"pronunciation"},{"start_time":"156.24","end_time":"156.56","alternatives":[{"confidence":"0.9999","content":"말씀을"}],"type":"pronunciation"},{"start_time":"156.56","end_time":"156.79","alternatives":[{"confidence":"0.7866","content":"드리면"}],"type":"pronunciation"},{"start_time":"156.85","end_time":"156.96","alternatives":[{"confidence":"0.6925","content":"될"}],"type":"pronunciation"},{"start_time":"156.96","end_time":"157.06","alternatives":[{"confidence":"0.9836","content":"것"}],"type":"pronunciation"},{"start_time":"157.06","end_time":"157.46","alternatives":[{"confidence":"0.998","content":"같아요"}],"type":"pronunciation"},{"alternatives":[{"confidence":"0.0","content":"."}],"type":"punctuation"},{"start_time":"158.98","end_time":"159.75","alternatives":[{"confidence":"0.7678666666666666","content":"유선선교사를"}],"type":"pronunciation"},{"start_time":"159.75","end_time":"160.01","alternatives":[{"confidence":"0.9894","content":"지금"}],"type":"pronunciation"},{"start_time":"160.01","end_time":"160.43","alternatives":[{"confidence":"0.8374","content":"그러면은"}],"type":"pronunciation"},{"start_time":"160.43","end_time":"161.2","alternatives":[{"confidence":"1.0","content":"본인이"}],"type":"pronunciation"},{"start_time":"161.44","end_time":"161.83","alternatives":[{"confidence":"0.83715","content":"회피나"}],"type":"pronunciation"},{"start_time":"161.83","end_time":"162.27","alternatives":[{"confidence":"0.9892000000000001","content":"거부를"}],"type":"pronunciation"},{"start_time":"162.27","end_time":"162.6","alternatives":[{"confidence":"0.989","content":"하시는"}],"type":"pronunciation"},{"start_time":"162.6","end_time":"163.37","alternatives":[{"confidence":"0.7768666666666667","content":"부분이신가요"}],"type":"pronunciation"},{"start_time":"166.69","end_time":"167.02","alternatives":[{"confidence":"0.5582","content":"피해자"}],"type":"pronunciation"},{"start_time":"167.02","end_time":"167.31","alternatives":[{"confidence":"0.9958","content":"분들이"}],"type":"pronunciation"},{"start_time":"167.31","end_time":"167.65","alternatives":[{"confidence":"0.8993","content":"연루가"}],"type":"pronunciation"},{"start_time":"167.65","end_time":"167.77","alternatives":[{"confidence":"0.7031","content":"되어"}],"type":"pronunciation"},{"start_time":"167.77","end_time":"168.48","alternatives":[{"confidence":"0.9521","content":"있어요"}],"type":"pronunciation"},{"alternatives":[{"confidence":"0.0","content":"."}],"type":"punctuation"},{"start_time":"168.97","end_time":"169.29","alternatives":[{"confidence":"0.847","content":"많은"}],"type":"pronunciation"},{"start_time":"169.29","end_time":"169.57","alternatives":[{"confidence":"0.8382","content":"명의"}],"type":"pronunciation"},{"start_time":"169.57","end_time":"170.22","alternatives":[{"confidence":"0.8369","content":"도용당하신"}],"type":"pronunciation"},{"start_time":"170.22","end_time":"170.94","alternatives":[{"confidence":"0.74495","content":"피해자분들의"}],"type":"pronunciation"},{"start_time":"171.04","end_time":"171.86","alternatives":[{"confidence":"0.95165","content":"신상정보"}],"type":"pronunciation"},{"start_time":"171.86","end_time":"172.64","alternatives":[{"confidence":"1.0","content":"만으로도"}],"type":"pronunciation"},{"start_time":"172.93","end_time":"173.57","alternatives":[{"confidence":"0.9532","content":"신분증통해"}],"type":"pronunciation"},{"start_time":"173.57","end_time":"173.85","alternatives":[{"confidence":"1.0","content":"가지고"}],"type":"pronunciation"},{"start_time":"173.85","end_time":"174.0","alternatives":[{"confidence":"0.9953","content":"이제"}],"type":"pronunciation"},{"start_time":"174.0","end_time":"175.11","alternatives":[{"confidence":"0.747125","content":"업무상상조작으로"}],"type":"pronunciation"},{"start_time":"175.11","end_time":"175.29","alternatives":[{"confidence":"0.9456","content":"이제"}],"type":"pronunciation"},{"start_time":"175.32","end_time":"175.94","alternatives":[{"confidence":"0.5802999999999999","content":"통장개설이"}],"type":"pronunciation"},{"start_time":"175.94","end_time":"176.48","alternatives":[{"confidence":"0.9984500000000001","content":"가능했던"}],"type":"pronunciation"},{"start_time":"176.48","end_time":"177.22","alternatives":[{"confidence":"0.8177","content":"거였는데요"}],"type":"pronunciation"},{"alternatives":[{"confidence":"0.0","content":"."}],"type":"punctuation"},{"start_time":"177.64","end_time":"177.84","alternatives":[{"confidence":"0.4835","content":"이게"}],"type":"pronunciation"},{"start_time":"177.84","end_time":"177.98","alternatives":[{"confidence":"0.5501","content":"이제"}],"type":"pronunciation"},{"start_time":"178.51","end_time":"178.85","alternatives":[{"confidence":"0.4413","content":"일본"}],"type":"pronunciation"},{"start_time":"178.85","end_time":"179.19","alternatives":[{"confidence":"0.98785","content":"계좌가"}],"type":"pronunciation"},{"start_time":"179.19","end_time":"179.37","alternatives":[{"confidence":"1.0","content":"아닌"}],"type":"pronunciation"},{"start_time":"179.37","end_time":"179.99","alternatives":[{"confidence":"0.6912","content":"법인계좌를"}],"type":"pronunciation"},{"start_time":"179.99","end_time":"180.28","alternatives":[{"confidence":"0.7757000000000001","content":"개설이"}],"type":"pronunciation"},{"start_time":"180.28","end_time":"180.94","alternatives":[{"confidence":"0.9642","content":"됐어요"}],"type":"pronunciation"},{"alternatives":[{"confidence":"0.0","content":"."}],"type":"punctuation"},{"start_time":"181.12","end_time":"181.41","alternatives":[{"confidence":"0.9785","content":"모든"}],"type":"pronunciation"},{"start_time":"181.41","end_time":"181.68","alternatives":[{"confidence":"0.5761","content":"명의"}],"type":"pronunciation"},{"start_time":"181.68","end_time":"182.23","alternatives":[{"confidence":"0.6496500000000001","content":"도용당하신"}],"type":"pronunciation"},{"start_time":"182.23","end_time":"182.52","alternatives":[{"confidence":"0.8065","content":"피해자"}],"type":"pronunciation"},{"start_time":"182.52","end_time":"182.73","alternatives":[{"confidence":"0.6746","content":"분들"}],"type":"pronunciation"},{"start_time":"182.73","end_time":"183.51","alternatives":[{"confidence":"1.0","content":"동일하게"}],"type":"pronunciation"},{"start_time":"184.38","end_time":"184.7","alternatives":[{"confidence":"0.1086","content":"법인"}],"type":"pronunciation"},{"start_time":"184.7","end_time":"185.14","alternatives":[{"confidence":"0.5219","content":"계좌혹시"}],"type":"pronunciation"},{"start_time":"185.14","end_time":"185.68","alternatives":[{"confidence":"0.8257","content":"이용해보신"}],"type":"pronunciation"},{"start_time":"185.68","end_time":"185.81","alternatives":[{"confidence":"0.9589","content":"적"}],"type":"pronunciation"},{"start_time":"185.81","end_time":"186.33","alternatives":[{"confidence":"1.0","content":"있으세요"}],"type":"pronunciation"},{"alternatives":[{"confidence":"0.0","content":"?"}],"type":"punctuation"},{"start_time":"186.92","end_time":"190.75","alternatives":[{"confidence":"0.37273333333333336","content":"법인통장그렇게"}],"type":"pronunciation"},{"start_time":"193.16","end_time":"193.5","alternatives":[{"confidence":"0.997","content":"본인이"}],"type":"pronunciation"},{"start_time":"193.71","end_time":"193.99","alternatives":[{"confidence":"0.9961","content":"다시"}],"type":"pronunciation"},{"start_time":"193.99","end_time":"194.31","alternatives":[{"confidence":"1.0","content":"연락을"}],"type":"pronunciation"},{"start_time":"194.31","end_time":"194.78","alternatives":[{"confidence":"0.94985","content":"주신다는"}],"type":"pronunciation"},{"start_time":"194.78","end_time":"195.18","alternatives":[{"confidence":"0.8256","content":"거예요"}],"type":"pronunciation"},{"alternatives":[{"confidence":"0.0","content":"."}],"type":"punctuation"},{"start_time":"195.48","end_time":"195.68","alternatives":[{"confidence":"0.4361","content":"요즘"}],"type":"pronunciation"},{"start_time":"195.68","end_time":"195.92","alternatives":[{"confidence":"0.5893","content":"이상한"}],"type":"pronunciation"},{"start_time":"196.31","end_time":"196.63","alternatives":[{"confidence":"0.7055","content":"많은데"}],"type":"pronunciation"},{"start_time":"196.63","end_time":"196.8","alternatives":[{"confidence":"0.1421","content":"제가"}],"type":"pronunciation"},{"start_time":"197.04","end_time":"197.31","alternatives":[{"confidence":"0.9705","content":"연락을"}],"type":"pronunciation"},{"start_time":"197.54","end_time":"197.91","alternatives":[{"confidence":"0.9566","content":"확인을"}],"type":"pronunciation"},{"start_time":"197.97","end_time":"198.29","alternatives":[{"confidence":"0.9716","content":"하고"}],"type":"pronunciation"},{"start_time":"198.29","end_time":"198.67","alternatives":[{"confidence":"0.2971","content":"말씀드린"}],"type":"pronunciation"},{"start_time":"198.8","end_time":"198.9","alternatives":[{"confidence":"0.9664","content":"것"}],"type":"pronunciation"},{"start_time":"198.9","end_time":"199.18","alternatives":[{"confidence":"0.9932","content":"같아요"}],"type":"pronunciation"},{"alternatives":[{"confidence":"0.0","content":"."}],"type":"punctuation"},{"start_time":"200.9","end_time":"201.13","alternatives":[{"confidence":"0.9237","content":"제가"}],"type":"pronunciation"},{"start_time":"201.25","end_time":"201.66","alternatives":[{"confidence":"0.67845","content":"본인에게"}],"type":"pronunciation"},{"start_time":"201.66","end_time":"201.98","alternatives":[{"confidence":"0.9364","content":"어떤"}],"type":"pronunciation"},{"start_time":"201.98","end_time":"202.15","alternatives":[{"confidence":"0.9961","content":"걸"}],"type":"pronunciation"},{"start_time":"202.15","end_time":"202.77","alternatives":[{"confidence":"0.99975","content":"여쭤봤는데"}],"type":"pronunciation"},{"start_time":"202.89","end_time":"203.21","alternatives":[{"confidence":"0.7356","content":"의심을"}],"type":"pronunciation"},{"start_time":"203.21","end_time":"203.97","alternatives":[{"confidence":"0.8881","content":"가지시는거에요"}],"type":"pronunciation"},{"start_time":"204.66","end_time":"204.84","alternatives":[{"confidence":"0.2424","content":"이라고"}],"type":"pronunciation"},{"start_time":"204.93","end_time":"205.56","alternatives":[{"confidence":"0.49175","content":"그랬잖아요"}],"type":"pronunciation"},{"alternatives":[{"confidence":"0.0","content":"."}],"type":"punctuation"},{"start_time":"205.91","end_time":"206.09","alternatives":[{"confidence":"0.9789","content":"제가"}],"type":"pronunciation"},{"start_time":"206.09","end_time":"206.68","alternatives":[{"confidence":"0.8728","content":"연락드릴게요"}],"type":"pronunciation"},{"start_time":"206.98","end_time":"207.24","alternatives":[{"confidence":"0.5248","content":"받으실"}],"type":"pronunciation"},{"start_time":"207.24","end_time":"207.4","alternatives":[{"confidence":"0.5238","content":"수"}],"type":"pronunciation"},{"start_time":"207.43","end_time":"207.96","alternatives":[{"confidence":"0.89455","content":"있으시네요"}],"type":"pronunciation"},{"start_time":"211.49","end_time":"212.18","alternatives":[{"confidence":"0.70045","content":"말씀그렇게"}],"type":"pronunciation"},{"start_time":"212.18","end_time":"212.32","alternatives":[{"confidence":"0.9847","content":"하지"}],"type":"pronunciation"},{"start_time":"212.32","end_time":"212.77","alternatives":[{"confidence":"0.80745","content":"마시고요"}],"type":"pronunciation"},{"alternatives":[{"confidence":"0.0","content":"."}],"type":"punctuation"},{"start_time":"213.61","end_time":"214.59","alternatives":[{"confidence":"0.8196","content":"전화하셔가지고"}],"type":"pronunciation"},{"start_time":"214.98","end_time":"215.68","alternatives":[{"confidence":"0.004","content":"되시고"}],"type":"pronunciation"},{"start_time":"215.68","end_time":"216.67","alternatives":[{"confidence":"0.0946","content":"식사하시죠"}],"type":"pronunciation"},{"start_time":"218.68","end_time":"218.9","alternatives":[{"confidence":"0.9676","content":"하실"}],"type":"pronunciation"},{"start_time":"218.9","end_time":"219.19","alternatives":[{"confidence":"0.9994","content":"필요가"}],"type":"pronunciation"},{"start_time":"219.19","end_time":"219.69","alternatives":[{"confidence":"1.0","content":"있으세요"}],"type":"pronunciation"},{"alternatives":[{"confidence":"0.0","content":"?"}],"type":"punctuation"},{"start_time":"220.81","end_time":"220.96","alternatives":[{"confidence":"0.3297","content":"아니"}],"type":"pronunciation"},{"start_time":"220.96","end_time":"221.12","alternatives":[{"confidence":"0.3972","content":"지금"}],"type":"pronunciation"},{"start_time":"221.12","end_time":"221.42","alternatives":[{"confidence":"0.9937","content":"전화를"}],"type":"pronunciation"},{"start_time":"221.42","end_time":"221.63","alternatives":[{"confidence":"0.987","content":"가지고"}],"type":"pronunciation"},{"start_time":"221.63","end_time":"221.74","alternatives":[{"confidence":"0.6381","content":"다"}],"type":"pronunciation"},{"start_time":"221.74","end_time":"221.99","alternatives":[{"confidence":"0.8563","content":"하시는"}],"type":"pronunciation"},{"start_time":"221.99","end_time":"222.11","alternatives":[{"confidence":"0.9973","content":"분이"}],"type":"pronunciation"},{"start_time":"222.11","end_time":"222.22","alternatives":[{"confidence":"0.9834","content":"좀"}],"type":"pronunciation"},{"start_time":"222.22","end_time":"222.81","alternatives":[{"confidence":"0.83325","content":"이상하셔가지고"}],"type":"pronunciation"},{"alternatives":[{"confidence":"0.0","content":"."}],"type":"punctuation"},{"start_time":"222.81","end_time":"222.94","alternatives":[{"confidence":"0.9984","content":"제가"}],"type":"pronunciation"},{"start_time":"222.94","end_time":"223.06","alternatives":[{"confidence":"0.9943","content":"다시"}],"type":"pronunciation"},{"start_time":"223.06","end_time":"223.5","alternatives":[{"confidence":"0.8472999999999999","content":"연락드릴게요"}],"type":"pronunciation"},{"start_time":"223.5","end_time":"223.79","alternatives":[{"confidence":"0.9998","content":"아니면"}],"type":"pronunciation"},{"start_time":"223.79","end_time":"224.06","alternatives":[{"confidence":"0.6504","content":"받으면"}],"type":"pronunciation"},{"start_time":"224.06","end_time":"224.38","alternatives":[{"confidence":"0.8559","content":"되잖아요"}],"type":"pronunciation"},{"alternatives":[{"confidence":"0.0","content":"."}],"type":"punctuation"},{"start_time":"225.62","end_time":"225.82","alternatives":[{"confidence":"0.9502","content":"네"}],"type":"pronunciation"},{"alternatives":[{"confidence":"0.0","content":","}],"type":"punctuation"},{"start_time":"225.82","end_time":"226.1","alternatives":[{"confidence":"0.99","content":"그렇게"}],"type":"pronunciation"},{"start_time":"226.1","end_time":"226.65","alternatives":[{"confidence":"0.9988","content":"하세요"}],"type":"pronunciation"},{"alternatives":[{"confidence":"0.0","content":"."}],"type":"punctuation"},{"start_time":"231.92","end_time":"232.38","alternatives":[{"confidence":"0.94705","content":"직업적으로"}],"type":"pronunciation"},{"start_time":"232.38","end_time":"232.74","alternatives":[{"confidence":"0.7483500000000001","content":"여쭤보는"}],"type":"pronunciation"},{"start_time":"232.74","end_time":"233.27","alternatives":[{"confidence":"0.9055","content":"이유는"}],"type":"pronunciation"},{"start_time":"233.63","end_time":"233.8","alternatives":[{"confidence":"0.9856","content":"하는"}],"type":"pronunciation"},{"start_time":"233.8","end_time":"234.23","alternatives":[{"confidence":"0.9994","content":"과정에서"}],"type":"pronunciation"},{"start_time":"234.45","end_time":"235.06","alternatives":[{"confidence":"0.9896","content":"사례도"}],"type":"pronunciation"},{"start_time":"235.06","end_time":"235.37","alternatives":[{"confidence":"0.3235","content":"시각에"}],"type":"pronunciation"},{"start_time":"235.37","end_time":"236.25","alternatives":[{"confidence":"1.0","content":"불확실하거나"}],"type":"pronunciation"},{"alternatives":[{"confidence":"0.0","content":"."}],"type":"punctuation"},{"start_time":"236.28","end_time":"236.7","alternatives":[{"confidence":"0.5268999999999999","content":"연구지가"}],"type":"pronunciation"},{"start_time":"236.7","end_time":"237.11","alternatives":[{"confidence":"0.9686","content":"불확실한"}],"type":"pronunciation"},{"start_time":"237.11","end_time":"237.88","alternatives":[{"confidence":"0.9803","content":"분들께서"}],"type":"pronunciation"},{"start_time":"238.04","end_time":"238.16","alternatives":[{"confidence":"0.6699","content":"이"}],"type":"pronunciation"},{"start_time":"238.16","end_time":"238.55","alternatives":[{"confidence":"0.8494999999999999","content":"김형석"}],"type":"pronunciation"},{"start_time":"238.55","end_time":"239.1","alternatives":[{"confidence":"0.72595","content":"일당들에게"}],"type":"pronunciation"},{"start_time":"239.1","end_time":"239.62","alternatives":[{"confidence":"0.9989","content":"금전적인"}],"type":"pronunciation"},{"start_time":"239.62","end_time":"240.09","alternatives":[{"confidence":"0.85495","content":"대가성을"}],"type":"pronunciation"},{"start_time":"240.09","end_time":"240.56","alternatives":[{"confidence":"0.934","content":"받고"}],"type":"pronunciation"},{"start_time":"240.56","end_time":"240.96","alternatives":[{"confidence":"0.9925999999999999","content":"통장을"}],"type":"pronunciation"},{"start_time":"240.96","end_time":"241.38","alternatives":[{"confidence":"0.84415","content":"판매및"}],"type":"pronunciation"},{"start_time":"241.38","end_time":"241.6","alternatives":[{"confidence":"0.6227","content":"양도"}],"type":"pronunciation"},{"start_time":"241.6","end_time":"241.71","alternatives":[{"confidence":"0.8296","content":"한"}],"type":"pronunciation"},{"start_time":"241.71","end_time":"241.98","alternatives":[{"confidence":"0.9998","content":"사례가"}],"type":"pronunciation"},{"start_time":"241.98","end_time":"242.18","alternatives":[{"confidence":"0.9983","content":"있기"}],"type":"pronunciation"},{"start_time":"242.18","end_time":"242.81","alternatives":[{"confidence":"0.9993","content":"때문에"}],"type":"pronunciation"},{"start_time":"242.87","end_time":"243.11","alternatives":[{"confidence":"0.996","content":"이렇게"}],"type":"pronunciation"},{"start_time":"243.11","end_time":"243.53","alternatives":[{"confidence":"0.7237","content":"직업적으로"}],"type":"pronunciation"},{"start_time":"243.53","end_time":"243.86","alternatives":[{"confidence":"0.9977","content":"여쭤보는"}],"type":"pronunciation"},{"start_time":"243.86","end_time":"244.62","alternatives":[{"confidence":"0.9416","content":"사항입니다"}],"type":"pronunciation"},{"alternatives":[{"confidence":"0.0","content":"."}],"type":"punctuation"},{"start_time":"244.9","end_time":"245.04","alternatives":[{"confidence":"0.954","content":"이"}],"type":"pronunciation"},{"start_time":"245.04","end_time":"245.27","alternatives":[{"confidence":"0.8776","content":"부분"}],"type":"pronunciation"},{"start_time":"245.27","end_time":"245.48","alternatives":[{"confidence":"0.6599","content":"저희가"}],"type":"pronunciation"},{"start_time":"245.48","end_time":"246.09","alternatives":[{"confidence":"0.9699666666666666","content":"참고사항으로"}],"type":"pronunciation"},{"start_time":"246.09","end_time":"246.26","alternatives":[{"confidence":"0.9482","content":"따로"}],"type":"pronunciation"},{"start_time":"246.47","end_time":"246.59","alternatives":[{"confidence":"0.9885","content":"좀"}],"type":"pronunciation"},{"start_time":"246.59","end_time":"247.33","alternatives":[{"confidence":"0.8516","content":"해드렸고"}],"type":"pronunciation"},{"start_time":"247.72","end_time":"248.44","alternatives":[{"confidence":"0.7642","content":"불법현장에서"}],"type":"pronunciation"},{"start_time":"248.44","end_time":"248.78","alternatives":[{"confidence":"0.5503","content":"발견이"}],"type":"pronunciation"},{"start_time":"248.78","end_time":"248.96","alternatives":[{"confidence":"0.4872","content":"된"}],"type":"pronunciation"},{"start_time":"248.96","end_time":"249.44","alternatives":[{"confidence":"0.8895500000000001","content":"농협은행"}],"type":"pronunciation"},{"start_time":"249.44","end_time":"249.8","alternatives":[{"confidence":"0.9965","content":"하나는"}],"type":"pronunciation"},{"start_time":"249.8","end_time":"250.1","alternatives":[{"confidence":"0.8259","content":"그분의"}],"type":"pronunciation"},{"start_time":"250.1","end_time":"250.43","alternatives":[{"confidence":"0.99905","content":"통장에"}],"type":"pronunciation"},{"start_time":"250.43","end_time":"251.14","alternatives":[{"confidence":"0.9983","content":"대해서는"}],"type":"pronunciation"},{"start_time":"251.28","end_time":"251.86","alternatives":[{"confidence":"0.99925","content":"불법적으로"}],"type":"pronunciation"},{"start_time":"251.86","end_time":"252.68","alternatives":[{"confidence":"0.6315","content":"사용된게"}],"type":"pronunciation"},{"start_time":"252.71","end_time":"252.93","alternatives":[{"confidence":"0.9702","content":"저희가"}],"type":"pronunciation"},{"start_time":"253.08","end_time":"253.17","alternatives":[{"confidence":"0.9163","content":"이"}],"type":"pronunciation"},{"start_time":"253.17","end_time":"253.48","alternatives":[{"confidence":"0.9948","content":"되었기"}],"type":"pronunciation"},{"start_time":"253.48","end_time":"254.03","alternatives":[{"confidence":"1.0","content":"때문에"}],"type":"pronunciation"},{"start_time":"254.06","end_time":"254.22","alternatives":[{"confidence":"0.6049","content":"제가"}],"type":"pronunciation"},{"start_time":"254.22","end_time":"254.53","alternatives":[{"confidence":"0.9951","content":"발견"}],"type":"pronunciation"},{"start_time":"254.53","end_time":"254.91","alternatives":[{"confidence":"1.0","content":"즉시"}],"type":"pronunciation"},{"start_time":"254.94","end_time":"255.46","alternatives":[{"confidence":"0.49305","content":"동결시비가"}],"type":"pronunciation"},{"start_time":"255.46","end_time":"256.26","alternatives":[{"confidence":"0.9989","content":"들어갔습니다"}],"type":"pronunciation"},{"alternatives":[{"confidence":"0.0","content":"."}],"type":"punctuation"},{"start_time":"257.04","end_time":"257.57","alternatives":[{"confidence":"0.9717","content":"동결처리가"}],"type":"pronunciation"},{"start_time":"257.57","end_time":"257.78","alternatives":[{"confidence":"1.0","content":"어떤"}],"type":"pronunciation"},{"start_time":"257.78","end_time":"258.09","alternatives":[{"confidence":"0.9902","content":"뜻인지"}],"type":"pronunciation"},{"start_time":"258.09","end_time":"258.28","alternatives":[{"confidence":"0.8552","content":"알고"}],"type":"pronunciation"},{"start_time":"258.28","end_time":"259.06","alternatives":[{"confidence":"0.9977","content":"계십니까"}],"type":"pronunciation"},{"alternatives":[{"confidence":"0.0","content":"?"}],"type":"punctuation"},{"start_time":"260.52","end_time":"260.67","alternatives":[{"confidence":"0.9756","content":"네"}],"type":"pronunciation"},{"alternatives":[{"confidence":"0.0","content":"."}],"type":"punctuation"},{"start_time":"260.67","end_time":"260.8","alternatives":[{"confidence":"0.9858","content":"그"}],"type":"pronunciation"},{"start_time":"260.8","end_time":"260.99","alternatives":[{"confidence":"0.9999","content":"안에"}],"type":"pronunciation"},{"start_time":"260.99","end_time":"261.38","alternatives":[{"confidence":"0.8417","content":"들어있던"}],"type":"pronunciation"},{"start_time":"261.38","end_time":"261.6","alternatives":[{"confidence":"0.6251","content":"피해"}],"type":"pronunciation"},{"start_time":"261.6","end_time":"261.91","alternatives":[{"confidence":"0.87315","content":"자금에"}],"type":"pronunciation"},{"start_time":"261.91","end_time":"262.61","alternatives":[{"confidence":"0.9998","content":"대해서는"}],"type":"pronunciation"},{"start_time":"262.7","end_time":"262.93","alternatives":[{"confidence":"0.2524","content":"앞으로"}],"type":"pronunciation"},{"start_time":"262.93","end_time":"263.07","alternatives":[{"confidence":"0.3912","content":"한"}],"type":"pronunciation"},{"start_time":"263.13","end_time":"263.5","alternatives":[{"confidence":"0.9975","content":"조치를"}],"type":"pronunciation"},{"start_time":"263.5","end_time":"263.69","alternatives":[{"confidence":"0.9988","content":"취한"}],"type":"pronunciation"},{"start_time":"263.69","end_time":"264.71","alternatives":[{"confidence":"0.9944","content":"상태인데"}],"type":"pronunciation"},{"start_time":"264.87","end_time":"265.01","alternatives":[{"confidence":"0.9869","content":"이"}],"type":"pronunciation"},{"start_time":"265.01","end_time":"265.3","alternatives":[{"confidence":"1.0","content":"부분에"}],"type":"pronunciation"},{"start_time":"265.3","end_time":"265.61","alternatives":[{"confidence":"0.9502","content":"대해서"}],"type":"pronunciation"},{"start_time":"266.27","end_time":"266.57","alternatives":[{"confidence":"0.1041","content":"이의가"}],"type":"pronunciation"},{"start_time":"266.57","end_time":"267.5","alternatives":[{"confidence":"0.9998","content":"있으십니까"}],"type":"pronunciation"},{"alternatives":[{"confidence":"0.0","content":"?"}],"type":"punctuation"},{"start_time":"268.77","end_time":"269.18","alternatives":[{"confidence":"0.9952000000000001","content":"본인께서"}],"type":"pronunciation"},{"start_time":"269.18","end_time":"269.63","alternatives":[{"confidence":"0.7597","content":"개설하신"}],"type":"pronunciation"},{"start_time":"269.63","end_time":"270.01","alternatives":[{"confidence":"0.9993000000000001","content":"통장도"}],"type":"pronunciation"},{"start_time":"270.01","end_time":"270.5","alternatives":[{"confidence":"1.0","content":"아니고"}],"type":"pronunciation"},{"start_time":"270.5","end_time":"270.73","alternatives":[{"confidence":"0.7848","content":"본인"}],"type":"pronunciation"},{"start_time":"270.73","end_time":"271.1","alternatives":[{"confidence":"0.9904","content":"자금이"}],"type":"pronunciation"},{"start_time":"271.1","end_time":"271.47","alternatives":[{"confidence":"1.0","content":"아니라는"}],"type":"pronunciation"},{"start_time":"271.47","end_time":"271.75","alternatives":[{"confidence":"0.8674","content":"판단"}],"type":"pronunciation"},{"start_time":"271.75","end_time":"272.16","alternatives":[{"confidence":"0.9989","content":"하에"}],"type":"pronunciation"},{"start_time":"272.43","end_time":"272.68","alternatives":[{"confidence":"0.9918","content":"없다고"}],"type":"pronunciation"},{"start_time":"272.68","end_time":"274.2","alternatives":[{"confidence":"0.4967","content":"말씀하셨맞추시죠"}],"type":"pronunciation"},{"alternatives":[{"confidence":"0.0","content":"."}],"type":"punctuation"},{"start_time":"275.12","end_time":"275.33","alternatives":[{"confidence":"0.9901","content":"지금"}],"type":"pronunciation"},{"start_time":"275.33","end_time":"275.6","alternatives":[{"confidence":"1.0","content":"문제가"}],"type":"pronunciation"},{"start_time":"275.6","end_time":"275.97","alternatives":[{"confidence":"0.87435","content":"되시는"}],"type":"pronunciation"},{"start_time":"275.97","end_time":"276.32","alternatives":[{"confidence":"0.5868","content":"게"}],"type":"pronunciation"},{"start_time":"276.35","end_time":"276.75","alternatives":[{"confidence":"0.6688000000000001","content":"사전에도"}],"type":"pronunciation"},{"start_time":"276.75","end_time":"277.2","alternatives":[{"confidence":"0.6386","content":"말씀드린"}],"type":"pronunciation"},{"start_time":"277.2","end_time":"277.84","alternatives":[{"confidence":"0.9967","content":"것처럼"}],"type":"pronunciation"},{"start_time":"277.87","end_time":"278.13","alternatives":[{"confidence":"1.0","content":"저희가"}],"type":"pronunciation"},{"start_time":"278.13","end_time":"278.53","alternatives":[{"confidence":"0.9958","content":"아직까지"}],"type":"pronunciation"},{"start_time":"278.53","end_time":"278.93","alternatives":[{"confidence":"0.9385","content":"김형석"}],"type":"pronunciation"},{"start_time":"278.93","end_time":"279.29","alternatives":[{"confidence":"0.6972500000000001","content":"의장들을"}],"type":"pronunciation"},{"start_time":"279.29","end_time":"279.41","alternatives":[{"confidence":"0.9841","content":"다"}],"type":"pronunciation"},{"start_time":"279.41","end_time":"279.66","alternatives":[{"confidence":"0.7574","content":"보고"}],"type":"pronunciation"},{"start_time":"279.66","end_time":"280.19","alternatives":[{"confidence":"0.9974000000000001","content":"하셨다고"}],"type":"pronunciation"},{"start_time":"280.19","end_time":"281.12","alternatives":[{"confidence":"0.80755","content":"말씀드렸습니다"}],"type":"pronunciation"},{"alternatives":[{"confidence":"0.0","content":"."}],"type":"punctuation"},{"start_time":"281.87","end_time":"282.01","alternatives":[{"confidence":"0.7539","content":"이"}],"type":"pronunciation"},{"start_time":"282.01","end_time":"282.31","alternatives":[{"confidence":"0.8507","content":"일단"}],"type":"pronunciation"},{"start_time":"282.31","end_time":"282.48","alternatives":[{"confidence":"0.4495","content":"대로"}],"type":"pronunciation"},{"start_time":"282.48","end_time":"282.9","alternatives":[{"confidence":"0.9831000000000001","content":"권고했을"}],"type":"pronunciation"},{"start_time":"283.59","end_time":"283.91","alternatives":[{"confidence":"0.9823","content":"명의로"}],"type":"pronunciation"},{"start_time":"283.91","end_time":"284.07","alternatives":[{"confidence":"0.9999","content":"된"}],"type":"pronunciation"},{"start_time":"284.07","end_time":"284.17","alternatives":[{"confidence":"0.9858","content":"또"}],"type":"pronunciation"},{"start_time":"284.17","end_time":"284.39","alternatives":[{"confidence":"0.9856","content":"다른"}],"type":"pronunciation"},{"start_time":"284.39","end_time":"284.69","alternatives":[{"confidence":"0.99525","content":"통장이"}],"type":"pronunciation"},{"start_time":"284.69","end_time":"285.02","alternatives":[{"confidence":"0.8475","content":"발견된"}],"type":"pronunciation"},{"start_time":"285.02","end_time":"285.27","alternatives":[{"confidence":"0.4607","content":"소비가"}],"type":"pronunciation"},{"start_time":"285.27","end_time":"285.93","alternatives":[{"confidence":"0.9557","content":"있습니다"}],"type":"pronunciation"},{"alternatives":[{"confidence":"0.0","content":"."}],"type":"punctuation"},{"start_time":"286.9","end_time":"287.13","alternatives":[{"confidence":"0.9831","content":"이번"}],"type":"pronunciation"},{"start_time":"287.13","end_time":"287.34","alternatives":[{"confidence":"0.9762","content":"사건"}],"type":"pronunciation"},{"start_time":"287.34","end_time":"288.03","alternatives":[{"confidence":"1.0","content":"자체가"}],"type":"pronunciation"},{"start_time":"288.03","end_time":"289.17","alternatives":[{"confidence":"0.98132","content":"금융범죄사기사건이기"}],"type":"pronunciation"},{"start_time":"289.17","end_time":"289.9","alternatives":[{"confidence":"0.9997","content":"때문에"}],"type":"pronunciation"},{"start_time":"289.94","end_time":"290.13","alternatives":[{"confidence":"0.9278","content":"저희"}],"type":"pronunciation"},{"start_time":"290.13","end_time":"290.42","alternatives":[{"confidence":"0.98","content":"검찰"}],"type":"pronunciation"},{"start_time":"290.42","end_time":"290.81","alternatives":[{"confidence":"0.9966","content":"측에서는"}],"type":"pronunciation"},{"start_time":"290.81","end_time":"291.7","alternatives":[{"confidence":"0.6062","content":"금융감독원측이나"}],"type":"pronunciation"},{"start_time":"291.7","end_time":"292.29","alternatives":[{"confidence":"0.7634666666666666","content":"합동수사중에"}],"type":"pronunciation"},{"start_time":"292.29","end_time":"292.88","alternatives":[{"confidence":"0.9994","content":"있습니다"}],"type":"pronunciation"},{"alternatives":[{"confidence":"0.0","content":"."}],"type":"punctuation"},{"start_time":"293.56","end_time":"293.8","alternatives":[{"confidence":"0.9754","content":"조금"}],"type":"pronunciation"},{"start_time":"293.86","end_time":"293.96","alternatives":[{"confidence":"0.9151","content":"더"}],"type":"pronunciation"},{"start_time":"293.96","end_time":"294.17","alternatives":[{"confidence":"0.7793","content":"본인"}],"type":"pronunciation"},{"start_time":"294.17","end_time":"294.44","alternatives":[{"confidence":"1.0","content":"명의로"}],"type":"pronunciation"},{"start_time":"294.44","end_time":"294.55","alternatives":[{"confidence":"1.0","content":"된"}],"type":"pronunciation"},{"start_time":"294.55","end_time":"295.06","alternatives":[{"confidence":"0.9395333333333333","content":"계좌추적이"}],"type":"pronunciation"},{"start_time":"295.06","end_time":"295.36","alternatives":[{"confidence":"0.9968999999999999","content":"진행이"}],"type":"pronunciation"},{"start_time":"295.36","end_time":"295.5","alternatives":[{"confidence":"0.7833","content":"될"}],"type":"pronunciation"},{"start_time":"295.5","end_time":"296.04","alternatives":[{"confidence":"0.9777","content":"건데"}],"type":"pronunciation"},{"start_time":"296.07","end_time":"296.52","alternatives":[{"confidence":"0.7734000000000001","content":"계좌추적"}],"type":"pronunciation"},{"start_time":"296.53","end_time":"296.96","alternatives":[{"confidence":"1.0","content":"후에"}],"type":"pronunciation"},{"start_time":"296.99","end_time":"297.31","alternatives":[{"confidence":"0.9976","content":"본인도"}],"type":"pronunciation"},{"start_time":"297.31","end_time":"297.72","alternatives":[{"confidence":"0.9968","content":"모르시는"}],"type":"pronunciation"},{"start_time":"297.72","end_time":"298.04","alternatives":[{"confidence":"0.79095","content":"계좌권"}],"type":"pronunciation"},{"start_time":"298.04","end_time":"298.11","alternatives":[{"confidence":"0.6664","content":"이"}],"type":"pronunciation"},{"start_time":"298.11","end_time":"299.16","alternatives":[{"confidence":"0.9993666666666666","content":"발견되신다면"}],"type":"pronunciation"},{"start_time":"299.31","end_time":"299.5","alternatives":[{"confidence":"0.9025","content":"저희"}],"type":"pronunciation"},{"start_time":"299.5","end_time":"300.05","alternatives":[{"confidence":"0.98805","content":"검찰측에서"}],"type":"pronunciation"},{"start_time":"300.05","end_time":"300.38","alternatives":[{"confidence":"0.6252","content":"불법"}],"type":"pronunciation"},{"start_time":"300.38","end_time":"300.7","alternatives":[{"confidence":"1.0","content":"계좌로"}],"type":"pronunciation"},{"start_time":"300.7","end_time":"301.5","alternatives":[{"confidence":"0.9975","content":"간주하고"}],"type":"pronunciation"},{"start_time":"301.64","end_time":"302.16","alternatives":[{"confidence":"0.572","content":"세력으로"}],"type":"pronunciation"},{"start_time":"302.16","end_time":"302.69","alternatives":[{"confidence":"0.91275","content":"동결처리가"}],"type":"pronunciation"},{"start_time":"302.69","end_time":"303.11","alternatives":[{"confidence":"0.997","content":"들어가기"}],"type":"pronunciation"},{"start_time":"303.11","end_time":"303.76","alternatives":[{"confidence":"0.9129","content":"위해서"}],"type":"pronunciation"},{"start_time":"304.38","end_time":"304.64","alternatives":[{"confidence":"0.2551","content":"그래서"}],"type":"pronunciation"},{"start_time":"304.64","end_time":"305.1","alternatives":[{"confidence":"0.9038","content":"사용하시는"}],"type":"pronunciation"},{"start_time":"305.1","end_time":"305.75","alternatives":[{"confidence":"0.7764","content":"금융권상호"}],"type":"pronunciation"},{"start_time":"305.75","end_time":"306.0","alternatives":[{"confidence":"0.9624","content":"명에"}],"type":"pronunciation"},{"start_time":"306.0","end_time":"306.35","alternatives":[{"confidence":"0.9966","content":"대해서만"}],"type":"pronunciation"},{"start_time":"306.35","end_time":"306.74","alternatives":[{"confidence":"0.9004","content":"간단하게"}],"type":"pronunciation"},{"start_time":"306.89","end_time":"307.77","alternatives":[{"confidence":"0.42245","content":"하셨겠네요"}],"type":"pronunciation"},{"start_time":"309.11","end_time":"309.62","alternatives":[{"confidence":"0.906","content":"지금"}],"type":"pronunciation"},{"start_time":"309.83","end_time":"310.03","alternatives":[{"confidence":"0.4355","content":"기관"}],"type":"pronunciation"},{"start_time":"310.03","end_time":"310.72","alternatives":[{"confidence":"0.95495","content":"자체에서는"}],"type":"pronunciation"},{"start_time":"310.79","end_time":"311.46","alternatives":[{"confidence":"0.59355","content":"학사권한이"}],"type":"pronunciation"},{"start_time":"311.46","end_time":"311.69","alternatives":[{"confidence":"0.9906","content":"있고"}],"type":"pronunciation"},{"start_time":"311.69","end_time":"312.12","alternatives":[{"confidence":"0.8774","content":"치료할"}],"type":"pronunciation"},{"start_time":"312.13","end_time":"313.07","alternatives":[{"confidence":"0.9865","content":"상황일지라도"}],"type":"pronunciation"},{"start_time":"313.22","end_time":"313.53","alternatives":[{"confidence":"0.9518","content":"개인"}],"type":"pronunciation"},{"start_time":"313.53","end_time":"314.08","alternatives":[{"confidence":"0.8311","content":"신상정보에"}],"type":"pronunciation"},{"start_time":"314.08","end_time":"314.31","alternatives":[{"confidence":"0.9954","content":"대해서"}],"type":"pronunciation"},{"start_time":"314.31","end_time":"314.61","alternatives":[{"confidence":"0.9992","content":"여쭤볼"}],"type":"pronunciation"},{"start_time":"314.61","end_time":"314.7","alternatives":[{"confidence":"1.0","content":"수"}],"type":"pronunciation"},{"start_time":"314.7","end_time":"314.89","alternatives":[{"confidence":"0.9992","content":"없게"}],"type":"pronunciation"},{"start_time":"314.89","end_time":"314.99","alternatives":[{"confidence":"0.5106","content":"돼"}],"type":"pronunciation"},{"start_time":"314.99","end_time":"315.42","alternatives":[{"confidence":"0.9983","content":"있습니다"}],"type":"pronunciation"},{"alternatives":[{"confidence":"0.0","content":"."}],"type":"punctuation"},{"start_time":"315.99","end_time":"316.29","alternatives":[{"confidence":"0.9778","content":"예를"}],"type":"pronunciation"},{"start_time":"316.29","end_time":"316.55","alternatives":[{"confidence":"0.9729","content":"들면"}],"type":"pronunciation"},{"start_time":"316.61","end_time":"317.16","alternatives":[{"confidence":"0.9812333333333333","content":"계좌번호나"}],"type":"pronunciation"},{"start_time":"317.88","end_time":"318.03","alternatives":[{"confidence":"0.3487","content":"이런"}],"type":"pronunciation"},{"start_time":"318.03","end_time":"318.11","alternatives":[{"confidence":"0.3298","content":"거"}],"type":"pronunciation"},{"start_time":"318.11","end_time":"318.34","alternatives":[{"confidence":"0.9322","content":"절대"}],"type":"pronunciation"},{"start_time":"318.34","end_time":"318.64","alternatives":[{"confidence":"0.9336","content":"요구할"}],"type":"pronunciation"},{"start_time":"318.64","end_time":"318.82","alternatives":[{"confidence":"0.8871","content":"수가"}],"type":"pronunciation"},{"start_time":"318.82","end_time":"319.02","alternatives":[{"confidence":"0.9999","content":"없게"}],"type":"pronunciation"},{"start_time":"319.02","end_time":"319.14","alternatives":[{"confidence":"0.5197","content":"되어"}],"type":"pronunciation"},{"start_time":"319.14","end_time":"319.58","alternatives":[{"confidence":"0.9973","content":"있고"}],"type":"pronunciation"},{"start_time":"319.83","end_time":"320.08","alternatives":[{"confidence":"0.6587","content":"본인이"}],"type":"pronunciation"},{"start_time":"320.08","end_time":"320.29","alternatives":[{"confidence":"0.9855","content":"지금"}],"type":"pronunciation"},{"start_time":"320.29","end_time":"321.1","alternatives":[{"confidence":"0.9837","content":"자금이나"}],"type":"pronunciation"},{"start_time":"321.1","end_time":"321.35","alternatives":[{"confidence":"0.7358","content":"제작"}],"type":"pronunciation"},{"start_time":"321.35","end_time":"321.48","alternatives":[{"confidence":"0.4324","content":"권"}],"type":"pronunciation"},{"start_time":"321.48","end_time":"322.39","alternatives":[{"confidence":"0.8100666666666667","content":"게스트용도는"}],"type":"pronunciation"},{"start_time":"322.55","end_time":"322.68","alternatives":[{"confidence":"0.3632","content":"이제"}],"type":"pronunciation"},{"start_time":"322.71","end_time":"323.2","alternatives":[{"confidence":"0.93285","content":"대조작업을"}],"type":"pronunciation"},{"start_time":"323.2","end_time":"323.3","alternatives":[{"confidence":"0.9958","content":"할"}],"type":"pronunciation"},{"start_time":"323.3","end_time":"323.87","alternatives":[{"confidence":"0.9412","content":"겁니다"}],"type":"pronunciation"},{"alternatives":[{"confidence":"0.0","content":"."}],"type":"punctuation"},{"start_time":"324.15","end_time":"324.6","alternatives":[{"confidence":"0.53515","content":"불법자금"}],"type":"pronunciation"},{"start_time":"324.84","end_time":"325.46","alternatives":[{"confidence":"0.715","content":"불법게다가"}],"type":"pronunciation"},{"start_time":"325.46","end_time":"325.67","alternatives":[{"confidence":"0.7155","content":"섞여"}],"type":"pronunciation"},{"start_time":"325.67","end_time":"325.83","alternatives":[{"confidence":"0.9766","content":"있는"}],"type":"pronunciation"},{"start_time":"325.83","end_time":"325.93","alternatives":[{"confidence":"0.9738","content":"게"}],"type":"pronunciation"},{"start_time":"325.93","end_time":"326.42","alternatives":[{"confidence":"0.9835","content":"있는지"}],"type":"pronunciation"},{"start_time":"326.6","end_time":"326.86","alternatives":[{"confidence":"0.9398","content":"이렇게"}],"type":"pronunciation"},{"start_time":"326.86","end_time":"327.11","alternatives":[{"confidence":"0.0891","content":"징역"}],"type":"pronunciation"},{"start_time":"327.49","end_time":"327.81","alternatives":[{"confidence":"0.4712","content":"징역"}],"type":"pronunciation"},{"start_time":"327.91","end_time":"328.15","alternatives":[{"confidence":"0.9773499999999999","content":"파악을"}],"type":"pronunciation"},{"start_time":"328.15","end_time":"328.33","alternatives":[{"confidence":"0.9951","content":"하기"}],"type":"pronunciation"},{"start_time":"328.33","end_time":"328.6","alternatives":[{"confidence":"0.9861","content":"위해서"}],"type":"pronunciation"},{"start_time":"328.6","end_time":"328.75","alternatives":[{"confidence":"0.9788","content":"이제"}],"type":"pronunciation"},{"start_time":"328.75","end_time":"329.1","alternatives":[{"confidence":"0.96995","content":"여쭤보는"}],"type":"pronunciation"},{"start_time":"329.1","end_time":"329.63","alternatives":[{"confidence":"1.0","content":"거고"}],"type":"pronunciation"},{"start_time":"329.69","end_time":"329.92","alternatives":[{"confidence":"1.0","content":"그래서"}],"type":"pronunciation"},{"start_time":"329.92","end_time":"330.17","alternatives":[{"confidence":"1.0","content":"저희가"}],"type":"pronunciation"},{"start_time":"330.17","end_time":"330.38","alternatives":[{"confidence":"0.9891","content":"이제"}],"type":"pronunciation"},{"start_time":"330.41","end_time":"330.71","alternatives":[{"confidence":"0.6275","content":"자금"}],"type":"pronunciation"},{"start_time":"330.71","end_time":"330.92","alternatives":[{"confidence":"0.9885","content":"같은"}],"type":"pronunciation"},{"start_time":"330.92","end_time":"331.17","alternatives":[{"confidence":"0.6679","content":"부분에"}],"type":"pronunciation"},{"start_time":"331.17","end_time":"331.48","alternatives":[{"confidence":"0.9973","content":"좀"}],"type":"pronunciation"},{"start_time":"331.52","end_time":"331.76","alternatives":[{"confidence":"0.781","content":"다른"}],"type":"pronunciation"},{"start_time":"332.03","end_time":"332.74","alternatives":[{"confidence":"0.3841","content":"친구들도"}],"type":"pronunciation"},{"start_time":"332.89","end_time":"333.25","alternatives":[{"confidence":"0.014","content":"민감한"}],"type":"pronunciation"},{"start_time":"333.25","end_time":"333.52","alternatives":[{"confidence":"0.9982","content":"부분이"}],"type":"pronunciation"},{"start_time":"333.52","end_time":"333.79","alternatives":[{"confidence":"1.0","content":"상당히"}],"type":"pronunciation"},{"start_time":"333.79","end_time":"334.46","alternatives":[{"confidence":"0.9941","content":"많았어요"}],"type":"pronunciation"},{"alternatives":[{"confidence":"0.0","content":"."}],"type":"punctuation"},{"start_time":"334.74","end_time":"334.94","alternatives":[{"confidence":"0.9963","content":"이런"}],"type":"pronunciation"},{"start_time":"334.94","end_time":"335.23","alternatives":[{"confidence":"1.0","content":"부분에"}],"type":"pronunciation"},{"start_time":"335.23","end_time":"336.02","alternatives":[{"confidence":"0.9984","content":"있어서는"}],"type":"pronunciation"},{"start_time":"336.08","end_time":"336.53","alternatives":[{"confidence":"1.0","content":"상세한"}],"type":"pronunciation"},{"start_time":"336.53","end_time":"337.01","alternatives":[{"confidence":"0.77115","content":"자금까지는"}],"type":"pronunciation"},{"start_time":"337.01","end_time":"337.34","alternatives":[{"confidence":"1.0","content":"여쭤보지"}],"type":"pronunciation"},{"start_time":"337.34","end_time":"337.73","alternatives":[{"confidence":"0.9672","content":"않고"}],"type":"pronunciation"},{"start_time":"338.0","end_time":"338.38","alternatives":[{"confidence":"0.9744","content":"적으로만"}],"type":"pronunciation"},{"start_time":"338.38","end_time":"338.54","alternatives":[{"confidence":"0.38","content":"이제"}],"type":"pronunciation"},{"start_time":"338.72","end_time":"338.87","alternatives":[{"confidence":"0.3531","content":"그런"}],"type":"pronunciation"},{"start_time":"338.87","end_time":"339.24","alternatives":[{"confidence":"1.0","content":"겁니다"}],"type":"pronunciation"},{"alternatives":[{"confidence":"0.0","content":"."}],"type":"punctuation"},{"start_time":"339.93","end_time":"340.16","alternatives":[{"confidence":"0.596","content":"본인"}],"type":"pronunciation"},{"start_time":"340.16","end_time":"340.63","alternatives":[{"confidence":"0.57545","content":"정상자금"}],"type":"pronunciation"},{"start_time":"340.63","end_time":"340.85","alternatives":[{"confidence":"0.9935","content":"이라고"}],"type":"pronunciation"},{"start_time":"340.85","end_time":"341.28","alternatives":[{"confidence":"0.99995","content":"입증하는"}],"type":"pronunciation"},{"start_time":"341.28","end_time":"341.54","alternatives":[{"confidence":"1.0","content":"부분에"}],"type":"pronunciation"},{"start_time":"341.54","end_time":"342.03","alternatives":[{"confidence":"0.9429","content":"대해서"}],"type":"pronunciation"},{"start_time":"342.5","end_time":"342.73","alternatives":[{"confidence":"0.7579","content":"설정"}],"type":"pronunciation"},{"start_time":"342.73","end_time":"343.01","alternatives":[{"confidence":"0.992","content":"까지만"}],"type":"pronunciation"},{"start_time":"343.01","end_time":"343.77","alternatives":[{"confidence":"0.84975","content":"해드리고"}],"type":"pronunciation"},{"start_time":"343.87","end_time":"344.14","alternatives":[{"confidence":"0.2483","content":"전남"}],"type":"pronunciation"},{"start_time":"344.14","end_time":"344.39","alternatives":[{"confidence":"0.35975","content":"오산이"}],"type":"pronunciation"},{"start_time":"344.42","end_time":"344.64","alternatives":[{"confidence":"0.4033","content":"시간"}],"type":"pronunciation"},{"start_time":"344.64","end_time":"345.31","alternatives":[{"confidence":"0.9924","content":"되시면"}],"type":"pronunciation"},{"start_time":"345.34","end_time":"345.61","alternatives":[{"confidence":"0.5867","content":"보통"}],"type":"pronunciation"},{"start_time":"345.61","end_time":"345.99","alternatives":[{"confidence":"0.7386000000000001","content":"고문까지"}],"type":"pronunciation"},{"start_time":"345.99","end_time":"346.11","alternatives":[{"confidence":"0.9926","content":"다"}],"type":"pronunciation"},{"start_time":"346.11","end_time":"346.8","alternatives":[{"confidence":"0.9346666666666668","content":"확인시켜드리고"}],"type":"pronunciation"},{"start_time":"346.8","end_time":"346.89","alternatives":[{"confidence":"0.4633","content":"두"}],"type":"pronunciation"},{"start_time":"346.89","end_time":"347.03","alternatives":[{"confidence":"0.5468","content":"달"}],"type":"pronunciation"},{"start_time":"347.03","end_time":"347.34","alternatives":[{"confidence":"0.8993","content":"진행할"}],"type":"pronunciation"},{"start_time":"347.34","end_time":"347.88","alternatives":[{"confidence":"0.9885","content":"거니까"}],"type":"pronunciation"},{"start_time":"347.88","end_time":"348.07","alternatives":[{"confidence":"0.9957","content":"너무"}],"type":"pronunciation"},{"start_time":"348.07","end_time":"348.45","alternatives":[{"confidence":"0.8036000000000001","content":"보수하실"}],"type":"pronunciation"},{"start_time":"348.45","end_time":"348.7","alternatives":[{"confidence":"0.4531","content":"필요는"}],"type":"pronunciation"},{"start_time":"348.7","end_time":"349.08","alternatives":[{"confidence":"0.23195","content":"없으시면"}],"type":"pronunciation"}]},"status":"COMPLETED"}