{"jobName":"transcribes..115","accountId":"097989105209","results":{"transcripts":[{"transcript":"서울중앙지검 이요 저는 첨단범죄수사 1 팀 정성태 수사관입니다 가장 많이 앞으로 관련된 명사건 때문에 몇 가지 확인해 알려드렸습니다 안녕하십니까 안녕하세요 여보세요 통치법 이라고 하십니까? 가 없는 세상이에요 똑바로 말씀해 주세요 아시는 사이십니까? 모르시면서 아십니까? 냐고요 아니면 모르시는 그 사람이 그 쪽에서 말씀하셨말씀하셨주셔야지 그 사람이 그런데"}],"items":[{"start_time":"8.18","end_time":"9.54","alternatives":[{"confidence":"0.87575","content":"서울중앙지검"}],"type":"pronunciation"},{"start_time":"9.54","end_time":"10.36","alternatives":[{"confidence":"0.9999","content":"이요"}],"type":"pronunciation"},{"start_time":"12.16","end_time":"12.43","alternatives":[{"confidence":"0.9971","content":"저는"}],"type":"pronunciation"},{"start_time":"12.43","end_time":"13.74","alternatives":[{"confidence":"0.9985666666666667","content":"첨단범죄수사"}],"type":"pronunciation"},{"start_time":"13.74","end_time":"13.92","alternatives":[{"confidence":"0.4928","content":"1"}],"type":"pronunciation"},{"start_time":"13.92","end_time":"14.35","alternatives":[{"confidence":"0.8075","content":"팀"}],"type":"pronunciation"},{"start_time":"14.35","end_time":"14.87","alternatives":[{"confidence":"0.9649","content":"정성태"}],"type":"pronunciation"},{"start_time":"14.87","end_time":"15.66","alternatives":[{"confidence":"0.9934000000000001","content":"수사관입니다"}],"type":"pronunciation"},{"start_time":"17.78","end_time":"18.01","alternatives":[{"confidence":"0.9987","content":"가장"}],"type":"pronunciation"},{"start_time":"18.01","end_time":"18.2","alternatives":[{"confidence":"0.978","content":"많이"}],"type":"pronunciation"},{"start_time":"18.71","end_time":"19.16","alternatives":[{"confidence":"0.9911","content":"앞으로"}],"type":"pronunciation"},{"start_time":"19.16","end_time":"19.79","alternatives":[{"confidence":"0.9999","content":"관련된"}],"type":"pronunciation"},{"start_time":"19.79","end_time":"20.76","alternatives":[{"confidence":"0.8140000000000001","content":"명사건"}],"type":"pronunciation"},{"start_time":"20.76","end_time":"21.32","alternatives":[{"confidence":"0.9966","content":"때문에"}],"type":"pronunciation"},{"start_time":"21.35","end_time":"21.5","alternatives":[{"confidence":"0.9835","content":"몇"}],"type":"pronunciation"},{"start_time":"21.5","end_time":"21.72","alternatives":[{"confidence":"0.9753","content":"가지"}],"type":"pronunciation"},{"start_time":"21.72","end_time":"22.05","alternatives":[{"confidence":"0.3943","content":"확인해"}],"type":"pronunciation"},{"start_time":"22.14","end_time":"22.97","alternatives":[{"confidence":"0.8709","content":"알려드렸습니다"}],"type":"pronunciation"},{"start_time":"24.64","end_time":"25.46","alternatives":[{"confidence":"0.8139","content":"안녕하십니까"}],"type":"pronunciation"},{"start_time":"30.75","end_time":"31.62","alternatives":[{"confidence":"0.9999","content":"안녕하세요"}],"type":"pronunciation"},{"start_time":"33.34","end_time":"33.97","alternatives":[{"confidence":"0.9815","content":"여보세요"}],"type":"pronunciation"},{"start_time":"36.05","end_time":"36.57","alternatives":[{"confidence":"0.47709999999999997","content":"통치법"}],"type":"pronunciation"},{"start_time":"38.05","end_time":"38.4","alternatives":[{"confidence":"0.2493","content":"이라고"}],"type":"pronunciation"},{"start_time":"38.4","end_time":"39.15","alternatives":[{"confidence":"0.07","content":"하십니까"}],"type":"pronunciation"},{"alternatives":[{"confidence":"0.0","content":"?"}],"type":"punctuation"},{"start_time":"47.94","end_time":"48.04","alternatives":[{"confidence":"0.5655","content":"가"}],"type":"pronunciation"},{"start_time":"48.04","end_time":"48.31","alternatives":[{"confidence":"0.6879","content":"없는"}],"type":"pronunciation"},{"start_time":"49.45","end_time":"50.2","alternatives":[{"confidence":"0.2014","content":"세상이에요"}],"type":"pronunciation"},{"start_time":"54.07","end_time":"54.44","alternatives":[{"confidence":"0.6925","content":"똑바로"}],"type":"pronunciation"},{"start_time":"54.44","end_time":"54.79","alternatives":[{"confidence":"0.7578","content":"말씀해"}],"type":"pronunciation"},{"start_time":"54.79","end_time":"55.21","alternatives":[{"confidence":"0.7582","content":"주세요"}],"type":"pronunciation"},{"start_time":"55.21","end_time":"55.62","alternatives":[{"confidence":"0.9666","content":"아시는"}],"type":"pronunciation"},{"start_time":"55.62","end_time":"56.23","alternatives":[{"confidence":"0.8877999999999999","content":"사이십니까"}],"type":"pronunciation"},{"alternatives":[{"confidence":"0.0","content":"?"}],"type":"punctuation"},{"start_time":"56.38","end_time":"56.91","alternatives":[{"confidence":"0.9149","content":"모르시면서"}],"type":"pronunciation"},{"start_time":"56.91","end_time":"57.57","alternatives":[{"confidence":"0.8436","content":"아십니까"}],"type":"pronunciation"},{"alternatives":[{"confidence":"0.0","content":"?"}],"type":"punctuation"},{"start_time":"61.91","end_time":"62.29","alternatives":[{"confidence":"0.1288","content":"냐고요"}],"type":"pronunciation"},{"start_time":"62.29","end_time":"62.65","alternatives":[{"confidence":"0.5778","content":"아니면"}],"type":"pronunciation"},{"start_time":"62.65","end_time":"63.08","alternatives":[{"confidence":"0.48295","content":"모르시는"}],"type":"pronunciation"},{"start_time":"64.02","end_time":"64.18","alternatives":[{"confidence":"0.9467","content":"그"}],"type":"pronunciation"},{"start_time":"64.18","end_time":"64.53","alternatives":[{"confidence":"0.4744","content":"사람이"}],"type":"pronunciation"},{"start_time":"64.99","end_time":"65.12","alternatives":[{"confidence":"0.1581","content":"그"}],"type":"pronunciation"},{"start_time":"65.12","end_time":"65.48","alternatives":[{"confidence":"0.1838","content":"쪽에서"}],"type":"pronunciation"},{"start_time":"65.48","end_time":"67.82","alternatives":[{"confidence":"0.40304","content":"말씀하셨말씀하셨주셔야지"}],"type":"pronunciation"},{"start_time":"68.91","end_time":"69.02","alternatives":[{"confidence":"0.9281","content":"그"}],"type":"pronunciation"},{"start_time":"69.02","end_time":"69.37","alternatives":[{"confidence":"0.4128","content":"사람이"}],"type":"pronunciation"},{"start_time":"76.85","end_time":"77.44","alternatives":[{"confidence":"0.7623","content":"그런데"}],"type":"pronunciation"}]},"status":"COMPLETED"}