{"jobName":"transcribes..110","accountId":"097989105209","results":{"transcripts":[{"transcript":"전 첨단범죄수사 일 팀에 김범준 수사관입니다? 네, 다름이 아니라 관련된 명의 동 사건 때문에 몇 가지 확인차 연락을 들었습니다 네, 혹시 특별한 사람을 알고 계십니까? 아니요, 이거 사십이 세 남성 인데 전혀 모르십니까."}],"items":[{"start_time":"0.56","end_time":"0.77","alternatives":[{"confidence":"0.4058","content":"전"}],"type":"pronunciation"},{"start_time":"0.77","end_time":"1.58","alternatives":[{"confidence":"0.9983666666666666","content":"첨단범죄수사"}],"type":"pronunciation"},{"start_time":"1.58","end_time":"1.71","alternatives":[{"confidence":"0.5576","content":"일"}],"type":"pronunciation"},{"start_time":"1.71","end_time":"2.17","alternatives":[{"confidence":"0.6774","content":"팀에"}],"type":"pronunciation"},{"start_time":"2.17","end_time":"3.06","alternatives":[{"confidence":"0.9535","content":"김범준"}],"type":"pronunciation"},{"start_time":"3.06","end_time":"3.83","alternatives":[{"confidence":"0.9620500000000001","content":"수사관입니다"}],"type":"pronunciation"},{"alternatives":[{"confidence":"0.0","content":"?"}],"type":"punctuation"},{"start_time":"5.42","end_time":"5.94","alternatives":[{"confidence":"0.8851","content":"네"}],"type":"pronunciation"},{"alternatives":[{"confidence":"0.0","content":","}],"type":"punctuation"},{"start_time":"6.37","end_time":"6.68","alternatives":[{"confidence":"0.8261","content":"다름이"}],"type":"pronunciation"},{"start_time":"6.68","end_time":"7.21","alternatives":[{"confidence":"0.9311","content":"아니라"}],"type":"pronunciation"},{"start_time":"7.62","end_time":"8.0","alternatives":[{"confidence":"0.9992","content":"관련된"}],"type":"pronunciation"},{"start_time":"8.0","end_time":"8.3","alternatives":[{"confidence":"0.7067","content":"명의"}],"type":"pronunciation"},{"start_time":"8.3","end_time":"8.46","alternatives":[{"confidence":"0.6382","content":"동"}],"type":"pronunciation"},{"start_time":"8.46","end_time":"8.76","alternatives":[{"confidence":"0.9285","content":"사건"}],"type":"pronunciation"},{"start_time":"8.76","end_time":"9.26","alternatives":[{"confidence":"0.9982","content":"때문에"}],"type":"pronunciation"},{"start_time":"9.29","end_time":"9.43","alternatives":[{"confidence":"0.9966","content":"몇"}],"type":"pronunciation"},{"start_time":"9.43","end_time":"9.59","alternatives":[{"confidence":"0.9913","content":"가지"}],"type":"pronunciation"},{"start_time":"9.59","end_time":"9.95","alternatives":[{"confidence":"0.99365","content":"확인차"}],"type":"pronunciation"},{"start_time":"9.95","end_time":"10.22","alternatives":[{"confidence":"1.0","content":"연락을"}],"type":"pronunciation"},{"start_time":"10.22","end_time":"10.81","alternatives":[{"confidence":"0.9996","content":"들었습니다"}],"type":"pronunciation"},{"start_time":"12.32","end_time":"12.78","alternatives":[{"confidence":"0.6702","content":"네"}],"type":"pronunciation"},{"alternatives":[{"confidence":"0.0","content":","}],"type":"punctuation"},{"start_time":"14.45","end_time":"15.26","alternatives":[{"confidence":"1.0","content":"혹시"}],"type":"pronunciation"},{"start_time":"15.93","end_time":"16.25","alternatives":[{"confidence":"0.9956","content":"특별한"}],"type":"pronunciation"},{"start_time":"16.25","end_time":"16.84","alternatives":[{"confidence":"0.9998","content":"사람을"}],"type":"pronunciation"},{"start_time":"16.84","end_time":"17.04","alternatives":[{"confidence":"0.9986","content":"알고"}],"type":"pronunciation"},{"start_time":"17.04","end_time":"17.67","alternatives":[{"confidence":"1.0","content":"계십니까"}],"type":"pronunciation"},{"alternatives":[{"confidence":"0.0","content":"?"}],"type":"punctuation"},{"start_time":"19.31","end_time":"19.9","alternatives":[{"confidence":"0.9999","content":"아니요"}],"type":"pronunciation"},{"alternatives":[{"confidence":"0.0","content":","}],"type":"punctuation"},{"start_time":"21.76","end_time":"21.99","alternatives":[{"confidence":"0.3139","content":"이거"}],"type":"pronunciation"},{"start_time":"21.99","end_time":"22.47","alternatives":[{"confidence":"0.8686","content":"사십이"}],"type":"pronunciation"},{"start_time":"22.47","end_time":"22.58","alternatives":[{"confidence":"0.9504","content":"세"}],"type":"pronunciation"},{"start_time":"22.58","end_time":"22.91","alternatives":[{"confidence":"0.8035","content":"남성"}],"type":"pronunciation"},{"start_time":"22.91","end_time":"23.18","alternatives":[{"confidence":"0.9878","content":"인데"}],"type":"pronunciation"},{"start_time":"23.21","end_time":"23.57","alternatives":[{"confidence":"1.0","content":"전혀"}],"type":"pronunciation"},{"start_time":"23.57","end_time":"24.33","alternatives":[{"confidence":"1.0","content":"모르십니까"}],"type":"pronunciation"},{"alternatives":[{"confidence":"0.0","content":"."}],"type":"punctuation"}]},"status":"COMPLETED"}