{"jobName":"transcribes221","accountId":"097989105209","results":{"transcripts":[{"transcript":"여보세요? 안녕하십니까 핸드폰받으십니까 수고하십니다. 서울중앙지검 검찰청입니다 본인앞으로 몇 가지 때문에 이나 드렸는데요 혹시 김민수라고 아시는 분이십니까? 왜냐하시면 지난주에 김인숙을 검거했는데요 공고현장이 대량 이 신용카드로 대포통장앞에 했는데 그 중에 본인이 명의로 된 농협분이 하고 신원통장이 되신 겁니다 두 계좌에 대해서 아시는 기회 드린 겁니다 뭐 라는 게 본인사용하는 은행 계좌를 여쭤보는 거 아니고요? 본인의 명된 불법 총장이 드린 겁니다. 미모가능 하신거죠 제가 사건 본 하고 죄송합니다 말씀을 드릴 겁니다 사건 번호가 이천이십육 한글로 조사 4318 김인수 금융사기사건입니다 지난주에 근거가 되셨본인 통장고요 개인정보가 나오셔서 인하들이. 그래서 저는 서울중앙지검 강력수사 조성모 수사관입니다 서울중앙기용강력히 조성목수사관입니다 주로 어떤 은행들하죠 거래하시는 거죠? 나오실 경우에는 바로 동결처리 해드릴께요 알겠습니다 저희가 본인도 보내드릴 겁니다. 가지고 해당 구청일종의 가시면 민원보상과 라고 있으십니다 육십 만원이니까 현재 두 건의 나오셔야지 않습니까? 신안농협 두 건이 나오셨지 않습니까? 이십 만원 개인정보 유출로 인해서 피해보상금받을 수도 있는 겁니다 님께서 직접 통장개설 하시지 않으셨습니까? 명의가 도용이 되셨기 때문에 개인 정보로 인해서 피해보상도 받을 수도 있는 거죠 혹시 타인에게 통장개설 해주셨다거나 그런 적은 없으시겠습니다? 알겠습니다 거래하신다 하셨는데 마지막 거래하시고 그래서 현재 계산에 당략적으로? 얼마 정도 남아서 야지 동상적이신 거죠? 맞습니다. 마지막 거래하시고 나셔서 대략적으로 그때는 내가 이죠 일반 조금 이신 거죠. 토털로 세균쓰시는 대략 어떻게 되죠? 네, 수고하십니다 서울중앙지검 검찰 중입니다 본인앞으로 몇 가지 황상때문에 인하드렸는데요 혹시 김인수 라고 아시는 전라도 목포에 사는 김인수삼십팔 세 남성 분 지고 왜냐하시면 지난주에 김인수의사넘을 검거했는데요 검거현장에 대량의 신용카드와 대포통장앞에 했는데, 그 중에 본인 명의로 된 농협분야 하고, 시나 은행 통장이 발견되신 겁니다. 회사에 대해서 아시는지 연화드립니다 본인이 하고 신학 그래요? 그런 건 없습니다만 본인사용하는 은행 계좌를 여쭤보는 거 아니고요. 본인명의로 된 분양하고 신안의 불법 통장이 발견저 김민수라고 아시는지 그런 것 같아요. 저 정보가 되신 거라면 어느 쪽으로 이 되셨는지 김장악한 부분은 없으십니까? 서울중앙지검 강력수사팀입니다 그러세요. 직접 한번 직접 확인해 보세요. 그러시면 맞는지 아닌지 본인앞으로. 몇 가지 환상 때문에 인하드렸는데요. 혹시 김인수 라고 아시는 분이십니까 하시면 지난주에 김인수 이 사람을 공부했는데요. 현장에 대량의 신용카드와 대포통장을 했는데, 그 중에 본인 명의로 된 농협은행 통장이 발견되신 겁니다. 계좌에 대해서 하시는지 드린 겁니다. 본회의사용하는 은행 계좌를 여쭤보는 거 아니고요? 본인의 명의로 된 농협분해하고 신하는 불법 총장이 발견되셔서 드린 겁니다. 선수라고 아시는지 확인차이나드린 운전중 이어 가지고요 전화를 하거든요."}],"items":[{"start_time":"0.87","end_time":"2.05","alternatives":[{"confidence":"0.9744","content":"여보세요"}],"type":"pronunciation"},{"alternatives":[{"confidence":"0.0","content":"?"}],"type":"punctuation"},{"start_time":"2.42","end_time":"3.06","alternatives":[{"confidence":"1.0","content":"안녕하십니까"}],"type":"pronunciation"},{"start_time":"3.92","end_time":"5.02","alternatives":[{"confidence":"0.5306000000000001","content":"핸드폰받으십니까"}],"type":"pronunciation"},{"start_time":"6.24","end_time":"7.0","alternatives":[{"confidence":"1.0","content":"수고하십니다"}],"type":"pronunciation"},{"alternatives":[{"confidence":"0.0","content":"."}],"type":"punctuation"},{"start_time":"7.0","end_time":"7.83","alternatives":[{"confidence":"0.99005","content":"서울중앙지검"}],"type":"pronunciation"},{"start_time":"7.86","end_time":"8.84","alternatives":[{"confidence":"0.72075","content":"검찰청입니다"}],"type":"pronunciation"},{"start_time":"10.42","end_time":"11.07","alternatives":[{"confidence":"0.77125","content":"본인앞으로"}],"type":"pronunciation"},{"start_time":"11.07","end_time":"11.26","alternatives":[{"confidence":"0.9438","content":"몇"}],"type":"pronunciation"},{"start_time":"11.26","end_time":"11.51","alternatives":[{"confidence":"0.8496","content":"가지"}],"type":"pronunciation"},{"start_time":"12.02","end_time":"12.32","alternatives":[{"confidence":"0.9493","content":"때문에"}],"type":"pronunciation"},{"start_time":"12.32","end_time":"12.49","alternatives":[{"confidence":"0.5785","content":"이나"}],"type":"pronunciation"},{"start_time":"12.49","end_time":"13.67","alternatives":[{"confidence":"1.0","content":"드렸는데요"}],"type":"pronunciation"},{"start_time":"13.7","end_time":"14.2","alternatives":[{"confidence":"1.0","content":"혹시"}],"type":"pronunciation"},{"start_time":"14.2","end_time":"15.1","alternatives":[{"confidence":"0.7342666666666666","content":"김민수라고"}],"type":"pronunciation"},{"start_time":"15.1","end_time":"15.6","alternatives":[{"confidence":"0.9787","content":"아시는"}],"type":"pronunciation"},{"start_time":"15.6","end_time":"16.25","alternatives":[{"confidence":"0.6993666666666667","content":"분이십니까"}],"type":"pronunciation"},{"alternatives":[{"confidence":"0.0","content":"?"}],"type":"punctuation"},{"start_time":"17.76","end_time":"18.66","alternatives":[{"confidence":"0.8652","content":"왜냐하시면"}],"type":"pronunciation"},{"start_time":"18.66","end_time":"19.28","alternatives":[{"confidence":"0.7965500000000001","content":"지난주에"}],"type":"pronunciation"},{"start_time":"19.28","end_time":"20.18","alternatives":[{"confidence":"0.33960000000000007","content":"김인숙을"}],"type":"pronunciation"},{"start_time":"20.18","end_time":"21.55","alternatives":[{"confidence":"0.9934000000000001","content":"검거했는데요"}],"type":"pronunciation"},{"start_time":"21.94","end_time":"22.82","alternatives":[{"confidence":"0.6587333333333333","content":"공고현장이"}],"type":"pronunciation"},{"start_time":"22.82","end_time":"23.14","alternatives":[{"confidence":"0.6742","content":"대량"}],"type":"pronunciation"},{"start_time":"23.14","end_time":"23.25","alternatives":[{"confidence":"0.6833","content":"이"}],"type":"pronunciation"},{"start_time":"23.25","end_time":"23.88","alternatives":[{"confidence":"0.46740000000000004","content":"신용카드로"}],"type":"pronunciation"},{"start_time":"23.88","end_time":"24.62","alternatives":[{"confidence":"0.5666333333333333","content":"대포통장앞에"}],"type":"pronunciation"},{"start_time":"24.62","end_time":"25.22","alternatives":[{"confidence":"0.6772","content":"했는데"}],"type":"pronunciation"},{"start_time":"25.42","end_time":"25.56","alternatives":[{"confidence":"0.8587","content":"그"}],"type":"pronunciation"},{"start_time":"25.56","end_time":"25.81","alternatives":[{"confidence":"0.9975","content":"중에"}],"type":"pronunciation"},{"start_time":"25.81","end_time":"26.24","alternatives":[{"confidence":"0.6294","content":"본인이"}],"type":"pronunciation"},{"start_time":"26.24","end_time":"26.68","alternatives":[{"confidence":"0.9491","content":"명의로"}],"type":"pronunciation"},{"start_time":"26.68","end_time":"26.85","alternatives":[{"confidence":"0.9481","content":"된"}],"type":"pronunciation"},{"start_time":"26.85","end_time":"27.44","alternatives":[{"confidence":"0.45565","content":"농협분이"}],"type":"pronunciation"},{"start_time":"27.44","end_time":"27.66","alternatives":[{"confidence":"0.069","content":"하고"}],"type":"pronunciation"},{"start_time":"27.66","end_time":"28.6","alternatives":[{"confidence":"0.42619999999999997","content":"신원통장이"}],"type":"pronunciation"},{"start_time":"29.24","end_time":"29.52","alternatives":[{"confidence":"0.5792","content":"되신"}],"type":"pronunciation"},{"start_time":"29.52","end_time":"29.93","alternatives":[{"confidence":"0.8122","content":"겁니다"}],"type":"pronunciation"},{"start_time":"31.08","end_time":"31.25","alternatives":[{"confidence":"0.5009","content":"두"}],"type":"pronunciation"},{"start_time":"31.25","end_time":"31.59","alternatives":[{"confidence":"0.99855","content":"계좌에"}],"type":"pronunciation"},{"start_time":"31.59","end_time":"31.89","alternatives":[{"confidence":"0.9973","content":"대해서"}],"type":"pronunciation"},{"start_time":"31.89","end_time":"32.29","alternatives":[{"confidence":"0.953","content":"아시는"}],"type":"pronunciation"},{"start_time":"32.29","end_time":"32.65","alternatives":[{"confidence":"0.6014","content":"기회"}],"type":"pronunciation"},{"start_time":"32.74","end_time":"33.0","alternatives":[{"confidence":"0.9144","content":"드린"}],"type":"pronunciation"},{"start_time":"33.0","end_time":"33.38","alternatives":[{"confidence":"0.9527","content":"겁니다"}],"type":"pronunciation"},{"start_time":"34.26","end_time":"34.39","alternatives":[{"confidence":"0.0634","content":"뭐"}],"type":"pronunciation"},{"start_time":"34.39","end_time":"34.56","alternatives":[{"confidence":"0.0231","content":"라는"}],"type":"pronunciation"},{"start_time":"34.56","end_time":"34.68","alternatives":[{"confidence":"0.0514","content":"게"}],"type":"pronunciation"},{"start_time":"36.01","end_time":"36.81","alternatives":[{"confidence":"0.6968999999999999","content":"본인사용하는"}],"type":"pronunciation"},{"start_time":"36.81","end_time":"37.03","alternatives":[{"confidence":"0.5876","content":"은행"}],"type":"pronunciation"},{"start_time":"37.03","end_time":"37.33","alternatives":[{"confidence":"0.8705","content":"계좌를"}],"type":"pronunciation"},{"start_time":"37.33","end_time":"37.74","alternatives":[{"confidence":"0.9370499999999999","content":"여쭤보는"}],"type":"pronunciation"},{"start_time":"37.74","end_time":"37.82","alternatives":[{"confidence":"0.4446","content":"거"}],"type":"pronunciation"},{"start_time":"37.82","end_time":"38.16","alternatives":[{"confidence":"0.3223","content":"아니고요"}],"type":"pronunciation"},{"alternatives":[{"confidence":"0.0","content":"?"}],"type":"punctuation"},{"start_time":"38.16","end_time":"38.52","alternatives":[{"confidence":"0.2981","content":"본인의"}],"type":"pronunciation"},{"start_time":"38.52","end_time":"39.1","alternatives":[{"confidence":"0.07175","content":"명된"}],"type":"pronunciation"},{"start_time":"39.1","end_time":"39.43","alternatives":[{"confidence":"0.1477","content":"불법"}],"type":"pronunciation"},{"start_time":"39.43","end_time":"39.98","alternatives":[{"confidence":"0.8976999999999999","content":"총장이"}],"type":"pronunciation"},{"start_time":"41.14","end_time":"41.4","alternatives":[{"confidence":"0.813","content":"드린"}],"type":"pronunciation"},{"start_time":"41.4","end_time":"41.84","alternatives":[{"confidence":"0.9628","content":"겁니다"}],"type":"pronunciation"},{"alternatives":[{"confidence":"0.0","content":"."}],"type":"punctuation"},{"start_time":"46.65","end_time":"47.42","alternatives":[{"confidence":"0.89655","content":"미모가능"}],"type":"pronunciation"},{"start_time":"47.42","end_time":"47.86","alternatives":[{"confidence":"0.907","content":"하신거죠"}],"type":"pronunciation"},{"start_time":"47.86","end_time":"48.2","alternatives":[{"confidence":"0.993","content":"제가"}],"type":"pronunciation"},{"start_time":"48.4","end_time":"48.76","alternatives":[{"confidence":"0.6842","content":"사건"}],"type":"pronunciation"},{"start_time":"48.76","end_time":"48.97","alternatives":[{"confidence":"0.7246","content":"본"}],"type":"pronunciation"},{"start_time":"48.97","end_time":"49.24","alternatives":[{"confidence":"0.9107","content":"하고"}],"type":"pronunciation"},{"start_time":"49.33","end_time":"49.98","alternatives":[{"confidence":"0.9944","content":"죄송합니다"}],"type":"pronunciation"},{"start_time":"49.98","end_time":"50.36","alternatives":[{"confidence":"0.9907","content":"말씀을"}],"type":"pronunciation"},{"start_time":"50.36","end_time":"50.58","alternatives":[{"confidence":"0.9573","content":"드릴"}],"type":"pronunciation"},{"start_time":"50.58","end_time":"50.99","alternatives":[{"confidence":"0.801","content":"겁니다"}],"type":"pronunciation"},{"start_time":"52.87","end_time":"53.21","alternatives":[{"confidence":"0.7449","content":"사건"}],"type":"pronunciation"},{"start_time":"53.21","end_time":"53.59","alternatives":[{"confidence":"0.5833","content":"번호가"}],"type":"pronunciation"},{"start_time":"53.59","end_time":"54.57","alternatives":[{"confidence":"0.42923333333333336","content":"이천이십육"}],"type":"pronunciation"},{"start_time":"56.88","end_time":"57.44","alternatives":[{"confidence":"0.9895","content":"한글로"}],"type":"pronunciation"},{"start_time":"57.47","end_time":"57.92","alternatives":[{"confidence":"0.5883","content":"조사"}],"type":"pronunciation"},{"start_time":"60.09","end_time":"61.22","alternatives":[{"confidence":"0.6434500000000001","content":"4318"}],"type":"pronunciation"},{"start_time":"63.95","end_time":"64.71","alternatives":[{"confidence":"0.7929999999999999","content":"김인수"}],"type":"pronunciation"},{"start_time":"64.71","end_time":"66.43","alternatives":[{"confidence":"0.91855","content":"금융사기사건입니다"}],"type":"pronunciation"},{"start_time":"72.9","end_time":"73.58","alternatives":[{"confidence":"0.7476","content":"지난주에"}],"type":"pronunciation"},{"start_time":"73.58","end_time":"74.0","alternatives":[{"confidence":"0.7584","content":"근거가"}],"type":"pronunciation"},{"start_time":"74.0","end_time":"75.3","alternatives":[{"confidence":"0.5378","content":"되셨본인"}],"type":"pronunciation"},{"start_time":"76.1","end_time":"76.77","alternatives":[{"confidence":"0.58535","content":"통장고요"}],"type":"pronunciation"},{"start_time":"77.03","end_time":"77.82","alternatives":[{"confidence":"0.9309000000000001","content":"개인정보가"}],"type":"pronunciation"},{"start_time":"77.82","end_time":"78.43","alternatives":[{"confidence":"0.07515","content":"나오셔서"}],"type":"pronunciation"},{"start_time":"78.43","end_time":"78.88","alternatives":[{"confidence":"0.04405000000000001","content":"인하들이"}],"type":"pronunciation"},{"alternatives":[{"confidence":"0.0","content":"."}],"type":"punctuation"},{"start_time":"79.83","end_time":"80.18","alternatives":[{"confidence":"0.2623","content":"그래서"}],"type":"pronunciation"},{"start_time":"80.18","end_time":"80.45","alternatives":[{"confidence":"0.9926","content":"저는"}],"type":"pronunciation"},{"start_time":"80.45","end_time":"81.44","alternatives":[{"confidence":"0.87975","content":"서울중앙지검"}],"type":"pronunciation"},{"start_time":"81.53","end_time":"82.11","alternatives":[{"confidence":"0.30179999999999996","content":"강력수사"}],"type":"pronunciation"},{"start_time":"82.37","end_time":"83.28","alternatives":[{"confidence":"0.7444","content":"조성모"}],"type":"pronunciation"},{"start_time":"83.43","end_time":"84.2","alternatives":[{"confidence":"0.9896499999999999","content":"수사관입니다"}],"type":"pronunciation"},{"start_time":"86.42","end_time":"87.86","alternatives":[{"confidence":"0.658675","content":"서울중앙기용강력히"}],"type":"pronunciation"},{"start_time":"87.89","end_time":"89.44","alternatives":[{"confidence":"0.53845","content":"조성목수사관입니다"}],"type":"pronunciation"},{"start_time":"90.25","end_time":"90.63","alternatives":[{"confidence":"1.0","content":"주로"}],"type":"pronunciation"},{"start_time":"90.63","end_time":"90.95","alternatives":[{"confidence":"0.9887","content":"어떤"}],"type":"pronunciation"},{"start_time":"90.98","end_time":"92.28","alternatives":[{"confidence":"0.51755","content":"은행들하죠"}],"type":"pronunciation"},{"start_time":"95.6","end_time":"96.09","alternatives":[{"confidence":"0.16059999999999997","content":"거래하시는"}],"type":"pronunciation"},{"start_time":"96.09","end_time":"96.5","alternatives":[{"confidence":"0.9993","content":"거죠"}],"type":"pronunciation"},{"alternatives":[{"confidence":"0.0","content":"?"}],"type":"punctuation"},{"start_time":"98.13","end_time":"98.52","alternatives":[{"confidence":"0.9027000000000001","content":"나오실"}],"type":"pronunciation"},{"start_time":"98.52","end_time":"98.96","alternatives":[{"confidence":"0.9994","content":"경우에는"}],"type":"pronunciation"},{"start_time":"98.96","end_time":"99.34","alternatives":[{"confidence":"0.944","content":"바로"}],"type":"pronunciation"},{"start_time":"99.37","end_time":"99.93","alternatives":[{"confidence":"0.79925","content":"동결처리"}],"type":"pronunciation"},{"start_time":"99.93","end_time":"100.6","alternatives":[{"confidence":"0.49920000000000003","content":"해드릴께요"}],"type":"pronunciation"},{"start_time":"101.56","end_time":"102.32","alternatives":[{"confidence":"0.9598","content":"알겠습니다"}],"type":"pronunciation"},{"start_time":"102.7","end_time":"102.98","alternatives":[{"confidence":"0.9665","content":"저희가"}],"type":"pronunciation"},{"start_time":"102.98","end_time":"104.64","alternatives":[{"confidence":"0.6163","content":"본인도"}],"type":"pronunciation"},{"start_time":"104.64","end_time":"105.09","alternatives":[{"confidence":"0.9577","content":"보내드릴"}],"type":"pronunciation"},{"start_time":"105.09","end_time":"105.52","alternatives":[{"confidence":"0.9214","content":"겁니다"}],"type":"pronunciation"},{"alternatives":[{"confidence":"0.0","content":"."}],"type":"punctuation"},{"start_time":"106.39","end_time":"106.76","alternatives":[{"confidence":"0.9445","content":"가지고"}],"type":"pronunciation"},{"start_time":"106.76","end_time":"107.17","alternatives":[{"confidence":"0.2659","content":"해당"}],"type":"pronunciation"},{"start_time":"107.2","end_time":"107.91","alternatives":[{"confidence":"0.3044","content":"구청일종의"}],"type":"pronunciation"},{"start_time":"107.91","end_time":"108.47","alternatives":[{"confidence":"0.7142","content":"가시면"}],"type":"pronunciation"},{"start_time":"108.47","end_time":"109.28","alternatives":[{"confidence":"0.6385333333333333","content":"민원보상과"}],"type":"pronunciation"},{"start_time":"109.28","end_time":"109.45","alternatives":[{"confidence":"0.6621","content":"라고"}],"type":"pronunciation"},{"start_time":"109.45","end_time":"110.02","alternatives":[{"confidence":"0.9493","content":"있으십니다"}],"type":"pronunciation"},{"start_time":"111.82","end_time":"112.1","alternatives":[{"confidence":"0.3722","content":"육십"}],"type":"pronunciation"},{"start_time":"112.1","end_time":"112.66","alternatives":[{"confidence":"0.7164","content":"만원이니까"}],"type":"pronunciation"},{"start_time":"112.66","end_time":"112.93","alternatives":[{"confidence":"0.9622","content":"현재"}],"type":"pronunciation"},{"start_time":"112.93","end_time":"113.07","alternatives":[{"confidence":"0.5923","content":"두"}],"type":"pronunciation"},{"start_time":"113.07","end_time":"113.25","alternatives":[{"confidence":"0.7776","content":"건의"}],"type":"pronunciation"},{"start_time":"113.25","end_time":"113.7","alternatives":[{"confidence":"0.7962000000000001","content":"나오셔야지"}],"type":"pronunciation"},{"start_time":"113.7","end_time":"114.17","alternatives":[{"confidence":"0.9486","content":"않습니까"}],"type":"pronunciation"},{"alternatives":[{"confidence":"0.0","content":"?"}],"type":"punctuation"},{"start_time":"114.17","end_time":"115.19","alternatives":[{"confidence":"0.2810666666666667","content":"신안농협"}],"type":"pronunciation"},{"start_time":"115.19","end_time":"115.33","alternatives":[{"confidence":"0.2329","content":"두"}],"type":"pronunciation"},{"start_time":"115.33","end_time":"115.54","alternatives":[{"confidence":"0.3605","content":"건이"}],"type":"pronunciation"},{"start_time":"115.54","end_time":"115.99","alternatives":[{"confidence":"0.5505666666666666","content":"나오셨지"}],"type":"pronunciation"},{"start_time":"115.99","end_time":"116.48","alternatives":[{"confidence":"0.8698","content":"않습니까"}],"type":"pronunciation"},{"alternatives":[{"confidence":"0.0","content":"?"}],"type":"punctuation"},{"start_time":"117.31","end_time":"117.52","alternatives":[{"confidence":"0.3964","content":"이십"}],"type":"pronunciation"},{"start_time":"117.52","end_time":"117.75","alternatives":[{"confidence":"0.5285","content":"만원"}],"type":"pronunciation"},{"start_time":"117.75","end_time":"118.28","alternatives":[{"confidence":"0.7403","content":"개인정보"}],"type":"pronunciation"},{"start_time":"118.28","end_time":"118.63","alternatives":[{"confidence":"0.9067000000000001","content":"유출로"}],"type":"pronunciation"},{"start_time":"118.63","end_time":"119.07","alternatives":[{"confidence":"1.0","content":"인해서"}],"type":"pronunciation"},{"start_time":"119.07","end_time":"120.13","alternatives":[{"confidence":"0.8603666666666667","content":"피해보상금받을"}],"type":"pronunciation"},{"start_time":"120.13","end_time":"120.35","alternatives":[{"confidence":"0.9837","content":"수도"}],"type":"pronunciation"},{"start_time":"120.35","end_time":"120.57","alternatives":[{"confidence":"0.8408","content":"있는"}],"type":"pronunciation"},{"start_time":"120.57","end_time":"120.89","alternatives":[{"confidence":"0.5988","content":"겁니다"}],"type":"pronunciation"},{"start_time":"122.75","end_time":"123.09","alternatives":[{"confidence":"0.9637","content":"님께서"}],"type":"pronunciation"},{"start_time":"123.09","end_time":"123.42","alternatives":[{"confidence":"0.9851","content":"직접"}],"type":"pronunciation"},{"start_time":"123.42","end_time":"124.06","alternatives":[{"confidence":"0.81745","content":"통장개설"}],"type":"pronunciation"},{"start_time":"124.06","end_time":"124.36","alternatives":[{"confidence":"0.9998","content":"하시지"}],"type":"pronunciation"},{"start_time":"124.36","end_time":"125.23","alternatives":[{"confidence":"0.8190999999999999","content":"않으셨습니까"}],"type":"pronunciation"},{"alternatives":[{"confidence":"0.0","content":"?"}],"type":"punctuation"},{"start_time":"125.95","end_time":"126.46","alternatives":[{"confidence":"0.9832","content":"명의가"}],"type":"pronunciation"},{"start_time":"126.46","end_time":"126.84","alternatives":[{"confidence":"0.9513333333333334","content":"도용이"}],"type":"pronunciation"},{"start_time":"126.84","end_time":"127.3","alternatives":[{"confidence":"0.96545","content":"되셨기"}],"type":"pronunciation"},{"start_time":"127.3","end_time":"127.66","alternatives":[{"confidence":"0.9991","content":"때문에"}],"type":"pronunciation"},{"start_time":"127.66","end_time":"127.94","alternatives":[{"confidence":"0.3688","content":"개인"}],"type":"pronunciation"},{"start_time":"127.94","end_time":"128.49","alternatives":[{"confidence":"0.5508499999999998","content":"정보로"}],"type":"pronunciation"},{"start_time":"128.49","end_time":"128.86","alternatives":[{"confidence":"0.9706","content":"인해서"}],"type":"pronunciation"},{"start_time":"128.86","end_time":"129.57","alternatives":[{"confidence":"0.8106666666666666","content":"피해보상도"}],"type":"pronunciation"},{"start_time":"129.57","end_time":"129.83","alternatives":[{"confidence":"0.9973","content":"받을"}],"type":"pronunciation"},{"start_time":"129.83","end_time":"130.05","alternatives":[{"confidence":"0.993","content":"수도"}],"type":"pronunciation"},{"start_time":"130.05","end_time":"130.27","alternatives":[{"confidence":"0.0864","content":"있는"}],"type":"pronunciation"},{"start_time":"130.27","end_time":"130.59","alternatives":[{"confidence":"0.0864","content":"거죠"}],"type":"pronunciation"},{"start_time":"131.83","end_time":"132.41","alternatives":[{"confidence":"1.0","content":"혹시"}],"type":"pronunciation"},{"start_time":"132.56","end_time":"133.09","alternatives":[{"confidence":"0.8533","content":"타인에게"}],"type":"pronunciation"},{"start_time":"133.09","end_time":"133.74","alternatives":[{"confidence":"0.76505","content":"통장개설"}],"type":"pronunciation"},{"start_time":"133.74","end_time":"134.66","alternatives":[{"confidence":"0.8245","content":"해주셨다거나"}],"type":"pronunciation"},{"start_time":"134.69","end_time":"135.04","alternatives":[{"confidence":"0.9981","content":"그런"}],"type":"pronunciation"},{"start_time":"135.04","end_time":"135.34","alternatives":[{"confidence":"0.6573","content":"적은"}],"type":"pronunciation"},{"start_time":"135.34","end_time":"136.15","alternatives":[{"confidence":"1.0","content":"없으시겠습니다"}],"type":"pronunciation"},{"alternatives":[{"confidence":"0.0","content":"?"}],"type":"punctuation"},{"start_time":"137.43","end_time":"138.15","alternatives":[{"confidence":"0.7825","content":"알겠습니다"}],"type":"pronunciation"},{"start_time":"139.09","end_time":"139.65","alternatives":[{"confidence":"0.62295","content":"거래하신다"}],"type":"pronunciation"},{"start_time":"139.65","end_time":"140.19","alternatives":[{"confidence":"0.9996","content":"하셨는데"}],"type":"pronunciation"},{"start_time":"140.19","end_time":"140.73","alternatives":[{"confidence":"0.9765","content":"마지막"}],"type":"pronunciation"},{"start_time":"140.74","end_time":"141.21","alternatives":[{"confidence":"0.51325","content":"거래하시고"}],"type":"pronunciation"},{"start_time":"141.36","end_time":"141.8","alternatives":[{"confidence":"0.1323","content":"그래서"}],"type":"pronunciation"},{"start_time":"142.12","end_time":"142.43","alternatives":[{"confidence":"0.933","content":"현재"}],"type":"pronunciation"},{"start_time":"142.43","end_time":"142.91","alternatives":[{"confidence":"0.4323","content":"계산에"}],"type":"pronunciation"},{"start_time":"142.91","end_time":"144.01","alternatives":[{"confidence":"0.6467666666666667","content":"당략적으로"}],"type":"pronunciation"},{"alternatives":[{"confidence":"0.0","content":"?"}],"type":"punctuation"},{"start_time":"144.01","end_time":"144.39","alternatives":[{"confidence":"0.4457","content":"얼마"}],"type":"pronunciation"},{"start_time":"144.39","end_time":"144.67","alternatives":[{"confidence":"0.9791","content":"정도"}],"type":"pronunciation"},{"start_time":"144.67","end_time":"145.1","alternatives":[{"confidence":"0.9745","content":"남아서"}],"type":"pronunciation"},{"start_time":"145.1","end_time":"145.33","alternatives":[{"confidence":"0.312","content":"야지"}],"type":"pronunciation"},{"start_time":"145.64","end_time":"146.49","alternatives":[{"confidence":"0.024233333333333332","content":"동상적이신"}],"type":"pronunciation"},{"start_time":"146.49","end_time":"146.74","alternatives":[{"confidence":"0.0042","content":"거죠"}],"type":"pronunciation"},{"alternatives":[{"confidence":"0.0","content":"?"}],"type":"punctuation"},{"start_time":"148.39","end_time":"148.82","alternatives":[{"confidence":"0.053","content":"맞습니다"}],"type":"pronunciation"},{"alternatives":[{"confidence":"0.0","content":"."}],"type":"punctuation"},{"start_time":"148.82","end_time":"149.24","alternatives":[{"confidence":"0.974","content":"마지막"}],"type":"pronunciation"},{"start_time":"149.24","end_time":"149.73","alternatives":[{"confidence":"0.97445","content":"거래하시고"}],"type":"pronunciation"},{"start_time":"149.73","end_time":"150.18","alternatives":[{"confidence":"0.7253499999999999","content":"나셔서"}],"type":"pronunciation"},{"start_time":"150.45","end_time":"151.13","alternatives":[{"confidence":"0.9610333333333333","content":"대략적으로"}],"type":"pronunciation"},{"start_time":"153.31","end_time":"153.75","alternatives":[{"confidence":"0.9743","content":"그때는"}],"type":"pronunciation"},{"start_time":"154.3","end_time":"154.46","alternatives":[{"confidence":"0.0244","content":"내가"}],"type":"pronunciation"},{"start_time":"154.46","end_time":"154.64","alternatives":[{"confidence":"0.3765","content":"이죠"}],"type":"pronunciation"},{"start_time":"155.86","end_time":"156.42","alternatives":[{"confidence":"0.6726","content":"일반"}],"type":"pronunciation"},{"start_time":"156.51","end_time":"156.84","alternatives":[{"confidence":"0.9519","content":"조금"}],"type":"pronunciation"},{"start_time":"156.84","end_time":"157.03","alternatives":[{"confidence":"0.5309","content":"이신"}],"type":"pronunciation"},{"start_time":"157.03","end_time":"157.34","alternatives":[{"confidence":"0.999","content":"거죠"}],"type":"pronunciation"},{"alternatives":[{"confidence":"0.0","content":"."}],"type":"punctuation"},{"start_time":"158.53","end_time":"159.43","alternatives":[{"confidence":"0.5762666666666667","content":"토털로"}],"type":"pronunciation"},{"start_time":"159.43","end_time":"160.68","alternatives":[{"confidence":"0.13206666666666667","content":"세균쓰시는"}],"type":"pronunciation"},{"start_time":"161.17","end_time":"161.44","alternatives":[{"confidence":"0.9874","content":"대략"}],"type":"pronunciation"},{"start_time":"161.56","end_time":"161.75","alternatives":[{"confidence":"0.9683","content":"어떻게"}],"type":"pronunciation"},{"start_time":"161.75","end_time":"162.14","alternatives":[{"confidence":"0.9815","content":"되죠"}],"type":"pronunciation"},{"alternatives":[{"confidence":"0.0","content":"?"}],"type":"punctuation"},{"start_time":"169.56","end_time":"169.82","alternatives":[{"confidence":"0.817","content":"네"}],"type":"pronunciation"},{"alternatives":[{"confidence":"0.0","content":","}],"type":"punctuation"},{"start_time":"169.82","end_time":"170.56","alternatives":[{"confidence":"1.0","content":"수고하십니다"}],"type":"pronunciation"},{"start_time":"170.56","end_time":"171.43","alternatives":[{"confidence":"0.9863500000000001","content":"서울중앙지검"}],"type":"pronunciation"},{"start_time":"171.46","end_time":"171.82","alternatives":[{"confidence":"0.738","content":"검찰"}],"type":"pronunciation"},{"start_time":"171.82","end_time":"172.42","alternatives":[{"confidence":"0.8004","content":"중입니다"}],"type":"pronunciation"},{"start_time":"173.63","end_time":"174.31","alternatives":[{"confidence":"0.77075","content":"본인앞으로"}],"type":"pronunciation"},{"start_time":"174.31","end_time":"174.52","alternatives":[{"confidence":"0.9834","content":"몇"}],"type":"pronunciation"},{"start_time":"174.52","end_time":"174.79","alternatives":[{"confidence":"0.9597","content":"가지"}],"type":"pronunciation"},{"start_time":"174.79","end_time":"175.63","alternatives":[{"confidence":"0.8237666666666668","content":"황상때문에"}],"type":"pronunciation"},{"start_time":"175.63","end_time":"176.7","alternatives":[{"confidence":"0.8562333333333333","content":"인하드렸는데요"}],"type":"pronunciation"},{"start_time":"177.3","end_time":"177.67","alternatives":[{"confidence":"1.0","content":"혹시"}],"type":"pronunciation"},{"start_time":"177.67","end_time":"178.29","alternatives":[{"confidence":"0.48165","content":"김인수"}],"type":"pronunciation"},{"start_time":"178.29","end_time":"178.62","alternatives":[{"confidence":"0.9808","content":"라고"}],"type":"pronunciation"},{"start_time":"178.62","end_time":"179.11","alternatives":[{"confidence":"0.9918","content":"아시는"}],"type":"pronunciation"},{"start_time":"181.26","end_time":"181.96","alternatives":[{"confidence":"0.847","content":"전라도"}],"type":"pronunciation"},{"start_time":"181.96","end_time":"182.36","alternatives":[{"confidence":"0.6235999999999999","content":"목포에"}],"type":"pronunciation"},{"start_time":"182.36","end_time":"182.61","alternatives":[{"confidence":"0.701","content":"사는"}],"type":"pronunciation"},{"start_time":"182.61","end_time":"183.91","alternatives":[{"confidence":"0.6326333333333333","content":"김인수삼십팔"}],"type":"pronunciation"},{"start_time":"183.91","end_time":"184.02","alternatives":[{"confidence":"0.9156","content":"세"}],"type":"pronunciation"},{"start_time":"184.02","end_time":"184.4","alternatives":[{"confidence":"0.7436","content":"남성"}],"type":"pronunciation"},{"start_time":"184.4","end_time":"184.57","alternatives":[{"confidence":"0.2948","content":"분"}],"type":"pronunciation"},{"start_time":"184.57","end_time":"184.85","alternatives":[{"confidence":"0.0482","content":"지고"}],"type":"pronunciation"},{"start_time":"186.78","end_time":"187.72","alternatives":[{"confidence":"0.88185","content":"왜냐하시면"}],"type":"pronunciation"},{"start_time":"187.72","end_time":"188.48","alternatives":[{"confidence":"0.80495","content":"지난주에"}],"type":"pronunciation"},{"start_time":"188.48","end_time":"189.39","alternatives":[{"confidence":"0.5684","content":"김인수의사넘을"}],"type":"pronunciation"},{"start_time":"189.39","end_time":"190.5","alternatives":[{"confidence":"0.88635","content":"검거했는데요"}],"type":"pronunciation"},{"start_time":"190.79","end_time":"191.73","alternatives":[{"confidence":"0.66625","content":"검거현장에"}],"type":"pronunciation"},{"start_time":"191.73","end_time":"192.15","alternatives":[{"confidence":"0.9987","content":"대량의"}],"type":"pronunciation"},{"start_time":"192.15","end_time":"192.87","alternatives":[{"confidence":"0.8843000000000001","content":"신용카드와"}],"type":"pronunciation"},{"start_time":"192.87","end_time":"193.65","alternatives":[{"confidence":"0.839","content":"대포통장앞에"}],"type":"pronunciation"},{"start_time":"193.65","end_time":"194.16","alternatives":[{"confidence":"0.9932","content":"했는데"}],"type":"pronunciation"},{"alternatives":[{"confidence":"0.0","content":","}],"type":"punctuation"},{"start_time":"194.39","end_time":"194.55","alternatives":[{"confidence":"0.8205","content":"그"}],"type":"pronunciation"},{"start_time":"194.55","end_time":"194.79","alternatives":[{"confidence":"0.9906","content":"중에"}],"type":"pronunciation"},{"start_time":"194.79","end_time":"195.34","alternatives":[{"confidence":"0.8415","content":"본인"}],"type":"pronunciation"},{"start_time":"195.34","end_time":"195.74","alternatives":[{"confidence":"1.0","content":"명의로"}],"type":"pronunciation"},{"start_time":"195.74","end_time":"195.92","alternatives":[{"confidence":"1.0","content":"된"}],"type":"pronunciation"},{"start_time":"195.92","end_time":"196.57","alternatives":[{"confidence":"0.7074","content":"농협분야"}],"type":"pronunciation"},{"start_time":"196.57","end_time":"196.77","alternatives":[{"confidence":"0.974","content":"하고"}],"type":"pronunciation"},{"alternatives":[{"confidence":"0.0","content":","}],"type":"punctuation"},{"start_time":"196.77","end_time":"197.08","alternatives":[{"confidence":"0.4216","content":"시나"}],"type":"pronunciation"},{"start_time":"197.08","end_time":"197.27","alternatives":[{"confidence":"0.8184","content":"은행"}],"type":"pronunciation"},{"start_time":"197.27","end_time":"197.82","alternatives":[{"confidence":"0.9993000000000001","content":"통장이"}],"type":"pronunciation"},{"start_time":"198.07","end_time":"198.74","alternatives":[{"confidence":"0.8238","content":"발견되신"}],"type":"pronunciation"},{"start_time":"198.74","end_time":"199.14","alternatives":[{"confidence":"0.9875","content":"겁니다"}],"type":"pronunciation"},{"alternatives":[{"confidence":"0.0","content":"."}],"type":"punctuation"},{"start_time":"200.37","end_time":"200.77","alternatives":[{"confidence":"0.9563","content":"회사에"}],"type":"pronunciation"},{"start_time":"200.77","end_time":"201.07","alternatives":[{"confidence":"0.9987","content":"대해서"}],"type":"pronunciation"},{"start_time":"201.07","end_time":"201.94","alternatives":[{"confidence":"0.9981500000000001","content":"아시는지"}],"type":"pronunciation"},{"start_time":"201.94","end_time":"202.54","alternatives":[{"confidence":"0.5557","content":"연화드립니다"}],"type":"pronunciation"},{"start_time":"205.77","end_time":"206.35","alternatives":[{"confidence":"0.4785","content":"본인이"}],"type":"pronunciation"},{"start_time":"207.62","end_time":"207.83","alternatives":[{"confidence":"0.9155","content":"하고"}],"type":"pronunciation"},{"start_time":"207.83","end_time":"208.27","alternatives":[{"confidence":"0.7101","content":"신학"}],"type":"pronunciation"},{"start_time":"212.77","end_time":"213.13","alternatives":[{"confidence":"0.9992","content":"그래요"}],"type":"pronunciation"},{"alternatives":[{"confidence":"0.0","content":"?"}],"type":"punctuation"},{"start_time":"214.97","end_time":"215.12","alternatives":[{"confidence":"0.917","content":"그런"}],"type":"pronunciation"},{"start_time":"215.12","end_time":"215.21","alternatives":[{"confidence":"0.8925","content":"건"}],"type":"pronunciation"},{"start_time":"215.21","end_time":"215.64","alternatives":[{"confidence":"0.87325","content":"없습니다만"}],"type":"pronunciation"},{"start_time":"216.8","end_time":"217.86","alternatives":[{"confidence":"0.77085","content":"본인사용하는"}],"type":"pronunciation"},{"start_time":"217.86","end_time":"218.08","alternatives":[{"confidence":"0.5898","content":"은행"}],"type":"pronunciation"},{"start_time":"218.08","end_time":"218.44","alternatives":[{"confidence":"0.9863","content":"계좌를"}],"type":"pronunciation"},{"start_time":"218.44","end_time":"218.89","alternatives":[{"confidence":"0.9941","content":"여쭤보는"}],"type":"pronunciation"},{"start_time":"218.89","end_time":"218.98","alternatives":[{"confidence":"0.452","content":"거"}],"type":"pronunciation"},{"start_time":"218.98","end_time":"219.54","alternatives":[{"confidence":"0.9996","content":"아니고요"}],"type":"pronunciation"},{"alternatives":[{"confidence":"0.0","content":"."}],"type":"punctuation"},{"start_time":"219.63","end_time":"220.42","alternatives":[{"confidence":"0.5015499999999999","content":"본인명의로"}],"type":"pronunciation"},{"start_time":"220.42","end_time":"220.62","alternatives":[{"confidence":"0.4789","content":"된"}],"type":"pronunciation"},{"start_time":"221.03","end_time":"221.49","alternatives":[{"confidence":"0.20145000000000005","content":"분양하고"}],"type":"pronunciation"},{"start_time":"221.49","end_time":"221.9","alternatives":[{"confidence":"0.22014999999999998","content":"신안의"}],"type":"pronunciation"},{"start_time":"221.9","end_time":"222.28","alternatives":[{"confidence":"0.8337","content":"불법"}],"type":"pronunciation"},{"start_time":"222.28","end_time":"222.69","alternatives":[{"confidence":"0.95475","content":"통장이"}],"type":"pronunciation"},{"start_time":"222.72","end_time":"224.69","alternatives":[{"confidence":"0.52135","content":"발견저"}],"type":"pronunciation"},{"start_time":"224.69","end_time":"225.49","alternatives":[{"confidence":"0.47490000000000004","content":"김민수라고"}],"type":"pronunciation"},{"start_time":"225.49","end_time":"226.13","alternatives":[{"confidence":"0.82915","content":"아시는지"}],"type":"pronunciation"},{"start_time":"226.58","end_time":"226.81","alternatives":[{"confidence":"0.0701","content":"그런"}],"type":"pronunciation"},{"start_time":"226.81","end_time":"226.95","alternatives":[{"confidence":"0.8891","content":"것"}],"type":"pronunciation"},{"start_time":"226.95","end_time":"227.37","alternatives":[{"confidence":"0.9563","content":"같아요"}],"type":"pronunciation"},{"alternatives":[{"confidence":"0.0","content":"."}],"type":"punctuation"},{"start_time":"227.59","end_time":"227.77","alternatives":[{"confidence":"0.6425","content":"저"}],"type":"pronunciation"},{"start_time":"227.77","end_time":"228.35","alternatives":[{"confidence":"0.9657","content":"정보가"}],"type":"pronunciation"},{"start_time":"228.72","end_time":"229.03","alternatives":[{"confidence":"0.5236","content":"되신"}],"type":"pronunciation"},{"start_time":"229.03","end_time":"229.47","alternatives":[{"confidence":"0.8747","content":"거라면"}],"type":"pronunciation"},{"start_time":"229.47","end_time":"229.87","alternatives":[{"confidence":"0.9931","content":"어느"}],"type":"pronunciation"},{"start_time":"229.87","end_time":"230.13","alternatives":[{"confidence":"0.8465","content":"쪽으로"}],"type":"pronunciation"},{"start_time":"230.32","end_time":"230.39","alternatives":[{"confidence":"0.1837","content":"이"}],"type":"pronunciation"},{"start_time":"230.39","end_time":"231.13","alternatives":[{"confidence":"0.53375","content":"되셨는지"}],"type":"pronunciation"},{"start_time":"231.37","end_time":"232.04","alternatives":[{"confidence":"0.020399999999999998","content":"김장악한"}],"type":"pronunciation"},{"start_time":"232.1","end_time":"232.49","alternatives":[{"confidence":"0.8478","content":"부분은"}],"type":"pronunciation"},{"start_time":"232.61","end_time":"233.32","alternatives":[{"confidence":"1.0","content":"없으십니까"}],"type":"pronunciation"},{"alternatives":[{"confidence":"0.0","content":"?"}],"type":"punctuation"},{"start_time":"235.25","end_time":"236.19","alternatives":[{"confidence":"0.9874","content":"서울중앙지검"}],"type":"pronunciation"},{"start_time":"236.19","end_time":"237.37","alternatives":[{"confidence":"0.434175","content":"강력수사팀입니다"}],"type":"pronunciation"},{"start_time":"239.75","end_time":"240.22","alternatives":[{"confidence":"0.9996","content":"그러세요"}],"type":"pronunciation"},{"alternatives":[{"confidence":"0.0","content":"."}],"type":"punctuation"},{"start_time":"240.84","end_time":"241.11","alternatives":[{"confidence":"0.7121","content":"직접"}],"type":"pronunciation"},{"start_time":"242.2","end_time":"242.57","alternatives":[{"confidence":"0.9711","content":"한번"}],"type":"pronunciation"},{"start_time":"242.57","end_time":"242.93","alternatives":[{"confidence":"0.9992","content":"직접"}],"type":"pronunciation"},{"start_time":"242.93","end_time":"243.24","alternatives":[{"confidence":"0.9236","content":"확인해"}],"type":"pronunciation"},{"start_time":"243.24","end_time":"243.52","alternatives":[{"confidence":"0.8994","content":"보세요"}],"type":"pronunciation"},{"alternatives":[{"confidence":"0.0","content":"."}],"type":"punctuation"},{"start_time":"243.52","end_time":"244.07","alternatives":[{"confidence":"0.86545","content":"그러시면"}],"type":"pronunciation"},{"start_time":"244.1","end_time":"244.54","alternatives":[{"confidence":"0.9998","content":"맞는지"}],"type":"pronunciation"},{"start_time":"244.54","end_time":"244.95","alternatives":[{"confidence":"0.8651","content":"아닌지"}],"type":"pronunciation"},{"start_time":"252.56","end_time":"253.25","alternatives":[{"confidence":"0.7684","content":"본인앞으로"}],"type":"pronunciation"},{"alternatives":[{"confidence":"0.0","content":"."}],"type":"punctuation"},{"start_time":"253.25","end_time":"253.46","alternatives":[{"confidence":"0.9841","content":"몇"}],"type":"pronunciation"},{"start_time":"253.46","end_time":"253.73","alternatives":[{"confidence":"0.9626","content":"가지"}],"type":"pronunciation"},{"start_time":"253.73","end_time":"254.25","alternatives":[{"confidence":"0.5809","content":"환상"}],"type":"pronunciation"},{"start_time":"254.25","end_time":"254.56","alternatives":[{"confidence":"0.9848","content":"때문에"}],"type":"pronunciation"},{"start_time":"254.56","end_time":"255.52","alternatives":[{"confidence":"0.9096333333333333","content":"인하드렸는데요"}],"type":"pronunciation"},{"alternatives":[{"confidence":"0.0","content":"."}],"type":"punctuation"},{"start_time":"255.55","end_time":"255.95","alternatives":[{"confidence":"1.0","content":"혹시"}],"type":"pronunciation"},{"start_time":"255.95","end_time":"256.62","alternatives":[{"confidence":"0.45265","content":"김인수"}],"type":"pronunciation"},{"start_time":"256.62","end_time":"257.01","alternatives":[{"confidence":"0.9798","content":"라고"}],"type":"pronunciation"},{"start_time":"257.01","end_time":"257.62","alternatives":[{"confidence":"0.9999","content":"아시는"}],"type":"pronunciation"},{"start_time":"257.62","end_time":"258.25","alternatives":[{"confidence":"0.9888666666666667","content":"분이십니까"}],"type":"pronunciation"},{"start_time":"261.19","end_time":"261.69","alternatives":[{"confidence":"0.537","content":"하시면"}],"type":"pronunciation"},{"start_time":"261.69","end_time":"262.46","alternatives":[{"confidence":"0.6129","content":"지난주에"}],"type":"pronunciation"},{"start_time":"262.46","end_time":"263.25","alternatives":[{"confidence":"0.47355","content":"김인수"}],"type":"pronunciation"},{"start_time":"263.31","end_time":"263.4","alternatives":[{"confidence":"0.7849","content":"이"}],"type":"pronunciation"},{"start_time":"263.4","end_time":"263.76","alternatives":[{"confidence":"0.9686","content":"사람을"}],"type":"pronunciation"},{"start_time":"263.76","end_time":"264.69","alternatives":[{"confidence":"0.6741","content":"공부했는데요"}],"type":"pronunciation"},{"alternatives":[{"confidence":"0.0","content":"."}],"type":"punctuation"},{"start_time":"265.7","end_time":"266.11","alternatives":[{"confidence":"0.7029","content":"현장에"}],"type":"pronunciation"},{"start_time":"266.11","end_time":"266.57","alternatives":[{"confidence":"0.0185","content":"대량의"}],"type":"pronunciation"},{"start_time":"266.57","end_time":"267.19","alternatives":[{"confidence":"0.16035","content":"신용카드와"}],"type":"pronunciation"},{"start_time":"267.25","end_time":"267.91","alternatives":[{"confidence":"0.7261666666666667","content":"대포통장을"}],"type":"pronunciation"},{"start_time":"268.01","end_time":"268.63","alternatives":[{"confidence":"0.6881","content":"했는데"}],"type":"pronunciation"},{"alternatives":[{"confidence":"0.0","content":","}],"type":"punctuation"},{"start_time":"268.81","end_time":"268.93","alternatives":[{"confidence":"0.8121","content":"그"}],"type":"pronunciation"},{"start_time":"268.93","end_time":"269.19","alternatives":[{"confidence":"0.941","content":"중에"}],"type":"pronunciation"},{"start_time":"269.19","end_time":"269.76","alternatives":[{"confidence":"0.0149","content":"본인"}],"type":"pronunciation"},{"start_time":"269.76","end_time":"270.22","alternatives":[{"confidence":"0.0014","content":"명의로"}],"type":"pronunciation"},{"start_time":"270.22","end_time":"270.41","alternatives":[{"confidence":"8.0E-4","content":"된"}],"type":"pronunciation"},{"start_time":"270.41","end_time":"271.78","alternatives":[{"confidence":"0.42405","content":"농협은행"}],"type":"pronunciation"},{"start_time":"271.78","end_time":"272.32","alternatives":[{"confidence":"0.79095","content":"통장이"}],"type":"pronunciation"},{"start_time":"272.58","end_time":"273.27","alternatives":[{"confidence":"0.10304999999999999","content":"발견되신"}],"type":"pronunciation"},{"start_time":"273.27","end_time":"273.68","alternatives":[{"confidence":"0.9407","content":"겁니다"}],"type":"pronunciation"},{"alternatives":[{"confidence":"0.0","content":"."}],"type":"punctuation"},{"start_time":"275.52","end_time":"275.96","alternatives":[{"confidence":"0.9976","content":"계좌에"}],"type":"pronunciation"},{"start_time":"275.96","end_time":"276.27","alternatives":[{"confidence":"0.9867","content":"대해서"}],"type":"pronunciation"},{"start_time":"276.27","end_time":"276.87","alternatives":[{"confidence":"0.9877","content":"하시는지"}],"type":"pronunciation"},{"start_time":"277.14","end_time":"277.41","alternatives":[{"confidence":"0.8034","content":"드린"}],"type":"pronunciation"},{"start_time":"277.41","end_time":"277.81","alternatives":[{"confidence":"0.9854","content":"겁니다"}],"type":"pronunciation"},{"alternatives":[{"confidence":"0.0","content":"."}],"type":"punctuation"},{"start_time":"280.48","end_time":"281.38","alternatives":[{"confidence":"0.8243","content":"본회의사용하는"}],"type":"pronunciation"},{"start_time":"281.38","end_time":"281.62","alternatives":[{"confidence":"0.5947","content":"은행"}],"type":"pronunciation"},{"start_time":"281.62","end_time":"281.99","alternatives":[{"confidence":"0.9984","content":"계좌를"}],"type":"pronunciation"},{"start_time":"281.99","end_time":"282.44","alternatives":[{"confidence":"0.9962500000000001","content":"여쭤보는"}],"type":"pronunciation"},{"start_time":"282.44","end_time":"282.53","alternatives":[{"confidence":"0.5327","content":"거"}],"type":"pronunciation"},{"start_time":"282.53","end_time":"283.03","alternatives":[{"confidence":"0.9991","content":"아니고요"}],"type":"pronunciation"},{"alternatives":[{"confidence":"0.0","content":"?"}],"type":"punctuation"},{"start_time":"283.29","end_time":"283.68","alternatives":[{"confidence":"0.4694","content":"본인의"}],"type":"pronunciation"},{"start_time":"283.68","end_time":"284.14","alternatives":[{"confidence":"0.9976","content":"명의로"}],"type":"pronunciation"},{"start_time":"284.14","end_time":"284.3","alternatives":[{"confidence":"0.6465","content":"된"}],"type":"pronunciation"},{"start_time":"284.3","end_time":"285.1","alternatives":[{"confidence":"0.8555666666666667","content":"농협분해하고"}],"type":"pronunciation"},{"start_time":"285.1","end_time":"285.51","alternatives":[{"confidence":"0.7207","content":"신하는"}],"type":"pronunciation"},{"start_time":"285.51","end_time":"285.88","alternatives":[{"confidence":"0.6684","content":"불법"}],"type":"pronunciation"},{"start_time":"285.88","end_time":"286.29","alternatives":[{"confidence":"0.9595","content":"총장이"}],"type":"pronunciation"},{"start_time":"286.29","end_time":"287.05","alternatives":[{"confidence":"0.4465666666666667","content":"발견되셔서"}],"type":"pronunciation"},{"start_time":"287.23","end_time":"287.49","alternatives":[{"confidence":"0.8041","content":"드린"}],"type":"pronunciation"},{"start_time":"287.49","end_time":"287.89","alternatives":[{"confidence":"0.9792","content":"겁니다"}],"type":"pronunciation"},{"alternatives":[{"confidence":"0.0","content":"."}],"type":"punctuation"},{"start_time":"288.64","end_time":"289.18","alternatives":[{"confidence":"0.59735","content":"선수라고"}],"type":"pronunciation"},{"start_time":"289.18","end_time":"289.9","alternatives":[{"confidence":"0.9996","content":"아시는지"}],"type":"pronunciation"},{"start_time":"289.9","end_time":"290.78","alternatives":[{"confidence":"0.5758333333333333","content":"확인차이나드린"}],"type":"pronunciation"},{"start_time":"292.81","end_time":"293.34","alternatives":[{"confidence":"0.65705","content":"운전중"}],"type":"pronunciation"},{"start_time":"293.34","end_time":"293.43","alternatives":[{"confidence":"0.4217","content":"이어"}],"type":"pronunciation"},{"start_time":"293.43","end_time":"294.07","alternatives":[{"confidence":"0.40385","content":"가지고요"}],"type":"pronunciation"},{"start_time":"294.13","end_time":"294.4","alternatives":[{"confidence":"0.3024","content":"전화를"}],"type":"pronunciation"},{"start_time":"294.46","end_time":"294.99","alternatives":[{"confidence":"0.8751","content":"하거든요"}],"type":"pronunciation"},{"alternatives":[{"confidence":"0.0","content":"."}],"type":"punctuation"}]},"status":"COMPLETED"}