{"jobName":"transcribes145","accountId":"097989105209","results":{"transcripts":[{"transcript":"이런 사건이 거기에 자세히 나오거든요. 그거를 확인할 수 있는 사건번호를 불러주려고 하는 거예요. 이공일사형제이 공공우호 김정호 명의 도용 사건 이렇게 했고요. 자 아까 우리 하고 농협 하나은행사용하신다고 그랬어요. 저희들이 이제 금융감독원에 통보를 할 거예요. 왜냐하면 계좌가 정확히 맞는지 씨가 사용하고 있는 통장이 맞는지 확인을 해하고 보호 조치를 해야 김정은 일당이 불법으로 만든 통장가지고 우리가 또 보호 조치할 수는 없는 거 아니예요. 그래서 이제 묻는 거예요. 우리은행의 우리은행 계좌가 몇 개 있어요. 그냥 얘기예금총장이요 입출금 통장두 개에요 농협농협농협잘 모르겠어요. 두세 개의 있는 것 같은데 본인이 사용하는지 만들어 놓고 사용하지 않은 통장은 지급 정지시켜도 장관은 없잖아요. 하나 하나 하나 농협 하나있어요 입출금 으로 그 다음에 하나 은행은 하나은행은 하나요? 하나 있는데 이거는 사용을 안 한다. 네, 알겠습니다. 이건 뭐 지금 뭐 사용 안하니까 상관 없잖아요. 중요하게 지금 사용하는 통장만 보호 조치해 드리면 되잖아요. 나머지는 불법으로 생각을 다 지급조치하고. 지급 정지시키고 조사하면 되잖아요. 저희들이 그죠? 그러면 우리은행입출금 통장두 개 있다고 했어요. 잃최근 사용하고 남은 자녀에게 얼마 정도 있을까요? 그러면 통장이라고 인정해드릴까요 잘 모르겠는데 최근 사용하고 통장에 얼마정도 십만원 미만이십 만원 미만이렇게 말씀하셨던 30 만 이십 만원 이십 만원 미만또 하나 이건 없고 농협은요 없어요. 그러면 우리 은행 통장하나 입출금 통장에 이십만원 미만밖에 없다 교통량만 인정해 드리고 나머지는 지급경제도 상관이 없다 이렇게 하시는 거죠. 알겠습니다. 일단 금융감독원에 통보해보고 다시 거짓인 마음 나 이런거 확인해 보고요. 다시 연락드리겠습니다. 네. 이 선생님이 그거 진짜인지 알 수 있는 방법은 그 사이트 들어가서 확인하는 방법 밖에 없어요. 어떻게 이 번호로 전화를 하시든지요? 그런데 이 번호가 지금 전국적으로 한 이백명이 를 봐서 안 될 수가 있어요. 저 같은 사람이 이백명이나 있다고요. 그런 식으로 지금 으로 통장압수한 게 그렇게 많다고요. 지금 그래서 사건"}],"items":[{"start_time":"0.77","end_time":"1.03","alternatives":[{"confidence":"0.9948","content":"이런"}],"type":"pronunciation"},{"start_time":"1.03","end_time":"1.4","alternatives":[{"confidence":"0.9999","content":"사건이"}],"type":"pronunciation"},{"start_time":"1.4","end_time":"1.68","alternatives":[{"confidence":"0.9624","content":"거기에"}],"type":"pronunciation"},{"start_time":"1.71","end_time":"2.05","alternatives":[{"confidence":"1.0","content":"자세히"}],"type":"pronunciation"},{"start_time":"2.05","end_time":"3.19","alternatives":[{"confidence":"1.0","content":"나오거든요"}],"type":"pronunciation"},{"alternatives":[{"confidence":"0.0","content":"."}],"type":"punctuation"},{"start_time":"3.77","end_time":"4.22","alternatives":[{"confidence":"0.55755","content":"그거를"}],"type":"pronunciation"},{"start_time":"4.22","end_time":"4.61","alternatives":[{"confidence":"0.9893","content":"확인할"}],"type":"pronunciation"},{"start_time":"4.61","end_time":"4.74","alternatives":[{"confidence":"0.9995","content":"수"}],"type":"pronunciation"},{"start_time":"4.74","end_time":"5.22","alternatives":[{"confidence":"0.9914","content":"있는"}],"type":"pronunciation"},{"start_time":"5.53","end_time":"6.29","alternatives":[{"confidence":"0.76605","content":"사건번호를"}],"type":"pronunciation"},{"start_time":"6.29","end_time":"6.86","alternatives":[{"confidence":"0.5527","content":"불러주려고"}],"type":"pronunciation"},{"start_time":"6.86","end_time":"7.04","alternatives":[{"confidence":"0.9801","content":"하는"}],"type":"pronunciation"},{"start_time":"7.04","end_time":"7.74","alternatives":[{"confidence":"1.0","content":"거예요"}],"type":"pronunciation"},{"alternatives":[{"confidence":"0.0","content":"."}],"type":"punctuation"},{"start_time":"11.52","end_time":"16.93","alternatives":[{"confidence":"0.6827666666666666","content":"이공일사형제이"}],"type":"pronunciation"},{"start_time":"16.93","end_time":"18.27","alternatives":[{"confidence":"0.4346","content":"공공우호"}],"type":"pronunciation"},{"start_time":"19.52","end_time":"20.37","alternatives":[{"confidence":"0.87395","content":"김정호"}],"type":"pronunciation"},{"start_time":"20.37","end_time":"20.76","alternatives":[{"confidence":"0.9261","content":"명의"}],"type":"pronunciation"},{"start_time":"20.76","end_time":"21.25","alternatives":[{"confidence":"0.8449500000000001","content":"도용"}],"type":"pronunciation"},{"start_time":"21.28","end_time":"21.79","alternatives":[{"confidence":"0.8366","content":"사건"}],"type":"pronunciation"},{"start_time":"24.27","end_time":"24.56","alternatives":[{"confidence":"0.9855","content":"이렇게"}],"type":"pronunciation"},{"start_time":"24.56","end_time":"25.65","alternatives":[{"confidence":"0.6164","content":"했고요"}],"type":"pronunciation"},{"alternatives":[{"confidence":"0.0","content":"."}],"type":"punctuation"},{"start_time":"26.69","end_time":"26.86","alternatives":[{"confidence":"0.9479","content":"자"}],"type":"pronunciation"},{"start_time":"26.86","end_time":"27.56","alternatives":[{"confidence":"0.9802","content":"아까"}],"type":"pronunciation"},{"start_time":"27.65","end_time":"28.14","alternatives":[{"confidence":"0.6783","content":"우리"}],"type":"pronunciation"},{"start_time":"28.14","end_time":"28.38","alternatives":[{"confidence":"0.9913","content":"하고"}],"type":"pronunciation"},{"start_time":"28.38","end_time":"29.15","alternatives":[{"confidence":"0.6584","content":"농협"}],"type":"pronunciation"},{"start_time":"29.42","end_time":"30.55","alternatives":[{"confidence":"0.8578250000000001","content":"하나은행사용하신다고"}],"type":"pronunciation"},{"start_time":"30.55","end_time":"31.52","alternatives":[{"confidence":"0.9032","content":"그랬어요"}],"type":"pronunciation"},{"alternatives":[{"confidence":"0.0","content":"."}],"type":"punctuation"},{"start_time":"32.3","end_time":"32.71","alternatives":[{"confidence":"0.99935","content":"저희들이"}],"type":"pronunciation"},{"start_time":"32.71","end_time":"33.1","alternatives":[{"confidence":"0.9772","content":"이제"}],"type":"pronunciation"},{"start_time":"33.13","end_time":"33.94","alternatives":[{"confidence":"0.9861500000000001","content":"금융감독원에"}],"type":"pronunciation"},{"start_time":"33.94","end_time":"34.31","alternatives":[{"confidence":"0.9995","content":"통보를"}],"type":"pronunciation"},{"start_time":"34.31","end_time":"34.46","alternatives":[{"confidence":"0.8684","content":"할"}],"type":"pronunciation"},{"start_time":"34.46","end_time":"35.51","alternatives":[{"confidence":"1.0","content":"거예요"}],"type":"pronunciation"},{"alternatives":[{"confidence":"0.0","content":"."}],"type":"punctuation"},{"start_time":"36.05","end_time":"36.61","alternatives":[{"confidence":"0.3527","content":"왜냐하면"}],"type":"pronunciation"},{"start_time":"37.54","end_time":"38.23","alternatives":[{"confidence":"0.99455","content":"계좌가"}],"type":"pronunciation"},{"start_time":"38.23","end_time":"38.61","alternatives":[{"confidence":"1.0","content":"정확히"}],"type":"pronunciation"},{"start_time":"38.61","end_time":"39.24","alternatives":[{"confidence":"1.0","content":"맞는지"}],"type":"pronunciation"},{"start_time":"39.72","end_time":"39.91","alternatives":[{"confidence":"0.7768","content":"씨가"}],"type":"pronunciation"},{"start_time":"39.91","end_time":"40.37","alternatives":[{"confidence":"0.9993","content":"사용하고"}],"type":"pronunciation"},{"start_time":"40.37","end_time":"40.59","alternatives":[{"confidence":"0.9848","content":"있는"}],"type":"pronunciation"},{"start_time":"40.59","end_time":"40.96","alternatives":[{"confidence":"0.9901","content":"통장이"}],"type":"pronunciation"},{"start_time":"40.96","end_time":"41.65","alternatives":[{"confidence":"0.9997","content":"맞는지"}],"type":"pronunciation"},{"start_time":"42.12","end_time":"42.57","alternatives":[{"confidence":"0.9999","content":"확인을"}],"type":"pronunciation"},{"start_time":"42.57","end_time":"43.06","alternatives":[{"confidence":"0.70885","content":"해하고"}],"type":"pronunciation"},{"start_time":"43.06","end_time":"43.31","alternatives":[{"confidence":"0.485","content":"보호"}],"type":"pronunciation"},{"start_time":"43.31","end_time":"43.66","alternatives":[{"confidence":"0.9989","content":"조치를"}],"type":"pronunciation"},{"start_time":"43.66","end_time":"44.4","alternatives":[{"confidence":"0.421","content":"해야"}],"type":"pronunciation"},{"start_time":"44.64","end_time":"45.12","alternatives":[{"confidence":"0.6209","content":"김정은"}],"type":"pronunciation"},{"start_time":"45.12","end_time":"46.0","alternatives":[{"confidence":"0.9723999999999999","content":"일당이"}],"type":"pronunciation"},{"start_time":"46.38","end_time":"47.05","alternatives":[{"confidence":"1.0","content":"불법으로"}],"type":"pronunciation"},{"start_time":"47.05","end_time":"47.41","alternatives":[{"confidence":"0.9998","content":"만든"}],"type":"pronunciation"},{"start_time":"47.41","end_time":"48.47","alternatives":[{"confidence":"0.97495","content":"통장가지고"}],"type":"pronunciation"},{"start_time":"48.63","end_time":"49.18","alternatives":[{"confidence":"1.0","content":"우리가"}],"type":"pronunciation"},{"start_time":"49.18","end_time":"49.56","alternatives":[{"confidence":"0.9903","content":"또"}],"type":"pronunciation"},{"start_time":"49.99","end_time":"50.22","alternatives":[{"confidence":"0.494","content":"보호"}],"type":"pronunciation"},{"start_time":"50.22","end_time":"50.58","alternatives":[{"confidence":"0.8363","content":"조치할"}],"type":"pronunciation"},{"start_time":"50.58","end_time":"50.97","alternatives":[{"confidence":"0.9776","content":"수는"}],"type":"pronunciation"},{"start_time":"50.97","end_time":"51.21","alternatives":[{"confidence":"0.9166","content":"없는"}],"type":"pronunciation"},{"start_time":"51.21","end_time":"51.3","alternatives":[{"confidence":"0.8432","content":"거"}],"type":"pronunciation"},{"start_time":"51.3","end_time":"52.19","alternatives":[{"confidence":"0.3251","content":"아니예요"}],"type":"pronunciation"},{"alternatives":[{"confidence":"0.0","content":"."}],"type":"punctuation"},{"start_time":"52.99","end_time":"53.71","alternatives":[{"confidence":"0.9973","content":"그래서"}],"type":"pronunciation"},{"start_time":"54.43","end_time":"54.61","alternatives":[{"confidence":"0.9675","content":"이제"}],"type":"pronunciation"},{"start_time":"54.61","end_time":"54.93","alternatives":[{"confidence":"0.993","content":"묻는"}],"type":"pronunciation"},{"start_time":"54.93","end_time":"55.32","alternatives":[{"confidence":"0.8868","content":"거예요"}],"type":"pronunciation"},{"alternatives":[{"confidence":"0.0","content":"."}],"type":"punctuation"},{"start_time":"55.35","end_time":"56.48","alternatives":[{"confidence":"0.6726000000000001","content":"우리은행의"}],"type":"pronunciation"},{"start_time":"57.16","end_time":"57.73","alternatives":[{"confidence":"0.1843","content":"우리은행"}],"type":"pronunciation"},{"start_time":"57.74","end_time":"58.1","alternatives":[{"confidence":"0.9984999999999999","content":"계좌가"}],"type":"pronunciation"},{"start_time":"58.1","end_time":"58.3","alternatives":[{"confidence":"0.9986","content":"몇"}],"type":"pronunciation"},{"start_time":"58.3","end_time":"58.43","alternatives":[{"confidence":"0.9909","content":"개"}],"type":"pronunciation"},{"start_time":"58.43","end_time":"58.89","alternatives":[{"confidence":"0.9993","content":"있어요"}],"type":"pronunciation"},{"alternatives":[{"confidence":"0.0","content":"."}],"type":"punctuation"},{"start_time":"61.38","end_time":"61.66","alternatives":[{"confidence":"0.9752","content":"그냥"}],"type":"pronunciation"},{"start_time":"61.66","end_time":"63.84","alternatives":[{"confidence":"0.785875","content":"얘기예금총장이요"}],"type":"pronunciation"},{"start_time":"64.7","end_time":"65.24","alternatives":[{"confidence":"0.8932333333333333","content":"입출금"}],"type":"pronunciation"},{"start_time":"65.24","end_time":"68.45","alternatives":[{"confidence":"0.72435","content":"통장두"}],"type":"pronunciation"},{"start_time":"68.45","end_time":"70.43","alternatives":[{"confidence":"0.16585","content":"개에요"}],"type":"pronunciation"},{"start_time":"73.98","end_time":"77.43","alternatives":[{"confidence":"0.544775","content":"농협농협농협잘"}],"type":"pronunciation"},{"start_time":"77.43","end_time":"77.89","alternatives":[{"confidence":"0.9999","content":"모르겠어요"}],"type":"pronunciation"},{"alternatives":[{"confidence":"0.0","content":"."}],"type":"punctuation"},{"start_time":"77.89","end_time":"78.19","alternatives":[{"confidence":"0.3092","content":"두세"}],"type":"pronunciation"},{"start_time":"78.19","end_time":"78.39","alternatives":[{"confidence":"0.421","content":"개의"}],"type":"pronunciation"},{"start_time":"78.39","end_time":"78.61","alternatives":[{"confidence":"0.9884","content":"있는"}],"type":"pronunciation"},{"start_time":"78.61","end_time":"78.71","alternatives":[{"confidence":"0.9601","content":"것"}],"type":"pronunciation"},{"start_time":"78.71","end_time":"79.19","alternatives":[{"confidence":"0.9968","content":"같은데"}],"type":"pronunciation"},{"start_time":"80.36","end_time":"80.81","alternatives":[{"confidence":"1.0","content":"본인이"}],"type":"pronunciation"},{"start_time":"80.81","end_time":"81.71","alternatives":[{"confidence":"0.8477","content":"사용하는지"}],"type":"pronunciation"},{"start_time":"81.77","end_time":"82.45","alternatives":[{"confidence":"0.5676","content":"만들어"}],"type":"pronunciation"},{"start_time":"82.45","end_time":"82.67","alternatives":[{"confidence":"0.993","content":"놓고"}],"type":"pronunciation"},{"start_time":"82.67","end_time":"83.13","alternatives":[{"confidence":"0.9978","content":"사용하지"}],"type":"pronunciation"},{"start_time":"83.13","end_time":"83.35","alternatives":[{"confidence":"0.6553","content":"않은"}],"type":"pronunciation"},{"start_time":"83.35","end_time":"83.97","alternatives":[{"confidence":"0.996","content":"통장은"}],"type":"pronunciation"},{"start_time":"84.0","end_time":"84.26","alternatives":[{"confidence":"0.6384","content":"지급"}],"type":"pronunciation"},{"start_time":"84.26","end_time":"84.82","alternatives":[{"confidence":"0.5502666666666667","content":"정지시켜도"}],"type":"pronunciation"},{"start_time":"84.82","end_time":"85.27","alternatives":[{"confidence":"0.9543","content":"장관은"}],"type":"pronunciation"},{"start_time":"85.27","end_time":"86.37","alternatives":[{"confidence":"0.9999","content":"없잖아요"}],"type":"pronunciation"},{"alternatives":[{"confidence":"0.0","content":"."}],"type":"punctuation"},{"start_time":"86.49","end_time":"86.76","alternatives":[{"confidence":"0.3267","content":"하나"}],"type":"pronunciation"},{"start_time":"87.71","end_time":"87.98","alternatives":[{"confidence":"0.2995","content":"하나"}],"type":"pronunciation"},{"start_time":"87.98","end_time":"88.18","alternatives":[{"confidence":"0.3001","content":"하나"}],"type":"pronunciation"},{"start_time":"88.83","end_time":"89.2","alternatives":[{"confidence":"0.6426","content":"농협"}],"type":"pronunciation"},{"start_time":"89.31","end_time":"90.31","alternatives":[{"confidence":"0.8405","content":"하나있어요"}],"type":"pronunciation"},{"start_time":"91.03","end_time":"91.48","alternatives":[{"confidence":"0.3765666666666667","content":"입출금"}],"type":"pronunciation"},{"start_time":"91.48","end_time":"91.83","alternatives":[{"confidence":"0.2438","content":"으로"}],"type":"pronunciation"},{"start_time":"93.64","end_time":"93.75","alternatives":[{"confidence":"0.7016","content":"그"}],"type":"pronunciation"},{"start_time":"93.75","end_time":"94.15","alternatives":[{"confidence":"0.9991","content":"다음에"}],"type":"pronunciation"},{"start_time":"94.15","end_time":"94.46","alternatives":[{"confidence":"0.2917","content":"하나"}],"type":"pronunciation"},{"start_time":"94.46","end_time":"94.82","alternatives":[{"confidence":"0.3146","content":"은행은"}],"type":"pronunciation"},{"start_time":"95.23","end_time":"96.25","alternatives":[{"confidence":"0.84335","content":"하나은행은"}],"type":"pronunciation"},{"start_time":"96.5","end_time":"97.1","alternatives":[{"confidence":"0.9321","content":"하나요"}],"type":"pronunciation"},{"alternatives":[{"confidence":"0.0","content":"?"}],"type":"punctuation"},{"start_time":"97.98","end_time":"98.26","alternatives":[{"confidence":"0.9477","content":"하나"}],"type":"pronunciation"},{"start_time":"98.26","end_time":"98.67","alternatives":[{"confidence":"0.9996","content":"있는데"}],"type":"pronunciation"},{"start_time":"98.67","end_time":"98.97","alternatives":[{"confidence":"0.9015","content":"이거는"}],"type":"pronunciation"},{"start_time":"98.97","end_time":"99.33","alternatives":[{"confidence":"0.9756","content":"사용을"}],"type":"pronunciation"},{"start_time":"99.33","end_time":"99.43","alternatives":[{"confidence":"0.8829","content":"안"}],"type":"pronunciation"},{"start_time":"99.43","end_time":"99.74","alternatives":[{"confidence":"0.844","content":"한다"}],"type":"pronunciation"},{"alternatives":[{"confidence":"0.0","content":"."}],"type":"punctuation"},{"start_time":"99.93","end_time":"100.05","alternatives":[{"confidence":"0.1039","content":"네"}],"type":"pronunciation"},{"alternatives":[{"confidence":"0.0","content":","}],"type":"punctuation"},{"start_time":"101.2","end_time":"102.24","alternatives":[{"confidence":"0.9934","content":"알겠습니다"}],"type":"pronunciation"},{"alternatives":[{"confidence":"0.0","content":"."}],"type":"punctuation"},{"start_time":"102.24","end_time":"102.44","alternatives":[{"confidence":"0.926","content":"이건"}],"type":"pronunciation"},{"start_time":"102.44","end_time":"102.6","alternatives":[{"confidence":"0.7171","content":"뭐"}],"type":"pronunciation"},{"start_time":"102.99","end_time":"103.21","alternatives":[{"confidence":"0.3723","content":"지금"}],"type":"pronunciation"},{"start_time":"103.98","end_time":"104.29","alternatives":[{"confidence":"0.9854","content":"뭐"}],"type":"pronunciation"},{"start_time":"104.32","end_time":"104.61","alternatives":[{"confidence":"0.8558","content":"사용"}],"type":"pronunciation"},{"start_time":"104.61","end_time":"104.97","alternatives":[{"confidence":"0.84605","content":"안하니까"}],"type":"pronunciation"},{"start_time":"104.97","end_time":"105.25","alternatives":[{"confidence":"0.9666","content":"상관"}],"type":"pronunciation"},{"start_time":"105.25","end_time":"106.09","alternatives":[{"confidence":"0.9997","content":"없잖아요"}],"type":"pronunciation"},{"alternatives":[{"confidence":"0.0","content":"."}],"type":"punctuation"},{"start_time":"106.97","end_time":"107.48","alternatives":[{"confidence":"0.265","content":"중요하게"}],"type":"pronunciation"},{"start_time":"107.48","end_time":"107.69","alternatives":[{"confidence":"0.9745","content":"지금"}],"type":"pronunciation"},{"start_time":"107.69","end_time":"108.23","alternatives":[{"confidence":"0.999","content":"사용하는"}],"type":"pronunciation"},{"start_time":"108.23","end_time":"109.25","alternatives":[{"confidence":"0.7503","content":"통장만"}],"type":"pronunciation"},{"start_time":"109.68","end_time":"110.02","alternatives":[{"confidence":"0.4376","content":"보호"}],"type":"pronunciation"},{"start_time":"110.02","end_time":"110.34","alternatives":[{"confidence":"0.3208","content":"조치해"}],"type":"pronunciation"},{"start_time":"110.34","end_time":"110.63","alternatives":[{"confidence":"0.7337499999999999","content":"드리면"}],"type":"pronunciation"},{"start_time":"110.63","end_time":"111.05","alternatives":[{"confidence":"0.9974","content":"되잖아요"}],"type":"pronunciation"},{"alternatives":[{"confidence":"0.0","content":"."}],"type":"punctuation"},{"start_time":"111.05","end_time":"111.51","alternatives":[{"confidence":"0.9993","content":"나머지는"}],"type":"pronunciation"},{"start_time":"111.51","end_time":"112.35","alternatives":[{"confidence":"1.0","content":"불법으로"}],"type":"pronunciation"},{"start_time":"113.23","end_time":"113.53","alternatives":[{"confidence":"0.1737","content":"생각을"}],"type":"pronunciation"},{"start_time":"113.53","end_time":"113.63","alternatives":[{"confidence":"0.7094","content":"다"}],"type":"pronunciation"},{"start_time":"113.63","end_time":"114.59","alternatives":[{"confidence":"0.8780666666666667","content":"지급조치하고"}],"type":"pronunciation"},{"alternatives":[{"confidence":"0.0","content":"."}],"type":"punctuation"},{"start_time":"114.59","end_time":"114.84","alternatives":[{"confidence":"0.5349","content":"지급"}],"type":"pronunciation"},{"start_time":"114.84","end_time":"115.46","alternatives":[{"confidence":"0.989","content":"정지시키고"}],"type":"pronunciation"},{"start_time":"115.46","end_time":"115.91","alternatives":[{"confidence":"0.9822","content":"조사하면"}],"type":"pronunciation"},{"start_time":"115.91","end_time":"116.31","alternatives":[{"confidence":"1.0","content":"되잖아요"}],"type":"pronunciation"},{"alternatives":[{"confidence":"0.0","content":"."}],"type":"punctuation"},{"start_time":"116.31","end_time":"116.7","alternatives":[{"confidence":"0.5198","content":"저희들이"}],"type":"pronunciation"},{"start_time":"117.48","end_time":"117.86","alternatives":[{"confidence":"0.7336","content":"그죠"}],"type":"pronunciation"},{"alternatives":[{"confidence":"0.0","content":"?"}],"type":"punctuation"},{"start_time":"118.78","end_time":"119.08","alternatives":[{"confidence":"0.8396","content":"그러면"}],"type":"pronunciation"},{"start_time":"119.08","end_time":"120.39","alternatives":[{"confidence":"0.916775","content":"우리은행입출금"}],"type":"pronunciation"},{"start_time":"120.39","end_time":"120.83","alternatives":[{"confidence":"0.7276","content":"통장두"}],"type":"pronunciation"},{"start_time":"120.83","end_time":"120.93","alternatives":[{"confidence":"0.4392","content":"개"}],"type":"pronunciation"},{"start_time":"120.93","end_time":"121.2","alternatives":[{"confidence":"0.9991","content":"있다고"}],"type":"pronunciation"},{"start_time":"121.2","end_time":"122.13","alternatives":[{"confidence":"1.0","content":"했어요"}],"type":"pronunciation"},{"alternatives":[{"confidence":"0.0","content":"."}],"type":"punctuation"},{"start_time":"122.98","end_time":"124.04","alternatives":[{"confidence":"0.9061","content":"잃최근"}],"type":"pronunciation"},{"start_time":"124.04","end_time":"124.58","alternatives":[{"confidence":"0.999","content":"사용하고"}],"type":"pronunciation"},{"start_time":"124.58","end_time":"124.88","alternatives":[{"confidence":"0.9996","content":"남은"}],"type":"pronunciation"},{"start_time":"124.88","end_time":"125.21","alternatives":[{"confidence":"0.5776","content":"자녀에게"}],"type":"pronunciation"},{"start_time":"125.21","end_time":"125.43","alternatives":[{"confidence":"0.6401","content":"얼마"}],"type":"pronunciation"},{"start_time":"125.43","end_time":"125.7","alternatives":[{"confidence":"0.9344","content":"정도"}],"type":"pronunciation"},{"start_time":"125.7","end_time":"126.24","alternatives":[{"confidence":"0.9999","content":"있을까요"}],"type":"pronunciation"},{"alternatives":[{"confidence":"0.0","content":"?"}],"type":"punctuation"},{"start_time":"126.27","end_time":"126.74","alternatives":[{"confidence":"0.9979","content":"그러면"}],"type":"pronunciation"},{"start_time":"127.58","end_time":"128.24","alternatives":[{"confidence":"0.99625","content":"통장이라고"}],"type":"pronunciation"},{"start_time":"128.24","end_time":"129.26","alternatives":[{"confidence":"0.9128","content":"인정해드릴까요"}],"type":"pronunciation"},{"start_time":"130.34","end_time":"130.5","alternatives":[{"confidence":"0.9697","content":"잘"}],"type":"pronunciation"},{"start_time":"130.5","end_time":"131.16","alternatives":[{"confidence":"0.9975","content":"모르겠는데"}],"type":"pronunciation"},{"start_time":"132.38","end_time":"132.73","alternatives":[{"confidence":"0.9731","content":"최근"}],"type":"pronunciation"},{"start_time":"132.73","end_time":"133.75","alternatives":[{"confidence":"1.0","content":"사용하고"}],"type":"pronunciation"},{"start_time":"134.12","end_time":"134.62","alternatives":[{"confidence":"0.97605","content":"통장에"}],"type":"pronunciation"},{"start_time":"134.62","end_time":"135.22","alternatives":[{"confidence":"0.7194","content":"얼마정도"}],"type":"pronunciation"},{"start_time":"135.22","end_time":"135.67","alternatives":[{"confidence":"0.78175","content":"십만원"}],"type":"pronunciation"},{"start_time":"135.67","end_time":"136.89","alternatives":[{"confidence":"0.5097499999999999","content":"미만이십"}],"type":"pronunciation"},{"start_time":"136.89","end_time":"137.15","alternatives":[{"confidence":"0.6878","content":"만원"}],"type":"pronunciation"},{"start_time":"137.15","end_time":"138.37","alternatives":[{"confidence":"0.8282499999999999","content":"미만이렇게"}],"type":"pronunciation"},{"start_time":"138.37","end_time":"139.01","alternatives":[{"confidence":"0.7753","content":"말씀하셨던"}],"type":"pronunciation"},{"start_time":"140.12","end_time":"140.51","alternatives":[{"confidence":"0.0228","content":"30"}],"type":"pronunciation"},{"start_time":"140.51","end_time":"140.66","alternatives":[{"confidence":"0.0149","content":"만"}],"type":"pronunciation"},{"start_time":"141.26","end_time":"141.53","alternatives":[{"confidence":"0.004","content":"이십"}],"type":"pronunciation"},{"start_time":"141.53","end_time":"141.9","alternatives":[{"confidence":"0.0068","content":"만원"}],"type":"pronunciation"},{"start_time":"142.91","end_time":"143.19","alternatives":[{"confidence":"0.3942","content":"이십"}],"type":"pronunciation"},{"start_time":"143.19","end_time":"143.48","alternatives":[{"confidence":"0.7127","content":"만원"}],"type":"pronunciation"},{"start_time":"143.48","end_time":"144.85","alternatives":[{"confidence":"0.78915","content":"미만또"}],"type":"pronunciation"},{"start_time":"144.85","end_time":"145.19","alternatives":[{"confidence":"0.9712","content":"하나"}],"type":"pronunciation"},{"start_time":"147.72","end_time":"147.94","alternatives":[{"confidence":"0.0315","content":"이건"}],"type":"pronunciation"},{"start_time":"147.94","end_time":"148.53","alternatives":[{"confidence":"0.789","content":"없고"}],"type":"pronunciation"},{"start_time":"148.89","end_time":"149.53","alternatives":[{"confidence":"0.13655","content":"농협은요"}],"type":"pronunciation"},{"start_time":"152.07","end_time":"152.58","alternatives":[{"confidence":"1.0","content":"없어요"}],"type":"pronunciation"},{"alternatives":[{"confidence":"0.0","content":"."}],"type":"punctuation"},{"start_time":"152.58","end_time":"152.94","alternatives":[{"confidence":"1.0","content":"그러면"}],"type":"pronunciation"},{"start_time":"153.3","end_time":"153.55","alternatives":[{"confidence":"0.5971","content":"우리"}],"type":"pronunciation"},{"start_time":"153.55","end_time":"153.78","alternatives":[{"confidence":"0.4874","content":"은행"}],"type":"pronunciation"},{"start_time":"153.78","end_time":"154.19","alternatives":[{"confidence":"0.82545","content":"통장하나"}],"type":"pronunciation"},{"start_time":"154.19","end_time":"154.63","alternatives":[{"confidence":"0.8432000000000001","content":"입출금"}],"type":"pronunciation"},{"start_time":"154.63","end_time":"155.0","alternatives":[{"confidence":"0.75335","content":"통장에"}],"type":"pronunciation"},{"start_time":"155.0","end_time":"155.46","alternatives":[{"confidence":"0.9735","content":"이십만원"}],"type":"pronunciation"},{"start_time":"155.46","end_time":"155.99","alternatives":[{"confidence":"0.7987","content":"미만밖에"}],"type":"pronunciation"},{"start_time":"155.99","end_time":"156.37","alternatives":[{"confidence":"0.4323","content":"없다"}],"type":"pronunciation"},{"start_time":"157.53","end_time":"158.16","alternatives":[{"confidence":"0.95765","content":"교통량만"}],"type":"pronunciation"},{"start_time":"158.16","end_time":"158.51","alternatives":[{"confidence":"0.7402","content":"인정해"}],"type":"pronunciation"},{"start_time":"158.51","end_time":"158.71","alternatives":[{"confidence":"0.9849","content":"드리고"}],"type":"pronunciation"},{"start_time":"158.71","end_time":"159.39","alternatives":[{"confidence":"1.0","content":"나머지는"}],"type":"pronunciation"},{"start_time":"159.42","end_time":"160.35","alternatives":[{"confidence":"0.6824333333333333","content":"지급경제도"}],"type":"pronunciation"},{"start_time":"160.75","end_time":"161.16","alternatives":[{"confidence":"1.0","content":"상관이"}],"type":"pronunciation"},{"start_time":"161.16","end_time":"161.62","alternatives":[{"confidence":"0.7051","content":"없다"}],"type":"pronunciation"},{"start_time":"162.2","end_time":"162.42","alternatives":[{"confidence":"0.7589","content":"이렇게"}],"type":"pronunciation"},{"start_time":"162.42","end_time":"162.75","alternatives":[{"confidence":"0.8653","content":"하시는"}],"type":"pronunciation"},{"start_time":"162.75","end_time":"163.55","alternatives":[{"confidence":"0.9998","content":"거죠"}],"type":"pronunciation"},{"alternatives":[{"confidence":"0.0","content":"."}],"type":"punctuation"},{"start_time":"164.23","end_time":"164.78","alternatives":[{"confidence":"0.9998","content":"알겠습니다"}],"type":"pronunciation"},{"alternatives":[{"confidence":"0.0","content":"."}],"type":"punctuation"},{"start_time":"164.78","end_time":"165.08","alternatives":[{"confidence":"1.0","content":"일단"}],"type":"pronunciation"},{"start_time":"165.08","end_time":"165.77","alternatives":[{"confidence":"0.8713500000000001","content":"금융감독원에"}],"type":"pronunciation"},{"start_time":"165.77","end_time":"166.67","alternatives":[{"confidence":"0.7987","content":"통보해보고"}],"type":"pronunciation"},{"start_time":"166.67","end_time":"167.17","alternatives":[{"confidence":"0.996","content":"다시"}],"type":"pronunciation"},{"start_time":"167.62","end_time":"168.6","alternatives":[{"confidence":"0.9601","content":"거짓인"}],"type":"pronunciation"},{"start_time":"168.6","end_time":"168.89","alternatives":[{"confidence":"0.4595","content":"마음"}],"type":"pronunciation"},{"start_time":"168.89","end_time":"169.01","alternatives":[{"confidence":"0.7956","content":"나"}],"type":"pronunciation"},{"start_time":"169.01","end_time":"169.29","alternatives":[{"confidence":"0.5044","content":"이런거"}],"type":"pronunciation"},{"start_time":"169.29","end_time":"169.66","alternatives":[{"confidence":"0.554","content":"확인해"}],"type":"pronunciation"},{"start_time":"169.66","end_time":"170.1","alternatives":[{"confidence":"0.5699000000000001","content":"보고요"}],"type":"pronunciation"},{"alternatives":[{"confidence":"0.0","content":"."}],"type":"punctuation"},{"start_time":"170.13","end_time":"170.38","alternatives":[{"confidence":"0.9976","content":"다시"}],"type":"pronunciation"},{"start_time":"170.38","end_time":"171.5","alternatives":[{"confidence":"0.8149500000000001","content":"연락드리겠습니다"}],"type":"pronunciation"},{"alternatives":[{"confidence":"0.0","content":"."}],"type":"punctuation"},{"start_time":"172.92","end_time":"173.25","alternatives":[{"confidence":"0.6931","content":"네"}],"type":"pronunciation"},{"alternatives":[{"confidence":"0.0","content":"."}],"type":"punctuation"},{"start_time":"173.36","end_time":"173.57","alternatives":[{"confidence":"0.2515","content":"이"}],"type":"pronunciation"},{"start_time":"173.57","end_time":"174.13","alternatives":[{"confidence":"0.9927","content":"선생님이"}],"type":"pronunciation"},{"start_time":"174.13","end_time":"174.32","alternatives":[{"confidence":"0.4197","content":"그거"}],"type":"pronunciation"},{"start_time":"175.31","end_time":"176.26","alternatives":[{"confidence":"0.9999","content":"진짜인지"}],"type":"pronunciation"},{"start_time":"176.63","end_time":"176.7","alternatives":[{"confidence":"0.9249","content":"알"}],"type":"pronunciation"},{"start_time":"176.7","end_time":"176.81","alternatives":[{"confidence":"1.0","content":"수"}],"type":"pronunciation"},{"start_time":"176.81","end_time":"177.2","alternatives":[{"confidence":"1.0","content":"있는"}],"type":"pronunciation"},{"start_time":"177.2","end_time":"177.75","alternatives":[{"confidence":"0.9998","content":"방법은"}],"type":"pronunciation"},{"start_time":"177.75","end_time":"177.94","alternatives":[{"confidence":"0.3227","content":"그"}],"type":"pronunciation"},{"start_time":"177.94","end_time":"178.3","alternatives":[{"confidence":"0.9861","content":"사이트"}],"type":"pronunciation"},{"start_time":"178.3","end_time":"178.66","alternatives":[{"confidence":"0.9999","content":"들어가서"}],"type":"pronunciation"},{"start_time":"178.66","end_time":"179.05","alternatives":[{"confidence":"0.914","content":"확인하는"}],"type":"pronunciation"},{"start_time":"179.05","end_time":"179.31","alternatives":[{"confidence":"0.7433","content":"방법"}],"type":"pronunciation"},{"start_time":"179.31","end_time":"179.52","alternatives":[{"confidence":"1.0","content":"밖에"}],"type":"pronunciation"},{"start_time":"179.52","end_time":"179.97","alternatives":[{"confidence":"0.9995","content":"없어요"}],"type":"pronunciation"},{"alternatives":[{"confidence":"0.0","content":"."}],"type":"punctuation"},{"start_time":"181.02","end_time":"181.47","alternatives":[{"confidence":"0.8925","content":"어떻게"}],"type":"pronunciation"},{"start_time":"181.7","end_time":"181.81","alternatives":[{"confidence":"0.4264","content":"이"}],"type":"pronunciation"},{"start_time":"181.81","end_time":"182.14","alternatives":[{"confidence":"0.9918","content":"번호로"}],"type":"pronunciation"},{"start_time":"182.14","end_time":"182.5","alternatives":[{"confidence":"0.996","content":"전화를"}],"type":"pronunciation"},{"start_time":"182.5","end_time":"183.24","alternatives":[{"confidence":"0.7536666666666667","content":"하시든지요"}],"type":"pronunciation"},{"alternatives":[{"confidence":"0.0","content":"?"}],"type":"punctuation"},{"start_time":"183.49","end_time":"183.8","alternatives":[{"confidence":"0.7738","content":"그런데"}],"type":"pronunciation"},{"start_time":"183.8","end_time":"183.9","alternatives":[{"confidence":"0.747","content":"이"}],"type":"pronunciation"},{"start_time":"183.9","end_time":"184.26","alternatives":[{"confidence":"0.9914","content":"번호가"}],"type":"pronunciation"},{"start_time":"184.26","end_time":"184.64","alternatives":[{"confidence":"0.9958","content":"지금"}],"type":"pronunciation"},{"start_time":"184.64","end_time":"185.19","alternatives":[{"confidence":"1.0","content":"전국적으로"}],"type":"pronunciation"},{"start_time":"185.19","end_time":"185.31","alternatives":[{"confidence":"0.9842","content":"한"}],"type":"pronunciation"},{"start_time":"185.31","end_time":"186.3","alternatives":[{"confidence":"0.9421","content":"이백명이"}],"type":"pronunciation"},{"start_time":"186.73","end_time":"186.87","alternatives":[{"confidence":"0.357","content":"를"}],"type":"pronunciation"},{"start_time":"186.87","end_time":"187.56","alternatives":[{"confidence":"0.9484","content":"봐서"}],"type":"pronunciation"},{"start_time":"188.09","end_time":"188.3","alternatives":[{"confidence":"0.9114","content":"안"}],"type":"pronunciation"},{"start_time":"188.3","end_time":"188.47","alternatives":[{"confidence":"0.9669","content":"될"}],"type":"pronunciation"},{"start_time":"188.47","end_time":"188.68","alternatives":[{"confidence":"1.0","content":"수가"}],"type":"pronunciation"},{"start_time":"188.68","end_time":"189.25","alternatives":[{"confidence":"0.9995","content":"있어요"}],"type":"pronunciation"},{"alternatives":[{"confidence":"0.0","content":"."}],"type":"punctuation"},{"start_time":"190.1","end_time":"190.26","alternatives":[{"confidence":"0.9783","content":"저"}],"type":"pronunciation"},{"start_time":"190.26","end_time":"190.58","alternatives":[{"confidence":"1.0","content":"같은"}],"type":"pronunciation"},{"start_time":"190.58","end_time":"190.87","alternatives":[{"confidence":"0.9124","content":"사람이"}],"type":"pronunciation"},{"start_time":"190.87","end_time":"191.41","alternatives":[{"confidence":"0.7372","content":"이백명이나"}],"type":"pronunciation"},{"start_time":"191.41","end_time":"191.86","alternatives":[{"confidence":"0.9114","content":"있다고요"}],"type":"pronunciation"},{"alternatives":[{"confidence":"0.0","content":"."}],"type":"punctuation"},{"start_time":"193.12","end_time":"193.41","alternatives":[{"confidence":"0.1217","content":"그런"}],"type":"pronunciation"},{"start_time":"193.41","end_time":"193.73","alternatives":[{"confidence":"0.1217","content":"식으로"}],"type":"pronunciation"},{"start_time":"193.79","end_time":"193.98","alternatives":[{"confidence":"0.1337","content":"지금"}],"type":"pronunciation"},{"start_time":"194.37","end_time":"195.02","alternatives":[{"confidence":"0.6751","content":"으로"}],"type":"pronunciation"},{"start_time":"195.78","end_time":"196.58","alternatives":[{"confidence":"0.9720666666666666","content":"통장압수한"}],"type":"pronunciation"},{"start_time":"196.58","end_time":"196.67","alternatives":[{"confidence":"0.9335","content":"게"}],"type":"pronunciation"},{"start_time":"196.67","end_time":"196.93","alternatives":[{"confidence":"0.9999","content":"그렇게"}],"type":"pronunciation"},{"start_time":"196.93","end_time":"197.54","alternatives":[{"confidence":"0.8678","content":"많다고요"}],"type":"pronunciation"},{"alternatives":[{"confidence":"0.0","content":"."}],"type":"punctuation"},{"start_time":"197.54","end_time":"197.96","alternatives":[{"confidence":"0.9891","content":"지금"}],"type":"pronunciation"},{"start_time":"198.27","end_time":"198.53","alternatives":[{"confidence":"0.8976","content":"그래서"}],"type":"pronunciation"},{"start_time":"198.53","end_time":"199.01","alternatives":[{"confidence":"0.6094","content":"사건"}],"type":"pronunciation"}]},"status":"COMPLETED"}