{"jobName":"transcribes149","accountId":"097989105209","results":{"transcripts":[{"transcript":"네, 여기 서울중앙지검이고 첨단범죄수사팀 이상한 수사관입니다 다음 본인과 연루된 명예사건 때문에 여기까지 와서 연락드렸습니다 지금 통화가 안 하십니까? 네. 본인께서 혹시 김동철 이라고 하시는 분입니까? 아니요. 소신사십 대 남성분들 전혀 못 들어보셨어요. 왜냐하면 얼마 전에 저희가 김광철 주범으로 인한 금융범죄사기단을 검거했는데 금고당시 현장에서 대량의 신용카드대표통장들이 파견되었고요. 그 중에서 씨로 된 농협, 신한은행 통장이 현장에서 불법 통장으로 사용된 제가 수정앞섰습니다 계좌를 은행하고도 대전을 해봤는데 확실히 본인 명의로 개설된 통장으로 확인이 괜찮게 고요. 올해 1 월 칠일 경기도 광명시 철산 방에서 개설된 통장인데 본인 열어 보계셨습니까. 네, 어디라고요 농협은행 통장이랑 혹시 최근 월요일 아래 신분증이나 매년 증돈은 지갑몇 건 같은거 분실한 적이 있으십니까? 고서를 다 발급했는데요. 그러니까 그래요. 그럼 혹시 사이트 나 다른 데서 개인정보 유출하신 적이 있으십니까? 정도 수출하신 적 없으시고. 잠깐 에는 본인뿐만 아니고 중국의 백팔십 여명 정도가 열리는 사건이고요. 이 중에 피해자 가해자등이 섞여 있어서 현재 조사 중인데 지금 본인같은 경우에는 현재 가해자인지 피해자인지 조사를 하기 위해서 연락을 드렸습니다. 일단은 본인이 무고한 피해자인지 가해자인지 신분을 밝히기 위해서 몇 가지 질문을 할 건데요 보니 지금 통합이 벗어나지 않으시죠 통합이 불편하신가요 아닌데요. 네. 전반 조사 과정을 녹취 상태로 진행되기 때문에 거짓이나 허위진술하시면 안되겠습니다 출신 사십 세 남자 김동철 이라는 사람은 아십니까? 뇌물을 주고 이천십오 년 일월 칠일 경기도 광명시 철산동 지점에서 농협이랑 신한은행통장을 개설하신 사실이 있습니까? 금속적으로 통장을 개설하고 판단적이 있으십니까? 또 교정은 본인이 직접 개설을 하셨든지 아니면 명의가 도용을 당하셨든지 검거현상에서 발견된 부분이기 때문에 저희가 따로 동결처리 시켰습니다. 이 점에 대해서 본인이 있으십니까? 네. 그러니까 지금 현장에서 발견된 혹시 심하든 농협 신한은행 통장을 지금 명의가 도용당하셨는지 아니면 본인이 직접 개설하셨는지 모르지만 저희가 동결처리 들어가는데 본인이 있으십니까? 공개를 됐고요. 본인이 없으시죠. 네, 알겠습니다. 그러면 본인은 현장에서 발견된 농협이랑 신한은행 주로 어떤 금융권을 사용 하고 계십니까? 하고 씨가 김영이라 직접 개설하신 금융권에 대해서는 상어만 간단하게 진술해주세요 생활랑 간단하게 진술해주세요 씨가 직접 개설하신 금금융권의 대해서요. 지금 여보세요. 우리은행이에요. 우리는 농협신앙. 네. 우리 농협 심한 국민 국민의 광주 공맹. 광주 네. 그러니까 본인이 직접 개설하신. 금융권은 우리은행농협은행 신한은행 국민은행광주은행 나누시죠. 네. 네. 그렇다면 본인은 우리당 같은 경우에는 몇 개 교사가 있으시면 어떤 용도로 사용하고 계십니까? 항상 무슨 로 생각하고 계시죠? 사장님이세요 네, 알겠습니다. 자금 할 때 사용하시고 너무 농협은행 같은 경우에는 몇 개 계좌가 있으시고 어떤 용도로 사용하고 계십니까? 잘 모르겠는데 너무 잘 모르겠습니다. 저도 상하지 않으세요? 다시 사용하는데 몇 개 있는지는 몰라요. 다시 사용하는 것만 게 한둘이 있고. 그러니까 지금 본인이 농협인에게 이런 몇 개 계좌가 있으시고 어떤 용도로 상황했는지를 알아야 지금 조사가 진행이 가능하고요. 그리고 본인이 진술하신 진술하신 부분에 대해서 거짓이 있으면 범표현을 할 수가 있어요. 그래서 본인이 뭐 조회를 해보시든지 아니면 이러셔야 되는데 아니면 본인이 직접 오셔서 조사 받으시든가 이러셔야 됩니다. 그러면 본인 계좌가 있으신지 아주 생각이 안 나시죠. 그럼 저희가 좀 발가능하십니까. 무슨 줘요? 그러니까 제가 있으신본인이 직접 오셔서 저희한테 진출해 주셔야 되는데 지금 저희가 가능하십니까 아니요. 지금 을 합니다. 그러면 일단 본인이 생각하시는 대로만 말씀해주세요. 농협 두 개에요 네. 어떤 교사고 무슨 용도로 사용하고 계시죠? 전부 다 자금이 취하시는. 그리고 신한은행같은 경우에는 의사가 있으시고 어떤 용도로 사용하고 계시죠? 님들사용 안 하시고 홍이 저장같은 경우에는 몇 개수가 어떤 용도로 사용하시죠 사용하는 나머지는 다 사용하네요. 나머지는 그냥 통보방식으로 하시죠. 그렇다면 본인앞으로 접근청약예금계좌가 없으시죠 지금 본인이 진술하시는 건 없으신데. 농협은행 농협최근 하나 만드시는 적 주시고 우리은행의 유출분께서 딱 하나씩 하나씩 건 없으시죠. 그렇다면 넘겨한 에게는 지금 본인이 생각하신 것은 애출근교사 두 개가 두 개랑 측근교사 하나 많으시죠. 그러다 보니까 개설지점이래야 생각하십니까? 올해는 농협시장 국민광수를 어디서 개설하신 거죠? 다 집 앞에서 계산합니다. 이런 지점이시죠 지정농사모르겠는데 몰라요. 지금 전부 다 집 앞에서 괜찮하셨고. 알겠습니다. 그러고 보니 우리 은행이 지금 조율관계자께서 이 차를 대상 하신다고 하시는데 본인이 마지막으로 보실 때 자기를 얼마씩 나오셨죠 반 총장이 돈은 않잖아요. 통장에 돈을 안 넣는다고요 날짜가 안 되면 그때는 네네네. 알겠습니다. 그러니까 지금 진술하신 교육장고가 하나도 없으시죠. 네, 한 십 저희가 만약에 좋아해서 원인이 지금 진술하신거는 자격이 없으시다고 하셨는데 저희가 만약에 진술해서 그, 만약 그 얘기 나오셨다 여러분 철이 되자 까지 본인이 없으시죠 지금까지 진술한 신형 이 사실을 봤습니까? 만약에 진술한 신형 이 사실과 다를 경우 요즘 과 공무집행공유 제가 추가된다는 사실을 알고 계시고요? 네. 네."}],"items":[{"start_time":"0.46","end_time":"1.0","alternatives":[{"confidence":"0.8295","content":"네"}],"type":"pronunciation"},{"alternatives":[{"confidence":"0.0","content":","}],"type":"punctuation"},{"start_time":"2.43","end_time":"2.68","alternatives":[{"confidence":"0.9618","content":"여기"}],"type":"pronunciation"},{"start_time":"2.68","end_time":"4.14","alternatives":[{"confidence":"0.91966","content":"서울중앙지검이고"}],"type":"pronunciation"},{"start_time":"4.17","end_time":"5.59","alternatives":[{"confidence":"0.9386","content":"첨단범죄수사팀"}],"type":"pronunciation"},{"start_time":"5.59","end_time":"5.91","alternatives":[{"confidence":"0.7931","content":"이상한"}],"type":"pronunciation"},{"start_time":"5.91","end_time":"6.79","alternatives":[{"confidence":"0.911","content":"수사관입니다"}],"type":"pronunciation"},{"start_time":"9.01","end_time":"9.3","alternatives":[{"confidence":"0.4388","content":"다음"}],"type":"pronunciation"},{"start_time":"10.44","end_time":"10.79","alternatives":[{"confidence":"0.9015","content":"본인과"}],"type":"pronunciation"},{"start_time":"10.79","end_time":"11.21","alternatives":[{"confidence":"0.999","content":"연루된"}],"type":"pronunciation"},{"start_time":"11.21","end_time":"11.95","alternatives":[{"confidence":"0.61595","content":"명예사건"}],"type":"pronunciation"},{"start_time":"11.95","end_time":"12.55","alternatives":[{"confidence":"0.9846","content":"때문에"}],"type":"pronunciation"},{"start_time":"12.89","end_time":"13.18","alternatives":[{"confidence":"0.7932","content":"여기까지"}],"type":"pronunciation"},{"start_time":"13.61","end_time":"13.78","alternatives":[{"confidence":"0.0189","content":"와서"}],"type":"pronunciation"},{"start_time":"13.78","end_time":"14.65","alternatives":[{"confidence":"0.98715","content":"연락드렸습니다"}],"type":"pronunciation"},{"start_time":"15.35","end_time":"15.56","alternatives":[{"confidence":"0.9999","content":"지금"}],"type":"pronunciation"},{"start_time":"15.56","end_time":"15.9","alternatives":[{"confidence":"0.5093","content":"통화가"}],"type":"pronunciation"},{"start_time":"15.9","end_time":"15.98","alternatives":[{"confidence":"0.3776","content":"안"}],"type":"pronunciation"},{"start_time":"15.98","end_time":"16.5","alternatives":[{"confidence":"0.8875","content":"하십니까"}],"type":"pronunciation"},{"alternatives":[{"confidence":"0.0","content":"?"}],"type":"punctuation"},{"start_time":"17.32","end_time":"17.61","alternatives":[{"confidence":"0.7744","content":"네"}],"type":"pronunciation"},{"alternatives":[{"confidence":"0.0","content":"."}],"type":"punctuation"},{"start_time":"19.63","end_time":"20.13","alternatives":[{"confidence":"0.99475","content":"본인께서"}],"type":"pronunciation"},{"start_time":"20.13","end_time":"20.74","alternatives":[{"confidence":"1.0","content":"혹시"}],"type":"pronunciation"},{"start_time":"20.77","end_time":"21.5","alternatives":[{"confidence":"0.84755","content":"김동철"}],"type":"pronunciation"},{"start_time":"21.5","end_time":"21.78","alternatives":[{"confidence":"0.9524","content":"이라고"}],"type":"pronunciation"},{"start_time":"21.78","end_time":"22.09","alternatives":[{"confidence":"0.7797","content":"하시는"}],"type":"pronunciation"},{"start_time":"22.09","end_time":"22.6","alternatives":[{"confidence":"0.91705","content":"분입니까"}],"type":"pronunciation"},{"alternatives":[{"confidence":"0.0","content":"?"}],"type":"punctuation"},{"start_time":"23.05","end_time":"23.55","alternatives":[{"confidence":"0.9091","content":"아니요"}],"type":"pronunciation"},{"alternatives":[{"confidence":"0.0","content":"."}],"type":"punctuation"},{"start_time":"25.78","end_time":"26.61","alternatives":[{"confidence":"0.7155","content":"소신사십"}],"type":"pronunciation"},{"start_time":"26.77","end_time":"26.86","alternatives":[{"confidence":"0.41","content":"대"}],"type":"pronunciation"},{"start_time":"26.89","end_time":"27.71","alternatives":[{"confidence":"0.8381000000000001","content":"남성분들"}],"type":"pronunciation"},{"start_time":"27.74","end_time":"28.0","alternatives":[{"confidence":"1.0","content":"전혀"}],"type":"pronunciation"},{"start_time":"28.0","end_time":"28.16","alternatives":[{"confidence":"0.9642","content":"못"}],"type":"pronunciation"},{"start_time":"28.16","end_time":"28.92","alternatives":[{"confidence":"0.94795","content":"들어보셨어요"}],"type":"pronunciation"},{"alternatives":[{"confidence":"0.0","content":"."}],"type":"punctuation"},{"start_time":"30.88","end_time":"31.8","alternatives":[{"confidence":"0.9961","content":"왜냐하면"}],"type":"pronunciation"},{"start_time":"32.18","end_time":"32.48","alternatives":[{"confidence":"0.812","content":"얼마"}],"type":"pronunciation"},{"start_time":"32.48","end_time":"32.9","alternatives":[{"confidence":"0.8127","content":"전에"}],"type":"pronunciation"},{"start_time":"32.9","end_time":"33.21","alternatives":[{"confidence":"1.0","content":"저희가"}],"type":"pronunciation"},{"start_time":"33.21","end_time":"33.72","alternatives":[{"confidence":"0.78075","content":"김광철"}],"type":"pronunciation"},{"start_time":"33.72","end_time":"34.19","alternatives":[{"confidence":"0.73785","content":"주범으로"}],"type":"pronunciation"},{"start_time":"34.19","end_time":"34.49","alternatives":[{"confidence":"1.0","content":"인한"}],"type":"pronunciation"},{"start_time":"34.49","end_time":"35.59","alternatives":[{"confidence":"0.9996","content":"금융범죄사기단을"}],"type":"pronunciation"},{"start_time":"35.59","end_time":"36.48","alternatives":[{"confidence":"0.9944500000000001","content":"검거했는데"}],"type":"pronunciation"},{"start_time":"36.89","end_time":"37.6","alternatives":[{"confidence":"0.82275","content":"금고당시"}],"type":"pronunciation"},{"start_time":"37.6","end_time":"38.09","alternatives":[{"confidence":"1.0","content":"현장에서"}],"type":"pronunciation"},{"start_time":"38.09","end_time":"38.45","alternatives":[{"confidence":"0.9998","content":"대량의"}],"type":"pronunciation"},{"start_time":"38.45","end_time":"40.03","alternatives":[{"confidence":"0.7418750000000001","content":"신용카드대표통장들이"}],"type":"pronunciation"},{"start_time":"40.03","end_time":"41.06","alternatives":[{"confidence":"0.9891333333333333","content":"파견되었고요"}],"type":"pronunciation"},{"alternatives":[{"confidence":"0.0","content":"."}],"type":"punctuation"},{"start_time":"41.87","end_time":"42.01","alternatives":[{"confidence":"0.5397","content":"그"}],"type":"pronunciation"},{"start_time":"42.01","end_time":"42.55","alternatives":[{"confidence":"1.0","content":"중에서"}],"type":"pronunciation"},{"start_time":"42.95","end_time":"43.67","alternatives":[{"confidence":"0.09584999999999999","content":"씨로"}],"type":"pronunciation"},{"start_time":"43.67","end_time":"44.03","alternatives":[{"confidence":"0.9337","content":"된"}],"type":"pronunciation"},{"start_time":"44.03","end_time":"44.48","alternatives":[{"confidence":"0.9693","content":"농협"}],"type":"pronunciation"},{"alternatives":[{"confidence":"0.0","content":","}],"type":"punctuation"},{"start_time":"44.48","end_time":"45.05","alternatives":[{"confidence":"0.8822","content":"신한은행"}],"type":"pronunciation"},{"start_time":"45.05","end_time":"45.68","alternatives":[{"confidence":"0.9894000000000001","content":"통장이"}],"type":"pronunciation"},{"start_time":"45.68","end_time":"46.23","alternatives":[{"confidence":"1.0","content":"현장에서"}],"type":"pronunciation"},{"start_time":"46.23","end_time":"46.64","alternatives":[{"confidence":"0.8822","content":"불법"}],"type":"pronunciation"},{"start_time":"46.64","end_time":"47.13","alternatives":[{"confidence":"0.99985","content":"통장으로"}],"type":"pronunciation"},{"start_time":"47.13","end_time":"47.55","alternatives":[{"confidence":"0.6969","content":"사용된"}],"type":"pronunciation"},{"start_time":"47.76","end_time":"48.03","alternatives":[{"confidence":"0.8705","content":"제가"}],"type":"pronunciation"},{"start_time":"48.03","end_time":"49.15","alternatives":[{"confidence":"0.5862666666666666","content":"수정앞섰습니다"}],"type":"pronunciation"},{"start_time":"52.12","end_time":"52.67","alternatives":[{"confidence":"0.9998","content":"계좌를"}],"type":"pronunciation"},{"start_time":"52.67","end_time":"53.17","alternatives":[{"confidence":"0.9554499999999999","content":"은행하고도"}],"type":"pronunciation"},{"start_time":"53.17","end_time":"53.56","alternatives":[{"confidence":"0.95015","content":"대전을"}],"type":"pronunciation"},{"start_time":"53.56","end_time":"54.16","alternatives":[{"confidence":"0.7663","content":"해봤는데"}],"type":"pronunciation"},{"start_time":"54.16","end_time":"54.55","alternatives":[{"confidence":"1.0","content":"확실히"}],"type":"pronunciation"},{"start_time":"54.55","end_time":"54.85","alternatives":[{"confidence":"0.9488","content":"본인"}],"type":"pronunciation"},{"start_time":"54.85","end_time":"55.16","alternatives":[{"confidence":"1.0","content":"명의로"}],"type":"pronunciation"},{"start_time":"55.16","end_time":"55.57","alternatives":[{"confidence":"1.0","content":"개설된"}],"type":"pronunciation"},{"start_time":"55.57","end_time":"56.15","alternatives":[{"confidence":"0.99985","content":"통장으로"}],"type":"pronunciation"},{"start_time":"56.15","end_time":"56.49","alternatives":[{"confidence":"0.9857","content":"확인이"}],"type":"pronunciation"},{"start_time":"56.49","end_time":"56.92","alternatives":[{"confidence":"0.9815499999999999","content":"괜찮게"}],"type":"pronunciation"},{"start_time":"56.92","end_time":"57.47","alternatives":[{"confidence":"0.9648","content":"고요"}],"type":"pronunciation"},{"alternatives":[{"confidence":"0.0","content":"."}],"type":"punctuation"},{"start_time":"58.39","end_time":"59.08","alternatives":[{"confidence":"0.9995","content":"올해"}],"type":"pronunciation"},{"start_time":"59.08","end_time":"59.22","alternatives":[{"confidence":"0.7226","content":"1"}],"type":"pronunciation"},{"start_time":"59.22","end_time":"59.33","alternatives":[{"confidence":"0.9996","content":"월"}],"type":"pronunciation"},{"start_time":"59.33","end_time":"59.82","alternatives":[{"confidence":"0.71295","content":"칠일"}],"type":"pronunciation"},{"start_time":"59.9","end_time":"60.46","alternatives":[{"confidence":"0.9945","content":"경기도"}],"type":"pronunciation"},{"start_time":"60.46","end_time":"60.97","alternatives":[{"confidence":"0.9995499999999999","content":"광명시"}],"type":"pronunciation"},{"start_time":"60.97","end_time":"61.36","alternatives":[{"confidence":"0.67625","content":"철산"}],"type":"pronunciation"},{"start_time":"61.36","end_time":"61.67","alternatives":[{"confidence":"0.6961","content":"방에서"}],"type":"pronunciation"},{"start_time":"61.67","end_time":"62.13","alternatives":[{"confidence":"0.99985","content":"개설된"}],"type":"pronunciation"},{"start_time":"62.13","end_time":"62.69","alternatives":[{"confidence":"0.9365","content":"통장인데"}],"type":"pronunciation"},{"start_time":"62.69","end_time":"62.99","alternatives":[{"confidence":"0.4512","content":"본인"}],"type":"pronunciation"},{"start_time":"62.99","end_time":"63.14","alternatives":[{"confidence":"0.1624","content":"열어"}],"type":"pronunciation"},{"start_time":"63.14","end_time":"63.93","alternatives":[{"confidence":"0.7874","content":"보계셨습니까"}],"type":"pronunciation"},{"alternatives":[{"confidence":"0.0","content":"."}],"type":"punctuation"},{"start_time":"65.21","end_time":"65.43","alternatives":[{"confidence":"0.8369","content":"네"}],"type":"pronunciation"},{"alternatives":[{"confidence":"0.0","content":","}],"type":"punctuation"},{"start_time":"66.21","end_time":"67.2","alternatives":[{"confidence":"0.7797499999999999","content":"어디라고요"}],"type":"pronunciation"},{"start_time":"68.43","end_time":"69.9","alternatives":[{"confidence":"0.33485","content":"농협은행"}],"type":"pronunciation"},{"start_time":"69.9","end_time":"71.47","alternatives":[{"confidence":"0.0265","content":"통장이랑"}],"type":"pronunciation"},{"start_time":"74.46","end_time":"74.69","alternatives":[{"confidence":"0.8804","content":"혹시"}],"type":"pronunciation"},{"start_time":"74.69","end_time":"75.05","alternatives":[{"confidence":"0.8902","content":"최근"}],"type":"pronunciation"},{"start_time":"75.05","end_time":"75.32","alternatives":[{"confidence":"0.4041","content":"월요일"}],"type":"pronunciation"},{"start_time":"75.32","end_time":"75.73","alternatives":[{"confidence":"0.4879","content":"아래"}],"type":"pronunciation"},{"start_time":"75.98","end_time":"76.95","alternatives":[{"confidence":"0.9995499999999999","content":"신분증이나"}],"type":"pronunciation"},{"start_time":"76.95","end_time":"77.27","alternatives":[{"confidence":"0.9602","content":"매년"}],"type":"pronunciation"},{"start_time":"77.27","end_time":"77.73","alternatives":[{"confidence":"0.40545","content":"증돈은"}],"type":"pronunciation"},{"start_time":"77.73","end_time":"78.31","alternatives":[{"confidence":"0.62065","content":"지갑몇"}],"type":"pronunciation"},{"start_time":"78.31","end_time":"78.44","alternatives":[{"confidence":"0.2132","content":"건"}],"type":"pronunciation"},{"start_time":"78.44","end_time":"78.7","alternatives":[{"confidence":"0.4516","content":"같은거"}],"type":"pronunciation"},{"start_time":"78.7","end_time":"79.11","alternatives":[{"confidence":"0.95825","content":"분실한"}],"type":"pronunciation"},{"start_time":"79.11","end_time":"79.26","alternatives":[{"confidence":"1.0","content":"적이"}],"type":"pronunciation"},{"start_time":"79.26","end_time":"79.9","alternatives":[{"confidence":"1.0","content":"있으십니까"}],"type":"pronunciation"},{"alternatives":[{"confidence":"0.0","content":"?"}],"type":"punctuation"},{"start_time":"80.76","end_time":"81.13","alternatives":[{"confidence":"0.61305","content":"고서를"}],"type":"pronunciation"},{"start_time":"81.13","end_time":"81.27","alternatives":[{"confidence":"0.989","content":"다"}],"type":"pronunciation"},{"start_time":"81.27","end_time":"82.18","alternatives":[{"confidence":"0.9998","content":"발급했는데요"}],"type":"pronunciation"},{"alternatives":[{"confidence":"0.0","content":"."}],"type":"punctuation"},{"start_time":"83.83","end_time":"84.24","alternatives":[{"confidence":"0.8848","content":"그러니까"}],"type":"pronunciation"},{"start_time":"85.35","end_time":"85.67","alternatives":[{"confidence":"0.8109","content":"그래요"}],"type":"pronunciation"},{"alternatives":[{"confidence":"0.0","content":"."}],"type":"punctuation"},{"start_time":"90.78","end_time":"90.97","alternatives":[{"confidence":"0.2124","content":"그럼"}],"type":"pronunciation"},{"start_time":"90.97","end_time":"91.54","alternatives":[{"confidence":"1.0","content":"혹시"}],"type":"pronunciation"},{"start_time":"91.57","end_time":"92.02","alternatives":[{"confidence":"0.8535","content":"사이트"}],"type":"pronunciation"},{"start_time":"92.02","end_time":"92.13","alternatives":[{"confidence":"0.8161","content":"나"}],"type":"pronunciation"},{"start_time":"92.13","end_time":"92.37","alternatives":[{"confidence":"0.7664","content":"다른"}],"type":"pronunciation"},{"start_time":"92.37","end_time":"92.58","alternatives":[{"confidence":"0.5532","content":"데서"}],"type":"pronunciation"},{"start_time":"92.58","end_time":"93.33","alternatives":[{"confidence":"0.7854","content":"개인정보"}],"type":"pronunciation"},{"start_time":"93.33","end_time":"93.82","alternatives":[{"confidence":"0.7419","content":"유출하신"}],"type":"pronunciation"},{"start_time":"93.82","end_time":"93.99","alternatives":[{"confidence":"0.9972","content":"적이"}],"type":"pronunciation"},{"start_time":"94.05","end_time":"94.66","alternatives":[{"confidence":"1.0","content":"있으십니까"}],"type":"pronunciation"},{"alternatives":[{"confidence":"0.0","content":"?"}],"type":"punctuation"},{"start_time":"97.65","end_time":"98.13","alternatives":[{"confidence":"0.5423","content":"정도"}],"type":"pronunciation"},{"start_time":"98.22","end_time":"98.62","alternatives":[{"confidence":"0.61095","content":"수출하신"}],"type":"pronunciation"},{"start_time":"98.62","end_time":"98.74","alternatives":[{"confidence":"0.8673","content":"적"}],"type":"pronunciation"},{"start_time":"98.74","end_time":"99.32","alternatives":[{"confidence":"0.95285","content":"없으시고"}],"type":"pronunciation"},{"alternatives":[{"confidence":"0.0","content":"."}],"type":"punctuation"},{"start_time":"103.16","end_time":"103.42","alternatives":[{"confidence":"0.8902","content":"잠깐"}],"type":"pronunciation"},{"start_time":"103.42","end_time":"103.79","alternatives":[{"confidence":"0.9917","content":"에는"}],"type":"pronunciation"},{"start_time":"103.79","end_time":"104.71","alternatives":[{"confidence":"0.6783","content":"본인뿐만"}],"type":"pronunciation"},{"start_time":"104.71","end_time":"105.12","alternatives":[{"confidence":"1.0","content":"아니고"}],"type":"pronunciation"},{"start_time":"105.12","end_time":"105.74","alternatives":[{"confidence":"0.5503","content":"중국의"}],"type":"pronunciation"},{"start_time":"105.74","end_time":"106.16","alternatives":[{"confidence":"0.4038","content":"백팔십"}],"type":"pronunciation"},{"start_time":"106.16","end_time":"106.4","alternatives":[{"confidence":"0.5772","content":"여명"}],"type":"pronunciation"},{"start_time":"106.4","end_time":"106.78","alternatives":[{"confidence":"1.0","content":"정도가"}],"type":"pronunciation"},{"start_time":"106.78","end_time":"107.13","alternatives":[{"confidence":"0.9923","content":"열리는"}],"type":"pronunciation"},{"start_time":"107.13","end_time":"107.96","alternatives":[{"confidence":"0.9422999999999999","content":"사건이고요"}],"type":"pronunciation"},{"alternatives":[{"confidence":"0.0","content":"."}],"type":"punctuation"},{"start_time":"108.76","end_time":"108.89","alternatives":[{"confidence":"0.5237","content":"이"}],"type":"pronunciation"},{"start_time":"108.89","end_time":"109.34","alternatives":[{"confidence":"0.9689","content":"중에"}],"type":"pronunciation"},{"start_time":"109.34","end_time":"109.86","alternatives":[{"confidence":"0.8326","content":"피해자"}],"type":"pronunciation"},{"start_time":"109.86","end_time":"110.51","alternatives":[{"confidence":"0.99935","content":"가해자등이"}],"type":"pronunciation"},{"start_time":"110.51","end_time":"110.79","alternatives":[{"confidence":"0.9793","content":"섞여"}],"type":"pronunciation"},{"start_time":"110.79","end_time":"111.07","alternatives":[{"confidence":"0.9813","content":"있어서"}],"type":"pronunciation"},{"start_time":"111.07","end_time":"111.33","alternatives":[{"confidence":"0.9343","content":"현재"}],"type":"pronunciation"},{"start_time":"111.33","end_time":"111.61","alternatives":[{"confidence":"0.972","content":"조사"}],"type":"pronunciation"},{"start_time":"111.61","end_time":"112.31","alternatives":[{"confidence":"0.9877","content":"중인데"}],"type":"pronunciation"},{"start_time":"113.26","end_time":"113.55","alternatives":[{"confidence":"0.9482","content":"지금"}],"type":"pronunciation"},{"start_time":"113.55","end_time":"114.05","alternatives":[{"confidence":"0.64845","content":"본인같은"}],"type":"pronunciation"},{"start_time":"114.05","end_time":"114.42","alternatives":[{"confidence":"0.9932","content":"경우에는"}],"type":"pronunciation"},{"start_time":"114.42","end_time":"114.63","alternatives":[{"confidence":"0.9846","content":"현재"}],"type":"pronunciation"},{"start_time":"114.63","end_time":"115.31","alternatives":[{"confidence":"0.9999","content":"가해자인지"}],"type":"pronunciation"},{"start_time":"115.31","end_time":"115.9","alternatives":[{"confidence":"0.9987999999999999","content":"피해자인지"}],"type":"pronunciation"},{"start_time":"115.9","end_time":"116.26","alternatives":[{"confidence":"0.9945","content":"조사를"}],"type":"pronunciation"},{"start_time":"116.26","end_time":"116.48","alternatives":[{"confidence":"0.9918","content":"하기"}],"type":"pronunciation"},{"start_time":"116.48","end_time":"116.79","alternatives":[{"confidence":"0.9028","content":"위해서"}],"type":"pronunciation"},{"start_time":"116.79","end_time":"117.09","alternatives":[{"confidence":"1.0","content":"연락을"}],"type":"pronunciation"},{"start_time":"117.09","end_time":"117.82","alternatives":[{"confidence":"0.9834","content":"드렸습니다"}],"type":"pronunciation"},{"alternatives":[{"confidence":"0.0","content":"."}],"type":"punctuation"},{"start_time":"119.6","end_time":"120.11","alternatives":[{"confidence":"1.0","content":"일단은"}],"type":"pronunciation"},{"start_time":"120.11","end_time":"120.46","alternatives":[{"confidence":"0.9999","content":"본인이"}],"type":"pronunciation"},{"start_time":"120.46","end_time":"121.07","alternatives":[{"confidence":"1.0","content":"무고한"}],"type":"pronunciation"},{"start_time":"121.07","end_time":"121.67","alternatives":[{"confidence":"0.9375","content":"피해자인지"}],"type":"pronunciation"},{"start_time":"121.67","end_time":"122.34","alternatives":[{"confidence":"0.98005","content":"가해자인지"}],"type":"pronunciation"},{"start_time":"122.37","end_time":"122.81","alternatives":[{"confidence":"0.9962","content":"신분을"}],"type":"pronunciation"},{"start_time":"122.81","end_time":"123.18","alternatives":[{"confidence":"0.9982500000000001","content":"밝히기"}],"type":"pronunciation"},{"start_time":"123.18","end_time":"123.7","alternatives":[{"confidence":"0.9362","content":"위해서"}],"type":"pronunciation"},{"start_time":"123.98","end_time":"124.11","alternatives":[{"confidence":"0.3988","content":"몇"}],"type":"pronunciation"},{"start_time":"124.11","end_time":"124.33","alternatives":[{"confidence":"0.3987","content":"가지"}],"type":"pronunciation"},{"start_time":"124.33","end_time":"124.69","alternatives":[{"confidence":"0.9971","content":"질문을"}],"type":"pronunciation"},{"start_time":"124.69","end_time":"124.81","alternatives":[{"confidence":"0.9261","content":"할"}],"type":"pronunciation"},{"start_time":"124.81","end_time":"125.49","alternatives":[{"confidence":"0.9996","content":"건데요"}],"type":"pronunciation"},{"start_time":"127.19","end_time":"127.62","alternatives":[{"confidence":"0.9413","content":"보니"}],"type":"pronunciation"},{"start_time":"127.62","end_time":"128.05","alternatives":[{"confidence":"0.9884","content":"지금"}],"type":"pronunciation"},{"start_time":"128.05","end_time":"128.43","alternatives":[{"confidence":"0.84255","content":"통합이"}],"type":"pronunciation"},{"start_time":"128.43","end_time":"128.89","alternatives":[{"confidence":"0.9295","content":"벗어나지"}],"type":"pronunciation"},{"start_time":"128.89","end_time":"129.44","alternatives":[{"confidence":"0.98165","content":"않으시죠"}],"type":"pronunciation"},{"start_time":"131.71","end_time":"132.1","alternatives":[{"confidence":"0.8565499999999999","content":"통합이"}],"type":"pronunciation"},{"start_time":"132.1","end_time":"132.9","alternatives":[{"confidence":"0.9987333333333334","content":"불편하신가요"}],"type":"pronunciation"},{"start_time":"133.55","end_time":"134.09","alternatives":[{"confidence":"0.3498","content":"아닌데요"}],"type":"pronunciation"},{"alternatives":[{"confidence":"0.0","content":"."}],"type":"punctuation"},{"start_time":"134.83","end_time":"135.2","alternatives":[{"confidence":"0.6787","content":"네"}],"type":"pronunciation"},{"alternatives":[{"confidence":"0.0","content":"."}],"type":"punctuation"},{"start_time":"135.8","end_time":"136.09","alternatives":[{"confidence":"0.5077","content":"전반"}],"type":"pronunciation"},{"start_time":"136.09","end_time":"136.31","alternatives":[{"confidence":"0.6695","content":"조사"}],"type":"pronunciation"},{"start_time":"136.31","end_time":"136.71","alternatives":[{"confidence":"0.832","content":"과정을"}],"type":"pronunciation"},{"start_time":"136.71","end_time":"137.1","alternatives":[{"confidence":"0.8794","content":"녹취"}],"type":"pronunciation"},{"start_time":"137.13","end_time":"137.48","alternatives":[{"confidence":"0.9961","content":"상태로"}],"type":"pronunciation"},{"start_time":"137.48","end_time":"137.92","alternatives":[{"confidence":"0.99295","content":"진행되기"}],"type":"pronunciation"},{"start_time":"137.92","end_time":"138.34","alternatives":[{"confidence":"1.0","content":"때문에"}],"type":"pronunciation"},{"start_time":"138.37","end_time":"138.92","alternatives":[{"confidence":"0.9513","content":"거짓이나"}],"type":"pronunciation"},{"start_time":"138.92","end_time":"139.69","alternatives":[{"confidence":"0.6809","content":"허위진술하시면"}],"type":"pronunciation"},{"start_time":"139.69","end_time":"140.37","alternatives":[{"confidence":"0.7206","content":"안되겠습니다"}],"type":"pronunciation"},{"start_time":"144.18","end_time":"144.69","alternatives":[{"confidence":"0.8129","content":"출신"}],"type":"pronunciation"},{"start_time":"144.69","end_time":"144.96","alternatives":[{"confidence":"0.8639","content":"사십"}],"type":"pronunciation"},{"start_time":"144.96","end_time":"145.09","alternatives":[{"confidence":"0.777","content":"세"}],"type":"pronunciation"},{"start_time":"145.09","end_time":"145.5","alternatives":[{"confidence":"0.9481","content":"남자"}],"type":"pronunciation"},{"start_time":"145.53","end_time":"146.28","alternatives":[{"confidence":"0.694","content":"김동철"}],"type":"pronunciation"},{"start_time":"146.28","end_time":"146.54","alternatives":[{"confidence":"0.939","content":"이라는"}],"type":"pronunciation"},{"start_time":"146.54","end_time":"146.86","alternatives":[{"confidence":"0.9568","content":"사람은"}],"type":"pronunciation"},{"start_time":"146.86","end_time":"147.42","alternatives":[{"confidence":"1.0","content":"아십니까"}],"type":"pronunciation"},{"alternatives":[{"confidence":"0.0","content":"?"}],"type":"punctuation"},{"start_time":"149.22","end_time":"149.62","alternatives":[{"confidence":"0.8609","content":"뇌물을"}],"type":"pronunciation"},{"start_time":"149.62","end_time":"149.94","alternatives":[{"confidence":"0.3723","content":"주고"}],"type":"pronunciation"},{"start_time":"151.14","end_time":"152.01","alternatives":[{"confidence":"0.5107","content":"이천십오"}],"type":"pronunciation"},{"start_time":"152.01","end_time":"152.26","alternatives":[{"confidence":"0.9997","content":"년"}],"type":"pronunciation"},{"start_time":"152.26","end_time":"152.59","alternatives":[{"confidence":"0.77285","content":"일월"}],"type":"pronunciation"},{"start_time":"152.59","end_time":"153.06","alternatives":[{"confidence":"0.7794","content":"칠일"}],"type":"pronunciation"},{"start_time":"153.09","end_time":"153.7","alternatives":[{"confidence":"0.9944","content":"경기도"}],"type":"pronunciation"},{"start_time":"153.7","end_time":"154.22","alternatives":[{"confidence":"0.9945999999999999","content":"광명시"}],"type":"pronunciation"},{"start_time":"154.22","end_time":"154.8","alternatives":[{"confidence":"0.843","content":"철산동"}],"type":"pronunciation"},{"start_time":"154.8","end_time":"155.43","alternatives":[{"confidence":"0.9996","content":"지점에서"}],"type":"pronunciation"},{"start_time":"155.43","end_time":"156.03","alternatives":[{"confidence":"0.8153","content":"농협이랑"}],"type":"pronunciation"},{"start_time":"156.03","end_time":"157.01","alternatives":[{"confidence":"0.91515","content":"신한은행통장을"}],"type":"pronunciation"},{"start_time":"157.01","end_time":"157.59","alternatives":[{"confidence":"0.8511","content":"개설하신"}],"type":"pronunciation"},{"start_time":"157.59","end_time":"157.91","alternatives":[{"confidence":"0.9972","content":"사실이"}],"type":"pronunciation"},{"start_time":"157.91","end_time":"158.49","alternatives":[{"confidence":"1.0","content":"있습니까"}],"type":"pronunciation"},{"alternatives":[{"confidence":"0.0","content":"?"}],"type":"punctuation"},{"start_time":"162.14","end_time":"162.76","alternatives":[{"confidence":"0.7519499999999999","content":"금속적으로"}],"type":"pronunciation"},{"start_time":"162.76","end_time":"163.13","alternatives":[{"confidence":"1.0","content":"통장을"}],"type":"pronunciation"},{"start_time":"163.13","end_time":"163.82","alternatives":[{"confidence":"0.99705","content":"개설하고"}],"type":"pronunciation"},{"start_time":"163.94","end_time":"164.44","alternatives":[{"confidence":"0.7589999999999999","content":"판단적이"}],"type":"pronunciation"},{"start_time":"164.44","end_time":"165.1","alternatives":[{"confidence":"1.0","content":"있으십니까"}],"type":"pronunciation"},{"alternatives":[{"confidence":"0.0","content":"?"}],"type":"punctuation"},{"start_time":"168.72","end_time":"168.85","alternatives":[{"confidence":"0.695","content":"또"}],"type":"pronunciation"},{"start_time":"168.85","end_time":"169.43","alternatives":[{"confidence":"0.6865","content":"교정은"}],"type":"pronunciation"},{"start_time":"169.49","end_time":"170.1","alternatives":[{"confidence":"1.0","content":"본인이"}],"type":"pronunciation"},{"start_time":"170.13","end_time":"170.48","alternatives":[{"confidence":"0.9949","content":"직접"}],"type":"pronunciation"},{"start_time":"170.48","end_time":"170.84","alternatives":[{"confidence":"0.9334","content":"개설을"}],"type":"pronunciation"},{"start_time":"170.84","end_time":"171.58","alternatives":[{"confidence":"0.87035","content":"하셨든지"}],"type":"pronunciation"},{"start_time":"171.58","end_time":"171.93","alternatives":[{"confidence":"1.0","content":"아니면"}],"type":"pronunciation"},{"start_time":"171.93","end_time":"172.38","alternatives":[{"confidence":"0.9999","content":"명의가"}],"type":"pronunciation"},{"start_time":"172.38","end_time":"172.72","alternatives":[{"confidence":"0.9998999999999999","content":"도용을"}],"type":"pronunciation"},{"start_time":"172.72","end_time":"173.69","alternatives":[{"confidence":"0.8498","content":"당하셨든지"}],"type":"pronunciation"},{"start_time":"173.72","end_time":"174.66","alternatives":[{"confidence":"0.6997666666666666","content":"검거현상에서"}],"type":"pronunciation"},{"start_time":"174.66","end_time":"175.05","alternatives":[{"confidence":"0.9992","content":"발견된"}],"type":"pronunciation"},{"start_time":"175.05","end_time":"175.46","alternatives":[{"confidence":"0.997","content":"부분이기"}],"type":"pronunciation"},{"start_time":"175.46","end_time":"175.88","alternatives":[{"confidence":"1.0","content":"때문에"}],"type":"pronunciation"},{"start_time":"175.88","end_time":"176.17","alternatives":[{"confidence":"1.0","content":"저희가"}],"type":"pronunciation"},{"start_time":"176.42","end_time":"176.6","alternatives":[{"confidence":"0.3703","content":"따로"}],"type":"pronunciation"},{"start_time":"176.6","end_time":"177.06","alternatives":[{"confidence":"0.8620000000000001","content":"동결처리"}],"type":"pronunciation"},{"start_time":"177.06","end_time":"177.82","alternatives":[{"confidence":"0.9995","content":"시켰습니다"}],"type":"pronunciation"},{"alternatives":[{"confidence":"0.0","content":"."}],"type":"punctuation"},{"start_time":"178.48","end_time":"178.57","alternatives":[{"confidence":"0.9617","content":"이"}],"type":"pronunciation"},{"start_time":"178.57","end_time":"178.77","alternatives":[{"confidence":"0.9982","content":"점에"}],"type":"pronunciation"},{"start_time":"178.77","end_time":"179.15","alternatives":[{"confidence":"1.0","content":"대해서"}],"type":"pronunciation"},{"start_time":"179.15","end_time":"179.67","alternatives":[{"confidence":"1.0","content":"본인이"}],"type":"pronunciation"},{"start_time":"179.67","end_time":"180.38","alternatives":[{"confidence":"1.0","content":"있으십니까"}],"type":"pronunciation"},{"alternatives":[{"confidence":"0.0","content":"?"}],"type":"punctuation"},{"start_time":"182.1","end_time":"182.37","alternatives":[{"confidence":"0.8051","content":"네"}],"type":"pronunciation"},{"alternatives":[{"confidence":"0.0","content":"."}],"type":"punctuation"},{"start_time":"183.66","end_time":"184.03","alternatives":[{"confidence":"0.9999","content":"그러니까"}],"type":"pronunciation"},{"start_time":"184.03","end_time":"184.23","alternatives":[{"confidence":"0.6978","content":"지금"}],"type":"pronunciation"},{"start_time":"184.23","end_time":"184.64","alternatives":[{"confidence":"0.9999","content":"현장에서"}],"type":"pronunciation"},{"start_time":"184.64","end_time":"185.33","alternatives":[{"confidence":"0.9998","content":"발견된"}],"type":"pronunciation"},{"start_time":"186.12","end_time":"186.38","alternatives":[{"confidence":"0.9624","content":"혹시"}],"type":"pronunciation"},{"start_time":"186.38","end_time":"187.13","alternatives":[{"confidence":"0.53885","content":"심하든"}],"type":"pronunciation"},{"start_time":"187.13","end_time":"187.5","alternatives":[{"confidence":"0.4121","content":"농협"}],"type":"pronunciation"},{"start_time":"187.62","end_time":"188.15","alternatives":[{"confidence":"0.3695","content":"신한은행"}],"type":"pronunciation"},{"start_time":"188.15","end_time":"188.83","alternatives":[{"confidence":"0.90405","content":"통장을"}],"type":"pronunciation"},{"start_time":"190.87","end_time":"191.18","alternatives":[{"confidence":"0.998","content":"지금"}],"type":"pronunciation"},{"start_time":"191.18","end_time":"191.51","alternatives":[{"confidence":"0.9958499999999999","content":"명의가"}],"type":"pronunciation"},{"start_time":"191.51","end_time":"192.7","alternatives":[{"confidence":"0.99038","content":"도용당하셨는지"}],"type":"pronunciation"},{"start_time":"192.7","end_time":"193.04","alternatives":[{"confidence":"1.0","content":"아니면"}],"type":"pronunciation"},{"start_time":"193.04","end_time":"193.79","alternatives":[{"confidence":"1.0","content":"본인이"}],"type":"pronunciation"},{"start_time":"193.93","end_time":"194.21","alternatives":[{"confidence":"0.9954","content":"직접"}],"type":"pronunciation"},{"start_time":"194.21","end_time":"194.87","alternatives":[{"confidence":"0.8601333333333333","content":"개설하셨는지"}],"type":"pronunciation"},{"start_time":"194.87","end_time":"195.38","alternatives":[{"confidence":"1.0","content":"모르지만"}],"type":"pronunciation"},{"start_time":"195.38","end_time":"195.63","alternatives":[{"confidence":"1.0","content":"저희가"}],"type":"pronunciation"},{"start_time":"195.63","end_time":"196.13","alternatives":[{"confidence":"0.8564","content":"동결처리"}],"type":"pronunciation"},{"start_time":"196.13","end_time":"197.0","alternatives":[{"confidence":"0.9304","content":"들어가는데"}],"type":"pronunciation"},{"start_time":"197.61","end_time":"198.32","alternatives":[{"confidence":"1.0","content":"본인이"}],"type":"pronunciation"},{"start_time":"198.32","end_time":"199.27","alternatives":[{"confidence":"1.0","content":"있으십니까"}],"type":"pronunciation"},{"alternatives":[{"confidence":"0.0","content":"?"}],"type":"punctuation"},{"start_time":"200.26","end_time":"200.68","alternatives":[{"confidence":"0.05085","content":"공개를"}],"type":"pronunciation"},{"start_time":"200.68","end_time":"201.12","alternatives":[{"confidence":"0.96745","content":"됐고요"}],"type":"pronunciation"},{"alternatives":[{"confidence":"0.0","content":"."}],"type":"punctuation"},{"start_time":"201.18","end_time":"201.51","alternatives":[{"confidence":"0.9428","content":"본인이"}],"type":"pronunciation"},{"start_time":"201.63","end_time":"202.89","alternatives":[{"confidence":"1.0","content":"없으시죠"}],"type":"pronunciation"},{"alternatives":[{"confidence":"0.0","content":"."}],"type":"punctuation"},{"start_time":"203.32","end_time":"203.45","alternatives":[{"confidence":"0.0736","content":"네"}],"type":"pronunciation"},{"alternatives":[{"confidence":"0.0","content":","}],"type":"punctuation"},{"start_time":"204.37","end_time":"204.83","alternatives":[{"confidence":"0.9997","content":"알겠습니다"}],"type":"pronunciation"},{"alternatives":[{"confidence":"0.0","content":"."}],"type":"punctuation"},{"start_time":"205.32","end_time":"205.67","alternatives":[{"confidence":"0.9979","content":"그러면"}],"type":"pronunciation"},{"start_time":"205.67","end_time":"206.15","alternatives":[{"confidence":"0.9999","content":"본인은"}],"type":"pronunciation"},{"start_time":"206.15","end_time":"206.72","alternatives":[{"confidence":"1.0","content":"현장에서"}],"type":"pronunciation"},{"start_time":"206.72","end_time":"207.23","alternatives":[{"confidence":"1.0","content":"발견된"}],"type":"pronunciation"},{"start_time":"207.23","end_time":"207.9","alternatives":[{"confidence":"0.8073","content":"농협이랑"}],"type":"pronunciation"},{"start_time":"207.9","end_time":"208.51","alternatives":[{"confidence":"0.7205","content":"신한은행"}],"type":"pronunciation"},{"start_time":"208.96","end_time":"209.27","alternatives":[{"confidence":"0.9996","content":"주로"}],"type":"pronunciation"},{"start_time":"209.27","end_time":"209.48","alternatives":[{"confidence":"0.9813","content":"어떤"}],"type":"pronunciation"},{"start_time":"209.48","end_time":"210.01","alternatives":[{"confidence":"0.9883","content":"금융권을"}],"type":"pronunciation"},{"start_time":"210.01","end_time":"210.25","alternatives":[{"confidence":"0.7544","content":"사용"}],"type":"pronunciation"},{"start_time":"210.25","end_time":"210.37","alternatives":[{"confidence":"0.7818","content":"하고"}],"type":"pronunciation"},{"start_time":"210.37","end_time":"210.93","alternatives":[{"confidence":"1.0","content":"계십니까"}],"type":"pronunciation"},{"alternatives":[{"confidence":"0.0","content":"?"}],"type":"punctuation"},{"start_time":"213.17","end_time":"213.76","alternatives":[{"confidence":"0.0371","content":"하고"}],"type":"pronunciation"},{"start_time":"216.96","end_time":"217.45","alternatives":[{"confidence":"0.9998","content":"씨가"}],"type":"pronunciation"},{"start_time":"217.8","end_time":"218.35","alternatives":[{"confidence":"0.8514999999999999","content":"김영이라"}],"type":"pronunciation"},{"start_time":"218.35","end_time":"218.79","alternatives":[{"confidence":"0.9675","content":"직접"}],"type":"pronunciation"},{"start_time":"218.79","end_time":"219.43","alternatives":[{"confidence":"0.7016","content":"개설하신"}],"type":"pronunciation"},{"start_time":"219.43","end_time":"219.94","alternatives":[{"confidence":"0.9965999999999999","content":"금융권에"}],"type":"pronunciation"},{"start_time":"219.94","end_time":"220.56","alternatives":[{"confidence":"0.9999","content":"대해서는"}],"type":"pronunciation"},{"start_time":"220.98","end_time":"221.46","alternatives":[{"confidence":"0.6031","content":"상어만"}],"type":"pronunciation"},{"start_time":"221.46","end_time":"221.92","alternatives":[{"confidence":"0.9986","content":"간단하게"}],"type":"pronunciation"},{"start_time":"221.92","end_time":"222.76","alternatives":[{"confidence":"0.7761","content":"진술해주세요"}],"type":"pronunciation"},{"start_time":"226.08","end_time":"226.57","alternatives":[{"confidence":"0.2071","content":"생활랑"}],"type":"pronunciation"},{"start_time":"226.57","end_time":"227.06","alternatives":[{"confidence":"0.9993","content":"간단하게"}],"type":"pronunciation"},{"start_time":"227.06","end_time":"227.94","alternatives":[{"confidence":"0.8024","content":"진술해주세요"}],"type":"pronunciation"},{"start_time":"229.83","end_time":"230.16","alternatives":[{"confidence":"0.9741","content":"씨가"}],"type":"pronunciation"},{"start_time":"230.16","end_time":"230.63","alternatives":[{"confidence":"0.9981","content":"직접"}],"type":"pronunciation"},{"start_time":"230.63","end_time":"231.19","alternatives":[{"confidence":"0.8248","content":"개설하신"}],"type":"pronunciation"},{"start_time":"231.19","end_time":"232.17","alternatives":[{"confidence":"0.8189000000000001","content":"금금융권의"}],"type":"pronunciation"},{"start_time":"232.17","end_time":"232.64","alternatives":[{"confidence":"0.7916","content":"대해서요"}],"type":"pronunciation"},{"alternatives":[{"confidence":"0.0","content":"."}],"type":"punctuation"},{"start_time":"234.0","end_time":"234.55","alternatives":[{"confidence":"0.7611","content":"지금"}],"type":"pronunciation"},{"start_time":"237.78","end_time":"238.14","alternatives":[{"confidence":"0.9844","content":"여보세요"}],"type":"pronunciation"},{"alternatives":[{"confidence":"0.0","content":"."}],"type":"punctuation"},{"start_time":"241.4","end_time":"242.18","alternatives":[{"confidence":"0.8287","content":"우리은행이에요"}],"type":"pronunciation"},{"alternatives":[{"confidence":"0.0","content":"."}],"type":"punctuation"},{"start_time":"243.39","end_time":"244.16","alternatives":[{"confidence":"0.9919","content":"우리는"}],"type":"pronunciation"},{"start_time":"247.25","end_time":"248.75","alternatives":[{"confidence":"0.7431000000000001","content":"농협신앙"}],"type":"pronunciation"},{"alternatives":[{"confidence":"0.0","content":"."}],"type":"punctuation"},{"start_time":"249.69","end_time":"250.03","alternatives":[{"confidence":"0.8003","content":"네"}],"type":"pronunciation"},{"alternatives":[{"confidence":"0.0","content":"."}],"type":"punctuation"},{"start_time":"252.03","end_time":"252.53","alternatives":[{"confidence":"0.9746","content":"우리"}],"type":"pronunciation"},{"start_time":"252.56","end_time":"253.26","alternatives":[{"confidence":"0.6204","content":"농협"}],"type":"pronunciation"},{"start_time":"253.26","end_time":"253.91","alternatives":[{"confidence":"1.0","content":"심한"}],"type":"pronunciation"},{"start_time":"254.38","end_time":"254.96","alternatives":[{"confidence":"0.6065","content":"국민"}],"type":"pronunciation"},{"start_time":"257.36","end_time":"257.87","alternatives":[{"confidence":"0.3945","content":"국민의"}],"type":"pronunciation"},{"start_time":"257.93","end_time":"258.53","alternatives":[{"confidence":"0.9303","content":"광주"}],"type":"pronunciation"},{"start_time":"260.39","end_time":"261.07","alternatives":[{"confidence":"0.7353000000000001","content":"공맹"}],"type":"pronunciation"},{"alternatives":[{"confidence":"0.0","content":"."}],"type":"punctuation"},{"start_time":"261.07","end_time":"262.03","alternatives":[{"confidence":"0.6158","content":"광주"}],"type":"pronunciation"},{"start_time":"264.93","end_time":"265.13","alternatives":[{"confidence":"0.8693","content":"네"}],"type":"pronunciation"},{"alternatives":[{"confidence":"0.0","content":"."}],"type":"punctuation"},{"start_time":"265.44","end_time":"265.84","alternatives":[{"confidence":"0.9997","content":"그러니까"}],"type":"pronunciation"},{"start_time":"265.84","end_time":"266.51","alternatives":[{"confidence":"0.9999","content":"본인이"}],"type":"pronunciation"},{"start_time":"266.54","end_time":"266.91","alternatives":[{"confidence":"0.994","content":"직접"}],"type":"pronunciation"},{"start_time":"266.91","end_time":"267.44","alternatives":[{"confidence":"0.8515","content":"개설하신"}],"type":"pronunciation"},{"alternatives":[{"confidence":"0.0","content":"."}],"type":"punctuation"},{"start_time":"267.44","end_time":"268.08","alternatives":[{"confidence":"0.9964999999999999","content":"금융권은"}],"type":"pronunciation"},{"start_time":"268.11","end_time":"269.45","alternatives":[{"confidence":"0.7509666666666668","content":"우리은행농협은행"}],"type":"pronunciation"},{"start_time":"269.45","end_time":"270.0","alternatives":[{"confidence":"0.9998","content":"신한은행"}],"type":"pronunciation"},{"start_time":"270.0","end_time":"271.31","alternatives":[{"confidence":"0.8705333333333334","content":"국민은행광주은행"}],"type":"pronunciation"},{"start_time":"271.6","end_time":"272.85","alternatives":[{"confidence":"1.0","content":"나누시죠"}],"type":"pronunciation"},{"alternatives":[{"confidence":"0.0","content":"."}],"type":"punctuation"},{"start_time":"273.71","end_time":"273.87","alternatives":[{"confidence":"0.6414","content":"네"}],"type":"pronunciation"},{"alternatives":[{"confidence":"0.0","content":"."}],"type":"punctuation"},{"start_time":"273.9","end_time":"274.08","alternatives":[{"confidence":"0.5359","content":"네"}],"type":"pronunciation"},{"alternatives":[{"confidence":"0.0","content":"."}],"type":"punctuation"},{"start_time":"275.01","end_time":"275.39","alternatives":[{"confidence":"1.0","content":"그렇다면"}],"type":"pronunciation"},{"start_time":"275.39","end_time":"276.25","alternatives":[{"confidence":"1.0","content":"본인은"}],"type":"pronunciation"},{"start_time":"276.91","end_time":"277.86","alternatives":[{"confidence":"0.39025","content":"우리당"}],"type":"pronunciation"},{"start_time":"277.86","end_time":"278.08","alternatives":[{"confidence":"0.997","content":"같은"}],"type":"pronunciation"},{"start_time":"278.08","end_time":"278.63","alternatives":[{"confidence":"0.9994","content":"경우에는"}],"type":"pronunciation"},{"start_time":"278.72","end_time":"278.89","alternatives":[{"confidence":"0.8368","content":"몇"}],"type":"pronunciation"},{"start_time":"278.89","end_time":"279.0","alternatives":[{"confidence":"0.5786","content":"개"}],"type":"pronunciation"},{"start_time":"279.0","end_time":"279.35","alternatives":[{"confidence":"0.7346","content":"교사가"}],"type":"pronunciation"},{"start_time":"279.35","end_time":"279.76","alternatives":[{"confidence":"0.5945","content":"있으시면"}],"type":"pronunciation"},{"start_time":"279.76","end_time":"280.07","alternatives":[{"confidence":"0.9998","content":"어떤"}],"type":"pronunciation"},{"start_time":"280.07","end_time":"280.6","alternatives":[{"confidence":"1.0","content":"용도로"}],"type":"pronunciation"},{"start_time":"280.6","end_time":"281.03","alternatives":[{"confidence":"0.8493","content":"사용하고"}],"type":"pronunciation"},{"start_time":"281.03","end_time":"281.61","alternatives":[{"confidence":"0.9999","content":"계십니까"}],"type":"pronunciation"},{"alternatives":[{"confidence":"0.0","content":"?"}],"type":"punctuation"},{"start_time":"283.37","end_time":"283.77","alternatives":[{"confidence":"0.6493","content":"항상"}],"type":"pronunciation"},{"start_time":"285.84","end_time":"286.08","alternatives":[{"confidence":"0.1048","content":"무슨"}],"type":"pronunciation"},{"start_time":"286.31","end_time":"286.42","alternatives":[{"confidence":"0.5395","content":"로"}],"type":"pronunciation"},{"start_time":"286.42","end_time":"286.73","alternatives":[{"confidence":"0.9995","content":"생각하고"}],"type":"pronunciation"},{"start_time":"286.73","end_time":"287.16","alternatives":[{"confidence":"0.9995499999999999","content":"계시죠"}],"type":"pronunciation"},{"alternatives":[{"confidence":"0.0","content":"?"}],"type":"punctuation"},{"start_time":"290.55","end_time":"291.65","alternatives":[{"confidence":"0.5004500000000001","content":"사장님이세요"}],"type":"pronunciation"},{"start_time":"293.73","end_time":"294.17","alternatives":[{"confidence":"0.9996","content":"네"}],"type":"pronunciation"},{"alternatives":[{"confidence":"0.0","content":","}],"type":"punctuation"},{"start_time":"294.17","end_time":"294.75","alternatives":[{"confidence":"0.9994","content":"알겠습니다"}],"type":"pronunciation"},{"alternatives":[{"confidence":"0.0","content":"."}],"type":"punctuation"},{"start_time":"296.83","end_time":"297.19","alternatives":[{"confidence":"0.5233","content":"자금"}],"type":"pronunciation"},{"start_time":"297.49","end_time":"297.65","alternatives":[{"confidence":"0.7421","content":"할"}],"type":"pronunciation"},{"start_time":"297.65","end_time":"297.83","alternatives":[{"confidence":"0.6984","content":"때"}],"type":"pronunciation"},{"start_time":"297.83","end_time":"298.46","alternatives":[{"confidence":"0.8747","content":"사용하시고"}],"type":"pronunciation"},{"start_time":"299.48","end_time":"299.76","alternatives":[{"confidence":"0.9765","content":"너무"}],"type":"pronunciation"},{"start_time":"299.79","end_time":"300.35","alternatives":[{"confidence":"0.5883499999999999","content":"농협은행"}],"type":"pronunciation"},{"start_time":"300.35","end_time":"300.57","alternatives":[{"confidence":"0.9975","content":"같은"}],"type":"pronunciation"},{"start_time":"300.57","end_time":"300.99","alternatives":[{"confidence":"0.9996","content":"경우에는"}],"type":"pronunciation"},{"start_time":"300.99","end_time":"301.12","alternatives":[{"confidence":"0.9769","content":"몇"}],"type":"pronunciation"},{"start_time":"301.12","end_time":"301.24","alternatives":[{"confidence":"0.7637","content":"개"}],"type":"pronunciation"},{"start_time":"301.24","end_time":"301.62","alternatives":[{"confidence":"0.99595","content":"계좌가"}],"type":"pronunciation"},{"start_time":"301.62","end_time":"302.04","alternatives":[{"confidence":"0.9929","content":"있으시고"}],"type":"pronunciation"},{"start_time":"302.04","end_time":"302.29","alternatives":[{"confidence":"0.9997","content":"어떤"}],"type":"pronunciation"},{"start_time":"302.29","end_time":"302.63","alternatives":[{"confidence":"1.0","content":"용도로"}],"type":"pronunciation"},{"start_time":"302.63","end_time":"302.95","alternatives":[{"confidence":"0.711","content":"사용하고"}],"type":"pronunciation"},{"start_time":"302.95","end_time":"303.48","alternatives":[{"confidence":"0.9998","content":"계십니까"}],"type":"pronunciation"},{"alternatives":[{"confidence":"0.0","content":"?"}],"type":"punctuation"},{"start_time":"307.17","end_time":"307.38","alternatives":[{"confidence":"0.9904","content":"잘"}],"type":"pronunciation"},{"start_time":"307.38","end_time":"308.01","alternatives":[{"confidence":"0.9301","content":"모르겠는데"}],"type":"pronunciation"},{"start_time":"308.01","end_time":"308.19","alternatives":[{"confidence":"0.0387","content":"너무"}],"type":"pronunciation"},{"start_time":"309.1","end_time":"309.29","alternatives":[{"confidence":"0.9189","content":"잘"}],"type":"pronunciation"},{"start_time":"309.29","end_time":"309.84","alternatives":[{"confidence":"0.8471","content":"모르겠습니다"}],"type":"pronunciation"},{"alternatives":[{"confidence":"0.0","content":"."}],"type":"punctuation"},{"start_time":"311.56","end_time":"311.93","alternatives":[{"confidence":"0.8689","content":"저도"}],"type":"pronunciation"},{"start_time":"311.93","end_time":"312.3","alternatives":[{"confidence":"0.88375","content":"상하지"}],"type":"pronunciation"},{"start_time":"312.3","end_time":"312.75","alternatives":[{"confidence":"0.99935","content":"않으세요"}],"type":"pronunciation"},{"alternatives":[{"confidence":"0.0","content":"?"}],"type":"punctuation"},{"start_time":"315.14","end_time":"315.43","alternatives":[{"confidence":"0.988","content":"다시"}],"type":"pronunciation"},{"start_time":"315.43","end_time":"316.27","alternatives":[{"confidence":"0.8625499999999999","content":"사용하는데"}],"type":"pronunciation"},{"start_time":"316.27","end_time":"316.46","alternatives":[{"confidence":"0.8347","content":"몇"}],"type":"pronunciation"},{"start_time":"316.46","end_time":"316.55","alternatives":[{"confidence":"0.7143","content":"개"}],"type":"pronunciation"},{"start_time":"316.55","end_time":"317.01","alternatives":[{"confidence":"0.5357","content":"있는지는"}],"type":"pronunciation"},{"start_time":"317.01","end_time":"317.43","alternatives":[{"confidence":"0.9999","content":"몰라요"}],"type":"pronunciation"},{"alternatives":[{"confidence":"0.0","content":"."}],"type":"punctuation"},{"start_time":"318.26","end_time":"318.55","alternatives":[{"confidence":"0.9715","content":"다시"}],"type":"pronunciation"},{"start_time":"318.55","end_time":"319.01","alternatives":[{"confidence":"0.9483","content":"사용하는"}],"type":"pronunciation"},{"start_time":"319.01","end_time":"319.32","alternatives":[{"confidence":"0.595","content":"것만"}],"type":"pronunciation"},{"start_time":"319.32","end_time":"319.5","alternatives":[{"confidence":"0.3491","content":"게"}],"type":"pronunciation"},{"start_time":"320.21","end_time":"320.56","alternatives":[{"confidence":"0.42195","content":"한둘이"}],"type":"pronunciation"},{"start_time":"320.56","end_time":"321.13","alternatives":[{"confidence":"0.8062","content":"있고"}],"type":"pronunciation"},{"alternatives":[{"confidence":"0.0","content":"."}],"type":"punctuation"},{"start_time":"324.02","end_time":"324.88","alternatives":[{"confidence":"0.9997","content":"그러니까"}],"type":"pronunciation"},{"start_time":"325.57","end_time":"325.84","alternatives":[{"confidence":"0.9952","content":"지금"}],"type":"pronunciation"},{"start_time":"325.84","end_time":"326.56","alternatives":[{"confidence":"1.0","content":"본인이"}],"type":"pronunciation"},{"start_time":"326.68","end_time":"327.56","alternatives":[{"confidence":"0.37129999999999996","content":"농협인에게"}],"type":"pronunciation"},{"start_time":"327.56","end_time":"328.03","alternatives":[{"confidence":"0.7909","content":"이런"}],"type":"pronunciation"},{"start_time":"329.21","end_time":"329.39","alternatives":[{"confidence":"0.9982","content":"몇"}],"type":"pronunciation"},{"start_time":"329.39","end_time":"329.51","alternatives":[{"confidence":"0.8216","content":"개"}],"type":"pronunciation"},{"start_time":"329.51","end_time":"329.85","alternatives":[{"confidence":"0.9977","content":"계좌가"}],"type":"pronunciation"},{"start_time":"329.85","end_time":"330.24","alternatives":[{"confidence":"0.99695","content":"있으시고"}],"type":"pronunciation"},{"start_time":"330.24","end_time":"330.48","alternatives":[{"confidence":"0.9998","content":"어떤"}],"type":"pronunciation"},{"start_time":"330.48","end_time":"330.79","alternatives":[{"confidence":"0.9923","content":"용도로"}],"type":"pronunciation"},{"start_time":"330.79","end_time":"331.79","alternatives":[{"confidence":"0.6325500000000001","content":"상황했는지를"}],"type":"pronunciation"},{"start_time":"332.31","end_time":"332.64","alternatives":[{"confidence":"0.9682","content":"알아야"}],"type":"pronunciation"},{"start_time":"332.64","end_time":"332.89","alternatives":[{"confidence":"0.9862","content":"지금"}],"type":"pronunciation"},{"start_time":"332.89","end_time":"333.45","alternatives":[{"confidence":"1.0","content":"조사가"}],"type":"pronunciation"},{"start_time":"333.45","end_time":"333.87","alternatives":[{"confidence":"0.9924999999999999","content":"진행이"}],"type":"pronunciation"},{"start_time":"333.87","end_time":"334.64","alternatives":[{"confidence":"0.998","content":"가능하고요"}],"type":"pronunciation"},{"alternatives":[{"confidence":"0.0","content":"."}],"type":"punctuation"},{"start_time":"334.96","end_time":"335.19","alternatives":[{"confidence":"0.9997","content":"그리고"}],"type":"pronunciation"},{"start_time":"335.19","end_time":"335.59","alternatives":[{"confidence":"1.0","content":"본인이"}],"type":"pronunciation"},{"start_time":"335.59","end_time":"336.66","alternatives":[{"confidence":"0.7859499999999999","content":"진술하신"}],"type":"pronunciation"},{"start_time":"337.96","end_time":"338.56","alternatives":[{"confidence":"0.97885","content":"진술하신"}],"type":"pronunciation"},{"start_time":"338.56","end_time":"338.88","alternatives":[{"confidence":"1.0","content":"부분에"}],"type":"pronunciation"},{"start_time":"338.88","end_time":"339.17","alternatives":[{"confidence":"0.9924","content":"대해서"}],"type":"pronunciation"},{"start_time":"339.17","end_time":"339.65","alternatives":[{"confidence":"0.9906","content":"거짓이"}],"type":"pronunciation"},{"start_time":"339.65","end_time":"340.02","alternatives":[{"confidence":"1.0","content":"있으면"}],"type":"pronunciation"},{"start_time":"340.02","end_time":"340.72","alternatives":[{"confidence":"0.7423499999999998","content":"범표현을"}],"type":"pronunciation"},{"start_time":"340.72","end_time":"340.85","alternatives":[{"confidence":"0.8572","content":"할"}],"type":"pronunciation"},{"start_time":"340.85","end_time":"341.05","alternatives":[{"confidence":"0.9989","content":"수가"}],"type":"pronunciation"},{"start_time":"341.05","end_time":"341.62","alternatives":[{"confidence":"0.9937","content":"있어요"}],"type":"pronunciation"},{"alternatives":[{"confidence":"0.0","content":"."}],"type":"punctuation"},{"start_time":"343.7","end_time":"344.02","alternatives":[{"confidence":"1.0","content":"그래서"}],"type":"pronunciation"},{"start_time":"344.02","end_time":"344.58","alternatives":[{"confidence":"1.0","content":"본인이"}],"type":"pronunciation"},{"start_time":"345.09","end_time":"345.34","alternatives":[{"confidence":"0.8819","content":"뭐"}],"type":"pronunciation"},{"start_time":"345.37","end_time":"346.17","alternatives":[{"confidence":"0.6193500000000001","content":"조회를"}],"type":"pronunciation"},{"start_time":"346.44","end_time":"347.24","alternatives":[{"confidence":"0.6278","content":"해보시든지"}],"type":"pronunciation"},{"start_time":"347.24","end_time":"347.53","alternatives":[{"confidence":"1.0","content":"아니면"}],"type":"pronunciation"},{"start_time":"347.53","end_time":"347.9","alternatives":[{"confidence":"0.5468999999999999","content":"이러셔야"}],"type":"pronunciation"},{"start_time":"347.9","end_time":"348.43","alternatives":[{"confidence":"0.9985","content":"되는데"}],"type":"pronunciation"},{"start_time":"348.43","end_time":"348.9","alternatives":[{"confidence":"1.0","content":"아니면"}],"type":"pronunciation"},{"start_time":"348.9","end_time":"349.27","alternatives":[{"confidence":"1.0","content":"본인이"}],"type":"pronunciation"},{"start_time":"349.27","end_time":"349.6","alternatives":[{"confidence":"0.9995","content":"직접"}],"type":"pronunciation"},{"start_time":"349.6","end_time":"350.25","alternatives":[{"confidence":"1.0","content":"오셔서"}],"type":"pronunciation"},{"start_time":"350.47","end_time":"350.72","alternatives":[{"confidence":"0.9924","content":"조사"}],"type":"pronunciation"},{"start_time":"350.72","end_time":"351.4","alternatives":[{"confidence":"0.88395","content":"받으시든가"}],"type":"pronunciation"},{"start_time":"351.57","end_time":"352.0","alternatives":[{"confidence":"0.9677","content":"이러셔야"}],"type":"pronunciation"},{"start_time":"352.0","end_time":"352.49","alternatives":[{"confidence":"0.9869","content":"됩니다"}],"type":"pronunciation"},{"alternatives":[{"confidence":"0.0","content":"."}],"type":"punctuation"},{"start_time":"358.43","end_time":"358.79","alternatives":[{"confidence":"0.9933","content":"그러면"}],"type":"pronunciation"},{"start_time":"358.79","end_time":"359.22","alternatives":[{"confidence":"0.0439","content":"본인"}],"type":"pronunciation"},{"start_time":"360.48","end_time":"360.79","alternatives":[{"confidence":"0.99605","content":"계좌가"}],"type":"pronunciation"},{"start_time":"360.79","end_time":"361.35","alternatives":[{"confidence":"0.994","content":"있으신지"}],"type":"pronunciation"},{"start_time":"361.35","end_time":"361.53","alternatives":[{"confidence":"0.6098","content":"아주"}],"type":"pronunciation"},{"start_time":"361.53","end_time":"361.86","alternatives":[{"confidence":"1.0","content":"생각이"}],"type":"pronunciation"},{"start_time":"361.86","end_time":"361.95","alternatives":[{"confidence":"0.9532","content":"안"}],"type":"pronunciation"},{"start_time":"361.95","end_time":"363.11","alternatives":[{"confidence":"0.9738","content":"나시죠"}],"type":"pronunciation"},{"alternatives":[{"confidence":"0.0","content":"."}],"type":"punctuation"},{"start_time":"364.28","end_time":"364.49","alternatives":[{"confidence":"0.996","content":"그럼"}],"type":"pronunciation"},{"start_time":"364.49","end_time":"364.88","alternatives":[{"confidence":"0.9994","content":"저희가"}],"type":"pronunciation"},{"start_time":"364.94","end_time":"365.13","alternatives":[{"confidence":"0.7055","content":"좀"}],"type":"pronunciation"},{"start_time":"365.25","end_time":"366.1","alternatives":[{"confidence":"0.7533666666666666","content":"발가능하십니까"}],"type":"pronunciation"},{"alternatives":[{"confidence":"0.0","content":"."}],"type":"punctuation"},{"start_time":"368.6","end_time":"368.91","alternatives":[{"confidence":"0.9854","content":"무슨"}],"type":"pronunciation"},{"start_time":"368.91","end_time":"369.38","alternatives":[{"confidence":"0.4319","content":"줘요"}],"type":"pronunciation"},{"alternatives":[{"confidence":"0.0","content":"?"}],"type":"punctuation"},{"start_time":"370.64","end_time":"371.0","alternatives":[{"confidence":"0.9762","content":"그러니까"}],"type":"pronunciation"},{"start_time":"371.34","end_time":"371.52","alternatives":[{"confidence":"0.1781","content":"제가"}],"type":"pronunciation"},{"start_time":"371.52","end_time":"372.68","alternatives":[{"confidence":"0.99765","content":"있으신본인이"}],"type":"pronunciation"},{"start_time":"372.68","end_time":"372.98","alternatives":[{"confidence":"0.961","content":"직접"}],"type":"pronunciation"},{"start_time":"373.47","end_time":"373.96","alternatives":[{"confidence":"0.2534","content":"오셔서"}],"type":"pronunciation"},{"start_time":"373.96","end_time":"374.38","alternatives":[{"confidence":"0.97315","content":"저희한테"}],"type":"pronunciation"},{"start_time":"374.41","end_time":"374.75","alternatives":[{"confidence":"0.6305000000000001","content":"진출해"}],"type":"pronunciation"},{"start_time":"374.75","end_time":"375.02","alternatives":[{"confidence":"0.8176000000000001","content":"주셔야"}],"type":"pronunciation"},{"start_time":"375.02","end_time":"375.64","alternatives":[{"confidence":"0.9986","content":"되는데"}],"type":"pronunciation"},{"start_time":"377.2","end_time":"377.44","alternatives":[{"confidence":"0.9957","content":"지금"}],"type":"pronunciation"},{"start_time":"377.44","end_time":"377.75","alternatives":[{"confidence":"1.0","content":"저희가"}],"type":"pronunciation"},{"start_time":"377.75","end_time":"378.41","alternatives":[{"confidence":"0.978","content":"가능하십니까"}],"type":"pronunciation"},{"start_time":"379.11","end_time":"379.6","alternatives":[{"confidence":"0.9645","content":"아니요"}],"type":"pronunciation"},{"alternatives":[{"confidence":"0.0","content":"."}],"type":"punctuation"},{"start_time":"379.66","end_time":"379.95","alternatives":[{"confidence":"0.0712","content":"지금"}],"type":"pronunciation"},{"start_time":"380.23","end_time":"380.3","alternatives":[{"confidence":"0.0179","content":"을"}],"type":"pronunciation"},{"start_time":"380.3","end_time":"380.62","alternatives":[{"confidence":"0.0594","content":"합니다"}],"type":"pronunciation"},{"alternatives":[{"confidence":"0.0","content":"."}],"type":"punctuation"},{"start_time":"382.3","end_time":"382.94","alternatives":[{"confidence":"0.4466","content":"그러면"}],"type":"pronunciation"},{"start_time":"383.44","end_time":"383.92","alternatives":[{"confidence":"1.0","content":"일단"}],"type":"pronunciation"},{"start_time":"383.92","end_time":"384.51","alternatives":[{"confidence":"1.0","content":"본인이"}],"type":"pronunciation"},{"start_time":"384.51","end_time":"385.32","alternatives":[{"confidence":"0.63315","content":"생각하시는"}],"type":"pronunciation"},{"start_time":"385.32","end_time":"385.7","alternatives":[{"confidence":"0.6856","content":"대로만"}],"type":"pronunciation"},{"start_time":"385.7","end_time":"386.58","alternatives":[{"confidence":"0.6936500000000001","content":"말씀해주세요"}],"type":"pronunciation"},{"alternatives":[{"confidence":"0.0","content":"."}],"type":"punctuation"},{"start_time":"389.24","end_time":"389.81","alternatives":[{"confidence":"0.2703","content":"농협"}],"type":"pronunciation"},{"start_time":"390.2","end_time":"390.37","alternatives":[{"confidence":"0.8799","content":"두"}],"type":"pronunciation"},{"start_time":"390.37","end_time":"390.71","alternatives":[{"confidence":"0.73325","content":"개에요"}],"type":"pronunciation"},{"start_time":"394.1","end_time":"394.3","alternatives":[{"confidence":"0.3907","content":"네"}],"type":"pronunciation"},{"alternatives":[{"confidence":"0.0","content":"."}],"type":"punctuation"},{"start_time":"394.3","end_time":"394.59","alternatives":[{"confidence":"0.9193","content":"어떤"}],"type":"pronunciation"},{"start_time":"394.59","end_time":"395.28","alternatives":[{"confidence":"0.106","content":"교사고"}],"type":"pronunciation"},{"start_time":"395.88","end_time":"396.2","alternatives":[{"confidence":"0.9955","content":"무슨"}],"type":"pronunciation"},{"start_time":"396.2","end_time":"396.69","alternatives":[{"confidence":"1.0","content":"용도로"}],"type":"pronunciation"},{"start_time":"396.69","end_time":"397.03","alternatives":[{"confidence":"0.9521","content":"사용하고"}],"type":"pronunciation"},{"start_time":"397.03","end_time":"397.46","alternatives":[{"confidence":"0.97","content":"계시죠"}],"type":"pronunciation"},{"alternatives":[{"confidence":"0.0","content":"?"}],"type":"punctuation"},{"start_time":"400.92","end_time":"401.18","alternatives":[{"confidence":"0.797","content":"전부"}],"type":"pronunciation"},{"start_time":"401.18","end_time":"401.3","alternatives":[{"confidence":"0.9967","content":"다"}],"type":"pronunciation"},{"start_time":"401.3","end_time":"401.66","alternatives":[{"confidence":"0.2884","content":"자금이"}],"type":"pronunciation"},{"start_time":"401.66","end_time":"402.38","alternatives":[{"confidence":"0.23660000000000006","content":"취하시는"}],"type":"pronunciation"},{"alternatives":[{"confidence":"0.0","content":"."}],"type":"punctuation"},{"start_time":"408.46","end_time":"409.07","alternatives":[{"confidence":"0.9999","content":"그리고"}],"type":"pronunciation"},{"start_time":"409.07","end_time":"410.04","alternatives":[{"confidence":"0.39163333333333333","content":"신한은행같은"}],"type":"pronunciation"},{"start_time":"410.04","end_time":"410.6","alternatives":[{"confidence":"0.998","content":"경우에는"}],"type":"pronunciation"},{"start_time":"411.24","end_time":"411.51","alternatives":[{"confidence":"0.0192","content":"의사가"}],"type":"pronunciation"},{"start_time":"411.51","end_time":"411.92","alternatives":[{"confidence":"0.9741","content":"있으시고"}],"type":"pronunciation"},{"start_time":"411.92","end_time":"412.18","alternatives":[{"confidence":"0.9997","content":"어떤"}],"type":"pronunciation"},{"start_time":"412.18","end_time":"412.54","alternatives":[{"confidence":"1.0","content":"용도로"}],"type":"pronunciation"},{"start_time":"412.54","end_time":"412.9","alternatives":[{"confidence":"0.9909","content":"사용하고"}],"type":"pronunciation"},{"start_time":"412.9","end_time":"413.33","alternatives":[{"confidence":"0.99995","content":"계시죠"}],"type":"pronunciation"},{"alternatives":[{"confidence":"0.0","content":"?"}],"type":"punctuation"},{"start_time":"416.47","end_time":"417.3","alternatives":[{"confidence":"0.44405","content":"님들사용"}],"type":"pronunciation"},{"start_time":"417.3","end_time":"417.39","alternatives":[{"confidence":"0.6104","content":"안"}],"type":"pronunciation"},{"start_time":"417.39","end_time":"417.86","alternatives":[{"confidence":"1.0","content":"하시고"}],"type":"pronunciation"},{"start_time":"421.99","end_time":"422.37","alternatives":[{"confidence":"0.40485","content":"홍이"}],"type":"pronunciation"},{"start_time":"422.37","end_time":"422.84","alternatives":[{"confidence":"0.5452","content":"저장같은"}],"type":"pronunciation"},{"start_time":"422.84","end_time":"423.17","alternatives":[{"confidence":"0.8699","content":"경우에는"}],"type":"pronunciation"},{"start_time":"423.17","end_time":"423.28","alternatives":[{"confidence":"0.574","content":"몇"}],"type":"pronunciation"},{"start_time":"423.28","end_time":"424.09","alternatives":[{"confidence":"0.43335","content":"개수가"}],"type":"pronunciation"},{"start_time":"424.09","end_time":"424.43","alternatives":[{"confidence":"0.9997","content":"어떤"}],"type":"pronunciation"},{"start_time":"424.43","end_time":"424.85","alternatives":[{"confidence":"1.0","content":"용도로"}],"type":"pronunciation"},{"start_time":"424.85","end_time":"425.62","alternatives":[{"confidence":"0.9530000000000001","content":"사용하시죠"}],"type":"pronunciation"},{"start_time":"426.84","end_time":"427.41","alternatives":[{"confidence":"0.0035","content":"사용하는"}],"type":"pronunciation"},{"start_time":"428.74","end_time":"429.18","alternatives":[{"confidence":"0.9531","content":"나머지는"}],"type":"pronunciation"},{"start_time":"429.18","end_time":"429.28","alternatives":[{"confidence":"0.9636","content":"다"}],"type":"pronunciation"},{"start_time":"429.28","end_time":"429.95","alternatives":[{"confidence":"0.8157000000000001","content":"사용하네요"}],"type":"pronunciation"},{"alternatives":[{"confidence":"0.0","content":"."}],"type":"punctuation"},{"start_time":"430.71","end_time":"431.31","alternatives":[{"confidence":"0.8963","content":"나머지는"}],"type":"pronunciation"},{"start_time":"431.51","end_time":"432.12","alternatives":[{"confidence":"0.9981","content":"그냥"}],"type":"pronunciation"},{"start_time":"432.15","end_time":"433.05","alternatives":[{"confidence":"0.40915","content":"통보방식으로"}],"type":"pronunciation"},{"start_time":"433.32","end_time":"433.85","alternatives":[{"confidence":"0.9746","content":"하시죠"}],"type":"pronunciation"},{"alternatives":[{"confidence":"0.0","content":"."}],"type":"punctuation"},{"start_time":"438.45","end_time":"438.9","alternatives":[{"confidence":"1.0","content":"그렇다면"}],"type":"pronunciation"},{"start_time":"438.9","end_time":"439.66","alternatives":[{"confidence":"0.83265","content":"본인앞으로"}],"type":"pronunciation"},{"start_time":"439.66","end_time":"441.67","alternatives":[{"confidence":"0.8041599999999999","content":"접근청약예금계좌가"}],"type":"pronunciation"},{"start_time":"441.67","end_time":"442.37","alternatives":[{"confidence":"1.0","content":"없으시죠"}],"type":"pronunciation"},{"start_time":"447.77","end_time":"448.16","alternatives":[{"confidence":"0.6245","content":"지금"}],"type":"pronunciation"},{"start_time":"448.16","end_time":"448.48","alternatives":[{"confidence":"0.7202","content":"본인이"}],"type":"pronunciation"},{"start_time":"448.51","end_time":"449.23","alternatives":[{"confidence":"0.67625","content":"진술하시는"}],"type":"pronunciation"},{"start_time":"449.23","end_time":"449.38","alternatives":[{"confidence":"0.392","content":"건"}],"type":"pronunciation"},{"start_time":"449.38","end_time":"450.38","alternatives":[{"confidence":"0.92075","content":"없으신데"}],"type":"pronunciation"},{"alternatives":[{"confidence":"0.0","content":"."}],"type":"punctuation"},{"start_time":"450.7","end_time":"451.4","alternatives":[{"confidence":"0.0034","content":"농협은행"}],"type":"pronunciation"},{"start_time":"453.8","end_time":"455.13","alternatives":[{"confidence":"0.45099999999999996","content":"농협최근"}],"type":"pronunciation"},{"start_time":"455.13","end_time":"455.31","alternatives":[{"confidence":"0.7272","content":"하나"}],"type":"pronunciation"},{"start_time":"455.31","end_time":"455.85","alternatives":[{"confidence":"0.66705","content":"만드시는"}],"type":"pronunciation"},{"start_time":"455.85","end_time":"456.03","alternatives":[{"confidence":"0.0562","content":"적"}],"type":"pronunciation"},{"start_time":"456.76","end_time":"457.18","alternatives":[{"confidence":"0.3047","content":"주시고"}],"type":"pronunciation"},{"start_time":"458.9","end_time":"459.62","alternatives":[{"confidence":"0.7417","content":"우리은행의"}],"type":"pronunciation"},{"start_time":"459.62","end_time":"460.22","alternatives":[{"confidence":"0.07844999999999999","content":"유출분께서"}],"type":"pronunciation"},{"start_time":"460.22","end_time":"460.37","alternatives":[{"confidence":"0.8497","content":"딱"}],"type":"pronunciation"},{"start_time":"460.37","end_time":"461.04","alternatives":[{"confidence":"0.972","content":"하나씩"}],"type":"pronunciation"},{"start_time":"461.07","end_time":"461.53","alternatives":[{"confidence":"0.71","content":"하나씩"}],"type":"pronunciation"},{"start_time":"461.53","end_time":"461.67","alternatives":[{"confidence":"0.1943","content":"건"}],"type":"pronunciation"},{"start_time":"461.67","end_time":"462.25","alternatives":[{"confidence":"0.9984","content":"없으시죠"}],"type":"pronunciation"},{"alternatives":[{"confidence":"0.0","content":"."}],"type":"punctuation"},{"start_time":"463.95","end_time":"464.34","alternatives":[{"confidence":"1.0","content":"그렇다면"}],"type":"pronunciation"},{"start_time":"464.34","end_time":"464.76","alternatives":[{"confidence":"0.401","content":"넘겨한"}],"type":"pronunciation"},{"start_time":"464.76","end_time":"465.07","alternatives":[{"confidence":"0.9888","content":"에게는"}],"type":"pronunciation"},{"start_time":"465.07","end_time":"465.47","alternatives":[{"confidence":"0.9697","content":"지금"}],"type":"pronunciation"},{"start_time":"465.47","end_time":"465.75","alternatives":[{"confidence":"0.8563","content":"본인이"}],"type":"pronunciation"},{"start_time":"465.75","end_time":"466.25","alternatives":[{"confidence":"0.9924","content":"생각하신"}],"type":"pronunciation"},{"start_time":"466.25","end_time":"466.55","alternatives":[{"confidence":"0.9969","content":"것은"}],"type":"pronunciation"},{"start_time":"466.55","end_time":"467.29","alternatives":[{"confidence":"0.5223","content":"애출근교사"}],"type":"pronunciation"},{"start_time":"467.32","end_time":"467.46","alternatives":[{"confidence":"0.9102","content":"두"}],"type":"pronunciation"},{"start_time":"467.46","end_time":"467.9","alternatives":[{"confidence":"0.9915","content":"개가"}],"type":"pronunciation"},{"start_time":"468.35","end_time":"468.47","alternatives":[{"confidence":"0.9566","content":"두"}],"type":"pronunciation"},{"start_time":"468.47","end_time":"468.84","alternatives":[{"confidence":"0.9511000000000001","content":"개랑"}],"type":"pronunciation"},{"start_time":"468.87","end_time":"469.4","alternatives":[{"confidence":"0.43115000000000003","content":"측근교사"}],"type":"pronunciation"},{"start_time":"469.4","end_time":"469.66","alternatives":[{"confidence":"0.5856","content":"하나"}],"type":"pronunciation"},{"start_time":"469.66","end_time":"470.38","alternatives":[{"confidence":"0.64315","content":"많으시죠"}],"type":"pronunciation"},{"alternatives":[{"confidence":"0.0","content":"."}],"type":"punctuation"},{"start_time":"473.21","end_time":"473.53","alternatives":[{"confidence":"0.7788","content":"그러다"}],"type":"pronunciation"},{"start_time":"473.53","end_time":"474.02","alternatives":[{"confidence":"0.7003","content":"보니까"}],"type":"pronunciation"},{"start_time":"475.91","end_time":"477.12","alternatives":[{"confidence":"0.47035000000000005","content":"개설지점이래야"}],"type":"pronunciation"},{"start_time":"477.15","end_time":"477.94","alternatives":[{"confidence":"0.7832","content":"생각하십니까"}],"type":"pronunciation"},{"alternatives":[{"confidence":"0.0","content":"?"}],"type":"punctuation"},{"start_time":"478.06","end_time":"478.52","alternatives":[{"confidence":"0.8678","content":"올해는"}],"type":"pronunciation"},{"start_time":"478.52","end_time":"479.27","alternatives":[{"confidence":"0.61185","content":"농협시장"}],"type":"pronunciation"},{"start_time":"479.27","end_time":"480.16","alternatives":[{"confidence":"0.5611666666666667","content":"국민광수를"}],"type":"pronunciation"},{"start_time":"480.16","end_time":"480.5","alternatives":[{"confidence":"0.9692","content":"어디서"}],"type":"pronunciation"},{"start_time":"480.5","end_time":"480.98","alternatives":[{"confidence":"0.74665","content":"개설하신"}],"type":"pronunciation"},{"start_time":"480.98","end_time":"481.31","alternatives":[{"confidence":"1.0","content":"거죠"}],"type":"pronunciation"},{"alternatives":[{"confidence":"0.0","content":"?"}],"type":"punctuation"},{"start_time":"482.77","end_time":"483.09","alternatives":[{"confidence":"0.8315","content":"다"}],"type":"pronunciation"},{"start_time":"483.09","end_time":"483.37","alternatives":[{"confidence":"0.9219","content":"집"}],"type":"pronunciation"},{"start_time":"483.37","end_time":"483.73","alternatives":[{"confidence":"0.8683","content":"앞에서"}],"type":"pronunciation"},{"start_time":"483.73","end_time":"484.33","alternatives":[{"confidence":"0.83725","content":"계산합니다"}],"type":"pronunciation"},{"alternatives":[{"confidence":"0.0","content":"."}],"type":"punctuation"},{"start_time":"486.51","end_time":"486.69","alternatives":[{"confidence":"0.0206","content":"이런"}],"type":"pronunciation"},{"start_time":"486.69","end_time":"487.4","alternatives":[{"confidence":"0.8034","content":"지점이시죠"}],"type":"pronunciation"},{"start_time":"488.44","end_time":"489.75","alternatives":[{"confidence":"0.5692666666666667","content":"지정농사모르겠는데"}],"type":"pronunciation"},{"start_time":"491.5","end_time":"492.04","alternatives":[{"confidence":"0.9031","content":"몰라요"}],"type":"pronunciation"},{"alternatives":[{"confidence":"0.0","content":"."}],"type":"punctuation"},{"start_time":"493.1","end_time":"493.37","alternatives":[{"confidence":"0.3445","content":"지금"}],"type":"pronunciation"},{"start_time":"493.51","end_time":"493.73","alternatives":[{"confidence":"0.7288","content":"전부"}],"type":"pronunciation"},{"start_time":"493.73","end_time":"493.84","alternatives":[{"confidence":"0.9953","content":"다"}],"type":"pronunciation"},{"start_time":"493.84","end_time":"494.01","alternatives":[{"confidence":"0.9087","content":"집"}],"type":"pronunciation"},{"start_time":"494.01","end_time":"494.31","alternatives":[{"confidence":"0.9955","content":"앞에서"}],"type":"pronunciation"},{"start_time":"494.31","end_time":"495.14","alternatives":[{"confidence":"0.8225333333333333","content":"괜찮하셨고"}],"type":"pronunciation"},{"alternatives":[{"confidence":"0.0","content":"."}],"type":"punctuation"},{"start_time":"498.32","end_time":"498.77","alternatives":[{"confidence":"0.9999","content":"알겠습니다"}],"type":"pronunciation"},{"alternatives":[{"confidence":"0.0","content":"."}],"type":"punctuation"},{"start_time":"498.98","end_time":"499.33","alternatives":[{"confidence":"0.6184","content":"그러고"}],"type":"pronunciation"},{"start_time":"499.33","end_time":"499.67","alternatives":[{"confidence":"0.9929","content":"보니"}],"type":"pronunciation"},{"start_time":"499.67","end_time":"499.97","alternatives":[{"confidence":"0.7911","content":"우리"}],"type":"pronunciation"},{"start_time":"499.97","end_time":"500.5","alternatives":[{"confidence":"0.7878","content":"은행이"}],"type":"pronunciation"},{"start_time":"500.67","end_time":"501.13","alternatives":[{"confidence":"0.9867","content":"지금"}],"type":"pronunciation"},{"start_time":"501.16","end_time":"502.91","alternatives":[{"confidence":"0.41159999999999997","content":"조율관계자께서"}],"type":"pronunciation"},{"start_time":"502.91","end_time":"503.02","alternatives":[{"confidence":"0.7014","content":"이"}],"type":"pronunciation"},{"start_time":"503.02","end_time":"503.25","alternatives":[{"confidence":"0.6785","content":"차를"}],"type":"pronunciation"},{"start_time":"503.25","end_time":"503.54","alternatives":[{"confidence":"0.5153","content":"대상"}],"type":"pronunciation"},{"start_time":"503.54","end_time":"503.93","alternatives":[{"confidence":"0.9901","content":"하신다고"}],"type":"pronunciation"},{"start_time":"503.93","end_time":"504.39","alternatives":[{"confidence":"0.6444","content":"하시는데"}],"type":"pronunciation"},{"start_time":"505.05","end_time":"505.36","alternatives":[{"confidence":"0.9989","content":"본인이"}],"type":"pronunciation"},{"start_time":"505.36","end_time":"505.88","alternatives":[{"confidence":"1.0","content":"마지막으로"}],"type":"pronunciation"},{"start_time":"505.88","end_time":"506.17","alternatives":[{"confidence":"0.8215","content":"보실"}],"type":"pronunciation"},{"start_time":"506.17","end_time":"506.34","alternatives":[{"confidence":"0.9568","content":"때"}],"type":"pronunciation"},{"start_time":"506.34","end_time":"506.65","alternatives":[{"confidence":"0.4381","content":"자기를"}],"type":"pronunciation"},{"start_time":"506.65","end_time":"507.04","alternatives":[{"confidence":"0.9988999999999999","content":"얼마씩"}],"type":"pronunciation"},{"start_time":"507.04","end_time":"507.55","alternatives":[{"confidence":"0.7160500000000001","content":"나오셨죠"}],"type":"pronunciation"},{"start_time":"510.2","end_time":"510.45","alternatives":[{"confidence":"0.916","content":"반"}],"type":"pronunciation"},{"start_time":"510.72","end_time":"511.08","alternatives":[{"confidence":"0.91035","content":"총장이"}],"type":"pronunciation"},{"start_time":"511.08","end_time":"511.35","alternatives":[{"confidence":"0.4447","content":"돈은"}],"type":"pronunciation"},{"start_time":"511.35","end_time":"511.88","alternatives":[{"confidence":"0.5784","content":"않잖아요"}],"type":"pronunciation"},{"alternatives":[{"confidence":"0.0","content":"."}],"type":"punctuation"},{"start_time":"514.33","end_time":"514.76","alternatives":[{"confidence":"0.25205","content":"통장에"}],"type":"pronunciation"},{"start_time":"514.76","end_time":"515.08","alternatives":[{"confidence":"0.5817","content":"돈을"}],"type":"pronunciation"},{"start_time":"515.08","end_time":"515.23","alternatives":[{"confidence":"0.3572","content":"안"}],"type":"pronunciation"},{"start_time":"515.23","end_time":"516.1","alternatives":[{"confidence":"0.6796499999999999","content":"넣는다고요"}],"type":"pronunciation"},{"start_time":"516.98","end_time":"517.38","alternatives":[{"confidence":"0.009","content":"날짜가"}],"type":"pronunciation"},{"start_time":"517.38","end_time":"517.46","alternatives":[{"confidence":"0.013","content":"안"}],"type":"pronunciation"},{"start_time":"517.46","end_time":"517.68","alternatives":[{"confidence":"0.1001","content":"되면"}],"type":"pronunciation"},{"start_time":"517.68","end_time":"518.03","alternatives":[{"confidence":"0.6121","content":"그때는"}],"type":"pronunciation"},{"start_time":"519.69","end_time":"520.12","alternatives":[{"confidence":"0.64985","content":"네네네"}],"type":"pronunciation"},{"alternatives":[{"confidence":"0.0","content":"."}],"type":"punctuation"},{"start_time":"520.77","end_time":"521.22","alternatives":[{"confidence":"0.9971","content":"알겠습니다"}],"type":"pronunciation"},{"alternatives":[{"confidence":"0.0","content":"."}],"type":"punctuation"},{"start_time":"521.22","end_time":"521.56","alternatives":[{"confidence":"0.9995","content":"그러니까"}],"type":"pronunciation"},{"start_time":"521.56","end_time":"522.05","alternatives":[{"confidence":"0.8475","content":"지금"}],"type":"pronunciation"},{"start_time":"522.33","end_time":"523.27","alternatives":[{"confidence":"0.27160000000000006","content":"진술하신"}],"type":"pronunciation"},{"start_time":"523.27","end_time":"524.92","alternatives":[{"confidence":"0.1184","content":"교육장고가"}],"type":"pronunciation"},{"start_time":"524.92","end_time":"525.22","alternatives":[{"confidence":"0.9998","content":"하나도"}],"type":"pronunciation"},{"start_time":"525.22","end_time":"526.12","alternatives":[{"confidence":"1.0","content":"없으시죠"}],"type":"pronunciation"},{"alternatives":[{"confidence":"0.0","content":"."}],"type":"punctuation"},{"start_time":"527.34","end_time":"527.72","alternatives":[{"confidence":"0.6132","content":"네"}],"type":"pronunciation"},{"alternatives":[{"confidence":"0.0","content":","}],"type":"punctuation"},{"start_time":"527.82","end_time":"527.99","alternatives":[{"confidence":"0.3469","content":"한"}],"type":"pronunciation"},{"start_time":"527.99","end_time":"528.2","alternatives":[{"confidence":"0.2561","content":"십"}],"type":"pronunciation"},{"start_time":"531.29","end_time":"531.55","alternatives":[{"confidence":"0.9999","content":"저희가"}],"type":"pronunciation"},{"start_time":"531.55","end_time":"531.86","alternatives":[{"confidence":"0.9997","content":"만약에"}],"type":"pronunciation"},{"start_time":"531.86","end_time":"532.59","alternatives":[{"confidence":"0.1878","content":"좋아해서"}],"type":"pronunciation"},{"start_time":"532.82","end_time":"533.28","alternatives":[{"confidence":"0.9997","content":"원인이"}],"type":"pronunciation"},{"start_time":"533.55","end_time":"533.91","alternatives":[{"confidence":"0.9562","content":"지금"}],"type":"pronunciation"},{"start_time":"533.91","end_time":"534.93","alternatives":[{"confidence":"0.7827333333333333","content":"진술하신거는"}],"type":"pronunciation"},{"start_time":"535.21","end_time":"535.53","alternatives":[{"confidence":"0.9834","content":"자격이"}],"type":"pronunciation"},{"start_time":"535.53","end_time":"536.0","alternatives":[{"confidence":"0.9986999999999999","content":"없으시다고"}],"type":"pronunciation"},{"start_time":"536.0","end_time":"536.45","alternatives":[{"confidence":"0.9998","content":"하셨는데"}],"type":"pronunciation"},{"start_time":"536.45","end_time":"536.68","alternatives":[{"confidence":"0.9756","content":"저희가"}],"type":"pronunciation"},{"start_time":"536.68","end_time":"537.15","alternatives":[{"confidence":"1.0","content":"만약에"}],"type":"pronunciation"},{"start_time":"537.45","end_time":"538.04","alternatives":[{"confidence":"0.99585","content":"진술해서"}],"type":"pronunciation"},{"start_time":"538.04","end_time":"538.91","alternatives":[{"confidence":"0.9061","content":"그"}],"type":"pronunciation"},{"alternatives":[{"confidence":"0.0","content":","}],"type":"punctuation"},{"start_time":"538.94","end_time":"539.32","alternatives":[{"confidence":"0.8159","content":"만약"}],"type":"pronunciation"},{"start_time":"539.38","end_time":"539.54","alternatives":[{"confidence":"0.9842","content":"그"}],"type":"pronunciation"},{"start_time":"539.54","end_time":"539.78","alternatives":[{"confidence":"0.9041","content":"얘기"}],"type":"pronunciation"},{"start_time":"539.78","end_time":"540.4","alternatives":[{"confidence":"0.7109000000000001","content":"나오셨다"}],"type":"pronunciation"},{"start_time":"540.61","end_time":"540.89","alternatives":[{"confidence":"0.0934","content":"여러분"}],"type":"pronunciation"},{"start_time":"541.1","end_time":"541.31","alternatives":[{"confidence":"0.146","content":"철이"}],"type":"pronunciation"},{"start_time":"541.31","end_time":"541.53","alternatives":[{"confidence":"0.0737","content":"되자"}],"type":"pronunciation"},{"start_time":"541.53","end_time":"541.78","alternatives":[{"confidence":"0.3046","content":"까지"}],"type":"pronunciation"},{"start_time":"541.78","end_time":"542.29","alternatives":[{"confidence":"0.988","content":"본인이"}],"type":"pronunciation"},{"start_time":"542.29","end_time":"543.0","alternatives":[{"confidence":"1.0","content":"없으시죠"}],"type":"pronunciation"},{"start_time":"545.77","end_time":"546.16","alternatives":[{"confidence":"0.9968","content":"지금까지"}],"type":"pronunciation"},{"start_time":"546.16","end_time":"546.53","alternatives":[{"confidence":"0.77215","content":"진술한"}],"type":"pronunciation"},{"start_time":"546.53","end_time":"546.8","alternatives":[{"confidence":"0.487","content":"신형"}],"type":"pronunciation"},{"start_time":"546.8","end_time":"546.9","alternatives":[{"confidence":"0.7705","content":"이"}],"type":"pronunciation"},{"start_time":"546.9","end_time":"547.24","alternatives":[{"confidence":"0.9103","content":"사실을"}],"type":"pronunciation"},{"start_time":"547.24","end_time":"547.84","alternatives":[{"confidence":"1.0","content":"봤습니까"}],"type":"pronunciation"},{"alternatives":[{"confidence":"0.0","content":"?"}],"type":"punctuation"},{"start_time":"549.66","end_time":"550.03","alternatives":[{"confidence":"0.9952","content":"만약에"}],"type":"pronunciation"},{"start_time":"550.03","end_time":"550.43","alternatives":[{"confidence":"0.6885","content":"진술한"}],"type":"pronunciation"},{"start_time":"550.43","end_time":"550.74","alternatives":[{"confidence":"0.3916","content":"신형"}],"type":"pronunciation"},{"start_time":"550.74","end_time":"550.9","alternatives":[{"confidence":"0.6456","content":"이"}],"type":"pronunciation"},{"start_time":"550.9","end_time":"551.3","alternatives":[{"confidence":"0.8773","content":"사실과"}],"type":"pronunciation"},{"start_time":"551.3","end_time":"551.53","alternatives":[{"confidence":"0.9966","content":"다를"}],"type":"pronunciation"},{"start_time":"551.53","end_time":"552.17","alternatives":[{"confidence":"0.999","content":"경우"}],"type":"pronunciation"},{"start_time":"552.29","end_time":"552.51","alternatives":[{"confidence":"0.4965","content":"요즘"}],"type":"pronunciation"},{"start_time":"552.65","end_time":"552.74","alternatives":[{"confidence":"0.2657","content":"과"}],"type":"pronunciation"},{"start_time":"552.74","end_time":"553.69","alternatives":[{"confidence":"0.6922333333333333","content":"공무집행공유"}],"type":"pronunciation"},{"start_time":"553.69","end_time":"553.91","alternatives":[{"confidence":"0.3398","content":"제가"}],"type":"pronunciation"},{"start_time":"553.91","end_time":"554.44","alternatives":[{"confidence":"0.6563","content":"추가된다는"}],"type":"pronunciation"},{"start_time":"554.44","end_time":"554.78","alternatives":[{"confidence":"0.9996","content":"사실을"}],"type":"pronunciation"},{"start_time":"554.78","end_time":"554.98","alternatives":[{"confidence":"0.9662","content":"알고"}],"type":"pronunciation"},{"start_time":"554.98","end_time":"555.52","alternatives":[{"confidence":"0.9992","content":"계시고요"}],"type":"pronunciation"},{"alternatives":[{"confidence":"0.0","content":"?"}],"type":"punctuation"},{"start_time":"556.27","end_time":"556.5","alternatives":[{"confidence":"0.8317","content":"네"}],"type":"pronunciation"},{"alternatives":[{"confidence":"0.0","content":"."}],"type":"punctuation"},{"start_time":"556.53","end_time":"556.71","alternatives":[{"confidence":"0.7552","content":"네"}],"type":"pronunciation"},{"alternatives":[{"confidence":"0.0","content":"."}],"type":"punctuation"}]},"status":"COMPLETED"}