{"jobName":"transcribes..26","accountId":"097989105209","results":{"transcripts":[{"transcript":"그래서 에 대해 아는 부분이 있으세요? 그러시면 탄생하는 사람 전혀 모르십니까. 근데 는요 통장을 몸을 주고 샀다고 하는데 본인에서는 모른다고 하시는 거죠. 누구도 잘 모르는데 전혀 모르관련이 없다는 말씀이죠. 하지만 본인도 알다시피 금융거래 실명제원칙에 따라 공장을 개선하려면 본인이 직접 신분증을 지참하고 해당 은행의 대통령이 발급이 되지 않습니까? 일단 본인이 에서 무마되는 사건이 아니고요. 물론 보니 입장도 이해를 하고 황당하실 수도 있겠지만. 네. 이번 사건은요 라는 사람이 불법 도박사이트를 운영하면서 대포통장이 필요하니까 본인을 포함한 전국에 백 삼십 명의 명의 자들에게 통장을 구매를 했다고 진술을 해서 연락을 드리는 부분이고요. 그리고 뭐 통화를 하다 보면 몇몇 분들은 돈을 받고 판매를 하신 분들도 계셔서 확인 차 형식성 연락을 드리는 부분입니다. 네, 그런데 본인께서는 이 통영에 대해 전혀 모른다는 말씀이시죠? 그럼 제가 참고로 말씀드리면요 괴사양도 행위 등을 처벌에 관한 법률에 의하면 뇨 풍력을 타인에게 판매한 사람은 삼 년 이하의 징역이나 삼 천만원 이하의 벌금형에 처하게 되는거고 알고 계셔야 됩니다. 네. 그럼 저는 지금 말한 것에 대해서 전혀 아는 바 없고 아무 관계가 없다는 말씀이죠. 그럼 우선은 정희현 씨가 이번 사건의 연휴대 혐의가 있기 때문에 저희 별로 오셔서 시간이에요. 이시죠. 그러니까 저희 부산검찰의 오시는데 시간이 하나가 계십니까? 검찰청으로 오시는데 지금 저 인천있는데 오십이시간 연락을 있을까 지금 기뻐라도 소리가 는거에요 할게요."}],"items":[{"start_time":"0.33","end_time":"0.62","alternatives":[{"confidence":"0.5153","content":"그래서"}],"type":"pronunciation"},{"start_time":"0.62","end_time":"0.7","alternatives":[{"confidence":"0.9147","content":"에"}],"type":"pronunciation"},{"start_time":"0.7","end_time":"0.97","alternatives":[{"confidence":"0.9865","content":"대해"}],"type":"pronunciation"},{"start_time":"0.97","end_time":"1.29","alternatives":[{"confidence":"0.4159","content":"아는"}],"type":"pronunciation"},{"start_time":"1.29","end_time":"1.64","alternatives":[{"confidence":"0.9982","content":"부분이"}],"type":"pronunciation"},{"start_time":"1.64","end_time":"2.23","alternatives":[{"confidence":"0.9984","content":"있으세요"}],"type":"pronunciation"},{"alternatives":[{"confidence":"0.0","content":"?"}],"type":"punctuation"},{"start_time":"6.85","end_time":"8.0","alternatives":[{"confidence":"0.83265","content":"그러시면"}],"type":"pronunciation"},{"start_time":"9.42","end_time":"11.03","alternatives":[{"confidence":"0.7083999999999999","content":"탄생하는"}],"type":"pronunciation"},{"start_time":"11.03","end_time":"11.32","alternatives":[{"confidence":"0.7991","content":"사람"}],"type":"pronunciation"},{"start_time":"11.32","end_time":"11.55","alternatives":[{"confidence":"1.0","content":"전혀"}],"type":"pronunciation"},{"start_time":"11.55","end_time":"12.32","alternatives":[{"confidence":"1.0","content":"모르십니까"}],"type":"pronunciation"},{"alternatives":[{"confidence":"0.0","content":"."}],"type":"punctuation"},{"start_time":"14.78","end_time":"15.55","alternatives":[{"confidence":"0.911","content":"근데"}],"type":"pronunciation"},{"start_time":"16.09","end_time":"17.15","alternatives":[{"confidence":"0.1868","content":"는요"}],"type":"pronunciation"},{"start_time":"18.08","end_time":"18.89","alternatives":[{"confidence":"0.9904","content":"통장을"}],"type":"pronunciation"},{"start_time":"18.92","end_time":"19.27","alternatives":[{"confidence":"0.6276","content":"몸을"}],"type":"pronunciation"},{"start_time":"19.27","end_time":"19.66","alternatives":[{"confidence":"1.0","content":"주고"}],"type":"pronunciation"},{"start_time":"19.66","end_time":"20.12","alternatives":[{"confidence":"0.9914000000000001","content":"샀다고"}],"type":"pronunciation"},{"start_time":"20.12","end_time":"21.28","alternatives":[{"confidence":"0.9986","content":"하는데"}],"type":"pronunciation"},{"start_time":"21.4","end_time":"22.3","alternatives":[{"confidence":"0.8987","content":"본인에서는"}],"type":"pronunciation"},{"start_time":"22.36","end_time":"22.87","alternatives":[{"confidence":"0.9942","content":"모른다고"}],"type":"pronunciation"},{"start_time":"22.87","end_time":"23.14","alternatives":[{"confidence":"0.8993","content":"하시는"}],"type":"pronunciation"},{"start_time":"23.14","end_time":"23.67","alternatives":[{"confidence":"0.9909","content":"거죠"}],"type":"pronunciation"},{"alternatives":[{"confidence":"0.0","content":"."}],"type":"punctuation"},{"start_time":"26.54","end_time":"27.08","alternatives":[{"confidence":"0.9978","content":"누구도"}],"type":"pronunciation"},{"start_time":"27.2","end_time":"27.42","alternatives":[{"confidence":"0.9895","content":"잘"}],"type":"pronunciation"},{"start_time":"27.45","end_time":"28.02","alternatives":[{"confidence":"0.5006","content":"모르는데"}],"type":"pronunciation"},{"start_time":"29.26","end_time":"29.5","alternatives":[{"confidence":"1.0","content":"전혀"}],"type":"pronunciation"},{"start_time":"29.5","end_time":"30.75","alternatives":[{"confidence":"0.97165","content":"모르관련이"}],"type":"pronunciation"},{"start_time":"30.75","end_time":"31.04","alternatives":[{"confidence":"0.9998","content":"없다는"}],"type":"pronunciation"},{"start_time":"31.04","end_time":"32.17","alternatives":[{"confidence":"0.9991","content":"말씀이죠"}],"type":"pronunciation"},{"alternatives":[{"confidence":"0.0","content":"."}],"type":"punctuation"},{"start_time":"33.37","end_time":"33.96","alternatives":[{"confidence":"0.9937","content":"하지만"}],"type":"pronunciation"},{"start_time":"33.96","end_time":"34.4","alternatives":[{"confidence":"0.9943","content":"본인도"}],"type":"pronunciation"},{"start_time":"34.4","end_time":"35.32","alternatives":[{"confidence":"1.0","content":"알다시피"}],"type":"pronunciation"},{"start_time":"35.35","end_time":"36.04","alternatives":[{"confidence":"0.8296","content":"금융거래"}],"type":"pronunciation"},{"start_time":"36.04","end_time":"37.15","alternatives":[{"confidence":"1.0","content":"실명제원칙에"}],"type":"pronunciation"},{"start_time":"37.15","end_time":"37.8","alternatives":[{"confidence":"0.9984","content":"따라"}],"type":"pronunciation"},{"start_time":"37.95","end_time":"38.41","alternatives":[{"confidence":"0.5298","content":"공장을"}],"type":"pronunciation"},{"start_time":"38.41","end_time":"39.56","alternatives":[{"confidence":"0.9922","content":"개선하려면"}],"type":"pronunciation"},{"start_time":"40.24","end_time":"41.23","alternatives":[{"confidence":"1.0","content":"본인이"}],"type":"pronunciation"},{"start_time":"41.26","end_time":"41.83","alternatives":[{"confidence":"0.9991","content":"직접"}],"type":"pronunciation"},{"start_time":"41.89","end_time":"42.9","alternatives":[{"confidence":"1.0","content":"신분증을"}],"type":"pronunciation"},{"start_time":"42.93","end_time":"43.59","alternatives":[{"confidence":"0.9999666666666668","content":"지참하고"}],"type":"pronunciation"},{"start_time":"43.59","end_time":"43.98","alternatives":[{"confidence":"0.5992","content":"해당"}],"type":"pronunciation"},{"start_time":"43.98","end_time":"44.28","alternatives":[{"confidence":"0.5287","content":"은행의"}],"type":"pronunciation"},{"start_time":"45.04","end_time":"45.54","alternatives":[{"confidence":"0.9733","content":"대통령이"}],"type":"pronunciation"},{"start_time":"45.54","end_time":"45.97","alternatives":[{"confidence":"0.9092","content":"발급이"}],"type":"pronunciation"},{"start_time":"45.97","end_time":"46.22","alternatives":[{"confidence":"1.0","content":"되지"}],"type":"pronunciation"},{"start_time":"46.22","end_time":"46.9","alternatives":[{"confidence":"0.9998","content":"않습니까"}],"type":"pronunciation"},{"alternatives":[{"confidence":"0.0","content":"?"}],"type":"punctuation"},{"start_time":"50.8","end_time":"51.12","alternatives":[{"confidence":"1.0","content":"일단"}],"type":"pronunciation"},{"start_time":"51.12","end_time":"51.88","alternatives":[{"confidence":"1.0","content":"본인이"}],"type":"pronunciation"},{"start_time":"52.48","end_time":"52.67","alternatives":[{"confidence":"0.8973","content":"에서"}],"type":"pronunciation"},{"start_time":"52.67","end_time":"53.26","alternatives":[{"confidence":"0.9994000000000001","content":"무마되는"}],"type":"pronunciation"},{"start_time":"53.26","end_time":"53.69","alternatives":[{"confidence":"1.0","content":"사건이"}],"type":"pronunciation"},{"start_time":"53.69","end_time":"54.99","alternatives":[{"confidence":"0.9988","content":"아니고요"}],"type":"pronunciation"},{"alternatives":[{"confidence":"0.0","content":"."}],"type":"punctuation"},{"start_time":"55.14","end_time":"55.86","alternatives":[{"confidence":"0.9917","content":"물론"}],"type":"pronunciation"},{"start_time":"55.86","end_time":"56.22","alternatives":[{"confidence":"0.7632","content":"보니"}],"type":"pronunciation"},{"start_time":"56.22","end_time":"56.65","alternatives":[{"confidence":"0.9907","content":"입장도"}],"type":"pronunciation"},{"start_time":"56.65","end_time":"56.99","alternatives":[{"confidence":"0.9966","content":"이해를"}],"type":"pronunciation"},{"start_time":"56.99","end_time":"57.74","alternatives":[{"confidence":"0.9568","content":"하고"}],"type":"pronunciation"},{"start_time":"57.86","end_time":"58.62","alternatives":[{"confidence":"0.998","content":"황당하실"}],"type":"pronunciation"},{"start_time":"58.62","end_time":"58.88","alternatives":[{"confidence":"1.0","content":"수도"}],"type":"pronunciation"},{"start_time":"58.88","end_time":"59.83","alternatives":[{"confidence":"1.0","content":"있겠지만"}],"type":"pronunciation"},{"alternatives":[{"confidence":"0.0","content":"."}],"type":"punctuation"},{"start_time":"60.64","end_time":"61.03","alternatives":[{"confidence":"0.8751","content":"네"}],"type":"pronunciation"},{"alternatives":[{"confidence":"0.0","content":"."}],"type":"punctuation"},{"start_time":"61.03","end_time":"61.33","alternatives":[{"confidence":"0.9945","content":"이번"}],"type":"pronunciation"},{"start_time":"61.33","end_time":"62.46","alternatives":[{"confidence":"0.96995","content":"사건은요"}],"type":"pronunciation"},{"start_time":"63.12","end_time":"63.47","alternatives":[{"confidence":"0.9951","content":"라는"}],"type":"pronunciation"},{"start_time":"63.47","end_time":"64.32","alternatives":[{"confidence":"0.9097","content":"사람이"}],"type":"pronunciation"},{"start_time":"64.47","end_time":"65.13","alternatives":[{"confidence":"0.8484","content":"불법"}],"type":"pronunciation"},{"start_time":"65.13","end_time":"66.0","alternatives":[{"confidence":"0.9994000000000001","content":"도박사이트를"}],"type":"pronunciation"},{"start_time":"66.0","end_time":"67.05","alternatives":[{"confidence":"0.9925999999999999","content":"운영하면서"}],"type":"pronunciation"},{"start_time":"67.99","end_time":"69.01","alternatives":[{"confidence":"0.4578333333333333","content":"대포통장이"}],"type":"pronunciation"},{"start_time":"69.01","end_time":"69.98","alternatives":[{"confidence":"0.9916499999999999","content":"필요하니까"}],"type":"pronunciation"},{"start_time":"70.03","end_time":"70.6","alternatives":[{"confidence":"0.99895","content":"본인을"}],"type":"pronunciation"},{"start_time":"70.6","end_time":"71.37","alternatives":[{"confidence":"1.0","content":"포함한"}],"type":"pronunciation"},{"start_time":"71.75","end_time":"72.22","alternatives":[{"confidence":"0.7744","content":"전국에"}],"type":"pronunciation"},{"start_time":"72.22","end_time":"72.49","alternatives":[{"confidence":"0.6041","content":"백"}],"type":"pronunciation"},{"start_time":"72.49","end_time":"72.9","alternatives":[{"confidence":"0.4713","content":"삼십"}],"type":"pronunciation"},{"start_time":"72.9","end_time":"73.17","alternatives":[{"confidence":"0.798","content":"명의"}],"type":"pronunciation"},{"start_time":"73.17","end_time":"73.46","alternatives":[{"confidence":"0.4785","content":"명의"}],"type":"pronunciation"},{"start_time":"73.46","end_time":"74.28","alternatives":[{"confidence":"1.0","content":"자들에게"}],"type":"pronunciation"},{"start_time":"74.39","end_time":"74.9","alternatives":[{"confidence":"0.9982500000000001","content":"통장을"}],"type":"pronunciation"},{"start_time":"74.9","end_time":"75.27","alternatives":[{"confidence":"0.9938","content":"구매를"}],"type":"pronunciation"},{"start_time":"75.27","end_time":"75.83","alternatives":[{"confidence":"0.9978","content":"했다고"}],"type":"pronunciation"},{"start_time":"75.83","end_time":"76.31","alternatives":[{"confidence":"0.9948","content":"진술을"}],"type":"pronunciation"},{"start_time":"76.31","end_time":"76.55","alternatives":[{"confidence":"0.9984","content":"해서"}],"type":"pronunciation"},{"start_time":"76.55","end_time":"76.91","alternatives":[{"confidence":"1.0","content":"연락을"}],"type":"pronunciation"},{"start_time":"76.91","end_time":"77.26","alternatives":[{"confidence":"0.8937","content":"드리는"}],"type":"pronunciation"},{"start_time":"77.26","end_time":"78.5","alternatives":[{"confidence":"0.9799","content":"부분이고요"}],"type":"pronunciation"},{"alternatives":[{"confidence":"0.0","content":"."}],"type":"punctuation"},{"start_time":"79.57","end_time":"79.9","alternatives":[{"confidence":"1.0","content":"그리고"}],"type":"pronunciation"},{"start_time":"79.9","end_time":"80.02","alternatives":[{"confidence":"0.9058","content":"뭐"}],"type":"pronunciation"},{"start_time":"80.02","end_time":"80.4","alternatives":[{"confidence":"0.9961","content":"통화를"}],"type":"pronunciation"},{"start_time":"80.4","end_time":"80.63","alternatives":[{"confidence":"0.6391","content":"하다"}],"type":"pronunciation"},{"start_time":"80.63","end_time":"81.26","alternatives":[{"confidence":"0.6391","content":"보면"}],"type":"pronunciation"},{"start_time":"81.29","end_time":"81.61","alternatives":[{"confidence":"0.9059","content":"몇몇"}],"type":"pronunciation"},{"start_time":"81.61","end_time":"82.28","alternatives":[{"confidence":"1.0","content":"분들은"}],"type":"pronunciation"},{"start_time":"82.28","end_time":"82.66","alternatives":[{"confidence":"1.0","content":"돈을"}],"type":"pronunciation"},{"start_time":"82.66","end_time":"82.95","alternatives":[{"confidence":"0.9991","content":"받고"}],"type":"pronunciation"},{"start_time":"82.95","end_time":"83.37","alternatives":[{"confidence":"0.9989","content":"판매를"}],"type":"pronunciation"},{"start_time":"83.37","end_time":"83.67","alternatives":[{"confidence":"0.9932","content":"하신"}],"type":"pronunciation"},{"start_time":"83.67","end_time":"84.1","alternatives":[{"confidence":"0.9111","content":"분들도"}],"type":"pronunciation"},{"start_time":"84.1","end_time":"84.86","alternatives":[{"confidence":"1.0","content":"계셔서"}],"type":"pronunciation"},{"start_time":"85.24","end_time":"85.64","alternatives":[{"confidence":"0.7667","content":"확인"}],"type":"pronunciation"},{"start_time":"85.64","end_time":"85.84","alternatives":[{"confidence":"0.8949","content":"차"}],"type":"pronunciation"},{"start_time":"85.84","end_time":"86.49","alternatives":[{"confidence":"0.5399499999999999","content":"형식성"}],"type":"pronunciation"},{"start_time":"86.49","end_time":"86.92","alternatives":[{"confidence":"1.0","content":"연락을"}],"type":"pronunciation"},{"start_time":"86.92","end_time":"87.28","alternatives":[{"confidence":"0.8914","content":"드리는"}],"type":"pronunciation"},{"start_time":"87.28","end_time":"88.23","alternatives":[{"confidence":"0.9943500000000001","content":"부분입니다"}],"type":"pronunciation"},{"alternatives":[{"confidence":"0.0","content":"."}],"type":"punctuation"},{"start_time":"89.77","end_time":"90.28","alternatives":[{"confidence":"0.9962","content":"네"}],"type":"pronunciation"},{"alternatives":[{"confidence":"0.0","content":","}],"type":"punctuation"},{"start_time":"90.28","end_time":"91.18","alternatives":[{"confidence":"1.0","content":"그런데"}],"type":"pronunciation"},{"start_time":"91.21","end_time":"92.36","alternatives":[{"confidence":"0.7926500000000001","content":"본인께서는"}],"type":"pronunciation"},{"start_time":"93.16","end_time":"93.33","alternatives":[{"confidence":"0.743","content":"이"}],"type":"pronunciation"},{"start_time":"93.33","end_time":"93.8","alternatives":[{"confidence":"0.77955","content":"통영에"}],"type":"pronunciation"},{"start_time":"93.8","end_time":"94.1","alternatives":[{"confidence":"1.0","content":"대해"}],"type":"pronunciation"},{"start_time":"94.1","end_time":"95.26","alternatives":[{"confidence":"1.0","content":"전혀"}],"type":"pronunciation"},{"start_time":"95.35","end_time":"96.34","alternatives":[{"confidence":"0.9996","content":"모른다는"}],"type":"pronunciation"},{"start_time":"96.34","end_time":"97.78","alternatives":[{"confidence":"1.0","content":"말씀이시죠"}],"type":"pronunciation"},{"alternatives":[{"confidence":"0.0","content":"?"}],"type":"punctuation"},{"start_time":"100.14","end_time":"100.35","alternatives":[{"confidence":"0.9683","content":"그럼"}],"type":"pronunciation"},{"start_time":"100.35","end_time":"100.89","alternatives":[{"confidence":"0.9998","content":"제가"}],"type":"pronunciation"},{"start_time":"100.89","end_time":"101.56","alternatives":[{"confidence":"1.0","content":"참고로"}],"type":"pronunciation"},{"start_time":"101.56","end_time":"102.81","alternatives":[{"confidence":"0.99525","content":"말씀드리면요"}],"type":"pronunciation"},{"start_time":"102.84","end_time":"103.54","alternatives":[{"confidence":"0.41900000000000004","content":"괴사양도"}],"type":"pronunciation"},{"start_time":"103.54","end_time":"103.9","alternatives":[{"confidence":"0.9995","content":"행위"}],"type":"pronunciation"},{"start_time":"103.9","end_time":"104.35","alternatives":[{"confidence":"1.0","content":"등을"}],"type":"pronunciation"},{"start_time":"104.35","end_time":"104.77","alternatives":[{"confidence":"0.99735","content":"처벌에"}],"type":"pronunciation"},{"start_time":"104.77","end_time":"105.15","alternatives":[{"confidence":"0.9989","content":"관한"}],"type":"pronunciation"},{"start_time":"105.15","end_time":"105.59","alternatives":[{"confidence":"0.8504","content":"법률에"}],"type":"pronunciation"},{"start_time":"105.59","end_time":"105.97","alternatives":[{"confidence":"1.0","content":"의하면"}],"type":"pronunciation"},{"start_time":"105.98","end_time":"106.4","alternatives":[{"confidence":"0.7714","content":"뇨"}],"type":"pronunciation"},{"start_time":"106.93","end_time":"107.41","alternatives":[{"confidence":"0.3892","content":"풍력을"}],"type":"pronunciation"},{"start_time":"107.41","end_time":"107.96","alternatives":[{"confidence":"0.9591","content":"타인에게"}],"type":"pronunciation"},{"start_time":"107.96","end_time":"108.48","alternatives":[{"confidence":"0.93695","content":"판매한"}],"type":"pronunciation"},{"start_time":"108.48","end_time":"109.19","alternatives":[{"confidence":"1.0","content":"사람은"}],"type":"pronunciation"},{"start_time":"109.5","end_time":"109.7","alternatives":[{"confidence":"0.992","content":"삼"}],"type":"pronunciation"},{"start_time":"109.7","end_time":"109.9","alternatives":[{"confidence":"0.9994","content":"년"}],"type":"pronunciation"},{"start_time":"109.9","end_time":"110.21","alternatives":[{"confidence":"1.0","content":"이하의"}],"type":"pronunciation"},{"start_time":"110.24","end_time":"111.14","alternatives":[{"confidence":"1.0","content":"징역이나"}],"type":"pronunciation"},{"start_time":"111.55","end_time":"111.78","alternatives":[{"confidence":"0.9837","content":"삼"}],"type":"pronunciation"},{"start_time":"111.78","end_time":"112.21","alternatives":[{"confidence":"0.9713","content":"천만원"}],"type":"pronunciation"},{"start_time":"112.21","end_time":"112.5","alternatives":[{"confidence":"1.0","content":"이하의"}],"type":"pronunciation"},{"start_time":"112.5","end_time":"113.31","alternatives":[{"confidence":"1.0","content":"벌금형에"}],"type":"pronunciation"},{"start_time":"113.31","end_time":"113.67","alternatives":[{"confidence":"0.9988","content":"처하게"}],"type":"pronunciation"},{"start_time":"113.67","end_time":"114.34","alternatives":[{"confidence":"0.5097499999999999","content":"되는거고"}],"type":"pronunciation"},{"start_time":"114.37","end_time":"114.71","alternatives":[{"confidence":"0.9442","content":"알고"}],"type":"pronunciation"},{"start_time":"114.71","end_time":"115.03","alternatives":[{"confidence":"0.99485","content":"계셔야"}],"type":"pronunciation"},{"start_time":"115.03","end_time":"115.62","alternatives":[{"confidence":"0.9785","content":"됩니다"}],"type":"pronunciation"},{"alternatives":[{"confidence":"0.0","content":"."}],"type":"punctuation"},{"start_time":"117.12","end_time":"117.64","alternatives":[{"confidence":"0.9807","content":"네"}],"type":"pronunciation"},{"alternatives":[{"confidence":"0.0","content":"."}],"type":"punctuation"},{"start_time":"117.64","end_time":"118.3","alternatives":[{"confidence":"0.9928","content":"그럼"}],"type":"pronunciation"},{"start_time":"119.01","end_time":"119.48","alternatives":[{"confidence":"0.9842","content":"저는"}],"type":"pronunciation"},{"start_time":"119.48","end_time":"119.97","alternatives":[{"confidence":"0.9999","content":"지금"}],"type":"pronunciation"},{"start_time":"119.97","end_time":"120.28","alternatives":[{"confidence":"1.0","content":"말한"}],"type":"pronunciation"},{"start_time":"120.28","end_time":"120.52","alternatives":[{"confidence":"1.0","content":"것에"}],"type":"pronunciation"},{"start_time":"120.52","end_time":"121.24","alternatives":[{"confidence":"1.0","content":"대해서"}],"type":"pronunciation"},{"start_time":"121.67","end_time":"122.01","alternatives":[{"confidence":"1.0","content":"전혀"}],"type":"pronunciation"},{"start_time":"122.01","end_time":"122.35","alternatives":[{"confidence":"0.9972","content":"아는"}],"type":"pronunciation"},{"start_time":"122.35","end_time":"122.49","alternatives":[{"confidence":"0.9615","content":"바"}],"type":"pronunciation"},{"start_time":"122.49","end_time":"122.74","alternatives":[{"confidence":"1.0","content":"없고"}],"type":"pronunciation"},{"start_time":"122.74","end_time":"122.95","alternatives":[{"confidence":"0.9998","content":"아무"}],"type":"pronunciation"},{"start_time":"122.95","end_time":"123.31","alternatives":[{"confidence":"0.9505","content":"관계가"}],"type":"pronunciation"},{"start_time":"123.31","end_time":"123.65","alternatives":[{"confidence":"0.9962","content":"없다는"}],"type":"pronunciation"},{"start_time":"123.65","end_time":"124.66","alternatives":[{"confidence":"0.9989","content":"말씀이죠"}],"type":"pronunciation"},{"alternatives":[{"confidence":"0.0","content":"."}],"type":"punctuation"},{"start_time":"127.14","end_time":"127.53","alternatives":[{"confidence":"0.994","content":"그럼"}],"type":"pronunciation"},{"start_time":"127.53","end_time":"128.32","alternatives":[{"confidence":"0.9490000000000001","content":"우선은"}],"type":"pronunciation"},{"start_time":"128.32","end_time":"128.99","alternatives":[{"confidence":"0.83295","content":"정희현"}],"type":"pronunciation"},{"start_time":"128.99","end_time":"129.54","alternatives":[{"confidence":"1.0","content":"씨가"}],"type":"pronunciation"},{"start_time":"129.54","end_time":"129.99","alternatives":[{"confidence":"0.999","content":"이번"}],"type":"pronunciation"},{"start_time":"129.99","end_time":"130.78","alternatives":[{"confidence":"0.8348","content":"사건의"}],"type":"pronunciation"},{"start_time":"131.23","end_time":"131.7","alternatives":[{"confidence":"0.6779999999999999","content":"연휴대"}],"type":"pronunciation"},{"start_time":"131.7","end_time":"132.24","alternatives":[{"confidence":"1.0","content":"혐의가"}],"type":"pronunciation"},{"start_time":"132.24","end_time":"132.47","alternatives":[{"confidence":"0.933","content":"있기"}],"type":"pronunciation"},{"start_time":"132.47","end_time":"133.2","alternatives":[{"confidence":"0.9992","content":"때문에"}],"type":"pronunciation"},{"start_time":"133.23","end_time":"133.44","alternatives":[{"confidence":"0.6014","content":"저희"}],"type":"pronunciation"},{"start_time":"133.68","end_time":"133.95","alternatives":[{"confidence":"0.4568","content":"별로"}],"type":"pronunciation"},{"start_time":"133.95","end_time":"134.73","alternatives":[{"confidence":"1.0","content":"오셔서"}],"type":"pronunciation"},{"start_time":"137.04","end_time":"137.68","alternatives":[{"confidence":"0.06525","content":"시간이에요"}],"type":"pronunciation"},{"alternatives":[{"confidence":"0.0","content":"."}],"type":"punctuation"},{"start_time":"138.22","end_time":"138.65","alternatives":[{"confidence":"0.9664","content":"이시죠"}],"type":"pronunciation"},{"alternatives":[{"confidence":"0.0","content":"."}],"type":"punctuation"},{"start_time":"141.88","end_time":"142.34","alternatives":[{"confidence":"0.9991","content":"그러니까"}],"type":"pronunciation"},{"start_time":"142.34","end_time":"142.57","alternatives":[{"confidence":"0.892","content":"저희"}],"type":"pronunciation"},{"start_time":"142.57","end_time":"143.51","alternatives":[{"confidence":"0.48295","content":"부산검찰의"}],"type":"pronunciation"},{"start_time":"143.51","end_time":"144.06","alternatives":[{"confidence":"0.4395","content":"오시는데"}],"type":"pronunciation"},{"start_time":"144.06","end_time":"144.36","alternatives":[{"confidence":"0.871","content":"시간이"}],"type":"pronunciation"},{"start_time":"144.57","end_time":"144.88","alternatives":[{"confidence":"0.6623","content":"하나가"}],"type":"pronunciation"},{"start_time":"144.88","end_time":"145.55","alternatives":[{"confidence":"0.9988","content":"계십니까"}],"type":"pronunciation"},{"alternatives":[{"confidence":"0.0","content":"?"}],"type":"punctuation"},{"start_time":"148.18","end_time":"149.09","alternatives":[{"confidence":"0.91075","content":"검찰청으로"}],"type":"pronunciation"},{"start_time":"149.09","end_time":"149.53","alternatives":[{"confidence":"0.8443","content":"오시는데"}],"type":"pronunciation"},{"start_time":"151.11","end_time":"151.61","alternatives":[{"confidence":"0.8782","content":"지금"}],"type":"pronunciation"},{"start_time":"151.64","end_time":"151.81","alternatives":[{"confidence":"0.268","content":"저"}],"type":"pronunciation"},{"start_time":"151.81","end_time":"152.73","alternatives":[{"confidence":"0.37634999999999996","content":"인천있는데"}],"type":"pronunciation"},{"start_time":"155.43","end_time":"156.16","alternatives":[{"confidence":"0.41326666666666667","content":"오십이시간"}],"type":"pronunciation"},{"start_time":"156.16","end_time":"156.62","alternatives":[{"confidence":"0.9739","content":"연락을"}],"type":"pronunciation"},{"start_time":"156.62","end_time":"157.2","alternatives":[{"confidence":"0.5378","content":"있을까"}],"type":"pronunciation"},{"start_time":"158.7","end_time":"158.95","alternatives":[{"confidence":"0.8799","content":"지금"}],"type":"pronunciation"},{"start_time":"159.49","end_time":"160.24","alternatives":[{"confidence":"0.2573","content":"기뻐라도"}],"type":"pronunciation"},{"start_time":"160.27","end_time":"160.58","alternatives":[{"confidence":"0.9912","content":"소리가"}],"type":"pronunciation"},{"start_time":"160.94","end_time":"161.52","alternatives":[{"confidence":"0.1452","content":"는거에요"}],"type":"pronunciation"},{"start_time":"165.83","end_time":"166.71","alternatives":[{"confidence":"0.8404","content":"할게요"}],"type":"pronunciation"},{"alternatives":[{"confidence":"0.0","content":"."}],"type":"punctuation"}]},"status":"COMPLETED"}