{"jobName":"transcribes160","accountId":"097989105209","results":{"transcripts":[{"transcript":"저도 물건을 보내주지 않는 방식의 사기혐이거든요. 그래서 이제 통장자체를 판매금액의 인출용도로 사용을 했기 때문에 문제가 되는 부분인데 제 삼의 피해자가 발생이 된 부분이고 구매자분들께서 자산으로 본인앞으로 배상청구를 하고 있는 고소고발건이에요. 네. 그래서 일단 저희가 일 월 칠일에 이제 본인 명의의 통장이 개설된 확인을 했는데 삼 월 중순까지 이제 거래가 된 사실을 확인했고요 그 본인명의 통장으로 인해서 지금 제 삼의 피해자가 다수 발생이 된 부분이기 때문에 본인께서 만약에 피해자라고 하시면 운동이라는 사람도 몰랐고, 이제 해당 지점에 방문하신 적도 없다 라고 말씀을 해주셨는데 본인이 피해자라는 본인이 피해자라는 걸 입증을 충분히 해주셔야 되고 일정을 못 하셨을 때 자연스럽게 이제 가해자로 분류가 됨으로써. 혹시 본인 명의로 이루어진 통장에 대한 배상건에 대해서는 본인에게도 이제 배상책임이 부여가 되세요. 근데 제가 지금 농협이랑 어디 은행 이라고요 신한은행의 신한은행에 가서 풍선계속 확인을 하면 확인이 가능한 건가요? 네. 충분히 가능하시고요. 그니까 뒤에 말씀드릴 부분인데 일단 사건 현장에서 통장이 실제로 발견된 증거자료이기 때문에 저희가 동결처리 시켰어요. 해당 계좌에 대해서 동결처리 시켰다는 걸 의미하고요 동결처리가 어떤 의미인지 혹시 알고 계신가요? 아니요. 그 일단 정결철이라고 하는 건 어떤 의미냐면은? 저희가 수사하는 입장에서 봤을 때 혹시 같은 경우에 지금 조사자 이제 참고인 하신 분이세요. 그리고 이제 어떤 걸 의미하냐면은 아직 피해자인지 가해자인지 이제 구분이 명확하지 않다는 뜻이고요 가해자의 가능성도 완전히 배제를 하고 있지 않아요. 지금. 네. 그렇기 때문에 제가 이런 일련의 수사 과정들을 말씀을 드렸을 때 혹시 본인께서 해당 계좌를 해제를 하시거나 안에 들어있는 자금자체를 안전한 계좌로 옮기는 방식의 은 증거 자체를 은닉혹은. 은 멸하시려는 시도를 하실 수 있기 때문에요. 개인 께서 해당 계좌에 대해서 조회입체해지이런 것들을 하실 수 없도록 저희가 막아놨다는 걸 의미하고요. 이제 방금 해당 은행에 가서 이제 확인 가능하다 고 제가 말씀드렸는데 일단 동결처리가 된 부분이기 때문에 혼자 가시면 확인이 불가능하시고요. 검찰 수사가 진행 중이기 때문에 지구대에서 경찰관을 한 분 대동을 하시고 농업정부로 방문을 해주셔야되세요. 그런데 너무 시라고요. 서울중앙지검 첨단범죄수사 1 팀에서 근무하는 이정환 수사관입니다 경찰에 경찰서에 가서 경찰에게 우유를 하고 데리고 은행을 한번 가서 확인을 해보세요. 네. 알겠습니다. 그리고 그리고 나서 그 다음에 저희 쪽으로 연락주세요. 오늘 중으로 확인 가능하시죠 외교부르면 못해요. 네. 알겠습니다. 배급을 해야 되는데 그거밖에 없는 거예요. 일단 저희가 니까 그렇게 하시니까 저희가 그렇게 방법을 말씀을 드린 거고요. 그래서 유선으로 녹취질문을 드리려고 전화를 드린거에요. 일단 일차적으로 이제 얼마나 연관성이 있으신분인지 판단을 해야 되기 때문에 본인께서 이제 계좌확인을 하기 위해서 방법으로 제가 말씀을 드린 거고요. 그 다음에 지금 유선을 통한 지금 유선 통화자체 이제 보름을 하시는 거잖아요. 네. 그렇기 때문에 저희가 이제 자택주소 주민등록상 주소지로 출석요구서를 한번 보내드릴 것 같아요. 네. 그러면 출석요구서 받아보시면은 저희 해당 지검으로 직접 출석하셔가지고 대면조사 받으시면 되는데 되는 부분이세요. 네. 그렇게 진행도와드릴게요"}],"items":[{"start_time":"0.37","end_time":"0.55","alternatives":[{"confidence":"0.1918","content":"저도"}],"type":"pronunciation"},{"start_time":"0.55","end_time":"0.94","alternatives":[{"confidence":"1.0","content":"물건을"}],"type":"pronunciation"},{"start_time":"0.94","end_time":"1.38","alternatives":[{"confidence":"0.98135","content":"보내주지"}],"type":"pronunciation"},{"start_time":"1.38","end_time":"1.63","alternatives":[{"confidence":"0.9954","content":"않는"}],"type":"pronunciation"},{"start_time":"1.63","end_time":"2.05","alternatives":[{"confidence":"0.8911","content":"방식의"}],"type":"pronunciation"},{"start_time":"2.05","end_time":"3.25","alternatives":[{"confidence":"0.5773666666666667","content":"사기혐이거든요"}],"type":"pronunciation"},{"alternatives":[{"confidence":"0.0","content":"."}],"type":"punctuation"},{"start_time":"4.83","end_time":"5.11","alternatives":[{"confidence":"1.0","content":"그래서"}],"type":"pronunciation"},{"start_time":"5.11","end_time":"5.25","alternatives":[{"confidence":"0.9971","content":"이제"}],"type":"pronunciation"},{"start_time":"5.25","end_time":"6.01","alternatives":[{"confidence":"0.99945","content":"통장자체를"}],"type":"pronunciation"},{"start_time":"6.01","end_time":"6.63","alternatives":[{"confidence":"0.4405666666666666","content":"판매금액의"}],"type":"pronunciation"},{"start_time":"6.63","end_time":"7.22","alternatives":[{"confidence":"0.997","content":"인출용도로"}],"type":"pronunciation"},{"start_time":"7.22","end_time":"7.58","alternatives":[{"confidence":"0.5527","content":"사용을"}],"type":"pronunciation"},{"start_time":"7.58","end_time":"7.78","alternatives":[{"confidence":"1.0","content":"했기"}],"type":"pronunciation"},{"start_time":"7.78","end_time":"8.13","alternatives":[{"confidence":"0.9999","content":"때문에"}],"type":"pronunciation"},{"start_time":"8.13","end_time":"8.45","alternatives":[{"confidence":"1.0","content":"문제가"}],"type":"pronunciation"},{"start_time":"8.45","end_time":"8.64","alternatives":[{"confidence":"0.9998","content":"되는"}],"type":"pronunciation"},{"start_time":"8.64","end_time":"9.47","alternatives":[{"confidence":"0.9989","content":"부분인데"}],"type":"pronunciation"},{"start_time":"10.09","end_time":"10.23","alternatives":[{"confidence":"0.9989","content":"제"}],"type":"pronunciation"},{"start_time":"10.23","end_time":"10.45","alternatives":[{"confidence":"0.9954000000000001","content":"삼의"}],"type":"pronunciation"},{"start_time":"10.45","end_time":"10.82","alternatives":[{"confidence":"1.0","content":"피해자가"}],"type":"pronunciation"},{"start_time":"10.82","end_time":"11.2","alternatives":[{"confidence":"0.9957","content":"발생이"}],"type":"pronunciation"},{"start_time":"11.2","end_time":"11.36","alternatives":[{"confidence":"0.9945","content":"된"}],"type":"pronunciation"},{"start_time":"11.36","end_time":"12.04","alternatives":[{"confidence":"0.9975499999999999","content":"부분이고"}],"type":"pronunciation"},{"start_time":"12.45","end_time":"13.45","alternatives":[{"confidence":"0.9843999999999999","content":"구매자분들께서"}],"type":"pronunciation"},{"start_time":"13.45","end_time":"13.92","alternatives":[{"confidence":"0.31755","content":"자산으로"}],"type":"pronunciation"},{"start_time":"13.92","end_time":"14.48","alternatives":[{"confidence":"0.7262","content":"본인앞으로"}],"type":"pronunciation"},{"start_time":"14.48","end_time":"15.12","alternatives":[{"confidence":"0.9869666666666667","content":"배상청구를"}],"type":"pronunciation"},{"start_time":"15.12","end_time":"15.29","alternatives":[{"confidence":"0.9877","content":"하고"}],"type":"pronunciation"},{"start_time":"15.29","end_time":"15.45","alternatives":[{"confidence":"0.977","content":"있는"}],"type":"pronunciation"},{"start_time":"15.45","end_time":"17.31","alternatives":[{"confidence":"0.92655","content":"고소고발건이에요"}],"type":"pronunciation"},{"alternatives":[{"confidence":"0.0","content":"."}],"type":"punctuation"},{"start_time":"18.21","end_time":"18.45","alternatives":[{"confidence":"0.9698","content":"네"}],"type":"pronunciation"},{"alternatives":[{"confidence":"0.0","content":"."}],"type":"punctuation"},{"start_time":"18.77","end_time":"19.07","alternatives":[{"confidence":"0.9995","content":"그래서"}],"type":"pronunciation"},{"start_time":"19.07","end_time":"19.54","alternatives":[{"confidence":"1.0","content":"일단"}],"type":"pronunciation"},{"start_time":"19.73","end_time":"20.03","alternatives":[{"confidence":"1.0","content":"저희가"}],"type":"pronunciation"},{"start_time":"20.03","end_time":"20.17","alternatives":[{"confidence":"0.5549","content":"일"}],"type":"pronunciation"},{"start_time":"20.17","end_time":"20.26","alternatives":[{"confidence":"0.9988","content":"월"}],"type":"pronunciation"},{"start_time":"20.26","end_time":"21.07","alternatives":[{"confidence":"0.8208","content":"칠일에"}],"type":"pronunciation"},{"start_time":"21.29","end_time":"21.53","alternatives":[{"confidence":"0.9793","content":"이제"}],"type":"pronunciation"},{"start_time":"22.17","end_time":"22.44","alternatives":[{"confidence":"0.9574","content":"본인"}],"type":"pronunciation"},{"start_time":"22.44","end_time":"22.73","alternatives":[{"confidence":"0.942","content":"명의의"}],"type":"pronunciation"},{"start_time":"22.73","end_time":"23.06","alternatives":[{"confidence":"0.99085","content":"통장이"}],"type":"pronunciation"},{"start_time":"23.06","end_time":"23.41","alternatives":[{"confidence":"0.74015","content":"개설된"}],"type":"pronunciation"},{"start_time":"23.5","end_time":"23.93","alternatives":[{"confidence":"1.0","content":"확인을"}],"type":"pronunciation"},{"start_time":"23.93","end_time":"24.52","alternatives":[{"confidence":"0.9969","content":"했는데"}],"type":"pronunciation"},{"start_time":"25.38","end_time":"25.55","alternatives":[{"confidence":"0.4677","content":"삼"}],"type":"pronunciation"},{"start_time":"25.55","end_time":"25.64","alternatives":[{"confidence":"0.9695","content":"월"}],"type":"pronunciation"},{"start_time":"25.64","end_time":"26.14","alternatives":[{"confidence":"0.97165","content":"중순까지"}],"type":"pronunciation"},{"start_time":"26.14","end_time":"26.29","alternatives":[{"confidence":"0.3752","content":"이제"}],"type":"pronunciation"},{"start_time":"26.29","end_time":"26.58","alternatives":[{"confidence":"0.9987","content":"거래가"}],"type":"pronunciation"},{"start_time":"26.58","end_time":"26.72","alternatives":[{"confidence":"0.9997","content":"된"}],"type":"pronunciation"},{"start_time":"26.72","end_time":"27.03","alternatives":[{"confidence":"0.9996","content":"사실을"}],"type":"pronunciation"},{"start_time":"27.03","end_time":"28.41","alternatives":[{"confidence":"0.90015","content":"확인했고요"}],"type":"pronunciation"},{"start_time":"29.45","end_time":"29.93","alternatives":[{"confidence":"0.6165","content":"그"}],"type":"pronunciation"},{"start_time":"30.3","end_time":"30.82","alternatives":[{"confidence":"0.6965","content":"본인명의"}],"type":"pronunciation"},{"start_time":"30.94","end_time":"31.41","alternatives":[{"confidence":"0.99985","content":"통장으로"}],"type":"pronunciation"},{"start_time":"31.41","end_time":"31.63","alternatives":[{"confidence":"0.9975","content":"인해서"}],"type":"pronunciation"},{"start_time":"31.63","end_time":"31.9","alternatives":[{"confidence":"0.9964","content":"지금"}],"type":"pronunciation"},{"start_time":"31.9","end_time":"32.0","alternatives":[{"confidence":"0.9996","content":"제"}],"type":"pronunciation"},{"start_time":"32.0","end_time":"32.23","alternatives":[{"confidence":"0.9916","content":"삼의"}],"type":"pronunciation"},{"start_time":"32.23","end_time":"32.53","alternatives":[{"confidence":"1.0","content":"피해자가"}],"type":"pronunciation"},{"start_time":"32.53","end_time":"32.73","alternatives":[{"confidence":"0.482","content":"다수"}],"type":"pronunciation"},{"start_time":"32.73","end_time":"33.14","alternatives":[{"confidence":"0.98115","content":"발생이"}],"type":"pronunciation"},{"start_time":"33.14","end_time":"33.3","alternatives":[{"confidence":"0.9799","content":"된"}],"type":"pronunciation"},{"start_time":"33.3","end_time":"33.73","alternatives":[{"confidence":"0.99875","content":"부분이기"}],"type":"pronunciation"},{"start_time":"33.73","end_time":"34.43","alternatives":[{"confidence":"0.9902","content":"때문에"}],"type":"pronunciation"},{"start_time":"35.6","end_time":"36.31","alternatives":[{"confidence":"0.9951","content":"본인께서"}],"type":"pronunciation"},{"start_time":"36.31","end_time":"36.62","alternatives":[{"confidence":"0.9997","content":"만약에"}],"type":"pronunciation"},{"start_time":"36.62","end_time":"37.18","alternatives":[{"confidence":"0.9463","content":"피해자라고"}],"type":"pronunciation"},{"start_time":"37.18","end_time":"37.54","alternatives":[{"confidence":"0.9973","content":"하시면"}],"type":"pronunciation"},{"start_time":"38.02","end_time":"38.73","alternatives":[{"confidence":"0.4956","content":"운동이라는"}],"type":"pronunciation"},{"start_time":"38.73","end_time":"39.04","alternatives":[{"confidence":"0.9987","content":"사람도"}],"type":"pronunciation"},{"start_time":"39.04","end_time":"39.64","alternatives":[{"confidence":"0.9988","content":"몰랐고"}],"type":"pronunciation"},{"alternatives":[{"confidence":"0.0","content":","}],"type":"punctuation"},{"start_time":"39.64","end_time":"39.86","alternatives":[{"confidence":"0.9907","content":"이제"}],"type":"pronunciation"},{"start_time":"40.25","end_time":"40.51","alternatives":[{"confidence":"0.9542","content":"해당"}],"type":"pronunciation"},{"start_time":"40.51","end_time":"40.81","alternatives":[{"confidence":"0.882","content":"지점에"}],"type":"pronunciation"},{"start_time":"40.81","end_time":"41.25","alternatives":[{"confidence":"0.9715","content":"방문하신"}],"type":"pronunciation"},{"start_time":"41.25","end_time":"41.46","alternatives":[{"confidence":"1.0","content":"적도"}],"type":"pronunciation"},{"start_time":"41.46","end_time":"41.65","alternatives":[{"confidence":"0.878","content":"없다"}],"type":"pronunciation"},{"start_time":"41.65","end_time":"41.81","alternatives":[{"confidence":"0.9959","content":"라고"}],"type":"pronunciation"},{"start_time":"41.81","end_time":"42.12","alternatives":[{"confidence":"0.9928","content":"말씀을"}],"type":"pronunciation"},{"start_time":"42.12","end_time":"42.82","alternatives":[{"confidence":"0.99295","content":"해주셨는데"}],"type":"pronunciation"},{"start_time":"43.53","end_time":"43.88","alternatives":[{"confidence":"1.0","content":"본인이"}],"type":"pronunciation"},{"start_time":"43.88","end_time":"45.09","alternatives":[{"confidence":"0.99735","content":"피해자라는"}],"type":"pronunciation"},{"start_time":"45.09","end_time":"45.42","alternatives":[{"confidence":"1.0","content":"본인이"}],"type":"pronunciation"},{"start_time":"45.42","end_time":"45.92","alternatives":[{"confidence":"0.9942","content":"피해자라는"}],"type":"pronunciation"},{"start_time":"45.92","end_time":"46.04","alternatives":[{"confidence":"0.6351","content":"걸"}],"type":"pronunciation"},{"start_time":"46.16","end_time":"46.79","alternatives":[{"confidence":"0.9998","content":"입증을"}],"type":"pronunciation"},{"start_time":"46.79","end_time":"47.23","alternatives":[{"confidence":"0.5523","content":"충분히"}],"type":"pronunciation"},{"start_time":"47.23","end_time":"47.56","alternatives":[{"confidence":"0.97795","content":"해주셔야"}],"type":"pronunciation"},{"start_time":"47.56","end_time":"48.05","alternatives":[{"confidence":"0.9854","content":"되고"}],"type":"pronunciation"},{"start_time":"48.65","end_time":"48.96","alternatives":[{"confidence":"0.6938","content":"일정을"}],"type":"pronunciation"},{"start_time":"48.96","end_time":"49.11","alternatives":[{"confidence":"0.5892","content":"못"}],"type":"pronunciation"},{"start_time":"49.11","end_time":"49.5","alternatives":[{"confidence":"0.9952","content":"하셨을"}],"type":"pronunciation"},{"start_time":"49.5","end_time":"50.03","alternatives":[{"confidence":"0.9895","content":"때"}],"type":"pronunciation"},{"start_time":"50.06","end_time":"50.6","alternatives":[{"confidence":"1.0","content":"자연스럽게"}],"type":"pronunciation"},{"start_time":"50.6","end_time":"50.73","alternatives":[{"confidence":"0.985","content":"이제"}],"type":"pronunciation"},{"start_time":"50.73","end_time":"51.15","alternatives":[{"confidence":"1.0","content":"가해자로"}],"type":"pronunciation"},{"start_time":"51.15","end_time":"51.45","alternatives":[{"confidence":"0.9968","content":"분류가"}],"type":"pronunciation"},{"start_time":"51.45","end_time":"52.04","alternatives":[{"confidence":"0.9993","content":"됨으로써"}],"type":"pronunciation"},{"alternatives":[{"confidence":"0.0","content":"."}],"type":"punctuation"},{"start_time":"53.0","end_time":"53.2","alternatives":[{"confidence":"0.9837","content":"혹시"}],"type":"pronunciation"},{"start_time":"53.2","end_time":"53.49","alternatives":[{"confidence":"0.8491","content":"본인"}],"type":"pronunciation"},{"start_time":"53.49","end_time":"53.95","alternatives":[{"confidence":"0.9972","content":"명의로"}],"type":"pronunciation"},{"start_time":"53.95","end_time":"54.77","alternatives":[{"confidence":"1.0","content":"이루어진"}],"type":"pronunciation"},{"start_time":"54.83","end_time":"55.37","alternatives":[{"confidence":"0.99975","content":"통장에"}],"type":"pronunciation"},{"start_time":"55.37","end_time":"55.63","alternatives":[{"confidence":"0.9972","content":"대한"}],"type":"pronunciation"},{"start_time":"55.63","end_time":"56.08","alternatives":[{"confidence":"0.6597999999999999","content":"배상건에"}],"type":"pronunciation"},{"start_time":"56.08","end_time":"56.72","alternatives":[{"confidence":"0.9996","content":"대해서는"}],"type":"pronunciation"},{"start_time":"56.75","end_time":"57.27","alternatives":[{"confidence":"0.99935","content":"본인에게도"}],"type":"pronunciation"},{"start_time":"57.27","end_time":"57.4","alternatives":[{"confidence":"0.6255","content":"이제"}],"type":"pronunciation"},{"start_time":"57.41","end_time":"58.17","alternatives":[{"confidence":"0.99665","content":"배상책임이"}],"type":"pronunciation"},{"start_time":"58.17","end_time":"58.43","alternatives":[{"confidence":"0.5869","content":"부여가"}],"type":"pronunciation"},{"start_time":"58.43","end_time":"59.02","alternatives":[{"confidence":"0.9828","content":"되세요"}],"type":"pronunciation"},{"alternatives":[{"confidence":"0.0","content":"."}],"type":"punctuation"},{"start_time":"59.88","end_time":"60.24","alternatives":[{"confidence":"0.9921","content":"근데"}],"type":"pronunciation"},{"start_time":"60.27","end_time":"61.11","alternatives":[{"confidence":"0.9998","content":"제가"}],"type":"pronunciation"},{"start_time":"61.17","end_time":"61.49","alternatives":[{"confidence":"0.2087","content":"지금"}],"type":"pronunciation"},{"start_time":"61.83","end_time":"62.84","alternatives":[{"confidence":"0.82415","content":"농협이랑"}],"type":"pronunciation"},{"start_time":"62.87","end_time":"63.28","alternatives":[{"confidence":"0.884","content":"어디"}],"type":"pronunciation"},{"start_time":"63.28","end_time":"63.61","alternatives":[{"confidence":"0.7273","content":"은행"}],"type":"pronunciation"},{"start_time":"63.61","end_time":"64.13","alternatives":[{"confidence":"0.7209","content":"이라고요"}],"type":"pronunciation"},{"start_time":"64.95","end_time":"65.5","alternatives":[{"confidence":"0.1033","content":"신한은행의"}],"type":"pronunciation"},{"start_time":"65.76","end_time":"66.37","alternatives":[{"confidence":"0.5084","content":"신한은행에"}],"type":"pronunciation"},{"start_time":"66.37","end_time":"67.13","alternatives":[{"confidence":"1.0","content":"가서"}],"type":"pronunciation"},{"start_time":"67.27","end_time":"67.98","alternatives":[{"confidence":"0.18555000000000002","content":"풍선계속"}],"type":"pronunciation"},{"start_time":"68.38","end_time":"68.9","alternatives":[{"confidence":"0.8522","content":"확인을"}],"type":"pronunciation"},{"start_time":"68.9","end_time":"69.28","alternatives":[{"confidence":"0.9656","content":"하면"}],"type":"pronunciation"},{"start_time":"69.31","end_time":"69.72","alternatives":[{"confidence":"0.9936","content":"확인이"}],"type":"pronunciation"},{"start_time":"69.72","end_time":"70.13","alternatives":[{"confidence":"0.6482","content":"가능한"}],"type":"pronunciation"},{"start_time":"70.13","end_time":"70.59","alternatives":[{"confidence":"1.0","content":"건가요"}],"type":"pronunciation"},{"alternatives":[{"confidence":"0.0","content":"?"}],"type":"punctuation"},{"start_time":"71.46","end_time":"71.62","alternatives":[{"confidence":"0.566","content":"네"}],"type":"pronunciation"},{"alternatives":[{"confidence":"0.0","content":"."}],"type":"punctuation"},{"start_time":"71.81","end_time":"72.12","alternatives":[{"confidence":"1.0","content":"충분히"}],"type":"pronunciation"},{"start_time":"72.12","end_time":"72.88","alternatives":[{"confidence":"0.7645666666666667","content":"가능하시고요"}],"type":"pronunciation"},{"alternatives":[{"confidence":"0.0","content":"."}],"type":"punctuation"},{"start_time":"73.36","end_time":"73.58","alternatives":[{"confidence":"0.1357","content":"그니까"}],"type":"pronunciation"},{"start_time":"73.58","end_time":"73.74","alternatives":[{"confidence":"0.899","content":"뒤에"}],"type":"pronunciation"},{"start_time":"73.74","end_time":"74.18","alternatives":[{"confidence":"0.7914","content":"말씀드릴"}],"type":"pronunciation"},{"start_time":"74.18","end_time":"75.06","alternatives":[{"confidence":"0.9943","content":"부분인데"}],"type":"pronunciation"},{"start_time":"75.54","end_time":"75.95","alternatives":[{"confidence":"1.0","content":"일단"}],"type":"pronunciation"},{"start_time":"75.95","end_time":"76.23","alternatives":[{"confidence":"0.8706","content":"사건"}],"type":"pronunciation"},{"start_time":"76.23","end_time":"76.89","alternatives":[{"confidence":"0.9994","content":"현장에서"}],"type":"pronunciation"},{"start_time":"76.89","end_time":"77.39","alternatives":[{"confidence":"0.99935","content":"통장이"}],"type":"pronunciation"},{"start_time":"77.39","end_time":"77.74","alternatives":[{"confidence":"1.0","content":"실제로"}],"type":"pronunciation"},{"start_time":"77.74","end_time":"78.25","alternatives":[{"confidence":"1.0","content":"발견된"}],"type":"pronunciation"},{"start_time":"78.25","end_time":"78.77","alternatives":[{"confidence":"0.7942","content":"증거자료이기"}],"type":"pronunciation"},{"start_time":"78.77","end_time":"79.04","alternatives":[{"confidence":"0.9994","content":"때문에"}],"type":"pronunciation"},{"start_time":"79.04","end_time":"79.27","alternatives":[{"confidence":"1.0","content":"저희가"}],"type":"pronunciation"},{"start_time":"79.27","end_time":"79.75","alternatives":[{"confidence":"0.8622000000000001","content":"동결처리"}],"type":"pronunciation"},{"start_time":"79.75","end_time":"80.5","alternatives":[{"confidence":"0.9944","content":"시켰어요"}],"type":"pronunciation"},{"alternatives":[{"confidence":"0.0","content":"."}],"type":"punctuation"},{"start_time":"82.77","end_time":"83.03","alternatives":[{"confidence":"0.9222","content":"해당"}],"type":"pronunciation"},{"start_time":"83.03","end_time":"83.33","alternatives":[{"confidence":"0.9984","content":"계좌에"}],"type":"pronunciation"},{"start_time":"83.33","end_time":"83.56","alternatives":[{"confidence":"0.9795","content":"대해서"}],"type":"pronunciation"},{"start_time":"83.56","end_time":"84.01","alternatives":[{"confidence":"0.8599","content":"동결처리"}],"type":"pronunciation"},{"start_time":"84.01","end_time":"84.41","alternatives":[{"confidence":"0.8901","content":"시켰다는"}],"type":"pronunciation"},{"start_time":"84.41","end_time":"84.54","alternatives":[{"confidence":"0.9928","content":"걸"}],"type":"pronunciation"},{"start_time":"84.54","end_time":"85.22","alternatives":[{"confidence":"0.9944","content":"의미하고요"}],"type":"pronunciation"},{"start_time":"85.81","end_time":"86.31","alternatives":[{"confidence":"0.9978","content":"동결처리가"}],"type":"pronunciation"},{"start_time":"86.31","end_time":"86.53","alternatives":[{"confidence":"0.9998","content":"어떤"}],"type":"pronunciation"},{"start_time":"86.53","end_time":"86.88","alternatives":[{"confidence":"0.9998","content":"의미인지"}],"type":"pronunciation"},{"start_time":"86.88","end_time":"87.13","alternatives":[{"confidence":"1.0","content":"혹시"}],"type":"pronunciation"},{"start_time":"87.13","end_time":"87.3","alternatives":[{"confidence":"1.0","content":"알고"}],"type":"pronunciation"},{"start_time":"87.3","end_time":"87.77","alternatives":[{"confidence":"1.0","content":"계신가요"}],"type":"pronunciation"},{"alternatives":[{"confidence":"0.0","content":"?"}],"type":"punctuation"},{"start_time":"89.18","end_time":"89.81","alternatives":[{"confidence":"0.9992","content":"아니요"}],"type":"pronunciation"},{"alternatives":[{"confidence":"0.0","content":"."}],"type":"punctuation"},{"start_time":"90.82","end_time":"91.35","alternatives":[{"confidence":"0.8895","content":"그"}],"type":"pronunciation"},{"start_time":"91.68","end_time":"91.88","alternatives":[{"confidence":"1.0","content":"일단"}],"type":"pronunciation"},{"start_time":"91.88","end_time":"92.48","alternatives":[{"confidence":"0.81225","content":"정결철이라고"}],"type":"pronunciation"},{"start_time":"92.48","end_time":"92.64","alternatives":[{"confidence":"0.997","content":"하는"}],"type":"pronunciation"},{"start_time":"92.64","end_time":"92.76","alternatives":[{"confidence":"0.9944","content":"건"}],"type":"pronunciation"},{"start_time":"92.76","end_time":"92.99","alternatives":[{"confidence":"1.0","content":"어떤"}],"type":"pronunciation"},{"start_time":"92.99","end_time":"93.75","alternatives":[{"confidence":"0.7697333333333334","content":"의미냐면은"}],"type":"pronunciation"},{"alternatives":[{"confidence":"0.0","content":"?"}],"type":"punctuation"},{"start_time":"94.42","end_time":"95.02","alternatives":[{"confidence":"1.0","content":"저희가"}],"type":"pronunciation"},{"start_time":"95.05","end_time":"95.42","alternatives":[{"confidence":"0.7879499999999999","content":"수사하는"}],"type":"pronunciation"},{"start_time":"95.42","end_time":"95.77","alternatives":[{"confidence":"1.0","content":"입장에서"}],"type":"pronunciation"},{"start_time":"95.77","end_time":"95.99","alternatives":[{"confidence":"1.0","content":"봤을"}],"type":"pronunciation"},{"start_time":"95.99","end_time":"96.13","alternatives":[{"confidence":"0.9257","content":"때"}],"type":"pronunciation"},{"start_time":"96.46","end_time":"96.67","alternatives":[{"confidence":"0.2969","content":"혹시"}],"type":"pronunciation"},{"start_time":"96.67","end_time":"96.87","alternatives":[{"confidence":"0.9991","content":"같은"}],"type":"pronunciation"},{"start_time":"96.87","end_time":"97.16","alternatives":[{"confidence":"0.4743","content":"경우에"}],"type":"pronunciation"},{"start_time":"97.16","end_time":"97.65","alternatives":[{"confidence":"0.9528","content":"지금"}],"type":"pronunciation"},{"start_time":"98.16","end_time":"98.69","alternatives":[{"confidence":"0.75305","content":"조사자"}],"type":"pronunciation"},{"start_time":"98.69","end_time":"98.85","alternatives":[{"confidence":"0.9693","content":"이제"}],"type":"pronunciation"},{"start_time":"99.01","end_time":"99.42","alternatives":[{"confidence":"0.7742","content":"참고인"}],"type":"pronunciation"},{"start_time":"99.42","end_time":"99.61","alternatives":[{"confidence":"0.8848","content":"하신"}],"type":"pronunciation"},{"start_time":"99.61","end_time":"100.43","alternatives":[{"confidence":"0.9759","content":"분이세요"}],"type":"pronunciation"},{"alternatives":[{"confidence":"0.0","content":"."}],"type":"punctuation"},{"start_time":"102.65","end_time":"102.88","alternatives":[{"confidence":"0.0719","content":"그리고"}],"type":"pronunciation"},{"start_time":"103.86","end_time":"104.01","alternatives":[{"confidence":"1.0","content":"이제"}],"type":"pronunciation"},{"start_time":"104.01","end_time":"104.25","alternatives":[{"confidence":"0.945","content":"어떤"}],"type":"pronunciation"},{"start_time":"104.25","end_time":"104.38","alternatives":[{"confidence":"0.9862","content":"걸"}],"type":"pronunciation"},{"start_time":"104.38","end_time":"105.05","alternatives":[{"confidence":"0.9940333333333333","content":"의미하냐면은"}],"type":"pronunciation"},{"start_time":"105.43","end_time":"105.68","alternatives":[{"confidence":"0.99","content":"아직"}],"type":"pronunciation"},{"start_time":"105.68","end_time":"106.25","alternatives":[{"confidence":"0.8752","content":"피해자인지"}],"type":"pronunciation"},{"start_time":"106.25","end_time":"106.99","alternatives":[{"confidence":"0.98855","content":"가해자인지"}],"type":"pronunciation"},{"start_time":"106.99","end_time":"107.62","alternatives":[{"confidence":"0.9527","content":"이제"}],"type":"pronunciation"},{"start_time":"107.97","end_time":"108.28","alternatives":[{"confidence":"0.9948","content":"구분이"}],"type":"pronunciation"},{"start_time":"108.28","end_time":"108.67","alternatives":[{"confidence":"1.0","content":"명확하지"}],"type":"pronunciation"},{"start_time":"108.67","end_time":"108.98","alternatives":[{"confidence":"0.9746","content":"않다는"}],"type":"pronunciation"},{"start_time":"108.98","end_time":"109.71","alternatives":[{"confidence":"0.97465","content":"뜻이고요"}],"type":"pronunciation"},{"start_time":"110.26","end_time":"110.6","alternatives":[{"confidence":"0.6225","content":"가해자의"}],"type":"pronunciation"},{"start_time":"110.6","end_time":"111.06","alternatives":[{"confidence":"0.9993","content":"가능성도"}],"type":"pronunciation"},{"start_time":"111.06","end_time":"111.4","alternatives":[{"confidence":"0.7769","content":"완전히"}],"type":"pronunciation"},{"start_time":"111.4","end_time":"111.72","alternatives":[{"confidence":"0.831","content":"배제를"}],"type":"pronunciation"},{"start_time":"111.72","end_time":"111.87","alternatives":[{"confidence":"0.9738","content":"하고"}],"type":"pronunciation"},{"start_time":"111.87","end_time":"112.04","alternatives":[{"confidence":"0.9634","content":"있지"}],"type":"pronunciation"},{"start_time":"112.04","end_time":"112.26","alternatives":[{"confidence":"0.9883","content":"않아요"}],"type":"pronunciation"},{"alternatives":[{"confidence":"0.0","content":"."}],"type":"punctuation"},{"start_time":"112.26","end_time":"112.86","alternatives":[{"confidence":"0.6647","content":"지금"}],"type":"pronunciation"},{"alternatives":[{"confidence":"0.0","content":"."}],"type":"punctuation"},{"start_time":"114.27","end_time":"114.44","alternatives":[{"confidence":"0.5558","content":"네"}],"type":"pronunciation"},{"alternatives":[{"confidence":"0.0","content":"."}],"type":"punctuation"},{"start_time":"114.44","end_time":"114.71","alternatives":[{"confidence":"1.0","content":"그렇기"}],"type":"pronunciation"},{"start_time":"114.71","end_time":"114.97","alternatives":[{"confidence":"1.0","content":"때문에"}],"type":"pronunciation"},{"start_time":"114.97","end_time":"115.17","alternatives":[{"confidence":"0.9978","content":"제가"}],"type":"pronunciation"},{"start_time":"115.17","end_time":"115.37","alternatives":[{"confidence":"0.1662","content":"이런"}],"type":"pronunciation"},{"start_time":"115.37","end_time":"115.67","alternatives":[{"confidence":"0.5808","content":"일련의"}],"type":"pronunciation"},{"start_time":"115.67","end_time":"115.88","alternatives":[{"confidence":"0.8965","content":"수사"}],"type":"pronunciation"},{"start_time":"115.88","end_time":"116.31","alternatives":[{"confidence":"0.98875","content":"과정들을"}],"type":"pronunciation"},{"start_time":"116.31","end_time":"116.66","alternatives":[{"confidence":"1.0","content":"말씀을"}],"type":"pronunciation"},{"start_time":"116.66","end_time":"117.01","alternatives":[{"confidence":"0.89515","content":"드렸을"}],"type":"pronunciation"},{"start_time":"117.01","end_time":"117.54","alternatives":[{"confidence":"0.7858","content":"때"}],"type":"pronunciation"},{"start_time":"118.17","end_time":"118.38","alternatives":[{"confidence":"0.4842","content":"혹시"}],"type":"pronunciation"},{"start_time":"118.38","end_time":"118.84","alternatives":[{"confidence":"0.9937","content":"본인께서"}],"type":"pronunciation"},{"start_time":"118.84","end_time":"119.12","alternatives":[{"confidence":"0.6815","content":"해당"}],"type":"pronunciation"},{"start_time":"119.12","end_time":"119.65","alternatives":[{"confidence":"0.0431","content":"계좌를"}],"type":"pronunciation"},{"start_time":"120.15","end_time":"120.71","alternatives":[{"confidence":"0.93955","content":"해제를"}],"type":"pronunciation"},{"start_time":"120.71","end_time":"121.15","alternatives":[{"confidence":"1.0","content":"하시거나"}],"type":"pronunciation"},{"start_time":"121.15","end_time":"121.32","alternatives":[{"confidence":"0.9987","content":"안에"}],"type":"pronunciation"},{"start_time":"121.32","end_time":"121.73","alternatives":[{"confidence":"0.9536","content":"들어있는"}],"type":"pronunciation"},{"start_time":"121.73","end_time":"122.32","alternatives":[{"confidence":"0.8665","content":"자금자체를"}],"type":"pronunciation"},{"start_time":"122.32","end_time":"122.64","alternatives":[{"confidence":"0.9978","content":"안전한"}],"type":"pronunciation"},{"start_time":"122.64","end_time":"122.97","alternatives":[{"confidence":"0.9996","content":"계좌로"}],"type":"pronunciation"},{"start_time":"122.97","end_time":"123.59","alternatives":[{"confidence":"1.0","content":"옮기는"}],"type":"pronunciation"},{"start_time":"123.59","end_time":"124.37","alternatives":[{"confidence":"0.5864","content":"방식의"}],"type":"pronunciation"},{"start_time":"124.91","end_time":"125.3","alternatives":[{"confidence":"0.8278","content":"은"}],"type":"pronunciation"},{"start_time":"125.67","end_time":"125.97","alternatives":[{"confidence":"0.5038","content":"증거"}],"type":"pronunciation"},{"start_time":"125.97","end_time":"126.36","alternatives":[{"confidence":"0.9983","content":"자체를"}],"type":"pronunciation"},{"start_time":"126.36","end_time":"126.89","alternatives":[{"confidence":"0.98305","content":"은닉혹은"}],"type":"pronunciation"},{"alternatives":[{"confidence":"0.0","content":"."}],"type":"punctuation"},{"start_time":"126.89","end_time":"126.98","alternatives":[{"confidence":"0.8904","content":"은"}],"type":"pronunciation"},{"start_time":"126.98","end_time":"127.46","alternatives":[{"confidence":"0.9922666666666666","content":"멸하시려는"}],"type":"pronunciation"},{"start_time":"127.46","end_time":"127.73","alternatives":[{"confidence":"0.9959","content":"시도를"}],"type":"pronunciation"},{"start_time":"127.73","end_time":"127.9","alternatives":[{"confidence":"0.8201","content":"하실"}],"type":"pronunciation"},{"start_time":"127.9","end_time":"128.01","alternatives":[{"confidence":"1.0","content":"수"}],"type":"pronunciation"},{"start_time":"128.01","end_time":"128.18","alternatives":[{"confidence":"0.9998","content":"있기"}],"type":"pronunciation"},{"start_time":"128.18","end_time":"128.81","alternatives":[{"confidence":"0.9775","content":"때문에요"}],"type":"pronunciation"},{"alternatives":[{"confidence":"0.0","content":"."}],"type":"punctuation"},{"start_time":"129.74","end_time":"130.12","alternatives":[{"confidence":"0.7026","content":"개인"}],"type":"pronunciation"},{"start_time":"130.12","end_time":"130.81","alternatives":[{"confidence":"1.0","content":"께서"}],"type":"pronunciation"},{"start_time":"131.08","end_time":"131.37","alternatives":[{"confidence":"0.9584","content":"해당"}],"type":"pronunciation"},{"start_time":"131.37","end_time":"131.73","alternatives":[{"confidence":"0.9983500000000001","content":"계좌에"}],"type":"pronunciation"},{"start_time":"131.73","end_time":"132.05","alternatives":[{"confidence":"0.9896","content":"대해서"}],"type":"pronunciation"},{"start_time":"132.08","end_time":"133.53","alternatives":[{"confidence":"0.7692","content":"조회입체해지이런"}],"type":"pronunciation"},{"start_time":"133.53","end_time":"133.85","alternatives":[{"confidence":"1.0","content":"것들을"}],"type":"pronunciation"},{"start_time":"133.85","end_time":"134.08","alternatives":[{"confidence":"0.9467","content":"하실"}],"type":"pronunciation"},{"start_time":"134.08","end_time":"134.18","alternatives":[{"confidence":"1.0","content":"수"}],"type":"pronunciation"},{"start_time":"134.18","end_time":"134.44","alternatives":[{"confidence":"0.9996","content":"없도록"}],"type":"pronunciation"},{"start_time":"134.44","end_time":"134.63","alternatives":[{"confidence":"1.0","content":"저희가"}],"type":"pronunciation"},{"start_time":"134.63","end_time":"135.14","alternatives":[{"confidence":"0.9596333333333332","content":"막아놨다는"}],"type":"pronunciation"},{"start_time":"135.14","end_time":"135.27","alternatives":[{"confidence":"1.0","content":"걸"}],"type":"pronunciation"},{"start_time":"135.27","end_time":"136.01","alternatives":[{"confidence":"0.99265","content":"의미하고요"}],"type":"pronunciation"},{"alternatives":[{"confidence":"0.0","content":"."}],"type":"punctuation"},{"start_time":"138.27","end_time":"138.41","alternatives":[{"confidence":"0.7917","content":"이제"}],"type":"pronunciation"},{"start_time":"138.41","end_time":"139.04","alternatives":[{"confidence":"0.9657","content":"방금"}],"type":"pronunciation"},{"start_time":"139.35","end_time":"139.63","alternatives":[{"confidence":"0.5548","content":"해당"}],"type":"pronunciation"},{"start_time":"139.63","end_time":"140.05","alternatives":[{"confidence":"0.961","content":"은행에"}],"type":"pronunciation"},{"start_time":"140.05","end_time":"140.3","alternatives":[{"confidence":"1.0","content":"가서"}],"type":"pronunciation"},{"start_time":"140.3","end_time":"140.66","alternatives":[{"confidence":"0.9976","content":"이제"}],"type":"pronunciation"},{"start_time":"140.82","end_time":"141.09","alternatives":[{"confidence":"0.8688","content":"확인"}],"type":"pronunciation"},{"start_time":"141.09","end_time":"141.47","alternatives":[{"confidence":"0.5321","content":"가능하다"}],"type":"pronunciation"},{"start_time":"141.47","end_time":"141.55","alternatives":[{"confidence":"0.5274","content":"고"}],"type":"pronunciation"},{"start_time":"141.55","end_time":"141.71","alternatives":[{"confidence":"1.0","content":"제가"}],"type":"pronunciation"},{"start_time":"141.71","end_time":"142.73","alternatives":[{"confidence":"0.9257","content":"말씀드렸는데"}],"type":"pronunciation"},{"start_time":"143.41","end_time":"143.69","alternatives":[{"confidence":"0.6636","content":"일단"}],"type":"pronunciation"},{"start_time":"143.69","end_time":"144.25","alternatives":[{"confidence":"0.8965000000000001","content":"동결처리가"}],"type":"pronunciation"},{"start_time":"144.25","end_time":"144.42","alternatives":[{"confidence":"0.9893","content":"된"}],"type":"pronunciation"},{"start_time":"144.42","end_time":"144.87","alternatives":[{"confidence":"0.99715","content":"부분이기"}],"type":"pronunciation"},{"start_time":"144.87","end_time":"145.35","alternatives":[{"confidence":"0.9997","content":"때문에"}],"type":"pronunciation"},{"start_time":"145.35","end_time":"145.64","alternatives":[{"confidence":"0.8745","content":"혼자"}],"type":"pronunciation"},{"start_time":"145.64","end_time":"145.97","alternatives":[{"confidence":"0.9843999999999999","content":"가시면"}],"type":"pronunciation"},{"start_time":"145.97","end_time":"146.25","alternatives":[{"confidence":"0.9947","content":"확인이"}],"type":"pronunciation"},{"start_time":"146.25","end_time":"147.21","alternatives":[{"confidence":"0.9940333333333333","content":"불가능하시고요"}],"type":"pronunciation"},{"alternatives":[{"confidence":"0.0","content":"."}],"type":"punctuation"},{"start_time":"147.95","end_time":"148.23","alternatives":[{"confidence":"0.8055","content":"검찰"}],"type":"pronunciation"},{"start_time":"148.23","end_time":"148.49","alternatives":[{"confidence":"0.7257","content":"수사가"}],"type":"pronunciation"},{"start_time":"148.49","end_time":"148.71","alternatives":[{"confidence":"0.6893","content":"진행"}],"type":"pronunciation"},{"start_time":"148.71","end_time":"149.02","alternatives":[{"confidence":"0.8445","content":"중이기"}],"type":"pronunciation"},{"start_time":"149.02","end_time":"149.34","alternatives":[{"confidence":"0.997","content":"때문에"}],"type":"pronunciation"},{"start_time":"149.67","end_time":"150.74","alternatives":[{"confidence":"0.9967","content":"지구대에서"}],"type":"pronunciation"},{"start_time":"151.05","end_time":"151.64","alternatives":[{"confidence":"0.8268500000000001","content":"경찰관을"}],"type":"pronunciation"},{"start_time":"151.64","end_time":"151.79","alternatives":[{"confidence":"0.6592","content":"한"}],"type":"pronunciation"},{"start_time":"151.79","end_time":"151.92","alternatives":[{"confidence":"0.6187","content":"분"}],"type":"pronunciation"},{"start_time":"151.92","end_time":"152.29","alternatives":[{"confidence":"0.7419","content":"대동을"}],"type":"pronunciation"},{"start_time":"152.29","end_time":"152.65","alternatives":[{"confidence":"0.9959","content":"하시고"}],"type":"pronunciation"},{"start_time":"152.74","end_time":"153.28","alternatives":[{"confidence":"0.2543666666666667","content":"농업정부로"}],"type":"pronunciation"},{"start_time":"153.28","end_time":"153.61","alternatives":[{"confidence":"0.9725","content":"방문을"}],"type":"pronunciation"},{"start_time":"153.61","end_time":"154.61","alternatives":[{"confidence":"0.9883333333333333","content":"해주셔야되세요"}],"type":"pronunciation"},{"alternatives":[{"confidence":"0.0","content":"."}],"type":"punctuation"},{"start_time":"154.67","end_time":"154.97","alternatives":[{"confidence":"0.0038","content":"그런데"}],"type":"pronunciation"},{"start_time":"155.49","end_time":"155.75","alternatives":[{"confidence":"0.1746","content":"너무"}],"type":"pronunciation"},{"start_time":"155.75","end_time":"156.36","alternatives":[{"confidence":"0.4496","content":"시라고요"}],"type":"pronunciation"},{"alternatives":[{"confidence":"0.0","content":"."}],"type":"punctuation"},{"start_time":"158.73","end_time":"159.49","alternatives":[{"confidence":"0.9926","content":"서울중앙지검"}],"type":"pronunciation"},{"start_time":"159.55","end_time":"160.34","alternatives":[{"confidence":"0.9907333333333334","content":"첨단범죄수사"}],"type":"pronunciation"},{"start_time":"160.34","end_time":"160.45","alternatives":[{"confidence":"0.4935","content":"1"}],"type":"pronunciation"},{"start_time":"160.45","end_time":"160.74","alternatives":[{"confidence":"0.9601","content":"팀에서"}],"type":"pronunciation"},{"start_time":"160.74","end_time":"161.21","alternatives":[{"confidence":"0.9995","content":"근무하는"}],"type":"pronunciation"},{"start_time":"161.21","end_time":"161.51","alternatives":[{"confidence":"0.39195","content":"이정환"}],"type":"pronunciation"},{"start_time":"161.51","end_time":"162.08","alternatives":[{"confidence":"0.8181499999999999","content":"수사관입니다"}],"type":"pronunciation"},{"start_time":"166.66","end_time":"167.4","alternatives":[{"confidence":"0.5308","content":"경찰에"}],"type":"pronunciation"},{"start_time":"167.6","end_time":"168.33","alternatives":[{"confidence":"0.9216","content":"경찰서에"}],"type":"pronunciation"},{"start_time":"168.33","end_time":"169.02","alternatives":[{"confidence":"1.0","content":"가서"}],"type":"pronunciation"},{"start_time":"169.87","end_time":"170.79","alternatives":[{"confidence":"0.9833000000000001","content":"경찰에게"}],"type":"pronunciation"},{"start_time":"170.82","end_time":"171.32","alternatives":[{"confidence":"0.7507","content":"우유를"}],"type":"pronunciation"},{"start_time":"171.32","end_time":"171.86","alternatives":[{"confidence":"0.9836","content":"하고"}],"type":"pronunciation"},{"start_time":"171.86","end_time":"172.29","alternatives":[{"confidence":"0.9997","content":"데리고"}],"type":"pronunciation"},{"start_time":"172.29","end_time":"172.73","alternatives":[{"confidence":"0.9087","content":"은행을"}],"type":"pronunciation"},{"start_time":"172.73","end_time":"172.96","alternatives":[{"confidence":"0.9827","content":"한번"}],"type":"pronunciation"},{"start_time":"172.96","end_time":"173.28","alternatives":[{"confidence":"1.0","content":"가서"}],"type":"pronunciation"},{"start_time":"173.28","end_time":"173.63","alternatives":[{"confidence":"0.7704","content":"확인을"}],"type":"pronunciation"},{"start_time":"173.63","end_time":"174.3","alternatives":[{"confidence":"0.8201","content":"해보세요"}],"type":"pronunciation"},{"alternatives":[{"confidence":"0.0","content":"."}],"type":"punctuation"},{"start_time":"175.19","end_time":"175.4","alternatives":[{"confidence":"0.9854","content":"네"}],"type":"pronunciation"},{"alternatives":[{"confidence":"0.0","content":"."}],"type":"punctuation"},{"start_time":"175.4","end_time":"175.96","alternatives":[{"confidence":"0.9994","content":"알겠습니다"}],"type":"pronunciation"},{"alternatives":[{"confidence":"0.0","content":"."}],"type":"punctuation"},{"start_time":"176.14","end_time":"176.48","alternatives":[{"confidence":"0.7757","content":"그리고"}],"type":"pronunciation"},{"start_time":"177.24","end_time":"177.59","alternatives":[{"confidence":"0.6491","content":"그리고"}],"type":"pronunciation"},{"start_time":"177.59","end_time":"178.3","alternatives":[{"confidence":"0.8809","content":"나서"}],"type":"pronunciation"},{"start_time":"179.17","end_time":"179.25","alternatives":[{"confidence":"0.0055","content":"그"}],"type":"pronunciation"},{"start_time":"179.97","end_time":"180.6","alternatives":[{"confidence":"0.78","content":"다음에"}],"type":"pronunciation"},{"start_time":"181.13","end_time":"181.33","alternatives":[{"confidence":"0.918","content":"저희"}],"type":"pronunciation"},{"start_time":"181.33","end_time":"181.57","alternatives":[{"confidence":"0.5734","content":"쪽으로"}],"type":"pronunciation"},{"start_time":"181.57","end_time":"182.13","alternatives":[{"confidence":"0.9027499999999999","content":"연락주세요"}],"type":"pronunciation"},{"alternatives":[{"confidence":"0.0","content":"."}],"type":"punctuation"},{"start_time":"182.78","end_time":"183.1","alternatives":[{"confidence":"0.9202","content":"오늘"}],"type":"pronunciation"},{"start_time":"183.1","end_time":"183.34","alternatives":[{"confidence":"0.9993","content":"중으로"}],"type":"pronunciation"},{"start_time":"183.34","end_time":"183.51","alternatives":[{"confidence":"0.6583","content":"확인"}],"type":"pronunciation"},{"start_time":"183.51","end_time":"184.09","alternatives":[{"confidence":"0.9546","content":"가능하시죠"}],"type":"pronunciation"},{"start_time":"185.3","end_time":"186.13","alternatives":[{"confidence":"0.22105","content":"외교부르면"}],"type":"pronunciation"},{"start_time":"186.13","end_time":"186.67","alternatives":[{"confidence":"0.9926","content":"못해요"}],"type":"pronunciation"},{"alternatives":[{"confidence":"0.0","content":"."}],"type":"punctuation"},{"start_time":"187.73","end_time":"187.83","alternatives":[{"confidence":"0.4343","content":"네"}],"type":"pronunciation"},{"alternatives":[{"confidence":"0.0","content":"."}],"type":"punctuation"},{"start_time":"187.83","end_time":"188.44","alternatives":[{"confidence":"0.9989","content":"알겠습니다"}],"type":"pronunciation"},{"alternatives":[{"confidence":"0.0","content":"."}],"type":"punctuation"},{"start_time":"190.0","end_time":"190.47","alternatives":[{"confidence":"0.9766999999999999","content":"배급을"}],"type":"pronunciation"},{"start_time":"190.47","end_time":"190.69","alternatives":[{"confidence":"0.9997","content":"해야"}],"type":"pronunciation"},{"start_time":"190.69","end_time":"191.01","alternatives":[{"confidence":"0.9923","content":"되는데"}],"type":"pronunciation"},{"start_time":"191.01","end_time":"191.47","alternatives":[{"confidence":"0.9636","content":"그거밖에"}],"type":"pronunciation"},{"start_time":"191.47","end_time":"191.73","alternatives":[{"confidence":"0.9654","content":"없는"}],"type":"pronunciation"},{"start_time":"191.73","end_time":"192.18","alternatives":[{"confidence":"0.9781","content":"거예요"}],"type":"pronunciation"},{"alternatives":[{"confidence":"0.0","content":"."}],"type":"punctuation"},{"start_time":"193.72","end_time":"193.99","alternatives":[{"confidence":"1.0","content":"일단"}],"type":"pronunciation"},{"start_time":"193.99","end_time":"194.53","alternatives":[{"confidence":"1.0","content":"저희가"}],"type":"pronunciation"},{"start_time":"194.68","end_time":"194.86","alternatives":[{"confidence":"0.5832","content":"니까"}],"type":"pronunciation"},{"start_time":"194.86","end_time":"195.17","alternatives":[{"confidence":"0.9105","content":"그렇게"}],"type":"pronunciation"},{"start_time":"195.66","end_time":"196.15","alternatives":[{"confidence":"0.9995","content":"하시니까"}],"type":"pronunciation"},{"start_time":"196.15","end_time":"196.44","alternatives":[{"confidence":"1.0","content":"저희가"}],"type":"pronunciation"},{"start_time":"196.44","end_time":"197.0","alternatives":[{"confidence":"0.9881","content":"그렇게"}],"type":"pronunciation"},{"start_time":"197.03","end_time":"197.37","alternatives":[{"confidence":"0.9921","content":"방법을"}],"type":"pronunciation"},{"start_time":"197.37","end_time":"197.7","alternatives":[{"confidence":"1.0","content":"말씀을"}],"type":"pronunciation"},{"start_time":"197.7","end_time":"197.92","alternatives":[{"confidence":"0.88","content":"드린"}],"type":"pronunciation"},{"start_time":"197.92","end_time":"198.91","alternatives":[{"confidence":"0.9552499999999999","content":"거고요"}],"type":"pronunciation"},{"alternatives":[{"confidence":"0.0","content":"."}],"type":"punctuation"},{"start_time":"199.0","end_time":"199.28","alternatives":[{"confidence":"0.8314","content":"그래서"}],"type":"pronunciation"},{"start_time":"199.28","end_time":"200.08","alternatives":[{"confidence":"0.87095","content":"유선으로"}],"type":"pronunciation"},{"start_time":"200.08","end_time":"200.9","alternatives":[{"confidence":"0.8873666666666667","content":"녹취질문을"}],"type":"pronunciation"},{"start_time":"200.93","end_time":"201.41","alternatives":[{"confidence":"0.9981","content":"드리려고"}],"type":"pronunciation"},{"start_time":"201.41","end_time":"201.74","alternatives":[{"confidence":"0.9963","content":"전화를"}],"type":"pronunciation"},{"start_time":"201.8","end_time":"202.45","alternatives":[{"confidence":"0.42105","content":"드린거에요"}],"type":"pronunciation"},{"alternatives":[{"confidence":"0.0","content":"."}],"type":"punctuation"},{"start_time":"202.45","end_time":"202.64","alternatives":[{"confidence":"0.9861","content":"일단"}],"type":"pronunciation"},{"start_time":"202.64","end_time":"203.21","alternatives":[{"confidence":"0.9995","content":"일차적으로"}],"type":"pronunciation"},{"start_time":"203.21","end_time":"203.43","alternatives":[{"confidence":"0.9906","content":"이제"}],"type":"pronunciation"},{"start_time":"203.77","end_time":"204.23","alternatives":[{"confidence":"0.9989","content":"얼마나"}],"type":"pronunciation"},{"start_time":"204.23","end_time":"204.74","alternatives":[{"confidence":"0.99885","content":"연관성이"}],"type":"pronunciation"},{"start_time":"204.74","end_time":"205.37","alternatives":[{"confidence":"0.9577666666666667","content":"있으신분인지"}],"type":"pronunciation"},{"start_time":"205.37","end_time":"205.77","alternatives":[{"confidence":"0.9977","content":"판단을"}],"type":"pronunciation"},{"start_time":"205.77","end_time":"205.91","alternatives":[{"confidence":"0.9925","content":"해야"}],"type":"pronunciation"},{"start_time":"205.91","end_time":"206.11","alternatives":[{"confidence":"0.9904","content":"되기"}],"type":"pronunciation"},{"start_time":"206.11","end_time":"206.84","alternatives":[{"confidence":"1.0","content":"때문에"}],"type":"pronunciation"},{"start_time":"208.63","end_time":"209.06","alternatives":[{"confidence":"0.9782500000000001","content":"본인께서"}],"type":"pronunciation"},{"start_time":"209.06","end_time":"209.21","alternatives":[{"confidence":"0.9945","content":"이제"}],"type":"pronunciation"},{"start_time":"209.22","end_time":"209.91","alternatives":[{"confidence":"0.9987","content":"계좌확인을"}],"type":"pronunciation"},{"start_time":"209.91","end_time":"210.23","alternatives":[{"confidence":"0.9921","content":"하기"}],"type":"pronunciation"},{"start_time":"210.23","end_time":"210.92","alternatives":[{"confidence":"0.5804","content":"위해서"}],"type":"pronunciation"},{"start_time":"211.5","end_time":"212.24","alternatives":[{"confidence":"0.965","content":"방법으로"}],"type":"pronunciation"},{"start_time":"212.24","end_time":"212.4","alternatives":[{"confidence":"0.9996","content":"제가"}],"type":"pronunciation"},{"start_time":"212.4","end_time":"212.77","alternatives":[{"confidence":"1.0","content":"말씀을"}],"type":"pronunciation"},{"start_time":"212.77","end_time":"212.99","alternatives":[{"confidence":"0.8993","content":"드린"}],"type":"pronunciation"},{"start_time":"212.99","end_time":"213.63","alternatives":[{"confidence":"0.9825","content":"거고요"}],"type":"pronunciation"},{"alternatives":[{"confidence":"0.0","content":"."}],"type":"punctuation"},{"start_time":"214.3","end_time":"214.42","alternatives":[{"confidence":"0.6922","content":"그"}],"type":"pronunciation"},{"start_time":"214.42","end_time":"214.64","alternatives":[{"confidence":"0.9896","content":"다음에"}],"type":"pronunciation"},{"start_time":"214.64","end_time":"215.07","alternatives":[{"confidence":"0.9864","content":"지금"}],"type":"pronunciation"},{"start_time":"215.07","end_time":"215.42","alternatives":[{"confidence":"0.7965","content":"유선을"}],"type":"pronunciation"},{"start_time":"215.42","end_time":"216.01","alternatives":[{"confidence":"1.0","content":"통한"}],"type":"pronunciation"},{"start_time":"216.01","end_time":"216.35","alternatives":[{"confidence":"0.8765","content":"지금"}],"type":"pronunciation"},{"start_time":"217.04","end_time":"217.46","alternatives":[{"confidence":"0.9385","content":"유선"}],"type":"pronunciation"},{"start_time":"217.46","end_time":"217.98","alternatives":[{"confidence":"0.60135","content":"통화자체"}],"type":"pronunciation"},{"start_time":"218.07","end_time":"218.45","alternatives":[{"confidence":"0.8374","content":"이제"}],"type":"pronunciation"},{"start_time":"218.48","end_time":"218.9","alternatives":[{"confidence":"0.64815","content":"보름을"}],"type":"pronunciation"},{"start_time":"218.9","end_time":"219.16","alternatives":[{"confidence":"0.8767","content":"하시는"}],"type":"pronunciation"},{"start_time":"219.16","end_time":"219.9","alternatives":[{"confidence":"0.9975","content":"거잖아요"}],"type":"pronunciation"},{"alternatives":[{"confidence":"0.0","content":"."}],"type":"punctuation"},{"start_time":"221.33","end_time":"221.6","alternatives":[{"confidence":"0.88","content":"네"}],"type":"pronunciation"},{"alternatives":[{"confidence":"0.0","content":"."}],"type":"punctuation"},{"start_time":"221.86","end_time":"222.13","alternatives":[{"confidence":"1.0","content":"그렇기"}],"type":"pronunciation"},{"start_time":"222.13","end_time":"222.41","alternatives":[{"confidence":"0.9997","content":"때문에"}],"type":"pronunciation"},{"start_time":"222.41","end_time":"222.75","alternatives":[{"confidence":"1.0","content":"저희가"}],"type":"pronunciation"},{"start_time":"222.75","end_time":"222.88","alternatives":[{"confidence":"0.9979","content":"이제"}],"type":"pronunciation"},{"start_time":"222.89","end_time":"223.38","alternatives":[{"confidence":"0.9101","content":"자택주소"}],"type":"pronunciation"},{"start_time":"223.53","end_time":"224.09","alternatives":[{"confidence":"0.99995","content":"주민등록상"}],"type":"pronunciation"},{"start_time":"224.09","end_time":"224.58","alternatives":[{"confidence":"0.9982500000000001","content":"주소지로"}],"type":"pronunciation"},{"start_time":"224.58","end_time":"225.2","alternatives":[{"confidence":"0.9555666666666666","content":"출석요구서를"}],"type":"pronunciation"},{"start_time":"225.2","end_time":"225.39","alternatives":[{"confidence":"0.934","content":"한번"}],"type":"pronunciation"},{"start_time":"225.39","end_time":"225.75","alternatives":[{"confidence":"0.9748","content":"보내드릴"}],"type":"pronunciation"},{"start_time":"225.75","end_time":"225.86","alternatives":[{"confidence":"0.8953","content":"것"}],"type":"pronunciation"},{"start_time":"225.86","end_time":"226.53","alternatives":[{"confidence":"0.8452","content":"같아요"}],"type":"pronunciation"},{"alternatives":[{"confidence":"0.0","content":"."}],"type":"punctuation"},{"start_time":"228.23","end_time":"228.36","alternatives":[{"confidence":"0.9856","content":"네"}],"type":"pronunciation"},{"alternatives":[{"confidence":"0.0","content":"."}],"type":"punctuation"},{"start_time":"228.36","end_time":"228.65","alternatives":[{"confidence":"0.9547","content":"그러면"}],"type":"pronunciation"},{"start_time":"228.71","end_time":"229.27","alternatives":[{"confidence":"0.7738","content":"출석요구서"}],"type":"pronunciation"},{"start_time":"229.27","end_time":"230.25","alternatives":[{"confidence":"0.8967999999999999","content":"받아보시면은"}],"type":"pronunciation"},{"start_time":"230.53","end_time":"230.73","alternatives":[{"confidence":"0.8734","content":"저희"}],"type":"pronunciation"},{"start_time":"230.73","end_time":"231.0","alternatives":[{"confidence":"0.9186","content":"해당"}],"type":"pronunciation"},{"start_time":"231.0","end_time":"231.47","alternatives":[{"confidence":"0.8622333333333333","content":"지검으로"}],"type":"pronunciation"},{"start_time":"231.47","end_time":"232.02","alternatives":[{"confidence":"0.9977","content":"직접"}],"type":"pronunciation"},{"start_time":"232.03","end_time":"232.98","alternatives":[{"confidence":"0.939325","content":"출석하셔가지고"}],"type":"pronunciation"},{"start_time":"232.98","end_time":"233.38","alternatives":[{"confidence":"0.8084","content":"대면조사"}],"type":"pronunciation"},{"start_time":"233.38","end_time":"233.78","alternatives":[{"confidence":"0.99975","content":"받으시면"}],"type":"pronunciation"},{"start_time":"233.78","end_time":"233.99","alternatives":[{"confidence":"0.4997","content":"되는데"}],"type":"pronunciation"},{"start_time":"234.05","end_time":"234.25","alternatives":[{"confidence":"1.0","content":"되는"}],"type":"pronunciation"},{"start_time":"234.25","end_time":"234.83","alternatives":[{"confidence":"0.9256","content":"부분이세요"}],"type":"pronunciation"},{"alternatives":[{"confidence":"0.0","content":"."}],"type":"punctuation"},{"start_time":"239.84","end_time":"240.03","alternatives":[{"confidence":"0.9657","content":"네"}],"type":"pronunciation"},{"alternatives":[{"confidence":"0.0","content":"."}],"type":"punctuation"},{"start_time":"240.03","end_time":"240.32","alternatives":[{"confidence":"0.997","content":"그렇게"}],"type":"pronunciation"},{"start_time":"240.32","end_time":"241.17","alternatives":[{"confidence":"0.9382","content":"진행도와드릴게요"}],"type":"pronunciation"}]},"status":"COMPLETED"}