{"jobName":"transcribes..64","accountId":"097989105209","results":{"transcripts":[{"transcript":"그랬고요 제가 몇 가지 질문 좀 드리고 바로 본론말씀 드리겠습니다. 네, 본인혹시 거주하는 사십 세 남성 김태환 이라고 아십니까? 저희 잘 모르시는 분이세요. 그러면 혹시 실례지만 저기 직업이 어떻게 되시나요? 저희가 지금 제가 몇 가지 질문 좀 드리고 바로 물론 말씀드리겠습니다. 이거 녹음있거든요 녹음시키세요 괜찮아요. 더라고요 서울중앙지검 첨단범죄수사 본부 예요. 어떻게 이 장기화입니다 쪽으로 제가 연락했고요 지금 바로 좀 부탁드려요"}],"items":[{"start_time":"0.37","end_time":"1.0","alternatives":[{"confidence":"0.767","content":"그랬고요"}],"type":"pronunciation"},{"start_time":"2.41","end_time":"2.63","alternatives":[{"confidence":"0.9998","content":"제가"}],"type":"pronunciation"},{"start_time":"2.63","end_time":"2.8","alternatives":[{"confidence":"0.916","content":"몇"}],"type":"pronunciation"},{"start_time":"2.8","end_time":"3.05","alternatives":[{"confidence":"0.9114","content":"가지"}],"type":"pronunciation"},{"start_time":"3.05","end_time":"3.36","alternatives":[{"confidence":"0.7192","content":"질문"}],"type":"pronunciation"},{"start_time":"3.36","end_time":"3.52","alternatives":[{"confidence":"0.9953","content":"좀"}],"type":"pronunciation"},{"start_time":"3.52","end_time":"3.91","alternatives":[{"confidence":"0.9655","content":"드리고"}],"type":"pronunciation"},{"start_time":"3.91","end_time":"4.17","alternatives":[{"confidence":"0.9992","content":"바로"}],"type":"pronunciation"},{"start_time":"4.17","end_time":"4.9","alternatives":[{"confidence":"0.77125","content":"본론말씀"}],"type":"pronunciation"},{"start_time":"4.9","end_time":"5.79","alternatives":[{"confidence":"0.5468","content":"드리겠습니다"}],"type":"pronunciation"},{"alternatives":[{"confidence":"0.0","content":"."}],"type":"punctuation"},{"start_time":"6.87","end_time":"7.18","alternatives":[{"confidence":"0.9028","content":"네"}],"type":"pronunciation"},{"alternatives":[{"confidence":"0.0","content":","}],"type":"punctuation"},{"start_time":"7.18","end_time":"7.69","alternatives":[{"confidence":"0.77135","content":"본인혹시"}],"type":"pronunciation"},{"start_time":"8.4","end_time":"8.89","alternatives":[{"confidence":"1.0","content":"거주하는"}],"type":"pronunciation"},{"start_time":"8.89","end_time":"9.16","alternatives":[{"confidence":"0.8135","content":"사십"}],"type":"pronunciation"},{"start_time":"9.16","end_time":"9.25","alternatives":[{"confidence":"0.8087","content":"세"}],"type":"pronunciation"},{"start_time":"9.25","end_time":"9.72","alternatives":[{"confidence":"0.6327","content":"남성"}],"type":"pronunciation"},{"start_time":"9.75","end_time":"10.31","alternatives":[{"confidence":"0.9197","content":"김태환"}],"type":"pronunciation"},{"start_time":"10.31","end_time":"10.52","alternatives":[{"confidence":"0.9772","content":"이라고"}],"type":"pronunciation"},{"start_time":"10.52","end_time":"11.0","alternatives":[{"confidence":"0.9616","content":"아십니까"}],"type":"pronunciation"},{"alternatives":[{"confidence":"0.0","content":"?"}],"type":"punctuation"},{"start_time":"13.01","end_time":"13.16","alternatives":[{"confidence":"0.2893","content":"저희"}],"type":"pronunciation"},{"start_time":"13.16","end_time":"13.25","alternatives":[{"confidence":"0.6382","content":"잘"}],"type":"pronunciation"},{"start_time":"13.25","end_time":"13.61","alternatives":[{"confidence":"0.9999","content":"모르시는"}],"type":"pronunciation"},{"start_time":"13.61","end_time":"14.38","alternatives":[{"confidence":"0.99775","content":"분이세요"}],"type":"pronunciation"},{"alternatives":[{"confidence":"0.0","content":"."}],"type":"punctuation"},{"start_time":"15.93","end_time":"16.32","alternatives":[{"confidence":"0.6751","content":"그러면"}],"type":"pronunciation"},{"start_time":"16.35","end_time":"17.01","alternatives":[{"confidence":"1.0","content":"혹시"}],"type":"pronunciation"},{"start_time":"17.16","end_time":"17.64","alternatives":[{"confidence":"0.9975499999999999","content":"실례지만"}],"type":"pronunciation"},{"start_time":"17.98","end_time":"18.36","alternatives":[{"confidence":"0.2737","content":"저기"}],"type":"pronunciation"},{"start_time":"18.81","end_time":"19.19","alternatives":[{"confidence":"1.0","content":"직업이"}],"type":"pronunciation"},{"start_time":"19.19","end_time":"19.43","alternatives":[{"confidence":"1.0","content":"어떻게"}],"type":"pronunciation"},{"start_time":"19.43","end_time":"20.06","alternatives":[{"confidence":"1.0","content":"되시나요"}],"type":"pronunciation"},{"alternatives":[{"confidence":"0.0","content":"?"}],"type":"punctuation"},{"start_time":"21.86","end_time":"22.11","alternatives":[{"confidence":"0.9997","content":"저희가"}],"type":"pronunciation"},{"start_time":"22.11","end_time":"22.46","alternatives":[{"confidence":"0.9988","content":"지금"}],"type":"pronunciation"},{"start_time":"22.49","end_time":"22.7","alternatives":[{"confidence":"0.9983","content":"제가"}],"type":"pronunciation"},{"start_time":"22.7","end_time":"22.85","alternatives":[{"confidence":"0.9316","content":"몇"}],"type":"pronunciation"},{"start_time":"22.85","end_time":"23.04","alternatives":[{"confidence":"0.9279","content":"가지"}],"type":"pronunciation"},{"start_time":"23.04","end_time":"23.29","alternatives":[{"confidence":"0.5732","content":"질문"}],"type":"pronunciation"},{"start_time":"23.29","end_time":"23.42","alternatives":[{"confidence":"0.7759","content":"좀"}],"type":"pronunciation"},{"start_time":"23.43","end_time":"23.65","alternatives":[{"confidence":"0.9559","content":"드리고"}],"type":"pronunciation"},{"start_time":"23.65","end_time":"23.9","alternatives":[{"confidence":"0.9034","content":"바로"}],"type":"pronunciation"},{"start_time":"24.19","end_time":"24.46","alternatives":[{"confidence":"0.8792","content":"물론"}],"type":"pronunciation"},{"start_time":"24.46","end_time":"25.42","alternatives":[{"confidence":"0.8688","content":"말씀드리겠습니다"}],"type":"pronunciation"},{"alternatives":[{"confidence":"0.0","content":"."}],"type":"punctuation"},{"start_time":"25.81","end_time":"25.95","alternatives":[{"confidence":"0.1627","content":"이거"}],"type":"pronunciation"},{"start_time":"25.95","end_time":"27.08","alternatives":[{"confidence":"0.6265499999999999","content":"녹음있거든요"}],"type":"pronunciation"},{"start_time":"28.18","end_time":"29.03","alternatives":[{"confidence":"0.9043666666666667","content":"녹음시키세요"}],"type":"pronunciation"},{"start_time":"29.03","end_time":"29.72","alternatives":[{"confidence":"1.0","content":"괜찮아요"}],"type":"pronunciation"},{"alternatives":[{"confidence":"0.0","content":"."}],"type":"punctuation"},{"start_time":"30.09","end_time":"30.53","alternatives":[{"confidence":"0.2275","content":"더라고요"}],"type":"pronunciation"},{"start_time":"31.2","end_time":"32.08","alternatives":[{"confidence":"0.9916499999999999","content":"서울중앙지검"}],"type":"pronunciation"},{"start_time":"32.08","end_time":"32.92","alternatives":[{"confidence":"0.8457666666666667","content":"첨단범죄수사"}],"type":"pronunciation"},{"start_time":"32.92","end_time":"33.26","alternatives":[{"confidence":"0.7699","content":"본부"}],"type":"pronunciation"},{"start_time":"33.26","end_time":"33.65","alternatives":[{"confidence":"0.9562","content":"예요"}],"type":"pronunciation"},{"alternatives":[{"confidence":"0.0","content":"."}],"type":"punctuation"},{"start_time":"34.06","end_time":"34.32","alternatives":[{"confidence":"0.0291","content":"어떻게"}],"type":"pronunciation"},{"start_time":"35.36","end_time":"35.58","alternatives":[{"confidence":"0.7682","content":"이"}],"type":"pronunciation"},{"start_time":"35.58","end_time":"36.69","alternatives":[{"confidence":"0.5519500000000002","content":"장기화입니다"}],"type":"pronunciation"},{"start_time":"36.87","end_time":"37.16","alternatives":[{"confidence":"0.272","content":"쪽으로"}],"type":"pronunciation"},{"start_time":"37.16","end_time":"37.38","alternatives":[{"confidence":"0.2244","content":"제가"}],"type":"pronunciation"},{"start_time":"37.38","end_time":"38.06","alternatives":[{"confidence":"0.36905000000000004","content":"연락했고요"}],"type":"pronunciation"},{"start_time":"39.0","end_time":"39.25","alternatives":[{"confidence":"0.998","content":"지금"}],"type":"pronunciation"},{"start_time":"39.25","end_time":"39.5","alternatives":[{"confidence":"0.9958","content":"바로"}],"type":"pronunciation"},{"start_time":"39.5","end_time":"39.63","alternatives":[{"confidence":"0.9999","content":"좀"}],"type":"pronunciation"},{"start_time":"39.63","end_time":"40.25","alternatives":[{"confidence":"0.9991","content":"부탁드려요"}],"type":"pronunciation"}]},"status":"COMPLETED"}