{"jobName":"transcribes..71","accountId":"097989105209","results":{"transcripts":[{"transcript":"보세요 어때요? 계십니까? 서울중앙직업입니다 통화 가능하세요? 아니요. 제가 좀 바꿨어요. 죄송합니다 언제 안녕하세요? 죄송합니다. 절반을 남겨주시면 제가 한가할 때 전화"}],"items":[{"start_time":"0.37","end_time":"1.22","alternatives":[{"confidence":"0.6935","content":"보세요"}],"type":"pronunciation"},{"start_time":"2.32","end_time":"3.75","alternatives":[{"confidence":"1.0","content":"어때요"}],"type":"pronunciation"},{"alternatives":[{"confidence":"0.0","content":"?"}],"type":"punctuation"},{"start_time":"5.76","end_time":"6.65","alternatives":[{"confidence":"0.7309","content":"계십니까"}],"type":"pronunciation"},{"alternatives":[{"confidence":"0.0","content":"?"}],"type":"punctuation"},{"start_time":"8.75","end_time":"10.32","alternatives":[{"confidence":"0.8947499999999999","content":"서울중앙직업입니다"}],"type":"pronunciation"},{"start_time":"10.32","end_time":"10.58","alternatives":[{"confidence":"0.9867","content":"통화"}],"type":"pronunciation"},{"start_time":"10.58","end_time":"11.56","alternatives":[{"confidence":"1.0","content":"가능하세요"}],"type":"pronunciation"},{"alternatives":[{"confidence":"0.0","content":"?"}],"type":"punctuation"},{"start_time":"12.12","end_time":"12.64","alternatives":[{"confidence":"0.1761","content":"아니요"}],"type":"pronunciation"},{"alternatives":[{"confidence":"0.0","content":"."}],"type":"punctuation"},{"start_time":"12.73","end_time":"12.96","alternatives":[{"confidence":"0.0626","content":"제가"}],"type":"pronunciation"},{"start_time":"13.02","end_time":"13.18","alternatives":[{"confidence":"0.0632","content":"좀"}],"type":"pronunciation"},{"start_time":"13.18","end_time":"13.92","alternatives":[{"confidence":"0.69895","content":"바꿨어요"}],"type":"pronunciation"},{"alternatives":[{"confidence":"0.0","content":"."}],"type":"punctuation"},{"start_time":"13.98","end_time":"14.87","alternatives":[{"confidence":"0.9949","content":"죄송합니다"}],"type":"pronunciation"},{"start_time":"14.87","end_time":"15.22","alternatives":[{"confidence":"0.7442","content":"언제"}],"type":"pronunciation"},{"start_time":"16.33","end_time":"17.41","alternatives":[{"confidence":"0.1657","content":"안녕하세요"}],"type":"pronunciation"},{"alternatives":[{"confidence":"0.0","content":"?"}],"type":"punctuation"},{"start_time":"18.5","end_time":"18.96","alternatives":[{"confidence":"0.9992","content":"죄송합니다"}],"type":"pronunciation"},{"alternatives":[{"confidence":"0.0","content":"."}],"type":"punctuation"},{"start_time":"18.96","end_time":"19.44","alternatives":[{"confidence":"0.0689","content":"절반을"}],"type":"pronunciation"},{"start_time":"19.44","end_time":"20.15","alternatives":[{"confidence":"0.79305","content":"남겨주시면"}],"type":"pronunciation"},{"start_time":"20.15","end_time":"20.36","alternatives":[{"confidence":"0.988","content":"제가"}],"type":"pronunciation"},{"start_time":"20.36","end_time":"20.72","alternatives":[{"confidence":"0.73035","content":"한가할"}],"type":"pronunciation"},{"start_time":"20.72","end_time":"20.82","alternatives":[{"confidence":"0.7867","content":"때"}],"type":"pronunciation"},{"start_time":"20.82","end_time":"21.08","alternatives":[{"confidence":"0.438","content":"전화"}],"type":"pronunciation"}]},"status":"COMPLETED"}