{"jobName":"transcribes..111","accountId":"097989105209","results":{"transcripts":[{"transcript":"무슨 일 때문에 그러세요? 다른 건 아니고 이제 본인 앞으로 명의 도용 사건 때문에 몇 가지 확인연락을 드렸거든요 통화는 계속 가능하세요 말씀하세요. 일단 저는 금융범죄예방기획팀의 이종훈 수사관이고요 혹시 몇 가지 질문을 조금 드릴건데 협조부탁드리고요 혹시 본인께서는 거주했던 사십이 세 남성 김순철 이라고 하시는 분이세요? 그러시고요 혹시나 뭐 최근 2 년 사이 신분증휴대폰 같은 개인정보 유출될 만한 물건 도난 분실하신 적 없으시고요 2015 년 1 월 26 일 장갑 이 점에서 국민과 농협은행 통장에서 사실이 없으시고요 저희가 이렇게 연락을 드린게. 지금 얼마 전에 저희 수사팀이 이제 김영철로 인한 금융범죄사기단을 검거했습니다 중요한 게 건강현장에서. 대량의 대포통장과 신용카드가 발견됐는데 그 중에서 이제 명의로 확인데 농협과 국민은행총장이 발견돼서 연락을 드렸거든요. 혹시 본인께서 이 두 개가 개설에 대해 하시는 부분없으시고요 없는데요. 일단은 아무래도 저희 입장에서는 이제 제가 말씀드린 김준철에게 일정 대가성을 받고 계좌를 양도하시거나 판 판매하신 가해자분이신지 아니명종 을 당하신 피해자분이신줄 중점을 연락을 드렸고요 저는 모르시는 부분이 하셨으면 무고한 피해자라고 입증해 주시면 되겠거든요. 일단은 질문에 전반적인 조사 과정을 혹시 상태로 진행되고요 녹취 자료를 이제 일 차 공판도 중요한 증거자료로 채택되기 때문에 삼자의 목소리가 들리거나 소음잡음이 들리시면 증거 자료로 채택되기 힘들기 때문에 이제 그 좀 유의해주시고요 혹시 이라고 계신건가요 입장이시고요 그럼 바로 진행해도 될까요? 혹시나 거짓말을 하시거나 숨기는 부분이 있으시면 은닉죄 공무집행방해, 추가 성립되고요 진행하도록 하겠습니다. 통화자본이 받으십니까 왜 거주했던 김순철은 저는 모르시는 분이십니까 2015 년 1 월 26 일 뭔가 이 점에서 국민과 농협보낸 김정길 사실 있으십니까? 없는데요. 최근 2 년 사이 신분증휴대폰 같은 개인정보가 유출될 만한 물건을 도난 분실하신 적 없으시고요 일단 본인께서 이 통장을 개설한 사실이 없다. 하시더라도 이제 본인 명의의 불법 통장이미 악용이 되었기 때문에 저희가 본인 의사와 상관없이 동결처리 시켰고요 처리라는 건 사용 못하도록 정지시켰다 는 거거든요. 아무래도 이제 불법 통장으로 이제 거래가 이루어졌다보니까 그쪽에서도 이제 피해자 분들이 이백 명에서 이백오십 명 가량나오다 보니까 저희 쪽에서 이렇게 동시에 내 손으로 연락을 드린거고요 일일이 전부 다 뭐 내방과 출석을 하실 수 없기 때문에 저희가 편의를 위해서 이렇게 내 손으로 연락을 드린거고요 몇 가지 질문을 더 드릴 건데 이제 뭐 간단하게 은행권상호명을 저희가 질문을 드릴 거예요. 아무래도 이제 내 손으로 하다보면 의심하시는 분도 있고 그러다 보니까 저희가 왜 설명을 하는지 부터 이후로 말씀드리고 진행하도록 하겠습니다. 아까 말씀드렸다시피 본인 진술내용은 금융감독원의 조회 기록을 어느정도 일치가 돼야 저희가 제가 피해자라고 도와드릴 수 있는 부분이 되는 거고요. 진술하신 내용을 이제 다른 은행권나 불법 통장나올 여지가 있어서 동결처리 시키려고 말씀드리는 거고요. 제가 사업사법기관 이다 보니까 이제 개인정보나 계좌번호, 계좌번호, 비밀번호그런건 저희가 묻지도 못하게 되어 있으니 크게 걱정하실 건 없을 것 같고요. 바로 진행하도록 하겠습니다. 또는 사용 안하신지 오래되셨더라도 사용하신 은행권상어명부터 간략하게 말씀해 주시겠어요? 듯이 요, 제가 지금 업무중이고요? 지금 어디서 라고 말씀하셨죠? 서울중앙지검 금융범죄예방계획 됩니다. 상황이 어떻게 되신다고요? 이종훈 수사관이요? 예, 그러면 연락 한번 남겨주시겠어요. 이쪽으로 다시 연락을 주시면 되고요. 예산 번호 으니까 제 일은 말씀해주시면. 예, 알겠습니다. 언제쯤 연락가능 하신지 제가 보니까 오후에 연락드릴께요 알겠습니다."}],"items":[{"start_time":"1.11","end_time":"1.39","alternatives":[{"confidence":"0.9991","content":"무슨"}],"type":"pronunciation"},{"start_time":"1.39","end_time":"1.51","alternatives":[{"confidence":"0.955","content":"일"}],"type":"pronunciation"},{"start_time":"1.51","end_time":"1.72","alternatives":[{"confidence":"0.9996","content":"때문에"}],"type":"pronunciation"},{"start_time":"1.72","end_time":"2.28","alternatives":[{"confidence":"1.0","content":"그러세요"}],"type":"pronunciation"},{"alternatives":[{"confidence":"0.0","content":"?"}],"type":"punctuation"},{"start_time":"3.42","end_time":"3.71","alternatives":[{"confidence":"0.8958","content":"다른"}],"type":"pronunciation"},{"start_time":"3.71","end_time":"3.83","alternatives":[{"confidence":"0.9999","content":"건"}],"type":"pronunciation"},{"start_time":"3.83","end_time":"4.14","alternatives":[{"confidence":"1.0","content":"아니고"}],"type":"pronunciation"},{"start_time":"4.14","end_time":"4.28","alternatives":[{"confidence":"0.5307","content":"이제"}],"type":"pronunciation"},{"start_time":"4.29","end_time":"4.62","alternatives":[{"confidence":"0.3962","content":"본인"}],"type":"pronunciation"},{"start_time":"4.62","end_time":"5.05","alternatives":[{"confidence":"0.9869","content":"앞으로"}],"type":"pronunciation"},{"start_time":"5.05","end_time":"5.3","alternatives":[{"confidence":"0.936","content":"명의"}],"type":"pronunciation"},{"start_time":"5.3","end_time":"5.5","alternatives":[{"confidence":"0.9558","content":"도용"}],"type":"pronunciation"},{"start_time":"5.5","end_time":"5.8","alternatives":[{"confidence":"0.9696","content":"사건"}],"type":"pronunciation"},{"start_time":"5.8","end_time":"6.02","alternatives":[{"confidence":"0.9982","content":"때문에"}],"type":"pronunciation"},{"start_time":"6.02","end_time":"6.15","alternatives":[{"confidence":"0.9675","content":"몇"}],"type":"pronunciation"},{"start_time":"6.15","end_time":"6.33","alternatives":[{"confidence":"0.9611","content":"가지"}],"type":"pronunciation"},{"start_time":"6.33","end_time":"6.92","alternatives":[{"confidence":"0.8316","content":"확인연락을"}],"type":"pronunciation"},{"start_time":"6.92","end_time":"8.1","alternatives":[{"confidence":"0.9995","content":"드렸거든요"}],"type":"pronunciation"},{"start_time":"9.31","end_time":"9.67","alternatives":[{"confidence":"0.95025","content":"통화는"}],"type":"pronunciation"},{"start_time":"9.67","end_time":"9.85","alternatives":[{"confidence":"0.9081","content":"계속"}],"type":"pronunciation"},{"start_time":"9.85","end_time":"10.47","alternatives":[{"confidence":"0.9914000000000001","content":"가능하세요"}],"type":"pronunciation"},{"start_time":"10.53","end_time":"11.38","alternatives":[{"confidence":"0.9837","content":"말씀하세요"}],"type":"pronunciation"},{"alternatives":[{"confidence":"0.0","content":"."}],"type":"punctuation"},{"start_time":"12.81","end_time":"13.05","alternatives":[{"confidence":"0.9737","content":"일단"}],"type":"pronunciation"},{"start_time":"13.05","end_time":"13.31","alternatives":[{"confidence":"0.9975","content":"저는"}],"type":"pronunciation"},{"start_time":"13.31","end_time":"14.52","alternatives":[{"confidence":"0.90234","content":"금융범죄예방기획팀의"}],"type":"pronunciation"},{"start_time":"14.52","end_time":"14.84","alternatives":[{"confidence":"0.9481999999999999","content":"이종훈"}],"type":"pronunciation"},{"start_time":"14.84","end_time":"15.58","alternatives":[{"confidence":"0.86185","content":"수사관이고요"}],"type":"pronunciation"},{"start_time":"15.91","end_time":"16.65","alternatives":[{"confidence":"1.0","content":"혹시"}],"type":"pronunciation"},{"start_time":"16.75","end_time":"16.92","alternatives":[{"confidence":"0.9879","content":"몇"}],"type":"pronunciation"},{"start_time":"16.92","end_time":"17.06","alternatives":[{"confidence":"0.9876","content":"가지"}],"type":"pronunciation"},{"start_time":"17.06","end_time":"17.38","alternatives":[{"confidence":"0.9999","content":"질문을"}],"type":"pronunciation"},{"start_time":"17.38","end_time":"17.61","alternatives":[{"confidence":"0.9801","content":"조금"}],"type":"pronunciation"},{"start_time":"17.61","end_time":"18.19","alternatives":[{"confidence":"0.7768999999999999","content":"드릴건데"}],"type":"pronunciation"},{"start_time":"18.22","end_time":"19.33","alternatives":[{"confidence":"0.8135","content":"협조부탁드리고요"}],"type":"pronunciation"},{"start_time":"20.2","end_time":"20.51","alternatives":[{"confidence":"0.9999","content":"혹시"}],"type":"pronunciation"},{"start_time":"20.51","end_time":"21.23","alternatives":[{"confidence":"0.7878499999999999","content":"본인께서는"}],"type":"pronunciation"},{"start_time":"21.94","end_time":"22.49","alternatives":[{"confidence":"0.9913000000000001","content":"거주했던"}],"type":"pronunciation"},{"start_time":"22.49","end_time":"22.9","alternatives":[{"confidence":"0.9378","content":"사십이"}],"type":"pronunciation"},{"start_time":"22.9","end_time":"23.02","alternatives":[{"confidence":"0.9634","content":"세"}],"type":"pronunciation"},{"start_time":"23.02","end_time":"23.49","alternatives":[{"confidence":"0.8817","content":"남성"}],"type":"pronunciation"},{"start_time":"23.75","end_time":"24.26","alternatives":[{"confidence":"0.8771","content":"김순철"}],"type":"pronunciation"},{"start_time":"24.26","end_time":"24.48","alternatives":[{"confidence":"0.9039","content":"이라고"}],"type":"pronunciation"},{"start_time":"24.48","end_time":"24.83","alternatives":[{"confidence":"0.7353","content":"하시는"}],"type":"pronunciation"},{"start_time":"24.83","end_time":"25.32","alternatives":[{"confidence":"0.99885","content":"분이세요"}],"type":"pronunciation"},{"alternatives":[{"confidence":"0.0","content":"?"}],"type":"punctuation"},{"start_time":"27.88","end_time":"28.3","alternatives":[{"confidence":"0.6259000000000001","content":"그러시고요"}],"type":"pronunciation"},{"start_time":"28.3","end_time":"28.71","alternatives":[{"confidence":"1.0","content":"혹시나"}],"type":"pronunciation"},{"start_time":"28.71","end_time":"28.9","alternatives":[{"confidence":"0.5028","content":"뭐"}],"type":"pronunciation"},{"start_time":"28.93","end_time":"29.22","alternatives":[{"confidence":"0.996","content":"최근"}],"type":"pronunciation"},{"start_time":"29.22","end_time":"29.29","alternatives":[{"confidence":"0.5139","content":"2"}],"type":"pronunciation"},{"start_time":"29.29","end_time":"29.46","alternatives":[{"confidence":"0.9613","content":"년"}],"type":"pronunciation"},{"start_time":"29.46","end_time":"29.73","alternatives":[{"confidence":"0.998","content":"사이"}],"type":"pronunciation"},{"start_time":"29.95","end_time":"30.92","alternatives":[{"confidence":"0.92485","content":"신분증휴대폰"}],"type":"pronunciation"},{"start_time":"30.92","end_time":"31.21","alternatives":[{"confidence":"0.997","content":"같은"}],"type":"pronunciation"},{"start_time":"31.21","end_time":"31.72","alternatives":[{"confidence":"0.7464","content":"개인정보"}],"type":"pronunciation"},{"start_time":"31.72","end_time":"32.11","alternatives":[{"confidence":"0.85755","content":"유출될"}],"type":"pronunciation"},{"start_time":"32.11","end_time":"32.34","alternatives":[{"confidence":"0.8458","content":"만한"}],"type":"pronunciation"},{"start_time":"32.34","end_time":"32.61","alternatives":[{"confidence":"0.8892","content":"물건"}],"type":"pronunciation"},{"start_time":"32.61","end_time":"32.9","alternatives":[{"confidence":"0.9294","content":"도난"}],"type":"pronunciation"},{"start_time":"32.9","end_time":"33.38","alternatives":[{"confidence":"0.98385","content":"분실하신"}],"type":"pronunciation"},{"start_time":"33.38","end_time":"33.48","alternatives":[{"confidence":"0.9858","content":"적"}],"type":"pronunciation"},{"start_time":"33.48","end_time":"34.54","alternatives":[{"confidence":"0.9973000000000001","content":"없으시고요"}],"type":"pronunciation"},{"start_time":"36.42","end_time":"37.11","alternatives":[{"confidence":"0.998","content":"2015"}],"type":"pronunciation"},{"start_time":"37.11","end_time":"37.38","alternatives":[{"confidence":"1.0","content":"년"}],"type":"pronunciation"},{"start_time":"37.38","end_time":"37.51","alternatives":[{"confidence":"0.7066","content":"1"}],"type":"pronunciation"},{"start_time":"37.51","end_time":"37.61","alternatives":[{"confidence":"0.998","content":"월"}],"type":"pronunciation"},{"start_time":"37.61","end_time":"38.05","alternatives":[{"confidence":"0.66155","content":"26"}],"type":"pronunciation"},{"start_time":"38.05","end_time":"38.24","alternatives":[{"confidence":"0.8373","content":"일"}],"type":"pronunciation"},{"start_time":"39.44","end_time":"39.83","alternatives":[{"confidence":"0.2535","content":"장갑"}],"type":"pronunciation"},{"start_time":"40.51","end_time":"40.61","alternatives":[{"confidence":"0.7347","content":"이"}],"type":"pronunciation"},{"start_time":"40.61","end_time":"41.17","alternatives":[{"confidence":"0.8541","content":"점에서"}],"type":"pronunciation"},{"start_time":"41.51","end_time":"42.0","alternatives":[{"confidence":"0.9995","content":"국민과"}],"type":"pronunciation"},{"start_time":"42.0","end_time":"42.51","alternatives":[{"confidence":"0.9674","content":"농협은행"}],"type":"pronunciation"},{"start_time":"42.51","end_time":"42.95","alternatives":[{"confidence":"0.70075","content":"통장에서"}],"type":"pronunciation"},{"start_time":"42.95","end_time":"43.26","alternatives":[{"confidence":"0.9992","content":"사실이"}],"type":"pronunciation"},{"start_time":"43.26","end_time":"44.0","alternatives":[{"confidence":"0.99485","content":"없으시고요"}],"type":"pronunciation"},{"start_time":"46.52","end_time":"46.78","alternatives":[{"confidence":"0.9995","content":"저희가"}],"type":"pronunciation"},{"start_time":"46.78","end_time":"47.25","alternatives":[{"confidence":"0.9987","content":"이렇게"}],"type":"pronunciation"},{"start_time":"47.25","end_time":"47.58","alternatives":[{"confidence":"1.0","content":"연락을"}],"type":"pronunciation"},{"start_time":"47.58","end_time":"48.07","alternatives":[{"confidence":"0.9032","content":"드린게"}],"type":"pronunciation"},{"alternatives":[{"confidence":"0.0","content":"."}],"type":"punctuation"},{"start_time":"48.07","end_time":"48.41","alternatives":[{"confidence":"0.9674","content":"지금"}],"type":"pronunciation"},{"start_time":"49.53","end_time":"49.78","alternatives":[{"confidence":"0.5199","content":"얼마"}],"type":"pronunciation"},{"start_time":"49.78","end_time":"49.93","alternatives":[{"confidence":"0.5201","content":"전에"}],"type":"pronunciation"},{"start_time":"49.93","end_time":"50.12","alternatives":[{"confidence":"0.8459","content":"저희"}],"type":"pronunciation"},{"start_time":"50.12","end_time":"50.69","alternatives":[{"confidence":"0.9807","content":"수사팀이"}],"type":"pronunciation"},{"start_time":"50.69","end_time":"50.85","alternatives":[{"confidence":"0.4261","content":"이제"}],"type":"pronunciation"},{"start_time":"50.85","end_time":"51.39","alternatives":[{"confidence":"0.6451666666666667","content":"김영철로"}],"type":"pronunciation"},{"start_time":"51.39","end_time":"51.55","alternatives":[{"confidence":"0.9948","content":"인한"}],"type":"pronunciation"},{"start_time":"51.55","end_time":"52.45","alternatives":[{"confidence":"0.994625","content":"금융범죄사기단을"}],"type":"pronunciation"},{"start_time":"52.45","end_time":"53.18","alternatives":[{"confidence":"0.4431","content":"검거했습니다"}],"type":"pronunciation"},{"start_time":"53.73","end_time":"54.09","alternatives":[{"confidence":"0.9514","content":"중요한"}],"type":"pronunciation"},{"start_time":"54.09","end_time":"54.17","alternatives":[{"confidence":"0.9948","content":"게"}],"type":"pronunciation"},{"start_time":"54.17","end_time":"54.81","alternatives":[{"confidence":"0.9669000000000001","content":"건강현장에서"}],"type":"pronunciation"},{"alternatives":[{"confidence":"0.0","content":"."}],"type":"punctuation"},{"start_time":"54.81","end_time":"55.1","alternatives":[{"confidence":"0.9873","content":"대량의"}],"type":"pronunciation"},{"start_time":"55.1","end_time":"55.81","alternatives":[{"confidence":"0.9999666666666668","content":"대포통장과"}],"type":"pronunciation"},{"start_time":"55.81","end_time":"56.29","alternatives":[{"confidence":"0.99965","content":"신용카드가"}],"type":"pronunciation"},{"start_time":"56.29","end_time":"57.13","alternatives":[{"confidence":"0.99855","content":"발견됐는데"}],"type":"pronunciation"},{"start_time":"57.49","end_time":"57.64","alternatives":[{"confidence":"0.6449","content":"그"}],"type":"pronunciation"},{"start_time":"57.64","end_time":"57.98","alternatives":[{"confidence":"1.0","content":"중에서"}],"type":"pronunciation"},{"start_time":"57.98","end_time":"58.14","alternatives":[{"confidence":"0.9952","content":"이제"}],"type":"pronunciation"},{"start_time":"58.88","end_time":"59.29","alternatives":[{"confidence":"0.999","content":"명의로"}],"type":"pronunciation"},{"start_time":"59.29","end_time":"59.77","alternatives":[{"confidence":"0.44555","content":"확인데"}],"type":"pronunciation"},{"start_time":"60.19","end_time":"60.61","alternatives":[{"confidence":"0.99975","content":"농협과"}],"type":"pronunciation"},{"start_time":"60.61","end_time":"61.36","alternatives":[{"confidence":"0.9866","content":"국민은행총장이"}],"type":"pronunciation"},{"start_time":"61.36","end_time":"61.79","alternatives":[{"confidence":"0.9809","content":"발견돼서"}],"type":"pronunciation"},{"start_time":"61.79","end_time":"62.09","alternatives":[{"confidence":"1.0","content":"연락을"}],"type":"pronunciation"},{"start_time":"62.09","end_time":"63.23","alternatives":[{"confidence":"1.0","content":"드렸거든요"}],"type":"pronunciation"},{"alternatives":[{"confidence":"0.0","content":"."}],"type":"punctuation"},{"start_time":"64.29","end_time":"64.56","alternatives":[{"confidence":"1.0","content":"혹시"}],"type":"pronunciation"},{"start_time":"64.56","end_time":"64.97","alternatives":[{"confidence":"0.9873000000000001","content":"본인께서"}],"type":"pronunciation"},{"start_time":"64.97","end_time":"65.05","alternatives":[{"confidence":"0.934","content":"이"}],"type":"pronunciation"},{"start_time":"65.05","end_time":"65.17","alternatives":[{"confidence":"0.763","content":"두"}],"type":"pronunciation"},{"start_time":"65.17","end_time":"65.39","alternatives":[{"confidence":"0.2586","content":"개가"}],"type":"pronunciation"},{"start_time":"65.39","end_time":"65.73","alternatives":[{"confidence":"0.92125","content":"개설에"}],"type":"pronunciation"},{"start_time":"65.73","end_time":"65.9","alternatives":[{"confidence":"0.9977","content":"대해"}],"type":"pronunciation"},{"start_time":"65.9","end_time":"66.18","alternatives":[{"confidence":"0.9488","content":"하시는"}],"type":"pronunciation"},{"start_time":"66.18","end_time":"66.99","alternatives":[{"confidence":"0.8882333333333333","content":"부분없으시고요"}],"type":"pronunciation"},{"start_time":"67.42","end_time":"68.1","alternatives":[{"confidence":"0.7365","content":"없는데요"}],"type":"pronunciation"},{"alternatives":[{"confidence":"0.0","content":"."}],"type":"punctuation"},{"start_time":"69.72","end_time":"70.45","alternatives":[{"confidence":"1.0","content":"일단은"}],"type":"pronunciation"},{"start_time":"71.3","end_time":"71.59","alternatives":[{"confidence":"0.9999","content":"아무래도"}],"type":"pronunciation"},{"start_time":"71.59","end_time":"71.87","alternatives":[{"confidence":"0.9992","content":"저희"}],"type":"pronunciation"},{"start_time":"71.87","end_time":"72.61","alternatives":[{"confidence":"1.0","content":"입장에서는"}],"type":"pronunciation"},{"start_time":"72.61","end_time":"72.83","alternatives":[{"confidence":"0.9889","content":"이제"}],"type":"pronunciation"},{"start_time":"74.06","end_time":"74.26","alternatives":[{"confidence":"1.0","content":"제가"}],"type":"pronunciation"},{"start_time":"74.26","end_time":"75.08","alternatives":[{"confidence":"0.8842","content":"말씀드린"}],"type":"pronunciation"},{"start_time":"75.11","end_time":"75.95","alternatives":[{"confidence":"0.8299666666666666","content":"김준철에게"}],"type":"pronunciation"},{"start_time":"75.95","end_time":"76.23","alternatives":[{"confidence":"0.6395","content":"일정"}],"type":"pronunciation"},{"start_time":"76.23","end_time":"76.78","alternatives":[{"confidence":"0.8422499999999999","content":"대가성을"}],"type":"pronunciation"},{"start_time":"76.78","end_time":"77.16","alternatives":[{"confidence":"0.9256","content":"받고"}],"type":"pronunciation"},{"start_time":"77.68","end_time":"78.06","alternatives":[{"confidence":"0.8844","content":"계좌를"}],"type":"pronunciation"},{"start_time":"78.06","end_time":"78.76","alternatives":[{"confidence":"0.9531000000000001","content":"양도하시거나"}],"type":"pronunciation"},{"start_time":"78.76","end_time":"79.08","alternatives":[{"confidence":"0.9714","content":"판"}],"type":"pronunciation"},{"start_time":"79.08","end_time":"79.93","alternatives":[{"confidence":"0.69455","content":"판매하신"}],"type":"pronunciation"},{"start_time":"79.96","end_time":"80.91","alternatives":[{"confidence":"0.717775","content":"가해자분이신지"}],"type":"pronunciation"},{"start_time":"81.32","end_time":"81.92","alternatives":[{"confidence":"0.49854999999999994","content":"아니명종"}],"type":"pronunciation"},{"start_time":"81.92","end_time":"82.0","alternatives":[{"confidence":"0.7065","content":"을"}],"type":"pronunciation"},{"start_time":"82.0","end_time":"82.37","alternatives":[{"confidence":"0.98405","content":"당하신"}],"type":"pronunciation"},{"start_time":"82.37","end_time":"83.14","alternatives":[{"confidence":"0.792325","content":"피해자분이신줄"}],"type":"pronunciation"},{"start_time":"83.14","end_time":"83.53","alternatives":[{"confidence":"0.9912","content":"중점을"}],"type":"pronunciation"},{"start_time":"83.53","end_time":"83.83","alternatives":[{"confidence":"1.0","content":"연락을"}],"type":"pronunciation"},{"start_time":"83.83","end_time":"84.85","alternatives":[{"confidence":"0.99335","content":"드렸고요"}],"type":"pronunciation"},{"start_time":"85.41","end_time":"85.68","alternatives":[{"confidence":"0.9808","content":"저는"}],"type":"pronunciation"},{"start_time":"85.68","end_time":"86.14","alternatives":[{"confidence":"0.9994000000000001","content":"모르시는"}],"type":"pronunciation"},{"start_time":"86.14","end_time":"86.42","alternatives":[{"confidence":"0.9978","content":"부분이"}],"type":"pronunciation"},{"start_time":"86.42","end_time":"87.03","alternatives":[{"confidence":"0.9837","content":"하셨으면"}],"type":"pronunciation"},{"start_time":"87.31","end_time":"87.87","alternatives":[{"confidence":"1.0","content":"무고한"}],"type":"pronunciation"},{"start_time":"87.87","end_time":"88.46","alternatives":[{"confidence":"0.9895","content":"피해자라고"}],"type":"pronunciation"},{"start_time":"88.49","end_time":"88.85","alternatives":[{"confidence":"0.80115","content":"입증해"}],"type":"pronunciation"},{"start_time":"88.85","end_time":"89.12","alternatives":[{"confidence":"0.6025","content":"주시면"}],"type":"pronunciation"},{"start_time":"89.12","end_time":"90.25","alternatives":[{"confidence":"1.0","content":"되겠거든요"}],"type":"pronunciation"},{"alternatives":[{"confidence":"0.0","content":"."}],"type":"punctuation"},{"start_time":"91.48","end_time":"91.87","alternatives":[{"confidence":"0.9984","content":"일단은"}],"type":"pronunciation"},{"start_time":"91.87","end_time":"92.25","alternatives":[{"confidence":"0.8759","content":"질문에"}],"type":"pronunciation"},{"start_time":"92.25","end_time":"92.93","alternatives":[{"confidence":"1.0","content":"전반적인"}],"type":"pronunciation"},{"start_time":"92.93","end_time":"93.16","alternatives":[{"confidence":"0.6765","content":"조사"}],"type":"pronunciation"},{"start_time":"93.16","end_time":"93.47","alternatives":[{"confidence":"0.8062","content":"과정을"}],"type":"pronunciation"},{"start_time":"93.56","end_time":"93.81","alternatives":[{"confidence":"0.9397","content":"혹시"}],"type":"pronunciation"},{"start_time":"93.81","end_time":"94.16","alternatives":[{"confidence":"0.9978","content":"상태로"}],"type":"pronunciation"},{"start_time":"94.16","end_time":"95.38","alternatives":[{"confidence":"0.9501333333333334","content":"진행되고요"}],"type":"pronunciation"},{"start_time":"95.83","end_time":"96.19","alternatives":[{"confidence":"0.89445","content":"녹취"}],"type":"pronunciation"},{"start_time":"96.19","end_time":"96.65","alternatives":[{"confidence":"0.9785","content":"자료를"}],"type":"pronunciation"},{"start_time":"96.65","end_time":"96.76","alternatives":[{"confidence":"0.8544","content":"이제"}],"type":"pronunciation"},{"start_time":"96.79","end_time":"96.93","alternatives":[{"confidence":"0.5235","content":"일"}],"type":"pronunciation"},{"start_time":"96.93","end_time":"97.06","alternatives":[{"confidence":"0.9856","content":"차"}],"type":"pronunciation"},{"start_time":"97.06","end_time":"97.49","alternatives":[{"confidence":"0.5797","content":"공판도"}],"type":"pronunciation"},{"start_time":"97.49","end_time":"97.85","alternatives":[{"confidence":"0.9775","content":"중요한"}],"type":"pronunciation"},{"start_time":"97.85","end_time":"98.34","alternatives":[{"confidence":"0.81745","content":"증거자료로"}],"type":"pronunciation"},{"start_time":"98.34","end_time":"98.79","alternatives":[{"confidence":"0.98375","content":"채택되기"}],"type":"pronunciation"},{"start_time":"98.79","end_time":"99.3","alternatives":[{"confidence":"1.0","content":"때문에"}],"type":"pronunciation"},{"start_time":"99.7","end_time":"100.1","alternatives":[{"confidence":"0.71835","content":"삼자의"}],"type":"pronunciation"},{"start_time":"100.1","end_time":"100.49","alternatives":[{"confidence":"1.0","content":"목소리가"}],"type":"pronunciation"},{"start_time":"100.49","end_time":"100.94","alternatives":[{"confidence":"1.0","content":"들리거나"}],"type":"pronunciation"},{"start_time":"100.94","end_time":"101.57","alternatives":[{"confidence":"0.9971333333333333","content":"소음잡음이"}],"type":"pronunciation"},{"start_time":"101.57","end_time":"102.11","alternatives":[{"confidence":"0.97985","content":"들리시면"}],"type":"pronunciation"},{"start_time":"102.11","end_time":"102.34","alternatives":[{"confidence":"0.3761","content":"증거"}],"type":"pronunciation"},{"start_time":"102.34","end_time":"102.57","alternatives":[{"confidence":"0.4861","content":"자료로"}],"type":"pronunciation"},{"start_time":"102.57","end_time":"102.95","alternatives":[{"confidence":"0.62585","content":"채택되기"}],"type":"pronunciation"},{"start_time":"102.95","end_time":"103.3","alternatives":[{"confidence":"0.9968","content":"힘들기"}],"type":"pronunciation"},{"start_time":"103.3","end_time":"103.76","alternatives":[{"confidence":"0.9993","content":"때문에"}],"type":"pronunciation"},{"start_time":"104.17","end_time":"104.31","alternatives":[{"confidence":"0.9163","content":"이제"}],"type":"pronunciation"},{"start_time":"104.32","end_time":"104.44","alternatives":[{"confidence":"0.8031","content":"그"}],"type":"pronunciation"},{"start_time":"104.44","end_time":"104.61","alternatives":[{"confidence":"0.9887","content":"좀"}],"type":"pronunciation"},{"start_time":"104.61","end_time":"106.01","alternatives":[{"confidence":"0.9627","content":"유의해주시고요"}],"type":"pronunciation"},{"start_time":"106.54","end_time":"106.91","alternatives":[{"confidence":"1.0","content":"혹시"}],"type":"pronunciation"},{"start_time":"107.21","end_time":"107.56","alternatives":[{"confidence":"0.9438","content":"이라고"}],"type":"pronunciation"},{"start_time":"107.56","end_time":"108.32","alternatives":[{"confidence":"0.8664000000000001","content":"계신건가요"}],"type":"pronunciation"},{"start_time":"110.1","end_time":"110.8","alternatives":[{"confidence":"0.7854666666666666","content":"입장이시고요"}],"type":"pronunciation"},{"start_time":"111.57","end_time":"111.77","alternatives":[{"confidence":"0.8593","content":"그럼"}],"type":"pronunciation"},{"start_time":"111.77","end_time":"112.08","alternatives":[{"confidence":"0.9759","content":"바로"}],"type":"pronunciation"},{"start_time":"112.08","end_time":"112.51","alternatives":[{"confidence":"0.9531000000000001","content":"진행해도"}],"type":"pronunciation"},{"start_time":"112.51","end_time":"113.49","alternatives":[{"confidence":"1.0","content":"될까요"}],"type":"pronunciation"},{"alternatives":[{"confidence":"0.0","content":"?"}],"type":"punctuation"},{"start_time":"116.3","end_time":"116.93","alternatives":[{"confidence":"0.9951","content":"혹시나"}],"type":"pronunciation"},{"start_time":"116.96","end_time":"117.49","alternatives":[{"confidence":"0.7605","content":"거짓말을"}],"type":"pronunciation"},{"start_time":"117.49","end_time":"117.81","alternatives":[{"confidence":"0.9963","content":"하시거나"}],"type":"pronunciation"},{"start_time":"117.81","end_time":"118.2","alternatives":[{"confidence":"0.9894","content":"숨기는"}],"type":"pronunciation"},{"start_time":"118.2","end_time":"118.46","alternatives":[{"confidence":"0.8946","content":"부분이"}],"type":"pronunciation"},{"start_time":"118.46","end_time":"118.99","alternatives":[{"confidence":"1.0","content":"있으시면"}],"type":"pronunciation"},{"start_time":"118.99","end_time":"119.33","alternatives":[{"confidence":"0.5549499999999999","content":"은닉죄"}],"type":"pronunciation"},{"start_time":"119.78","end_time":"120.52","alternatives":[{"confidence":"0.7999999999999999","content":"공무집행방해"}],"type":"pronunciation"},{"alternatives":[{"confidence":"0.0","content":","}],"type":"punctuation"},{"start_time":"120.64","end_time":"120.84","alternatives":[{"confidence":"0.6762","content":"추가"}],"type":"pronunciation"},{"start_time":"120.84","end_time":"121.51","alternatives":[{"confidence":"0.8070666666666666","content":"성립되고요"}],"type":"pronunciation"},{"start_time":"123.36","end_time":"123.9","alternatives":[{"confidence":"0.99925","content":"진행하도록"}],"type":"pronunciation"},{"start_time":"123.9","end_time":"124.46","alternatives":[{"confidence":"0.9999","content":"하겠습니다"}],"type":"pronunciation"},{"alternatives":[{"confidence":"0.0","content":"."}],"type":"punctuation"},{"start_time":"128.62","end_time":"129.43","alternatives":[{"confidence":"0.7024","content":"통화자본이"}],"type":"pronunciation"},{"start_time":"130.0","end_time":"130.81","alternatives":[{"confidence":"0.83415","content":"받으십니까"}],"type":"pronunciation"},{"start_time":"132.93","end_time":"133.09","alternatives":[{"confidence":"0.6085","content":"왜"}],"type":"pronunciation"},{"start_time":"133.09","end_time":"133.59","alternatives":[{"confidence":"0.9912000000000001","content":"거주했던"}],"type":"pronunciation"},{"start_time":"133.59","end_time":"134.25","alternatives":[{"confidence":"0.77215","content":"김순철은"}],"type":"pronunciation"},{"start_time":"134.25","end_time":"134.49","alternatives":[{"confidence":"0.5418","content":"저는"}],"type":"pronunciation"},{"start_time":"134.49","end_time":"134.92","alternatives":[{"confidence":"0.9999","content":"모르시는"}],"type":"pronunciation"},{"start_time":"134.92","end_time":"135.54","alternatives":[{"confidence":"0.9804666666666666","content":"분이십니까"}],"type":"pronunciation"},{"start_time":"137.21","end_time":"137.79","alternatives":[{"confidence":"0.99915","content":"2015"}],"type":"pronunciation"},{"start_time":"137.79","end_time":"137.99","alternatives":[{"confidence":"1.0","content":"년"}],"type":"pronunciation"},{"start_time":"137.99","end_time":"138.11","alternatives":[{"confidence":"0.8576","content":"1"}],"type":"pronunciation"},{"start_time":"138.11","end_time":"138.2","alternatives":[{"confidence":"0.999","content":"월"}],"type":"pronunciation"},{"start_time":"138.2","end_time":"138.64","alternatives":[{"confidence":"0.89955","content":"26"}],"type":"pronunciation"},{"start_time":"138.64","end_time":"138.78","alternatives":[{"confidence":"0.9284","content":"일"}],"type":"pronunciation"},{"start_time":"140.09","end_time":"140.32","alternatives":[{"confidence":"0.9749","content":"뭔가"}],"type":"pronunciation"},{"start_time":"140.97","end_time":"141.09","alternatives":[{"confidence":"0.703","content":"이"}],"type":"pronunciation"},{"start_time":"141.09","end_time":"141.57","alternatives":[{"confidence":"0.9124","content":"점에서"}],"type":"pronunciation"},{"start_time":"141.68","end_time":"142.08","alternatives":[{"confidence":"0.8343","content":"국민과"}],"type":"pronunciation"},{"start_time":"142.08","end_time":"142.55","alternatives":[{"confidence":"0.68665","content":"농협보낸"}],"type":"pronunciation"},{"start_time":"142.55","end_time":"142.95","alternatives":[{"confidence":"0.35505","content":"김정길"}],"type":"pronunciation"},{"start_time":"142.95","end_time":"143.32","alternatives":[{"confidence":"0.8649","content":"사실"}],"type":"pronunciation"},{"start_time":"143.32","end_time":"144.01","alternatives":[{"confidence":"1.0","content":"있으십니까"}],"type":"pronunciation"},{"alternatives":[{"confidence":"0.0","content":"?"}],"type":"punctuation"},{"start_time":"144.04","end_time":"144.79","alternatives":[{"confidence":"0.6694","content":"없는데요"}],"type":"pronunciation"},{"alternatives":[{"confidence":"0.0","content":"."}],"type":"punctuation"},{"start_time":"146.01","end_time":"146.35","alternatives":[{"confidence":"0.9994","content":"최근"}],"type":"pronunciation"},{"start_time":"146.35","end_time":"146.42","alternatives":[{"confidence":"0.6833","content":"2"}],"type":"pronunciation"},{"start_time":"146.42","end_time":"146.57","alternatives":[{"confidence":"0.9769","content":"년"}],"type":"pronunciation"},{"start_time":"146.57","end_time":"146.76","alternatives":[{"confidence":"0.9506","content":"사이"}],"type":"pronunciation"},{"start_time":"146.76","end_time":"147.82","alternatives":[{"confidence":"0.9053","content":"신분증휴대폰"}],"type":"pronunciation"},{"start_time":"147.82","end_time":"148.07","alternatives":[{"confidence":"0.9972","content":"같은"}],"type":"pronunciation"},{"start_time":"148.07","end_time":"148.61","alternatives":[{"confidence":"0.9375","content":"개인정보가"}],"type":"pronunciation"},{"start_time":"148.61","end_time":"149.0","alternatives":[{"confidence":"0.9992000000000001","content":"유출될"}],"type":"pronunciation"},{"start_time":"149.0","end_time":"149.2","alternatives":[{"confidence":"0.999","content":"만한"}],"type":"pronunciation"},{"start_time":"149.2","end_time":"149.52","alternatives":[{"confidence":"1.0","content":"물건을"}],"type":"pronunciation"},{"start_time":"149.52","end_time":"149.78","alternatives":[{"confidence":"0.8431","content":"도난"}],"type":"pronunciation"},{"start_time":"149.78","end_time":"150.22","alternatives":[{"confidence":"0.984","content":"분실하신"}],"type":"pronunciation"},{"start_time":"150.22","end_time":"150.33","alternatives":[{"confidence":"0.9865","content":"적"}],"type":"pronunciation"},{"start_time":"150.33","end_time":"150.93","alternatives":[{"confidence":"0.9964","content":"없으시고요"}],"type":"pronunciation"},{"start_time":"153.7","end_time":"153.91","alternatives":[{"confidence":"0.4392","content":"일단"}],"type":"pronunciation"},{"start_time":"153.91","end_time":"154.42","alternatives":[{"confidence":"0.99255","content":"본인께서"}],"type":"pronunciation"},{"start_time":"154.42","end_time":"154.53","alternatives":[{"confidence":"0.5541","content":"이"}],"type":"pronunciation"},{"start_time":"154.53","end_time":"155.07","alternatives":[{"confidence":"1.0","content":"통장을"}],"type":"pronunciation"},{"start_time":"155.07","end_time":"155.41","alternatives":[{"confidence":"0.99745","content":"개설한"}],"type":"pronunciation"},{"start_time":"155.41","end_time":"155.67","alternatives":[{"confidence":"0.9777","content":"사실이"}],"type":"pronunciation"},{"start_time":"155.67","end_time":"155.9","alternatives":[{"confidence":"0.995","content":"없다"}],"type":"pronunciation"},{"alternatives":[{"confidence":"0.0","content":"."}],"type":"punctuation"},{"start_time":"155.9","end_time":"156.51","alternatives":[{"confidence":"0.9968","content":"하시더라도"}],"type":"pronunciation"},{"start_time":"156.51","end_time":"156.68","alternatives":[{"confidence":"0.9206","content":"이제"}],"type":"pronunciation"},{"start_time":"157.22","end_time":"157.52","alternatives":[{"confidence":"0.995","content":"본인"}],"type":"pronunciation"},{"start_time":"157.52","end_time":"157.91","alternatives":[{"confidence":"0.9941500000000001","content":"명의의"}],"type":"pronunciation"},{"start_time":"157.91","end_time":"158.22","alternatives":[{"confidence":"0.8673","content":"불법"}],"type":"pronunciation"},{"start_time":"158.22","end_time":"159.0","alternatives":[{"confidence":"0.7621","content":"통장이미"}],"type":"pronunciation"},{"start_time":"159.0","end_time":"159.31","alternatives":[{"confidence":"0.9815","content":"악용이"}],"type":"pronunciation"},{"start_time":"159.31","end_time":"159.65","alternatives":[{"confidence":"1.0","content":"되었기"}],"type":"pronunciation"},{"start_time":"159.65","end_time":"160.1","alternatives":[{"confidence":"1.0","content":"때문에"}],"type":"pronunciation"},{"start_time":"160.43","end_time":"160.81","alternatives":[{"confidence":"1.0","content":"저희가"}],"type":"pronunciation"},{"start_time":"160.81","end_time":"161.11","alternatives":[{"confidence":"0.9649","content":"본인"}],"type":"pronunciation"},{"start_time":"161.11","end_time":"161.34","alternatives":[{"confidence":"0.9958","content":"의사와"}],"type":"pronunciation"},{"start_time":"161.34","end_time":"161.86","alternatives":[{"confidence":"1.0","content":"상관없이"}],"type":"pronunciation"},{"start_time":"161.86","end_time":"162.3","alternatives":[{"confidence":"0.6565000000000001","content":"동결처리"}],"type":"pronunciation"},{"start_time":"162.3","end_time":"162.84","alternatives":[{"confidence":"0.99115","content":"시켰고요"}],"type":"pronunciation"},{"start_time":"163.92","end_time":"164.36","alternatives":[{"confidence":"0.7910999999999999","content":"처리라는"}],"type":"pronunciation"},{"start_time":"164.36","end_time":"164.52","alternatives":[{"confidence":"0.4336","content":"건"}],"type":"pronunciation"},{"start_time":"164.55","end_time":"164.84","alternatives":[{"confidence":"0.6837","content":"사용"}],"type":"pronunciation"},{"start_time":"164.84","end_time":"165.4","alternatives":[{"confidence":"0.9253","content":"못하도록"}],"type":"pronunciation"},{"start_time":"165.43","end_time":"166.11","alternatives":[{"confidence":"0.60835","content":"정지시켰다"}],"type":"pronunciation"},{"start_time":"166.11","end_time":"166.2","alternatives":[{"confidence":"0.5047","content":"는"}],"type":"pronunciation"},{"start_time":"166.2","end_time":"167.08","alternatives":[{"confidence":"0.98075","content":"거거든요"}],"type":"pronunciation"},{"alternatives":[{"confidence":"0.0","content":"."}],"type":"punctuation"},{"start_time":"168.42","end_time":"169.03","alternatives":[{"confidence":"1.0","content":"아무래도"}],"type":"pronunciation"},{"start_time":"169.03","end_time":"169.19","alternatives":[{"confidence":"0.9978","content":"이제"}],"type":"pronunciation"},{"start_time":"170.16","end_time":"170.68","alternatives":[{"confidence":"0.7176","content":"불법"}],"type":"pronunciation"},{"start_time":"170.68","end_time":"171.22","alternatives":[{"confidence":"0.7584","content":"통장으로"}],"type":"pronunciation"},{"start_time":"171.22","end_time":"171.36","alternatives":[{"confidence":"0.9616","content":"이제"}],"type":"pronunciation"},{"start_time":"171.5","end_time":"171.83","alternatives":[{"confidence":"1.0","content":"거래가"}],"type":"pronunciation"},{"start_time":"171.83","end_time":"172.85","alternatives":[{"confidence":"0.9672000000000001","content":"이루어졌다보니까"}],"type":"pronunciation"},{"start_time":"173.27","end_time":"173.82","alternatives":[{"confidence":"0.9984999999999999","content":"그쪽에서도"}],"type":"pronunciation"},{"start_time":"173.82","end_time":"173.92","alternatives":[{"confidence":"0.8722","content":"이제"}],"type":"pronunciation"},{"start_time":"173.93","end_time":"174.3","alternatives":[{"confidence":"0.5885","content":"피해자"}],"type":"pronunciation"},{"start_time":"174.3","end_time":"174.67","alternatives":[{"confidence":"0.9993","content":"분들이"}],"type":"pronunciation"},{"start_time":"174.67","end_time":"174.88","alternatives":[{"confidence":"0.9998","content":"이백"}],"type":"pronunciation"},{"start_time":"174.88","end_time":"175.13","alternatives":[{"confidence":"0.9999","content":"명에서"}],"type":"pronunciation"},{"start_time":"175.13","end_time":"175.52","alternatives":[{"confidence":"0.9941","content":"이백오십"}],"type":"pronunciation"},{"start_time":"175.52","end_time":"175.65","alternatives":[{"confidence":"0.9806","content":"명"}],"type":"pronunciation"},{"start_time":"175.65","end_time":"176.21","alternatives":[{"confidence":"0.9337333333333334","content":"가량나오다"}],"type":"pronunciation"},{"start_time":"176.21","end_time":"176.63","alternatives":[{"confidence":"0.8524","content":"보니까"}],"type":"pronunciation"},{"start_time":"177.04","end_time":"177.25","alternatives":[{"confidence":"0.8318","content":"저희"}],"type":"pronunciation"},{"start_time":"177.25","end_time":"177.56","alternatives":[{"confidence":"1.0","content":"쪽에서"}],"type":"pronunciation"},{"start_time":"177.56","end_time":"178.0","alternatives":[{"confidence":"0.9925","content":"이렇게"}],"type":"pronunciation"},{"start_time":"178.1","end_time":"178.64","alternatives":[{"confidence":"0.8274","content":"동시에"}],"type":"pronunciation"},{"start_time":"180.18","end_time":"180.29","alternatives":[{"confidence":"0.8748","content":"내"}],"type":"pronunciation"},{"start_time":"180.29","end_time":"180.65","alternatives":[{"confidence":"0.9915","content":"손으로"}],"type":"pronunciation"},{"start_time":"180.65","end_time":"180.96","alternatives":[{"confidence":"1.0","content":"연락을"}],"type":"pronunciation"},{"start_time":"180.96","end_time":"182.1","alternatives":[{"confidence":"0.8293333333333334","content":"드린거고요"}],"type":"pronunciation"},{"start_time":"182.47","end_time":"182.83","alternatives":[{"confidence":"0.9999","content":"일일이"}],"type":"pronunciation"},{"start_time":"182.83","end_time":"183.12","alternatives":[{"confidence":"0.9237","content":"전부"}],"type":"pronunciation"},{"start_time":"183.12","end_time":"183.34","alternatives":[{"confidence":"0.9998","content":"다"}],"type":"pronunciation"},{"start_time":"183.34","end_time":"183.5","alternatives":[{"confidence":"0.3565","content":"뭐"}],"type":"pronunciation"},{"start_time":"184.8","end_time":"185.5","alternatives":[{"confidence":"0.9534499999999999","content":"내방과"}],"type":"pronunciation"},{"start_time":"185.71","end_time":"186.14","alternatives":[{"confidence":"0.85865","content":"출석을"}],"type":"pronunciation"},{"start_time":"186.14","end_time":"186.36","alternatives":[{"confidence":"0.518","content":"하실"}],"type":"pronunciation"},{"start_time":"186.36","end_time":"186.47","alternatives":[{"confidence":"1.0","content":"수"}],"type":"pronunciation"},{"start_time":"186.47","end_time":"186.67","alternatives":[{"confidence":"0.9987","content":"없기"}],"type":"pronunciation"},{"start_time":"186.67","end_time":"187.1","alternatives":[{"confidence":"1.0","content":"때문에"}],"type":"pronunciation"},{"start_time":"187.67","end_time":"187.99","alternatives":[{"confidence":"0.903","content":"저희가"}],"type":"pronunciation"},{"start_time":"188.02","end_time":"188.45","alternatives":[{"confidence":"1.0","content":"편의를"}],"type":"pronunciation"},{"start_time":"188.45","end_time":"188.93","alternatives":[{"confidence":"0.6672","content":"위해서"}],"type":"pronunciation"},{"start_time":"189.81","end_time":"190.09","alternatives":[{"confidence":"0.9595","content":"이렇게"}],"type":"pronunciation"},{"start_time":"190.42","end_time":"190.56","alternatives":[{"confidence":"0.8847","content":"내"}],"type":"pronunciation"},{"start_time":"190.56","end_time":"190.82","alternatives":[{"confidence":"0.9995","content":"손으로"}],"type":"pronunciation"},{"start_time":"190.82","end_time":"191.09","alternatives":[{"confidence":"1.0","content":"연락을"}],"type":"pronunciation"},{"start_time":"191.09","end_time":"192.12","alternatives":[{"confidence":"0.7959999999999999","content":"드린거고요"}],"type":"pronunciation"},{"start_time":"193.65","end_time":"193.85","alternatives":[{"confidence":"0.8414","content":"몇"}],"type":"pronunciation"},{"start_time":"193.85","end_time":"194.03","alternatives":[{"confidence":"0.8383","content":"가지"}],"type":"pronunciation"},{"start_time":"194.12","end_time":"194.56","alternatives":[{"confidence":"0.9997","content":"질문을"}],"type":"pronunciation"},{"start_time":"194.56","end_time":"194.68","alternatives":[{"confidence":"0.9076","content":"더"}],"type":"pronunciation"},{"start_time":"194.68","end_time":"194.92","alternatives":[{"confidence":"0.568","content":"드릴"}],"type":"pronunciation"},{"start_time":"194.92","end_time":"195.6","alternatives":[{"confidence":"0.9995","content":"건데"}],"type":"pronunciation"},{"start_time":"195.79","end_time":"195.97","alternatives":[{"confidence":"0.9955","content":"이제"}],"type":"pronunciation"},{"start_time":"195.97","end_time":"196.21","alternatives":[{"confidence":"0.9994","content":"뭐"}],"type":"pronunciation"},{"start_time":"196.56","end_time":"197.13","alternatives":[{"confidence":"1.0","content":"간단하게"}],"type":"pronunciation"},{"start_time":"197.13","end_time":"197.97","alternatives":[{"confidence":"0.9803666666666667","content":"은행권상호명을"}],"type":"pronunciation"},{"start_time":"197.97","end_time":"198.19","alternatives":[{"confidence":"1.0","content":"저희가"}],"type":"pronunciation"},{"start_time":"198.19","end_time":"198.51","alternatives":[{"confidence":"1.0","content":"질문을"}],"type":"pronunciation"},{"start_time":"198.51","end_time":"198.67","alternatives":[{"confidence":"0.7517","content":"드릴"}],"type":"pronunciation"},{"start_time":"198.67","end_time":"199.03","alternatives":[{"confidence":"0.7658","content":"거예요"}],"type":"pronunciation"},{"alternatives":[{"confidence":"0.0","content":"."}],"type":"punctuation"},{"start_time":"200.25","end_time":"200.67","alternatives":[{"confidence":"1.0","content":"아무래도"}],"type":"pronunciation"},{"start_time":"200.67","end_time":"200.81","alternatives":[{"confidence":"0.9999","content":"이제"}],"type":"pronunciation"},{"start_time":"200.81","end_time":"200.94","alternatives":[{"confidence":"0.9813","content":"내"}],"type":"pronunciation"},{"start_time":"200.94","end_time":"201.27","alternatives":[{"confidence":"1.0","content":"손으로"}],"type":"pronunciation"},{"start_time":"201.27","end_time":"201.76","alternatives":[{"confidence":"0.7146","content":"하다보면"}],"type":"pronunciation"},{"start_time":"201.76","end_time":"202.3","alternatives":[{"confidence":"0.98655","content":"의심하시는"}],"type":"pronunciation"},{"start_time":"202.3","end_time":"202.54","alternatives":[{"confidence":"1.0","content":"분도"}],"type":"pronunciation"},{"start_time":"202.54","end_time":"202.92","alternatives":[{"confidence":"0.9993","content":"있고"}],"type":"pronunciation"},{"start_time":"202.92","end_time":"203.24","alternatives":[{"confidence":"0.7379","content":"그러다"}],"type":"pronunciation"},{"start_time":"203.24","end_time":"203.59","alternatives":[{"confidence":"0.8085","content":"보니까"}],"type":"pronunciation"},{"start_time":"203.59","end_time":"203.89","alternatives":[{"confidence":"1.0","content":"저희가"}],"type":"pronunciation"},{"start_time":"204.18","end_time":"204.35","alternatives":[{"confidence":"0.8104","content":"왜"}],"type":"pronunciation"},{"start_time":"204.35","end_time":"204.78","alternatives":[{"confidence":"0.9983","content":"설명을"}],"type":"pronunciation"},{"start_time":"204.78","end_time":"205.13","alternatives":[{"confidence":"0.9573","content":"하는지"}],"type":"pronunciation"},{"start_time":"205.13","end_time":"205.45","alternatives":[{"confidence":"0.6983","content":"부터"}],"type":"pronunciation"},{"start_time":"206.33","end_time":"206.58","alternatives":[{"confidence":"0.5063","content":"이후로"}],"type":"pronunciation"},{"start_time":"206.58","end_time":"207.17","alternatives":[{"confidence":"0.8713","content":"말씀드리고"}],"type":"pronunciation"},{"start_time":"207.17","end_time":"207.67","alternatives":[{"confidence":"0.9991000000000001","content":"진행하도록"}],"type":"pronunciation"},{"start_time":"207.67","end_time":"208.3","alternatives":[{"confidence":"1.0","content":"하겠습니다"}],"type":"pronunciation"},{"alternatives":[{"confidence":"0.0","content":"."}],"type":"punctuation"},{"start_time":"209.23","end_time":"209.36","alternatives":[{"confidence":"0.9416","content":"아까"}],"type":"pronunciation"},{"start_time":"209.36","end_time":"210.22","alternatives":[{"confidence":"0.9622999999999999","content":"말씀드렸다시피"}],"type":"pronunciation"},{"start_time":"210.22","end_time":"210.49","alternatives":[{"confidence":"0.9823","content":"본인"}],"type":"pronunciation"},{"start_time":"210.49","end_time":"211.14","alternatives":[{"confidence":"0.8070999999999999","content":"진술내용은"}],"type":"pronunciation"},{"start_time":"211.17","end_time":"211.86","alternatives":[{"confidence":"0.6318","content":"금융감독원의"}],"type":"pronunciation"},{"start_time":"211.86","end_time":"212.09","alternatives":[{"confidence":"0.4783","content":"조회"}],"type":"pronunciation"},{"start_time":"212.09","end_time":"212.4","alternatives":[{"confidence":"0.2549","content":"기록을"}],"type":"pronunciation"},{"start_time":"212.4","end_time":"212.76","alternatives":[{"confidence":"0.567","content":"어느정도"}],"type":"pronunciation"},{"start_time":"212.85","end_time":"213.12","alternatives":[{"confidence":"0.87975","content":"일치가"}],"type":"pronunciation"},{"start_time":"213.12","end_time":"213.35","alternatives":[{"confidence":"0.6578","content":"돼야"}],"type":"pronunciation"},{"start_time":"213.35","end_time":"213.7","alternatives":[{"confidence":"1.0","content":"저희가"}],"type":"pronunciation"},{"start_time":"215.36","end_time":"215.54","alternatives":[{"confidence":"0.9239","content":"제가"}],"type":"pronunciation"},{"start_time":"215.54","end_time":"216.06","alternatives":[{"confidence":"0.98255","content":"피해자라고"}],"type":"pronunciation"},{"start_time":"216.06","end_time":"216.44","alternatives":[{"confidence":"0.9146000000000001","content":"도와드릴"}],"type":"pronunciation"},{"start_time":"216.44","end_time":"216.52","alternatives":[{"confidence":"1.0","content":"수"}],"type":"pronunciation"},{"start_time":"216.52","end_time":"216.67","alternatives":[{"confidence":"0.9998","content":"있는"}],"type":"pronunciation"},{"start_time":"216.67","end_time":"216.96","alternatives":[{"confidence":"1.0","content":"부분이"}],"type":"pronunciation"},{"start_time":"216.96","end_time":"217.2","alternatives":[{"confidence":"0.8619","content":"되는"}],"type":"pronunciation"},{"start_time":"217.2","end_time":"218.08","alternatives":[{"confidence":"0.9251499999999999","content":"거고요"}],"type":"pronunciation"},{"alternatives":[{"confidence":"0.0","content":"."}],"type":"punctuation"},{"start_time":"218.18","end_time":"218.79","alternatives":[{"confidence":"0.99885","content":"진술하신"}],"type":"pronunciation"},{"start_time":"218.79","end_time":"219.13","alternatives":[{"confidence":"0.9333","content":"내용을"}],"type":"pronunciation"},{"start_time":"219.13","end_time":"219.26","alternatives":[{"confidence":"0.8374","content":"이제"}],"type":"pronunciation"},{"start_time":"219.27","end_time":"219.62","alternatives":[{"confidence":"0.9896","content":"다른"}],"type":"pronunciation"},{"start_time":"219.65","end_time":"220.16","alternatives":[{"confidence":"0.6608499999999999","content":"은행권나"}],"type":"pronunciation"},{"start_time":"220.16","end_time":"220.46","alternatives":[{"confidence":"0.7661","content":"불법"}],"type":"pronunciation"},{"start_time":"220.46","end_time":"221.29","alternatives":[{"confidence":"0.9769","content":"통장나올"}],"type":"pronunciation"},{"start_time":"221.29","end_time":"221.56","alternatives":[{"confidence":"1.0","content":"여지가"}],"type":"pronunciation"},{"start_time":"221.56","end_time":"221.83","alternatives":[{"confidence":"0.9095","content":"있어서"}],"type":"pronunciation"},{"start_time":"221.83","end_time":"222.3","alternatives":[{"confidence":"0.7644500000000001","content":"동결처리"}],"type":"pronunciation"},{"start_time":"222.3","end_time":"222.79","alternatives":[{"confidence":"0.9995","content":"시키려고"}],"type":"pronunciation"},{"start_time":"222.94","end_time":"223.48","alternatives":[{"confidence":"0.9719500000000001","content":"말씀드리는"}],"type":"pronunciation"},{"start_time":"223.48","end_time":"224.27","alternatives":[{"confidence":"0.9865","content":"거고요"}],"type":"pronunciation"},{"alternatives":[{"confidence":"0.0","content":"."}],"type":"punctuation"},{"start_time":"224.48","end_time":"224.81","alternatives":[{"confidence":"0.9977","content":"제가"}],"type":"pronunciation"},{"start_time":"225.09","end_time":"226.02","alternatives":[{"confidence":"0.7281333333333334","content":"사업사법기관"}],"type":"pronunciation"},{"start_time":"226.02","end_time":"226.16","alternatives":[{"confidence":"0.8193","content":"이다"}],"type":"pronunciation"},{"start_time":"226.16","end_time":"226.59","alternatives":[{"confidence":"0.9834","content":"보니까"}],"type":"pronunciation"},{"start_time":"226.59","end_time":"226.76","alternatives":[{"confidence":"0.9993","content":"이제"}],"type":"pronunciation"},{"start_time":"227.11","end_time":"227.84","alternatives":[{"confidence":"0.88085","content":"개인정보나"}],"type":"pronunciation"},{"start_time":"227.93","end_time":"228.57","alternatives":[{"confidence":"0.99775","content":"계좌번호"}],"type":"pronunciation"},{"alternatives":[{"confidence":"0.0","content":","}],"type":"punctuation"},{"start_time":"229.02","end_time":"229.51","alternatives":[{"confidence":"0.99995","content":"계좌번호"}],"type":"pronunciation"},{"alternatives":[{"confidence":"0.0","content":","}],"type":"punctuation"},{"start_time":"229.51","end_time":"230.87","alternatives":[{"confidence":"0.69985","content":"비밀번호그런건"}],"type":"pronunciation"},{"start_time":"230.87","end_time":"231.08","alternatives":[{"confidence":"0.9723","content":"저희가"}],"type":"pronunciation"},{"start_time":"231.08","end_time":"231.39","alternatives":[{"confidence":"0.99995","content":"묻지도"}],"type":"pronunciation"},{"start_time":"231.39","end_time":"231.69","alternatives":[{"confidence":"0.998","content":"못하게"}],"type":"pronunciation"},{"start_time":"231.69","end_time":"231.85","alternatives":[{"confidence":"0.7384","content":"되어"}],"type":"pronunciation"},{"start_time":"231.85","end_time":"232.11","alternatives":[{"confidence":"0.9877","content":"있으니"}],"type":"pronunciation"},{"start_time":"232.11","end_time":"232.35","alternatives":[{"confidence":"0.9979","content":"크게"}],"type":"pronunciation"},{"start_time":"232.35","end_time":"232.82","alternatives":[{"confidence":"0.8123","content":"걱정하실"}],"type":"pronunciation"},{"start_time":"232.82","end_time":"232.98","alternatives":[{"confidence":"0.9347","content":"건"}],"type":"pronunciation"},{"start_time":"232.98","end_time":"233.22","alternatives":[{"confidence":"0.968","content":"없을"}],"type":"pronunciation"},{"start_time":"233.22","end_time":"233.33","alternatives":[{"confidence":"0.9996","content":"것"}],"type":"pronunciation"},{"start_time":"233.33","end_time":"234.14","alternatives":[{"confidence":"0.9997","content":"같고요"}],"type":"pronunciation"},{"alternatives":[{"confidence":"0.0","content":"."}],"type":"punctuation"},{"start_time":"235.53","end_time":"235.73","alternatives":[{"confidence":"0.9654","content":"바로"}],"type":"pronunciation"},{"start_time":"235.73","end_time":"236.37","alternatives":[{"confidence":"0.8401000000000001","content":"진행하도록"}],"type":"pronunciation"},{"start_time":"236.37","end_time":"236.97","alternatives":[{"confidence":"0.9999","content":"하겠습니다"}],"type":"pronunciation"},{"alternatives":[{"confidence":"0.0","content":"."}],"type":"punctuation"},{"start_time":"238.23","end_time":"238.5","alternatives":[{"confidence":"0.948","content":"또는"}],"type":"pronunciation"},{"start_time":"239.72","end_time":"240.01","alternatives":[{"confidence":"0.9101","content":"사용"}],"type":"pronunciation"},{"start_time":"240.01","end_time":"240.42","alternatives":[{"confidence":"0.7609333333333334","content":"안하신지"}],"type":"pronunciation"},{"start_time":"240.42","end_time":"241.29","alternatives":[{"confidence":"0.8340666666666667","content":"오래되셨더라도"}],"type":"pronunciation"},{"start_time":"241.93","end_time":"242.34","alternatives":[{"confidence":"0.5867","content":"사용하신"}],"type":"pronunciation"},{"start_time":"242.35","end_time":"243.46","alternatives":[{"confidence":"0.7126","content":"은행권상어명부터"}],"type":"pronunciation"},{"start_time":"243.46","end_time":"243.9","alternatives":[{"confidence":"1.0","content":"간략하게"}],"type":"pronunciation"},{"start_time":"243.9","end_time":"244.24","alternatives":[{"confidence":"0.9175","content":"말씀해"}],"type":"pronunciation"},{"start_time":"244.24","end_time":"244.84","alternatives":[{"confidence":"1.0","content":"주시겠어요"}],"type":"pronunciation"},{"alternatives":[{"confidence":"0.0","content":"?"}],"type":"punctuation"},{"start_time":"245.47","end_time":"245.75","alternatives":[{"confidence":"0.2883","content":"듯이"}],"type":"pronunciation"},{"start_time":"245.75","end_time":"246.01","alternatives":[{"confidence":"0.1845","content":"요"}],"type":"pronunciation"},{"alternatives":[{"confidence":"0.0","content":","}],"type":"punctuation"},{"start_time":"246.04","end_time":"246.77","alternatives":[{"confidence":"0.9973","content":"제가"}],"type":"pronunciation"},{"start_time":"246.8","end_time":"247.17","alternatives":[{"confidence":"0.9946","content":"지금"}],"type":"pronunciation"},{"start_time":"247.17","end_time":"248.41","alternatives":[{"confidence":"0.745","content":"업무중이고요"}],"type":"pronunciation"},{"alternatives":[{"confidence":"0.0","content":"?"}],"type":"punctuation"},{"start_time":"248.65","end_time":"249.12","alternatives":[{"confidence":"0.9906","content":"지금"}],"type":"pronunciation"},{"start_time":"249.15","end_time":"249.55","alternatives":[{"confidence":"0.4803","content":"어디서"}],"type":"pronunciation"},{"start_time":"249.55","end_time":"249.78","alternatives":[{"confidence":"0.9914","content":"라고"}],"type":"pronunciation"},{"start_time":"249.78","end_time":"250.57","alternatives":[{"confidence":"0.95835","content":"말씀하셨죠"}],"type":"pronunciation"},{"alternatives":[{"confidence":"0.0","content":"?"}],"type":"punctuation"},{"start_time":"251.37","end_time":"252.54","alternatives":[{"confidence":"0.86785","content":"서울중앙지검"}],"type":"pronunciation"},{"start_time":"253.46","end_time":"254.64","alternatives":[{"confidence":"0.784175","content":"금융범죄예방계획"}],"type":"pronunciation"},{"start_time":"254.64","end_time":"255.02","alternatives":[{"confidence":"0.9549","content":"됩니다"}],"type":"pronunciation"},{"alternatives":[{"confidence":"0.0","content":"."}],"type":"punctuation"},{"start_time":"255.9","end_time":"256.23","alternatives":[{"confidence":"0.9826","content":"상황이"}],"type":"pronunciation"},{"start_time":"256.23","end_time":"256.41","alternatives":[{"confidence":"0.9999","content":"어떻게"}],"type":"pronunciation"},{"start_time":"256.41","end_time":"257.08","alternatives":[{"confidence":"0.7127","content":"되신다고요"}],"type":"pronunciation"},{"alternatives":[{"confidence":"0.0","content":"?"}],"type":"punctuation"},{"start_time":"257.76","end_time":"258.42","alternatives":[{"confidence":"0.99195","content":"이종훈"}],"type":"pronunciation"},{"start_time":"258.42","end_time":"258.99","alternatives":[{"confidence":"0.6632","content":"수사관이요"}],"type":"pronunciation"},{"alternatives":[{"confidence":"0.0","content":"?"}],"type":"punctuation"},{"start_time":"259.17","end_time":"259.51","alternatives":[{"confidence":"0.5553","content":"예"}],"type":"pronunciation"},{"alternatives":[{"confidence":"0.0","content":","}],"type":"punctuation"},{"start_time":"259.51","end_time":"259.84","alternatives":[{"confidence":"0.998","content":"그러면"}],"type":"pronunciation"},{"start_time":"260.26","end_time":"260.57","alternatives":[{"confidence":"0.2941","content":"연락"}],"type":"pronunciation"},{"start_time":"260.76","end_time":"260.99","alternatives":[{"confidence":"0.9065","content":"한번"}],"type":"pronunciation"},{"start_time":"260.99","end_time":"261.95","alternatives":[{"confidence":"0.79505","content":"남겨주시겠어요"}],"type":"pronunciation"},{"alternatives":[{"confidence":"0.0","content":"."}],"type":"punctuation"},{"start_time":"262.65","end_time":"263.17","alternatives":[{"confidence":"0.9943","content":"이쪽으로"}],"type":"pronunciation"},{"start_time":"263.17","end_time":"263.41","alternatives":[{"confidence":"0.9969","content":"다시"}],"type":"pronunciation"},{"start_time":"263.41","end_time":"263.69","alternatives":[{"confidence":"1.0","content":"연락을"}],"type":"pronunciation"},{"start_time":"263.69","end_time":"264.02","alternatives":[{"confidence":"0.9999","content":"주시면"}],"type":"pronunciation"},{"start_time":"264.02","end_time":"264.54","alternatives":[{"confidence":"0.9916","content":"되고요"}],"type":"pronunciation"},{"alternatives":[{"confidence":"0.0","content":"."}],"type":"punctuation"},{"start_time":"265.0","end_time":"265.29","alternatives":[{"confidence":"0.5534","content":"예산"}],"type":"pronunciation"},{"start_time":"265.29","end_time":"265.51","alternatives":[{"confidence":"0.713","content":"번호"}],"type":"pronunciation"},{"start_time":"265.51","end_time":"265.93","alternatives":[{"confidence":"0.9798","content":"으니까"}],"type":"pronunciation"},{"start_time":"266.43","end_time":"266.61","alternatives":[{"confidence":"0.7865","content":"제"}],"type":"pronunciation"},{"start_time":"266.61","end_time":"266.83","alternatives":[{"confidence":"0.8422","content":"일은"}],"type":"pronunciation"},{"start_time":"266.83","end_time":"267.83","alternatives":[{"confidence":"0.7060500000000001","content":"말씀해주시면"}],"type":"pronunciation"},{"alternatives":[{"confidence":"0.0","content":"."}],"type":"punctuation"},{"start_time":"269.0","end_time":"269.13","alternatives":[{"confidence":"0.2814","content":"예"}],"type":"pronunciation"},{"alternatives":[{"confidence":"0.0","content":","}],"type":"punctuation"},{"start_time":"269.13","end_time":"270.02","alternatives":[{"confidence":"0.9959","content":"알겠습니다"}],"type":"pronunciation"},{"alternatives":[{"confidence":"0.0","content":"."}],"type":"punctuation"},{"start_time":"271.33","end_time":"271.97","alternatives":[{"confidence":"0.9988","content":"언제쯤"}],"type":"pronunciation"},{"start_time":"271.97","end_time":"272.43","alternatives":[{"confidence":"0.8545","content":"연락가능"}],"type":"pronunciation"},{"start_time":"272.43","end_time":"272.83","alternatives":[{"confidence":"0.5001","content":"하신지"}],"type":"pronunciation"},{"start_time":"274.28","end_time":"274.53","alternatives":[{"confidence":"0.9959","content":"제가"}],"type":"pronunciation"},{"start_time":"274.53","end_time":"274.81","alternatives":[{"confidence":"0.6421","content":"보니까"}],"type":"pronunciation"},{"start_time":"274.81","end_time":"275.17","alternatives":[{"confidence":"0.9346","content":"오후에"}],"type":"pronunciation"},{"start_time":"275.17","end_time":"276.17","alternatives":[{"confidence":"0.36525","content":"연락드릴께요"}],"type":"pronunciation"},{"start_time":"277.55","end_time":"278.22","alternatives":[{"confidence":"0.9779","content":"알겠습니다"}],"type":"pronunciation"},{"alternatives":[{"confidence":"0.0","content":"."}],"type":"punctuation"}]},"status":"COMPLETED"}