{"jobName":"transcribes..85","accountId":"097989105209","results":{"transcripts":[{"transcript":"그러니까 모르는데요 출신 제 남성인데 전혀 모르세요? 모르겠는데요. 그러세요. 저 김동희 씨 으로 이름을 묻는 이유가 저희 수사 일 팀이 김동일로 인한 금융범죄사기단을 검거했거든요 현장에서 대량 이 대포통장신용카드 그리고 보안카드를 압수했습니다 이 씨 본인명의로 과 그냥 통장이 발견돼서 나눠드리는 겁니다. 혹시 씨, 금전적 대가를 받고 해당하는 통장을 판매하신 가해자인지 아니면 금융범죄 피해자인지를 확인하기 위해서 일할 드렸습니다. 피해자가 맞으시피해자가 맞으시다면 잠시 협조 좀 부탁드리겠고요. 제가 사건내용에 대해 몇 가지 질문을 드릴테니 그 부분에 대해 거지 없이 진술해주시면 되겠습니다. 네, 지금부터 녹취 상태로 진행이 될 거고요. 차후에 이 녹취 파일은 피해자의 입증받으시는데 중요한 정부의 따졌을 것입니다. 녹취 앞서 한 가지 당부말씀을 드리고 진행하겠습니다 노기종에는 제 삼자에게 수사 과정에 대해서 발사하거나 사건 내용을 은닉하시거나 거짓 진술을 알게 되시면 본인께 또한 법적인 책임을 물을 수가 있습니다. 아시겠습니까? 네, 가족한테도 얘기 안 만듭니다. 그럼 녹취시작하겠습니다 의원님아버님확인부터 다시 시작하겠습니다. 저는 서울중앙지검 수사팀 이문호 수사관입니다. 당시 당사자 본인 성함이 이 씨 맞으시죠 똑출신 김동일은 전혀 모르시고요 이천십사년 팔월 칠일 명의로 통장이 개설된 날짜입니다. 지점에서 통장을 개설한 사실이 있으니까 없는데요. 그러세요. 더욱 통장관 불법현장에서 발견되기 때문에 동인등본동의 없이 동결처리 시켰습니다. 혹시 동기10 철이라고 알고 계십니까? 동결이라는 말을 묶어못하게 하는 거 아닌가요? 예, 맞습니다. 동결처리 랑 은행권거래를 못하더라고 지급 정지처리하는 겁니다. 이어서 에게 동의를 해주셔야 되는 부분이 있는데요. 실질적으로 본인이 그래서 개선을 통해서 사용하고 계시는 금융권들 이외에 저희가 수사중에 말씀드렸 그리고 통장처럼 다 금융권의 통장이 추가적으로 발견이 된다면 적인 통장으로 간주하고 동결처리 시키며 있어서 본인께서 동의를 하십니까? 네. 본인이 실질적으로 사용하고 있는 금융권어떻게 되시죠? 그냥 상호 면만 간략하게 진술해주시면 됩니다. 그 두개는 없는데요. 그 두 개 란 어디로 얘기하신 거죠? 은행이에요 나오네요. 네. 그럼 혹시 지속해서 하신 금융권들을? 이용하시면서 통장개소했던 이천십삼 년 팔 월 이후에 직접 대출신청 또는 마이너스 통장을 신청하신 적이 있으십니까? 없는데요 없으세요? 말씀드렸던 김동일향 중 대다수가 현재 금융 쪽에서 종사를 하고 있었던 분이라서 본인 동의 없이 직접 대출신통또는 마이너스 통장을 신청해서 피해를 어쨌던 사람들이 한두 명이 아닙니다. 그래서 이렇게 이야기 드린 거예요. 그렇다면 본인은 이 두 은행의 몇 개 기사를 계산하셨어요 하나 밖에 없는데요. 그래서 거의 사용 안 하는데 돈도 안 들어있고 거의 사용하고 돈도 안 들었어요. 돈이 없어서 돈을 안 내놨는데 그렇게 한 뭐 처음 들어있으려나 처음에 통상 만들어 놓고 아, 그래요. 그러면 금융권을 이용하시면서 인터넷 사용했는지 금융권있으세요 없어요. 없어요. 네, 알겠습니다."}],"items":[{"start_time":"0.35","end_time":"0.94","alternatives":[{"confidence":"0.917","content":"그러니까"}],"type":"pronunciation"},{"start_time":"1.52","end_time":"2.28","alternatives":[{"confidence":"0.76295","content":"모르는데요"}],"type":"pronunciation"},{"start_time":"4.25","end_time":"4.79","alternatives":[{"confidence":"0.6219","content":"출신"}],"type":"pronunciation"},{"start_time":"5.17","end_time":"5.33","alternatives":[{"confidence":"0.5082","content":"제"}],"type":"pronunciation"},{"start_time":"5.33","end_time":"6.15","alternatives":[{"confidence":"0.78755","content":"남성인데"}],"type":"pronunciation"},{"start_time":"6.18","end_time":"6.49","alternatives":[{"confidence":"1.0","content":"전혀"}],"type":"pronunciation"},{"start_time":"6.49","end_time":"7.43","alternatives":[{"confidence":"0.99805","content":"모르세요"}],"type":"pronunciation"},{"alternatives":[{"confidence":"0.0","content":"?"}],"type":"punctuation"},{"start_time":"7.91","end_time":"8.92","alternatives":[{"confidence":"0.9899500000000001","content":"모르겠는데요"}],"type":"pronunciation"},{"alternatives":[{"confidence":"0.0","content":"."}],"type":"punctuation"},{"start_time":"9.54","end_time":"10.63","alternatives":[{"confidence":"1.0","content":"그러세요"}],"type":"pronunciation"},{"alternatives":[{"confidence":"0.0","content":"."}],"type":"punctuation"},{"start_time":"10.85","end_time":"11.45","alternatives":[{"confidence":"0.4655","content":"저"}],"type":"pronunciation"},{"start_time":"12.08","end_time":"12.55","alternatives":[{"confidence":"0.91615","content":"김동희"}],"type":"pronunciation"},{"start_time":"12.55","end_time":"12.86","alternatives":[{"confidence":"0.6525","content":"씨"}],"type":"pronunciation"},{"start_time":"12.86","end_time":"13.09","alternatives":[{"confidence":"0.9903","content":"으로"}],"type":"pronunciation"},{"start_time":"13.09","end_time":"13.47","alternatives":[{"confidence":"1.0","content":"이름을"}],"type":"pronunciation"},{"start_time":"13.47","end_time":"13.82","alternatives":[{"confidence":"0.9907","content":"묻는"}],"type":"pronunciation"},{"start_time":"13.82","end_time":"14.3","alternatives":[{"confidence":"0.9396","content":"이유가"}],"type":"pronunciation"},{"start_time":"14.3","end_time":"14.55","alternatives":[{"confidence":"0.9063","content":"저희"}],"type":"pronunciation"},{"start_time":"14.56","end_time":"14.86","alternatives":[{"confidence":"0.5995","content":"수사"}],"type":"pronunciation"},{"start_time":"14.86","end_time":"14.99","alternatives":[{"confidence":"0.7336","content":"일"}],"type":"pronunciation"},{"start_time":"14.99","end_time":"15.33","alternatives":[{"confidence":"0.9986","content":"팀이"}],"type":"pronunciation"},{"start_time":"15.33","end_time":"15.92","alternatives":[{"confidence":"0.8382000000000001","content":"김동일로"}],"type":"pronunciation"},{"start_time":"15.92","end_time":"16.26","alternatives":[{"confidence":"0.9789","content":"인한"}],"type":"pronunciation"},{"start_time":"16.26","end_time":"17.61","alternatives":[{"confidence":"0.999725","content":"금융범죄사기단을"}],"type":"pronunciation"},{"start_time":"17.61","end_time":"19.07","alternatives":[{"confidence":"0.9628","content":"검거했거든요"}],"type":"pronunciation"},{"start_time":"19.16","end_time":"19.84","alternatives":[{"confidence":"1.0","content":"현장에서"}],"type":"pronunciation"},{"start_time":"19.84","end_time":"20.17","alternatives":[{"confidence":"0.5518","content":"대량"}],"type":"pronunciation"},{"start_time":"20.17","end_time":"20.31","alternatives":[{"confidence":"0.6365","content":"이"}],"type":"pronunciation"},{"start_time":"20.31","end_time":"22.38","alternatives":[{"confidence":"0.8361333333333333","content":"대포통장신용카드"}],"type":"pronunciation"},{"start_time":"22.39","end_time":"22.78","alternatives":[{"confidence":"0.9947","content":"그리고"}],"type":"pronunciation"},{"start_time":"22.78","end_time":"23.59","alternatives":[{"confidence":"0.80305","content":"보안카드를"}],"type":"pronunciation"},{"start_time":"23.59","end_time":"24.47","alternatives":[{"confidence":"0.97125","content":"압수했습니다"}],"type":"pronunciation"},{"start_time":"25.98","end_time":"26.14","alternatives":[{"confidence":"0.4078","content":"이"}],"type":"pronunciation"},{"start_time":"26.14","end_time":"26.41","alternatives":[{"confidence":"0.8703","content":"씨"}],"type":"pronunciation"},{"start_time":"26.41","end_time":"27.14","alternatives":[{"confidence":"0.8058000000000001","content":"본인명의로"}],"type":"pronunciation"},{"start_time":"27.7","end_time":"27.98","alternatives":[{"confidence":"0.8186","content":"과"}],"type":"pronunciation"},{"start_time":"28.26","end_time":"28.53","alternatives":[{"confidence":"0.9781","content":"그냥"}],"type":"pronunciation"},{"start_time":"28.53","end_time":"28.96","alternatives":[{"confidence":"0.9998","content":"통장이"}],"type":"pronunciation"},{"start_time":"28.96","end_time":"29.79","alternatives":[{"confidence":"0.99985","content":"발견돼서"}],"type":"pronunciation"},{"start_time":"30.63","end_time":"31.24","alternatives":[{"confidence":"0.88875","content":"나눠드리는"}],"type":"pronunciation"},{"start_time":"31.24","end_time":"31.65","alternatives":[{"confidence":"0.9868","content":"겁니다"}],"type":"pronunciation"},{"alternatives":[{"confidence":"0.0","content":"."}],"type":"punctuation"},{"start_time":"34.44","end_time":"35.49","alternatives":[{"confidence":"1.0","content":"혹시"}],"type":"pronunciation"},{"start_time":"35.84","end_time":"36.17","alternatives":[{"confidence":"0.1269","content":"씨"}],"type":"pronunciation"},{"alternatives":[{"confidence":"0.0","content":","}],"type":"punctuation"},{"start_time":"36.17","end_time":"36.64","alternatives":[{"confidence":"0.91125","content":"금전적"}],"type":"pronunciation"},{"start_time":"36.74","end_time":"37.19","alternatives":[{"confidence":"1.0","content":"대가를"}],"type":"pronunciation"},{"start_time":"37.19","end_time":"37.68","alternatives":[{"confidence":"0.9989","content":"받고"}],"type":"pronunciation"},{"start_time":"37.68","end_time":"38.28","alternatives":[{"confidence":"0.9989","content":"해당하는"}],"type":"pronunciation"},{"start_time":"38.28","end_time":"38.74","alternatives":[{"confidence":"0.9977","content":"통장을"}],"type":"pronunciation"},{"start_time":"38.74","end_time":"39.51","alternatives":[{"confidence":"0.83755","content":"판매하신"}],"type":"pronunciation"},{"start_time":"39.51","end_time":"40.46","alternatives":[{"confidence":"0.99995","content":"가해자인지"}],"type":"pronunciation"},{"start_time":"40.46","end_time":"41.14","alternatives":[{"confidence":"1.0","content":"아니면"}],"type":"pronunciation"},{"start_time":"41.83","end_time":"42.54","alternatives":[{"confidence":"0.7410000000000001","content":"금융범죄"}],"type":"pronunciation"},{"start_time":"42.54","end_time":"43.32","alternatives":[{"confidence":"0.9518","content":"피해자인지를"}],"type":"pronunciation"},{"start_time":"43.32","end_time":"43.76","alternatives":[{"confidence":"0.8812","content":"확인하기"}],"type":"pronunciation"},{"start_time":"43.76","end_time":"44.13","alternatives":[{"confidence":"0.9145","content":"위해서"}],"type":"pronunciation"},{"start_time":"44.13","end_time":"44.39","alternatives":[{"confidence":"0.3879","content":"일할"}],"type":"pronunciation"},{"start_time":"44.39","end_time":"45.0","alternatives":[{"confidence":"0.9877","content":"드렸습니다"}],"type":"pronunciation"},{"alternatives":[{"confidence":"0.0","content":"."}],"type":"punctuation"},{"start_time":"47.02","end_time":"47.65","alternatives":[{"confidence":"1.0","content":"피해자가"}],"type":"pronunciation"},{"start_time":"47.65","end_time":"49.33","alternatives":[{"confidence":"0.9173666666666667","content":"맞으시피해자가"}],"type":"pronunciation"},{"start_time":"49.33","end_time":"50.02","alternatives":[{"confidence":"0.9702000000000001","content":"맞으시다면"}],"type":"pronunciation"},{"start_time":"50.02","end_time":"50.35","alternatives":[{"confidence":"0.9211","content":"잠시"}],"type":"pronunciation"},{"start_time":"50.35","end_time":"50.65","alternatives":[{"confidence":"0.6703","content":"협조"}],"type":"pronunciation"},{"start_time":"50.65","end_time":"50.86","alternatives":[{"confidence":"0.9858","content":"좀"}],"type":"pronunciation"},{"start_time":"50.86","end_time":"52.51","alternatives":[{"confidence":"0.9969666666666667","content":"부탁드리겠고요"}],"type":"pronunciation"},{"alternatives":[{"confidence":"0.0","content":"."}],"type":"punctuation"},{"start_time":"52.57","end_time":"52.88","alternatives":[{"confidence":"0.9991","content":"제가"}],"type":"pronunciation"},{"start_time":"52.88","end_time":"53.64","alternatives":[{"confidence":"0.7555000000000001","content":"사건내용에"}],"type":"pronunciation"},{"start_time":"53.64","end_time":"53.96","alternatives":[{"confidence":"1.0","content":"대해"}],"type":"pronunciation"},{"start_time":"53.96","end_time":"54.14","alternatives":[{"confidence":"0.9967","content":"몇"}],"type":"pronunciation"},{"start_time":"54.14","end_time":"54.4","alternatives":[{"confidence":"0.9965","content":"가지"}],"type":"pronunciation"},{"start_time":"54.4","end_time":"54.71","alternatives":[{"confidence":"0.9741","content":"질문을"}],"type":"pronunciation"},{"start_time":"54.71","end_time":"55.18","alternatives":[{"confidence":"0.8445","content":"드릴테니"}],"type":"pronunciation"},{"start_time":"55.18","end_time":"55.31","alternatives":[{"confidence":"0.9118","content":"그"}],"type":"pronunciation"},{"start_time":"55.31","end_time":"55.69","alternatives":[{"confidence":"1.0","content":"부분에"}],"type":"pronunciation"},{"start_time":"55.69","end_time":"55.94","alternatives":[{"confidence":"1.0","content":"대해"}],"type":"pronunciation"},{"start_time":"55.94","end_time":"56.25","alternatives":[{"confidence":"0.7933","content":"거지"}],"type":"pronunciation"},{"start_time":"56.25","end_time":"56.88","alternatives":[{"confidence":"0.9447","content":"없이"}],"type":"pronunciation"},{"start_time":"57.18","end_time":"57.93","alternatives":[{"confidence":"0.84575","content":"진술해주시면"}],"type":"pronunciation"},{"start_time":"57.93","end_time":"58.68","alternatives":[{"confidence":"0.9592","content":"되겠습니다"}],"type":"pronunciation"},{"alternatives":[{"confidence":"0.0","content":"."}],"type":"punctuation"},{"start_time":"60.24","end_time":"60.71","alternatives":[{"confidence":"0.846","content":"네"}],"type":"pronunciation"},{"alternatives":[{"confidence":"0.0","content":","}],"type":"punctuation"},{"start_time":"61.41","end_time":"62.19","alternatives":[{"confidence":"0.9992","content":"지금부터"}],"type":"pronunciation"},{"start_time":"62.19","end_time":"62.5","alternatives":[{"confidence":"0.8866499999999999","content":"녹취"}],"type":"pronunciation"},{"start_time":"62.5","end_time":"62.96","alternatives":[{"confidence":"0.9994","content":"상태로"}],"type":"pronunciation"},{"start_time":"62.96","end_time":"63.26","alternatives":[{"confidence":"0.94695","content":"진행이"}],"type":"pronunciation"},{"start_time":"63.26","end_time":"63.41","alternatives":[{"confidence":"0.9269","content":"될"}],"type":"pronunciation"},{"start_time":"63.41","end_time":"64.2","alternatives":[{"confidence":"0.97465","content":"거고요"}],"type":"pronunciation"},{"alternatives":[{"confidence":"0.0","content":"."}],"type":"punctuation"},{"start_time":"64.26","end_time":"64.66","alternatives":[{"confidence":"0.1973","content":"차후에"}],"type":"pronunciation"},{"start_time":"64.66","end_time":"64.8","alternatives":[{"confidence":"0.9946","content":"이"}],"type":"pronunciation"},{"start_time":"64.8","end_time":"65.15","alternatives":[{"confidence":"0.99505","content":"녹취"}],"type":"pronunciation"},{"start_time":"65.15","end_time":"65.58","alternatives":[{"confidence":"0.9968","content":"파일은"}],"type":"pronunciation"},{"start_time":"65.58","end_time":"66.13","alternatives":[{"confidence":"0.9897","content":"피해자의"}],"type":"pronunciation"},{"start_time":"66.13","end_time":"67.44","alternatives":[{"confidence":"0.9998333333333335","content":"입증받으시는데"}],"type":"pronunciation"},{"start_time":"67.47","end_time":"67.9","alternatives":[{"confidence":"0.9753","content":"중요한"}],"type":"pronunciation"},{"start_time":"67.9","end_time":"68.17","alternatives":[{"confidence":"0.6834","content":"정부의"}],"type":"pronunciation"},{"start_time":"68.17","end_time":"68.81","alternatives":[{"confidence":"0.21865","content":"따졌을"}],"type":"pronunciation"},{"start_time":"68.81","end_time":"69.44","alternatives":[{"confidence":"0.1964","content":"것입니다"}],"type":"pronunciation"},{"alternatives":[{"confidence":"0.0","content":"."}],"type":"punctuation"},{"start_time":"71.11","end_time":"71.48","alternatives":[{"confidence":"0.725","content":"녹취"}],"type":"pronunciation"},{"start_time":"71.48","end_time":"71.84","alternatives":[{"confidence":"0.8935","content":"앞서"}],"type":"pronunciation"},{"start_time":"71.84","end_time":"72.06","alternatives":[{"confidence":"0.9908","content":"한"}],"type":"pronunciation"},{"start_time":"72.06","end_time":"72.47","alternatives":[{"confidence":"0.9919","content":"가지"}],"type":"pronunciation"},{"start_time":"72.47","end_time":"73.16","alternatives":[{"confidence":"0.99995","content":"당부말씀을"}],"type":"pronunciation"},{"start_time":"73.16","end_time":"73.44","alternatives":[{"confidence":"0.9997","content":"드리고"}],"type":"pronunciation"},{"start_time":"73.44","end_time":"74.29","alternatives":[{"confidence":"0.98775","content":"진행하겠습니다"}],"type":"pronunciation"},{"start_time":"75.61","end_time":"76.41","alternatives":[{"confidence":"0.7711333333333333","content":"노기종에는"}],"type":"pronunciation"},{"start_time":"76.41","end_time":"76.56","alternatives":[{"confidence":"0.8059","content":"제"}],"type":"pronunciation"},{"start_time":"76.56","end_time":"77.38","alternatives":[{"confidence":"0.8311","content":"삼자에게"}],"type":"pronunciation"},{"start_time":"77.41","end_time":"77.75","alternatives":[{"confidence":"0.7201","content":"수사"}],"type":"pronunciation"},{"start_time":"77.75","end_time":"78.17","alternatives":[{"confidence":"0.982","content":"과정에"}],"type":"pronunciation"},{"start_time":"78.17","end_time":"78.67","alternatives":[{"confidence":"0.9998","content":"대해서"}],"type":"pronunciation"},{"start_time":"78.67","end_time":"79.85","alternatives":[{"confidence":"0.7707999999999999","content":"발사하거나"}],"type":"pronunciation"},{"start_time":"80.11","end_time":"80.48","alternatives":[{"confidence":"0.8982","content":"사건"}],"type":"pronunciation"},{"start_time":"80.48","end_time":"80.84","alternatives":[{"confidence":"0.9295","content":"내용을"}],"type":"pronunciation"},{"start_time":"80.87","end_time":"81.94","alternatives":[{"confidence":"0.9990333333333333","content":"은닉하시거나"}],"type":"pronunciation"},{"start_time":"81.97","end_time":"82.34","alternatives":[{"confidence":"0.9699","content":"거짓"}],"type":"pronunciation"},{"start_time":"82.34","end_time":"82.76","alternatives":[{"confidence":"0.9992","content":"진술을"}],"type":"pronunciation"},{"start_time":"82.76","end_time":"82.99","alternatives":[{"confidence":"0.7026","content":"알게"}],"type":"pronunciation"},{"start_time":"82.99","end_time":"83.57","alternatives":[{"confidence":"0.9997","content":"되시면"}],"type":"pronunciation"},{"start_time":"83.89","end_time":"84.33","alternatives":[{"confidence":"0.7475499999999999","content":"본인께"}],"type":"pronunciation"},{"start_time":"84.33","end_time":"84.66","alternatives":[{"confidence":"0.72","content":"또한"}],"type":"pronunciation"},{"start_time":"84.66","end_time":"85.1","alternatives":[{"confidence":"1.0","content":"법적인"}],"type":"pronunciation"},{"start_time":"85.1","end_time":"85.57","alternatives":[{"confidence":"1.0","content":"책임을"}],"type":"pronunciation"},{"start_time":"85.57","end_time":"85.8","alternatives":[{"confidence":"1.0","content":"물을"}],"type":"pronunciation"},{"start_time":"85.8","end_time":"86.03","alternatives":[{"confidence":"0.8669","content":"수가"}],"type":"pronunciation"},{"start_time":"86.03","end_time":"86.66","alternatives":[{"confidence":"0.9995","content":"있습니다"}],"type":"pronunciation"},{"alternatives":[{"confidence":"0.0","content":"."}],"type":"punctuation"},{"start_time":"86.85","end_time":"87.77","alternatives":[{"confidence":"0.9960500000000001","content":"아시겠습니까"}],"type":"pronunciation"},{"alternatives":[{"confidence":"0.0","content":"?"}],"type":"punctuation"},{"start_time":"90.78","end_time":"91.23","alternatives":[{"confidence":"0.9844","content":"네"}],"type":"pronunciation"},{"alternatives":[{"confidence":"0.0","content":","}],"type":"punctuation"},{"start_time":"91.23","end_time":"91.85","alternatives":[{"confidence":"0.9896499999999999","content":"가족한테도"}],"type":"pronunciation"},{"start_time":"91.85","end_time":"92.08","alternatives":[{"confidence":"0.9877","content":"얘기"}],"type":"pronunciation"},{"start_time":"92.08","end_time":"92.2","alternatives":[{"confidence":"0.9527","content":"안"}],"type":"pronunciation"},{"start_time":"92.2","end_time":"92.84","alternatives":[{"confidence":"0.9993","content":"만듭니다"}],"type":"pronunciation"},{"alternatives":[{"confidence":"0.0","content":"."}],"type":"punctuation"},{"start_time":"95.46","end_time":"95.79","alternatives":[{"confidence":"0.9972","content":"그럼"}],"type":"pronunciation"},{"start_time":"95.79","end_time":"97.03","alternatives":[{"confidence":"0.908475","content":"녹취시작하겠습니다"}],"type":"pronunciation"},{"start_time":"103.68","end_time":"105.12","alternatives":[{"confidence":"0.614825","content":"의원님아버님확인부터"}],"type":"pronunciation"},{"start_time":"105.12","end_time":"105.36","alternatives":[{"confidence":"0.9114","content":"다시"}],"type":"pronunciation"},{"start_time":"105.36","end_time":"106.35","alternatives":[{"confidence":"0.9956","content":"시작하겠습니다"}],"type":"pronunciation"},{"alternatives":[{"confidence":"0.0","content":"."}],"type":"punctuation"},{"start_time":"107.4","end_time":"107.87","alternatives":[{"confidence":"0.9978","content":"저는"}],"type":"pronunciation"},{"start_time":"107.87","end_time":"108.84","alternatives":[{"confidence":"0.9826","content":"서울중앙지검"}],"type":"pronunciation"},{"start_time":"108.84","end_time":"109.55","alternatives":[{"confidence":"0.98705","content":"수사팀"}],"type":"pronunciation"},{"start_time":"109.55","end_time":"109.87","alternatives":[{"confidence":"0.9997","content":"이문호"}],"type":"pronunciation"},{"start_time":"109.87","end_time":"110.91","alternatives":[{"confidence":"0.9493","content":"수사관입니다"}],"type":"pronunciation"},{"alternatives":[{"confidence":"0.0","content":"."}],"type":"punctuation"},{"start_time":"112.0","end_time":"112.35","alternatives":[{"confidence":"0.6744","content":"당시"}],"type":"pronunciation"},{"start_time":"112.58","end_time":"113.06","alternatives":[{"confidence":"0.705","content":"당사자"}],"type":"pronunciation"},{"start_time":"113.06","end_time":"113.37","alternatives":[{"confidence":"0.6946","content":"본인"}],"type":"pronunciation"},{"start_time":"113.37","end_time":"114.05","alternatives":[{"confidence":"0.99715","content":"성함이"}],"type":"pronunciation"},{"start_time":"115.09","end_time":"115.19","alternatives":[{"confidence":"0.4715","content":"이"}],"type":"pronunciation"},{"start_time":"115.19","end_time":"115.51","alternatives":[{"confidence":"0.918","content":"씨"}],"type":"pronunciation"},{"start_time":"115.51","end_time":"116.86","alternatives":[{"confidence":"0.9953666666666666","content":"맞으시죠"}],"type":"pronunciation"},{"start_time":"118.82","end_time":"119.81","alternatives":[{"confidence":"0.3915","content":"똑출신"}],"type":"pronunciation"},{"start_time":"120.5","end_time":"121.11","alternatives":[{"confidence":"0.9655","content":"김동일은"}],"type":"pronunciation"},{"start_time":"121.11","end_time":"121.35","alternatives":[{"confidence":"1.0","content":"전혀"}],"type":"pronunciation"},{"start_time":"121.35","end_time":"122.35","alternatives":[{"confidence":"0.9881500000000001","content":"모르시고요"}],"type":"pronunciation"},{"start_time":"124.43","end_time":"125.39","alternatives":[{"confidence":"0.740225","content":"이천십사년"}],"type":"pronunciation"},{"start_time":"125.39","end_time":"125.78","alternatives":[{"confidence":"0.71335","content":"팔월"}],"type":"pronunciation"},{"start_time":"125.78","end_time":"126.48","alternatives":[{"confidence":"0.6685","content":"칠일"}],"type":"pronunciation"},{"start_time":"130.1","end_time":"130.63","alternatives":[{"confidence":"0.999","content":"명의로"}],"type":"pronunciation"},{"start_time":"130.63","end_time":"131.07","alternatives":[{"confidence":"1.0","content":"통장이"}],"type":"pronunciation"},{"start_time":"131.07","end_time":"131.52","alternatives":[{"confidence":"0.9998","content":"개설된"}],"type":"pronunciation"},{"start_time":"131.52","end_time":"132.4","alternatives":[{"confidence":"0.9726","content":"날짜입니다"}],"type":"pronunciation"},{"alternatives":[{"confidence":"0.0","content":"."}],"type":"punctuation"},{"start_time":"135.17","end_time":"135.83","alternatives":[{"confidence":"0.9821","content":"지점에서"}],"type":"pronunciation"},{"start_time":"136.81","end_time":"137.43","alternatives":[{"confidence":"1.0","content":"통장을"}],"type":"pronunciation"},{"start_time":"137.43","end_time":"137.94","alternatives":[{"confidence":"0.99725","content":"개설한"}],"type":"pronunciation"},{"start_time":"137.95","end_time":"138.34","alternatives":[{"confidence":"0.9984","content":"사실이"}],"type":"pronunciation"},{"start_time":"138.34","end_time":"139.0","alternatives":[{"confidence":"0.9957","content":"있으니까"}],"type":"pronunciation"},{"start_time":"139.34","end_time":"139.95","alternatives":[{"confidence":"0.7116","content":"없는데요"}],"type":"pronunciation"},{"alternatives":[{"confidence":"0.0","content":"."}],"type":"punctuation"},{"start_time":"141.72","end_time":"142.76","alternatives":[{"confidence":"1.0","content":"그러세요"}],"type":"pronunciation"},{"alternatives":[{"confidence":"0.0","content":"."}],"type":"punctuation"},{"start_time":"144.54","end_time":"144.83","alternatives":[{"confidence":"0.9163","content":"더욱"}],"type":"pronunciation"},{"start_time":"144.83","end_time":"145.41","alternatives":[{"confidence":"0.5810500000000001","content":"통장관"}],"type":"pronunciation"},{"start_time":"145.41","end_time":"146.19","alternatives":[{"confidence":"0.8344","content":"불법현장에서"}],"type":"pronunciation"},{"start_time":"146.19","end_time":"146.7","alternatives":[{"confidence":"0.93755","content":"발견되기"}],"type":"pronunciation"},{"start_time":"146.7","end_time":"147.36","alternatives":[{"confidence":"1.0","content":"때문에"}],"type":"pronunciation"},{"start_time":"147.68","end_time":"149.14","alternatives":[{"confidence":"0.37587499999999996","content":"동인등본동의"}],"type":"pronunciation"},{"start_time":"149.14","end_time":"149.55","alternatives":[{"confidence":"1.0","content":"없이"}],"type":"pronunciation"},{"start_time":"149.55","end_time":"150.06","alternatives":[{"confidence":"0.83145","content":"동결처리"}],"type":"pronunciation"},{"start_time":"150.06","end_time":"150.87","alternatives":[{"confidence":"0.9983","content":"시켰습니다"}],"type":"pronunciation"},{"alternatives":[{"confidence":"0.0","content":"."}],"type":"punctuation"},{"start_time":"151.13","end_time":"151.96","alternatives":[{"confidence":"0.9999","content":"혹시"}],"type":"pronunciation"},{"start_time":"151.96","end_time":"152.53","alternatives":[{"confidence":"0.4867","content":"동기10"}],"type":"pronunciation"},{"start_time":"152.53","end_time":"153.04","alternatives":[{"confidence":"0.7899499999999999","content":"철이라고"}],"type":"pronunciation"},{"start_time":"153.04","end_time":"153.24","alternatives":[{"confidence":"0.9988","content":"알고"}],"type":"pronunciation"},{"start_time":"153.24","end_time":"153.97","alternatives":[{"confidence":"1.0","content":"계십니까"}],"type":"pronunciation"},{"alternatives":[{"confidence":"0.0","content":"?"}],"type":"punctuation"},{"start_time":"154.16","end_time":"154.87","alternatives":[{"confidence":"0.1061","content":"동결이라는"}],"type":"pronunciation"},{"start_time":"154.87","end_time":"155.1","alternatives":[{"confidence":"0.1124","content":"말을"}],"type":"pronunciation"},{"start_time":"155.83","end_time":"157.14","alternatives":[{"confidence":"0.36065","content":"묶어못하게"}],"type":"pronunciation"},{"start_time":"157.14","end_time":"157.32","alternatives":[{"confidence":"0.487","content":"하는"}],"type":"pronunciation"},{"start_time":"157.32","end_time":"157.43","alternatives":[{"confidence":"0.4972","content":"거"}],"type":"pronunciation"},{"start_time":"157.43","end_time":"157.9","alternatives":[{"confidence":"0.9998","content":"아닌가요"}],"type":"pronunciation"},{"alternatives":[{"confidence":"0.0","content":"?"}],"type":"punctuation"},{"start_time":"158.71","end_time":"159.13","alternatives":[{"confidence":"0.997","content":"예"}],"type":"pronunciation"},{"alternatives":[{"confidence":"0.0","content":","}],"type":"punctuation"},{"start_time":"159.13","end_time":"159.82","alternatives":[{"confidence":"0.9999","content":"맞습니다"}],"type":"pronunciation"},{"alternatives":[{"confidence":"0.0","content":"."}],"type":"punctuation"},{"start_time":"159.82","end_time":"160.42","alternatives":[{"confidence":"0.81395","content":"동결처리"}],"type":"pronunciation"},{"start_time":"160.42","end_time":"160.62","alternatives":[{"confidence":"0.6134","content":"랑"}],"type":"pronunciation"},{"start_time":"160.65","end_time":"161.46","alternatives":[{"confidence":"0.8057","content":"은행권거래를"}],"type":"pronunciation"},{"start_time":"161.46","end_time":"161.98","alternatives":[{"confidence":"0.77025","content":"못하더라고"}],"type":"pronunciation"},{"start_time":"161.98","end_time":"162.28","alternatives":[{"confidence":"0.552","content":"지급"}],"type":"pronunciation"},{"start_time":"162.28","end_time":"163.59","alternatives":[{"confidence":"0.7601","content":"정지처리하는"}],"type":"pronunciation"},{"start_time":"163.59","end_time":"164.14","alternatives":[{"confidence":"0.9906","content":"겁니다"}],"type":"pronunciation"},{"alternatives":[{"confidence":"0.0","content":"."}],"type":"punctuation"},{"start_time":"165.02","end_time":"165.95","alternatives":[{"confidence":"0.8898","content":"이어서"}],"type":"pronunciation"},{"start_time":"167.06","end_time":"167.32","alternatives":[{"confidence":"0.7071","content":"에게"}],"type":"pronunciation"},{"start_time":"167.32","end_time":"167.75","alternatives":[{"confidence":"0.991","content":"동의를"}],"type":"pronunciation"},{"start_time":"167.75","end_time":"168.18","alternatives":[{"confidence":"0.8995","content":"해주셔야"}],"type":"pronunciation"},{"start_time":"168.18","end_time":"168.43","alternatives":[{"confidence":"0.9984","content":"되는"}],"type":"pronunciation"},{"start_time":"168.43","end_time":"168.79","alternatives":[{"confidence":"1.0","content":"부분이"}],"type":"pronunciation"},{"start_time":"168.79","end_time":"169.87","alternatives":[{"confidence":"1.0","content":"있는데요"}],"type":"pronunciation"},{"alternatives":[{"confidence":"0.0","content":"."}],"type":"punctuation"},{"start_time":"170.2","end_time":"171.08","alternatives":[{"confidence":"1.0","content":"실질적으로"}],"type":"pronunciation"},{"start_time":"171.08","end_time":"171.55","alternatives":[{"confidence":"1.0","content":"본인이"}],"type":"pronunciation"},{"start_time":"171.55","end_time":"171.82","alternatives":[{"confidence":"0.2061","content":"그래서"}],"type":"pronunciation"},{"start_time":"171.82","end_time":"172.22","alternatives":[{"confidence":"0.4739","content":"개선을"}],"type":"pronunciation"},{"start_time":"172.22","end_time":"172.84","alternatives":[{"confidence":"0.9921","content":"통해서"}],"type":"pronunciation"},{"start_time":"172.87","end_time":"173.49","alternatives":[{"confidence":"0.9998","content":"사용하고"}],"type":"pronunciation"},{"start_time":"173.49","end_time":"174.01","alternatives":[{"confidence":"0.9999","content":"계시는"}],"type":"pronunciation"},{"start_time":"174.01","end_time":"174.87","alternatives":[{"confidence":"0.90445","content":"금융권들"}],"type":"pronunciation"},{"start_time":"174.87","end_time":"175.37","alternatives":[{"confidence":"0.7886","content":"이외에"}],"type":"pronunciation"},{"start_time":"175.4","end_time":"176.12","alternatives":[{"confidence":"1.0","content":"저희가"}],"type":"pronunciation"},{"start_time":"176.51","end_time":"177.06","alternatives":[{"confidence":"0.7836","content":"수사중에"}],"type":"pronunciation"},{"start_time":"177.06","end_time":"177.7","alternatives":[{"confidence":"0.7763","content":"말씀드렸"}],"type":"pronunciation"},{"start_time":"178.56","end_time":"179.0","alternatives":[{"confidence":"0.9971","content":"그리고"}],"type":"pronunciation"},{"start_time":"179.52","end_time":"180.39","alternatives":[{"confidence":"0.99865","content":"통장처럼"}],"type":"pronunciation"},{"start_time":"180.4","end_time":"180.59","alternatives":[{"confidence":"0.4429","content":"다"}],"type":"pronunciation"},{"start_time":"180.59","end_time":"181.25","alternatives":[{"confidence":"0.91995","content":"금융권의"}],"type":"pronunciation"},{"start_time":"181.25","end_time":"181.92","alternatives":[{"confidence":"0.95965","content":"통장이"}],"type":"pronunciation"},{"start_time":"182.3","end_time":"182.94","alternatives":[{"confidence":"1.0","content":"추가적으로"}],"type":"pronunciation"},{"start_time":"182.94","end_time":"183.32","alternatives":[{"confidence":"0.97085","content":"발견이"}],"type":"pronunciation"},{"start_time":"183.32","end_time":"184.4","alternatives":[{"confidence":"0.9995","content":"된다면"}],"type":"pronunciation"},{"start_time":"185.73","end_time":"186.0","alternatives":[{"confidence":"0.945","content":"적인"}],"type":"pronunciation"},{"start_time":"186.0","end_time":"186.48","alternatives":[{"confidence":"1.0","content":"통장으로"}],"type":"pronunciation"},{"start_time":"186.48","end_time":"187.11","alternatives":[{"confidence":"0.9998","content":"간주하고"}],"type":"pronunciation"},{"start_time":"187.11","end_time":"187.76","alternatives":[{"confidence":"0.8584499999999999","content":"동결처리"}],"type":"pronunciation"},{"start_time":"187.76","end_time":"188.19","alternatives":[{"confidence":"0.6795","content":"시키며"}],"type":"pronunciation"},{"start_time":"188.19","end_time":"188.61","alternatives":[{"confidence":"0.9475","content":"있어서"}],"type":"pronunciation"},{"start_time":"188.61","end_time":"189.23","alternatives":[{"confidence":"0.9605","content":"본인께서"}],"type":"pronunciation"},{"start_time":"189.23","end_time":"189.55","alternatives":[{"confidence":"1.0","content":"동의를"}],"type":"pronunciation"},{"start_time":"189.55","end_time":"190.25","alternatives":[{"confidence":"0.9995","content":"하십니까"}],"type":"pronunciation"},{"alternatives":[{"confidence":"0.0","content":"?"}],"type":"punctuation"},{"start_time":"191.77","end_time":"192.26","alternatives":[{"confidence":"0.8217","content":"네"}],"type":"pronunciation"},{"alternatives":[{"confidence":"0.0","content":"."}],"type":"punctuation"},{"start_time":"192.77","end_time":"193.14","alternatives":[{"confidence":"0.9998","content":"본인이"}],"type":"pronunciation"},{"start_time":"193.14","end_time":"193.8","alternatives":[{"confidence":"1.0","content":"실질적으로"}],"type":"pronunciation"},{"start_time":"193.8","end_time":"194.34","alternatives":[{"confidence":"0.9997","content":"사용하고"}],"type":"pronunciation"},{"start_time":"194.34","end_time":"194.61","alternatives":[{"confidence":"0.9849","content":"있는"}],"type":"pronunciation"},{"start_time":"194.61","end_time":"195.36","alternatives":[{"confidence":"0.99975","content":"금융권어떻게"}],"type":"pronunciation"},{"start_time":"195.36","end_time":"195.96","alternatives":[{"confidence":"0.9999","content":"되시죠"}],"type":"pronunciation"},{"alternatives":[{"confidence":"0.0","content":"?"}],"type":"punctuation"},{"start_time":"198.45","end_time":"198.94","alternatives":[{"confidence":"0.9999","content":"그냥"}],"type":"pronunciation"},{"start_time":"198.97","end_time":"199.27","alternatives":[{"confidence":"0.571","content":"상호"}],"type":"pronunciation"},{"start_time":"199.27","end_time":"199.58","alternatives":[{"confidence":"0.79585","content":"면만"}],"type":"pronunciation"},{"start_time":"199.58","end_time":"200.05","alternatives":[{"confidence":"0.9761","content":"간략하게"}],"type":"pronunciation"},{"start_time":"200.05","end_time":"200.75","alternatives":[{"confidence":"0.82115","content":"진술해주시면"}],"type":"pronunciation"},{"start_time":"200.75","end_time":"201.15","alternatives":[{"confidence":"0.9958","content":"됩니다"}],"type":"pronunciation"},{"alternatives":[{"confidence":"0.0","content":"."}],"type":"punctuation"},{"start_time":"203.45","end_time":"203.6","alternatives":[{"confidence":"0.1048","content":"그"}],"type":"pronunciation"},{"start_time":"203.6","end_time":"204.31","alternatives":[{"confidence":"0.21005000000000001","content":"두개는"}],"type":"pronunciation"},{"start_time":"204.31","end_time":"204.93","alternatives":[{"confidence":"0.9696","content":"없는데요"}],"type":"pronunciation"},{"alternatives":[{"confidence":"0.0","content":"."}],"type":"punctuation"},{"start_time":"206.98","end_time":"207.17","alternatives":[{"confidence":"0.9577","content":"그"}],"type":"pronunciation"},{"start_time":"207.17","end_time":"207.32","alternatives":[{"confidence":"0.8772","content":"두"}],"type":"pronunciation"},{"start_time":"207.32","end_time":"207.46","alternatives":[{"confidence":"0.4798","content":"개"}],"type":"pronunciation"},{"start_time":"207.46","end_time":"208.08","alternatives":[{"confidence":"0.7357","content":"란"}],"type":"pronunciation"},{"start_time":"209.86","end_time":"210.27","alternatives":[{"confidence":"0.8389","content":"어디로"}],"type":"pronunciation"},{"start_time":"210.27","end_time":"210.77","alternatives":[{"confidence":"0.7408","content":"얘기하신"}],"type":"pronunciation"},{"start_time":"210.77","end_time":"211.23","alternatives":[{"confidence":"1.0","content":"거죠"}],"type":"pronunciation"},{"alternatives":[{"confidence":"0.0","content":"?"}],"type":"punctuation"},{"start_time":"214.06","end_time":"215.24","alternatives":[{"confidence":"0.9736","content":"은행이에요"}],"type":"pronunciation"},{"start_time":"217.74","end_time":"218.38","alternatives":[{"confidence":"0.23875000000000002","content":"나오네요"}],"type":"pronunciation"},{"alternatives":[{"confidence":"0.0","content":"."}],"type":"punctuation"},{"start_time":"224.55","end_time":"224.86","alternatives":[{"confidence":"0.9885","content":"네"}],"type":"pronunciation"},{"alternatives":[{"confidence":"0.0","content":"."}],"type":"punctuation"},{"start_time":"224.86","end_time":"225.15","alternatives":[{"confidence":"0.9959","content":"그럼"}],"type":"pronunciation"},{"start_time":"225.15","end_time":"225.6","alternatives":[{"confidence":"1.0","content":"혹시"}],"type":"pronunciation"},{"start_time":"225.6","end_time":"226.17","alternatives":[{"confidence":"0.78725","content":"지속해서"}],"type":"pronunciation"},{"start_time":"226.17","end_time":"226.58","alternatives":[{"confidence":"0.7051","content":"하신"}],"type":"pronunciation"},{"start_time":"226.58","end_time":"227.27","alternatives":[{"confidence":"0.88705","content":"금융권들을"}],"type":"pronunciation"},{"alternatives":[{"confidence":"0.0","content":"?"}],"type":"punctuation"},{"start_time":"227.27","end_time":"228.24","alternatives":[{"confidence":"0.90855","content":"이용하시면서"}],"type":"pronunciation"},{"start_time":"228.24","end_time":"229.72","alternatives":[{"confidence":"0.7164333333333334","content":"통장개소했던"}],"type":"pronunciation"},{"start_time":"229.72","end_time":"230.73","alternatives":[{"confidence":"0.7283","content":"이천십삼"}],"type":"pronunciation"},{"start_time":"230.73","end_time":"230.97","alternatives":[{"confidence":"1.0","content":"년"}],"type":"pronunciation"},{"start_time":"230.97","end_time":"231.2","alternatives":[{"confidence":"0.6971","content":"팔"}],"type":"pronunciation"},{"start_time":"231.2","end_time":"231.29","alternatives":[{"confidence":"0.976","content":"월"}],"type":"pronunciation"},{"start_time":"231.29","end_time":"231.63","alternatives":[{"confidence":"0.9667","content":"이후에"}],"type":"pronunciation"},{"start_time":"231.66","end_time":"232.42","alternatives":[{"confidence":"0.6616","content":"직접"}],"type":"pronunciation"},{"start_time":"232.77","end_time":"233.69","alternatives":[{"confidence":"0.72625","content":"대출신청"}],"type":"pronunciation"},{"start_time":"233.69","end_time":"234.0","alternatives":[{"confidence":"1.0","content":"또는"}],"type":"pronunciation"},{"start_time":"234.0","end_time":"234.38","alternatives":[{"confidence":"0.9669","content":"마이너스"}],"type":"pronunciation"},{"start_time":"234.38","end_time":"234.89","alternatives":[{"confidence":"0.9991","content":"통장을"}],"type":"pronunciation"},{"start_time":"234.89","end_time":"235.44","alternatives":[{"confidence":"0.9954000000000001","content":"신청하신"}],"type":"pronunciation"},{"start_time":"235.44","end_time":"235.67","alternatives":[{"confidence":"1.0","content":"적이"}],"type":"pronunciation"},{"start_time":"235.67","end_time":"236.43","alternatives":[{"confidence":"0.974","content":"있으십니까"}],"type":"pronunciation"},{"alternatives":[{"confidence":"0.0","content":"?"}],"type":"punctuation"},{"start_time":"236.61","end_time":"237.25","alternatives":[{"confidence":"0.9735","content":"없는데요"}],"type":"pronunciation"},{"start_time":"237.97","end_time":"239.22","alternatives":[{"confidence":"0.99875","content":"없으세요"}],"type":"pronunciation"},{"alternatives":[{"confidence":"0.0","content":"?"}],"type":"punctuation"},{"start_time":"239.72","end_time":"240.6","alternatives":[{"confidence":"0.9168000000000001","content":"말씀드렸던"}],"type":"pronunciation"},{"start_time":"240.6","end_time":"241.33","alternatives":[{"confidence":"0.4877","content":"김동일향"}],"type":"pronunciation"},{"start_time":"241.33","end_time":"241.52","alternatives":[{"confidence":"0.8915","content":"중"}],"type":"pronunciation"},{"start_time":"241.52","end_time":"242.14","alternatives":[{"confidence":"0.9984","content":"대다수가"}],"type":"pronunciation"},{"start_time":"242.14","end_time":"242.57","alternatives":[{"confidence":"0.972","content":"현재"}],"type":"pronunciation"},{"start_time":"242.57","end_time":"242.93","alternatives":[{"confidence":"0.783","content":"금융"}],"type":"pronunciation"},{"start_time":"242.93","end_time":"243.43","alternatives":[{"confidence":"0.9999","content":"쪽에서"}],"type":"pronunciation"},{"start_time":"243.43","end_time":"244.04","alternatives":[{"confidence":"0.9976499999999999","content":"종사를"}],"type":"pronunciation"},{"start_time":"244.04","end_time":"244.3","alternatives":[{"confidence":"0.9834","content":"하고"}],"type":"pronunciation"},{"start_time":"244.3","end_time":"244.68","alternatives":[{"confidence":"0.8647","content":"있었던"}],"type":"pronunciation"},{"start_time":"244.68","end_time":"245.52","alternatives":[{"confidence":"0.9971","content":"분이라서"}],"type":"pronunciation"},{"start_time":"245.81","end_time":"246.12","alternatives":[{"confidence":"0.9522","content":"본인"}],"type":"pronunciation"},{"start_time":"246.12","end_time":"246.37","alternatives":[{"confidence":"0.8773","content":"동의"}],"type":"pronunciation"},{"start_time":"246.37","end_time":"246.64","alternatives":[{"confidence":"1.0","content":"없이"}],"type":"pronunciation"},{"start_time":"246.64","end_time":"247.03","alternatives":[{"confidence":"0.911","content":"직접"}],"type":"pronunciation"},{"start_time":"247.03","end_time":"248.02","alternatives":[{"confidence":"0.8846","content":"대출신통또는"}],"type":"pronunciation"},{"start_time":"248.02","end_time":"248.44","alternatives":[{"confidence":"0.9876","content":"마이너스"}],"type":"pronunciation"},{"start_time":"248.44","end_time":"248.89","alternatives":[{"confidence":"0.99925","content":"통장을"}],"type":"pronunciation"},{"start_time":"248.89","end_time":"249.53","alternatives":[{"confidence":"0.9946999999999999","content":"신청해서"}],"type":"pronunciation"},{"start_time":"249.53","end_time":"250.06","alternatives":[{"confidence":"1.0","content":"피해를"}],"type":"pronunciation"},{"start_time":"250.26","end_time":"250.61","alternatives":[{"confidence":"0.38844999999999996","content":"어쨌던"}],"type":"pronunciation"},{"start_time":"250.62","end_time":"251.05","alternatives":[{"confidence":"0.9998","content":"사람들이"}],"type":"pronunciation"},{"start_time":"251.05","end_time":"251.35","alternatives":[{"confidence":"0.6718","content":"한두"}],"type":"pronunciation"},{"start_time":"251.35","end_time":"251.59","alternatives":[{"confidence":"0.9862","content":"명이"}],"type":"pronunciation"},{"start_time":"251.59","end_time":"252.01","alternatives":[{"confidence":"0.9975","content":"아닙니다"}],"type":"pronunciation"},{"alternatives":[{"confidence":"0.0","content":"."}],"type":"punctuation"},{"start_time":"252.01","end_time":"252.35","alternatives":[{"confidence":"0.9962","content":"그래서"}],"type":"pronunciation"},{"start_time":"252.35","end_time":"252.61","alternatives":[{"confidence":"0.9982","content":"이렇게"}],"type":"pronunciation"},{"start_time":"252.61","end_time":"252.82","alternatives":[{"confidence":"0.4172","content":"이야기"}],"type":"pronunciation"},{"start_time":"252.82","end_time":"253.11","alternatives":[{"confidence":"0.8739","content":"드린"}],"type":"pronunciation"},{"start_time":"253.11","end_time":"254.22","alternatives":[{"confidence":"1.0","content":"거예요"}],"type":"pronunciation"},{"alternatives":[{"confidence":"0.0","content":"."}],"type":"punctuation"},{"start_time":"256.85","end_time":"257.57","alternatives":[{"confidence":"1.0","content":"그렇다면"}],"type":"pronunciation"},{"start_time":"257.57","end_time":"258.28","alternatives":[{"confidence":"1.0","content":"본인은"}],"type":"pronunciation"},{"start_time":"258.28","end_time":"258.51","alternatives":[{"confidence":"0.8598","content":"이"}],"type":"pronunciation"},{"start_time":"258.51","end_time":"258.67","alternatives":[{"confidence":"0.8822","content":"두"}],"type":"pronunciation"},{"start_time":"258.67","end_time":"259.12","alternatives":[{"confidence":"0.7983","content":"은행의"}],"type":"pronunciation"},{"start_time":"259.12","end_time":"259.3","alternatives":[{"confidence":"0.9515","content":"몇"}],"type":"pronunciation"},{"start_time":"259.3","end_time":"259.43","alternatives":[{"confidence":"0.6473","content":"개"}],"type":"pronunciation"},{"start_time":"259.43","end_time":"259.83","alternatives":[{"confidence":"0.6296","content":"기사를"}],"type":"pronunciation"},{"start_time":"259.98","end_time":"260.94","alternatives":[{"confidence":"0.76715","content":"계산하셨어요"}],"type":"pronunciation"},{"start_time":"261.77","end_time":"262.31","alternatives":[{"confidence":"0.9897","content":"하나"}],"type":"pronunciation"},{"start_time":"262.31","end_time":"262.63","alternatives":[{"confidence":"1.0","content":"밖에"}],"type":"pronunciation"},{"start_time":"262.63","end_time":"263.21","alternatives":[{"confidence":"1.0","content":"없는데요"}],"type":"pronunciation"},{"alternatives":[{"confidence":"0.0","content":"."}],"type":"punctuation"},{"start_time":"263.24","end_time":"263.59","alternatives":[{"confidence":"0.9988","content":"그래서"}],"type":"pronunciation"},{"start_time":"263.9","end_time":"264.32","alternatives":[{"confidence":"1.0","content":"거의"}],"type":"pronunciation"},{"start_time":"264.32","end_time":"264.65","alternatives":[{"confidence":"0.9303","content":"사용"}],"type":"pronunciation"},{"start_time":"264.65","end_time":"264.79","alternatives":[{"confidence":"0.7056","content":"안"}],"type":"pronunciation"},{"start_time":"264.79","end_time":"265.16","alternatives":[{"confidence":"0.9656","content":"하는데"}],"type":"pronunciation"},{"start_time":"265.16","end_time":"265.47","alternatives":[{"confidence":"0.9987","content":"돈도"}],"type":"pronunciation"},{"start_time":"265.47","end_time":"265.58","alternatives":[{"confidence":"0.8929","content":"안"}],"type":"pronunciation"},{"start_time":"265.58","end_time":"266.13","alternatives":[{"confidence":"0.7647999999999999","content":"들어있고"}],"type":"pronunciation"},{"start_time":"267.03","end_time":"267.58","alternatives":[{"confidence":"0.9996","content":"거의"}],"type":"pronunciation"},{"start_time":"267.61","end_time":"268.2","alternatives":[{"confidence":"0.9756","content":"사용하고"}],"type":"pronunciation"},{"start_time":"268.2","end_time":"268.49","alternatives":[{"confidence":"0.9997","content":"돈도"}],"type":"pronunciation"},{"start_time":"268.49","end_time":"268.61","alternatives":[{"confidence":"0.9192","content":"안"}],"type":"pronunciation"},{"start_time":"268.61","end_time":"269.08","alternatives":[{"confidence":"0.6074","content":"들었어요"}],"type":"pronunciation"},{"alternatives":[{"confidence":"0.0","content":"."}],"type":"punctuation"},{"start_time":"269.35","end_time":"269.66","alternatives":[{"confidence":"0.9885","content":"돈이"}],"type":"pronunciation"},{"start_time":"269.66","end_time":"270.02","alternatives":[{"confidence":"0.956","content":"없어서"}],"type":"pronunciation"},{"start_time":"270.02","end_time":"270.35","alternatives":[{"confidence":"1.0","content":"돈을"}],"type":"pronunciation"},{"start_time":"270.35","end_time":"270.47","alternatives":[{"confidence":"0.9941","content":"안"}],"type":"pronunciation"},{"start_time":"270.47","end_time":"271.14","alternatives":[{"confidence":"0.9783","content":"내놨는데"}],"type":"pronunciation"},{"start_time":"272.95","end_time":"273.22","alternatives":[{"confidence":"0.0135","content":"그렇게"}],"type":"pronunciation"},{"start_time":"273.63","end_time":"273.91","alternatives":[{"confidence":"0.7931","content":"한"}],"type":"pronunciation"},{"start_time":"273.91","end_time":"274.08","alternatives":[{"confidence":"0.8325","content":"뭐"}],"type":"pronunciation"},{"start_time":"274.09","end_time":"274.44","alternatives":[{"confidence":"0.8246","content":"처음"}],"type":"pronunciation"},{"start_time":"274.44","end_time":"275.2","alternatives":[{"confidence":"0.6584333333333333","content":"들어있으려나"}],"type":"pronunciation"},{"start_time":"275.44","end_time":"275.82","alternatives":[{"confidence":"0.9669","content":"처음에"}],"type":"pronunciation"},{"start_time":"275.82","end_time":"276.11","alternatives":[{"confidence":"0.2929","content":"통상"}],"type":"pronunciation"},{"start_time":"276.11","end_time":"276.45","alternatives":[{"confidence":"0.5468","content":"만들어"}],"type":"pronunciation"},{"start_time":"276.45","end_time":"276.86","alternatives":[{"confidence":"0.9816","content":"놓고"}],"type":"pronunciation"},{"start_time":"278.02","end_time":"278.53","alternatives":[{"confidence":"0.9726","content":"아"}],"type":"pronunciation"},{"alternatives":[{"confidence":"0.0","content":","}],"type":"punctuation"},{"start_time":"278.53","end_time":"279.33","alternatives":[{"confidence":"0.9999","content":"그래요"}],"type":"pronunciation"},{"alternatives":[{"confidence":"0.0","content":"."}],"type":"punctuation"},{"start_time":"280.98","end_time":"281.41","alternatives":[{"confidence":"0.8629","content":"그러면"}],"type":"pronunciation"},{"start_time":"282.17","end_time":"282.8","alternatives":[{"confidence":"0.99925","content":"금융권을"}],"type":"pronunciation"},{"start_time":"282.8","end_time":"283.65","alternatives":[{"confidence":"0.9766","content":"이용하시면서"}],"type":"pronunciation"},{"start_time":"283.65","end_time":"284.07","alternatives":[{"confidence":"0.203","content":"인터넷"}],"type":"pronunciation"},{"start_time":"285.5","end_time":"286.43","alternatives":[{"confidence":"0.006350000000000001","content":"사용했는지"}],"type":"pronunciation"},{"start_time":"286.43","end_time":"287.8","alternatives":[{"confidence":"0.9971","content":"금융권있으세요"}],"type":"pronunciation"},{"start_time":"288.01","end_time":"288.53","alternatives":[{"confidence":"0.9713","content":"없어요"}],"type":"pronunciation"},{"alternatives":[{"confidence":"0.0","content":"."}],"type":"punctuation"},{"start_time":"289.51","end_time":"289.91","alternatives":[{"confidence":"0.3824","content":"없어요"}],"type":"pronunciation"},{"alternatives":[{"confidence":"0.0","content":"."}],"type":"punctuation"},{"start_time":"292.69","end_time":"293.09","alternatives":[{"confidence":"0.9996","content":"네"}],"type":"pronunciation"},{"alternatives":[{"confidence":"0.0","content":","}],"type":"punctuation"},{"start_time":"293.09","end_time":"293.77","alternatives":[{"confidence":"0.9994","content":"알겠습니다"}],"type":"pronunciation"},{"alternatives":[{"confidence":"0.0","content":"."}],"type":"punctuation"}]},"status":"COMPLETED"}