{"jobName":"transcribes206","accountId":"097989105209","results":{"transcripts":[{"transcript":"네네네. 여보세요 여기 계시는 겁니까? 지금 지금 어디에 계신거예요? 어느 은행권에서 나오셨죠 농협은행권에서 나오셨고 본인땅 통계자를 확인하지 말고 대구은행 권으로 이치시도를 하라고 했는데 그 시도하셨습니까 농협은행권으로 그 대구은행권으로 가고 했다는 얘기겠죠. 본인이 돈을 뽑으셨다는 것도 어떤 얘기입니까? 네, 돈 본인방금 돈을 뽑으셨다고 했는데 어떤 자금을 뽑으셨다는 거예요. 진짜 가지고 있는 돈이죠. 제가 아까 금융감독원의 설명드렸는데 본인 갖고 있는 자금은 일단 대구냉권으로 이치시도를 하라고 했습니다. 이체 지도를 얼마 하지 않습니까? 하고 있는데요, 돈을 갖고 계신다고요 어떤 돈을 받고 계십니까? 얼마 뽑으셨어요? 제가 뽑으라는 얘기를 안 하셨지 않습니까? 본인 앞으로 안에 뽑고 위치를 하라는 게 아니라 대구은행 권으로 일단은 이체 시도를 하고 대구은행권의 이동을 해서 은행권에서 이 자금을 저희가 수령을 해보겠다 얘기죠. 본인이 직접적으로 농협은행권에서 돈을 수령을 하라는 얘기가 아닙니다. 상관없근데 본인이 왜 테러가 이렇습니까 안 됩니까? 관한 어디예요? 그러니까 갑자기 은행권에 들어갔다 나오더니 왜 태도가 이렇습니까 조사를 하겠다는 거예요? 안 하겠다는 겁니까? 지금 협조 하겠어요? 안 하겠어요. 정확하게 얘기하세요. 아까 제가 너무 너무 너무 을 하고 안하고는 저랑은 탕을 하나도 없어요. 너무 했다라고 저한테 지금 협박을 하는 겁니까? 검사한테 일반인들의 협박이 넘어갈 것 같아요. 제가 제도를 뽑았는데 그것도 아니잖아요. 본인이 하고 싶은 대로 할 거면 직접적으로 나와서 조사를 받아보세요. 그러면 나와서 조사를 받으본인이 직접 본인개인적으로 행동을 할 거면 연락을 드렸겠습니까. 그렇게 하세요. 제가 본인앞으로 달라는 것도 없는데 전화를 해서 직접적으로 김독재가 확인되면 본인 구속수사 들어가겠습니다. 건 알고 계시고 그 보내줬으니까 같으냐 나"}],"items":[{"start_time":"0.66","end_time":"1.35","alternatives":[{"confidence":"0.21325","content":"네네네"}],"type":"pronunciation"},{"alternatives":[{"confidence":"0.0","content":"."}],"type":"punctuation"},{"start_time":"1.35","end_time":"2.27","alternatives":[{"confidence":"0.9985","content":"여보세요"}],"type":"pronunciation"},{"start_time":"4.97","end_time":"5.07","alternatives":[{"confidence":"0.1771","content":"여기"}],"type":"pronunciation"},{"start_time":"5.07","end_time":"5.37","alternatives":[{"confidence":"0.9001","content":"계시는"}],"type":"pronunciation"},{"start_time":"5.37","end_time":"5.7","alternatives":[{"confidence":"1.0","content":"겁니까"}],"type":"pronunciation"},{"alternatives":[{"confidence":"0.0","content":"?"}],"type":"punctuation"},{"start_time":"5.7","end_time":"6.01","alternatives":[{"confidence":"0.9436","content":"지금"}],"type":"pronunciation"},{"start_time":"8.67","end_time":"8.91","alternatives":[{"confidence":"0.9975","content":"지금"}],"type":"pronunciation"},{"start_time":"8.91","end_time":"9.15","alternatives":[{"confidence":"0.9825","content":"어디에"}],"type":"pronunciation"},{"start_time":"9.15","end_time":"10.19","alternatives":[{"confidence":"0.7749","content":"계신거예요"}],"type":"pronunciation"},{"alternatives":[{"confidence":"0.0","content":"?"}],"type":"punctuation"},{"start_time":"12.83","end_time":"13.29","alternatives":[{"confidence":"0.8931","content":"어느"}],"type":"pronunciation"},{"start_time":"13.29","end_time":"13.72","alternatives":[{"confidence":"0.9993","content":"은행권에서"}],"type":"pronunciation"},{"start_time":"13.72","end_time":"14.39","alternatives":[{"confidence":"0.99985","content":"나오셨죠"}],"type":"pronunciation"},{"start_time":"15.47","end_time":"16.28","alternatives":[{"confidence":"0.8851","content":"농협은행권에서"}],"type":"pronunciation"},{"start_time":"16.28","end_time":"16.82","alternatives":[{"confidence":"0.9958666666666667","content":"나오셨고"}],"type":"pronunciation"},{"start_time":"16.94","end_time":"18.01","alternatives":[{"confidence":"0.7202999999999999","content":"본인땅"}],"type":"pronunciation"},{"start_time":"18.01","end_time":"18.84","alternatives":[{"confidence":"0.6722999999999999","content":"통계자를"}],"type":"pronunciation"},{"start_time":"18.84","end_time":"19.33","alternatives":[{"confidence":"0.96235","content":"확인하지"}],"type":"pronunciation"},{"start_time":"19.33","end_time":"19.9","alternatives":[{"confidence":"0.9999","content":"말고"}],"type":"pronunciation"},{"start_time":"19.93","end_time":"20.4","alternatives":[{"confidence":"0.8422499999999999","content":"대구은행"}],"type":"pronunciation"},{"start_time":"20.4","end_time":"20.78","alternatives":[{"confidence":"0.8826","content":"권으로"}],"type":"pronunciation"},{"start_time":"20.78","end_time":"21.38","alternatives":[{"confidence":"0.55785","content":"이치시도를"}],"type":"pronunciation"},{"start_time":"21.38","end_time":"21.61","alternatives":[{"confidence":"0.9945","content":"하라고"}],"type":"pronunciation"},{"start_time":"21.61","end_time":"21.91","alternatives":[{"confidence":"0.9998","content":"했는데"}],"type":"pronunciation"},{"start_time":"21.91","end_time":"22.01","alternatives":[{"confidence":"0.5693","content":"그"}],"type":"pronunciation"},{"start_time":"22.22","end_time":"23.09","alternatives":[{"confidence":"0.9080333333333334","content":"시도하셨습니까"}],"type":"pronunciation"},{"start_time":"24.97","end_time":"25.81","alternatives":[{"confidence":"0.7732","content":"농협은행권으로"}],"type":"pronunciation"},{"start_time":"25.81","end_time":"25.95","alternatives":[{"confidence":"0.781","content":"그"}],"type":"pronunciation"},{"start_time":"25.95","end_time":"26.69","alternatives":[{"confidence":"0.7811","content":"대구은행권으로"}],"type":"pronunciation"},{"start_time":"26.69","end_time":"26.91","alternatives":[{"confidence":"0.9511","content":"가고"}],"type":"pronunciation"},{"start_time":"26.91","end_time":"27.22","alternatives":[{"confidence":"0.787","content":"했다는"}],"type":"pronunciation"},{"start_time":"27.22","end_time":"27.76","alternatives":[{"confidence":"0.5161","content":"얘기겠죠"}],"type":"pronunciation"},{"alternatives":[{"confidence":"0.0","content":"."}],"type":"punctuation"},{"start_time":"29.51","end_time":"29.87","alternatives":[{"confidence":"0.0965","content":"본인이"}],"type":"pronunciation"},{"start_time":"30.16","end_time":"30.47","alternatives":[{"confidence":"1.0","content":"돈을"}],"type":"pronunciation"},{"start_time":"30.47","end_time":"31.04","alternatives":[{"confidence":"0.9983333333333334","content":"뽑으셨다는"}],"type":"pronunciation"},{"start_time":"31.04","end_time":"31.25","alternatives":[{"confidence":"0.88","content":"것도"}],"type":"pronunciation"},{"start_time":"31.25","end_time":"31.46","alternatives":[{"confidence":"0.9912","content":"어떤"}],"type":"pronunciation"},{"start_time":"31.46","end_time":"31.96","alternatives":[{"confidence":"0.96645","content":"얘기입니까"}],"type":"pronunciation"},{"alternatives":[{"confidence":"0.0","content":"?"}],"type":"punctuation"},{"start_time":"33.97","end_time":"34.19","alternatives":[{"confidence":"0.1892","content":"네"}],"type":"pronunciation"},{"alternatives":[{"confidence":"0.0","content":","}],"type":"punctuation"},{"start_time":"34.19","end_time":"34.52","alternatives":[{"confidence":"0.4347","content":"돈"}],"type":"pronunciation"},{"start_time":"34.65","end_time":"35.65","alternatives":[{"confidence":"0.86705","content":"본인방금"}],"type":"pronunciation"},{"start_time":"35.65","end_time":"35.98","alternatives":[{"confidence":"0.9993","content":"돈을"}],"type":"pronunciation"},{"start_time":"35.98","end_time":"36.51","alternatives":[{"confidence":"0.9948","content":"뽑으셨다고"}],"type":"pronunciation"},{"start_time":"36.51","end_time":"37.06","alternatives":[{"confidence":"0.9995","content":"했는데"}],"type":"pronunciation"},{"start_time":"37.09","end_time":"37.42","alternatives":[{"confidence":"0.9928","content":"어떤"}],"type":"pronunciation"},{"start_time":"37.42","end_time":"37.84","alternatives":[{"confidence":"0.997","content":"자금을"}],"type":"pronunciation"},{"start_time":"37.9","end_time":"38.52","alternatives":[{"confidence":"0.4926","content":"뽑으셨다는"}],"type":"pronunciation"},{"start_time":"38.52","end_time":"38.93","alternatives":[{"confidence":"0.8141","content":"거예요"}],"type":"pronunciation"},{"alternatives":[{"confidence":"0.0","content":"."}],"type":"punctuation"},{"start_time":"39.65","end_time":"39.89","alternatives":[{"confidence":"5.0E-4","content":"진짜"}],"type":"pronunciation"},{"start_time":"39.89","end_time":"40.15","alternatives":[{"confidence":"0.0066","content":"가지고"}],"type":"pronunciation"},{"start_time":"40.15","end_time":"40.34","alternatives":[{"confidence":"0.0105","content":"있는"}],"type":"pronunciation"},{"start_time":"40.34","end_time":"40.78","alternatives":[{"confidence":"0.34604999999999997","content":"돈이죠"}],"type":"pronunciation"},{"alternatives":[{"confidence":"0.0","content":"."}],"type":"punctuation"},{"start_time":"47.08","end_time":"47.28","alternatives":[{"confidence":"1.0","content":"제가"}],"type":"pronunciation"},{"start_time":"47.28","end_time":"47.52","alternatives":[{"confidence":"0.917","content":"아까"}],"type":"pronunciation"},{"start_time":"47.52","end_time":"48.24","alternatives":[{"confidence":"0.7624500000000001","content":"금융감독원의"}],"type":"pronunciation"},{"start_time":"48.36","end_time":"49.46","alternatives":[{"confidence":"0.9109333333333334","content":"설명드렸는데"}],"type":"pronunciation"},{"start_time":"50.43","end_time":"50.71","alternatives":[{"confidence":"0.7695","content":"본인"}],"type":"pronunciation"},{"start_time":"50.71","end_time":"51.06","alternatives":[{"confidence":"0.9547","content":"갖고"}],"type":"pronunciation"},{"start_time":"51.06","end_time":"51.29","alternatives":[{"confidence":"0.9987","content":"있는"}],"type":"pronunciation"},{"start_time":"51.29","end_time":"51.71","alternatives":[{"confidence":"0.5275000000000001","content":"자금은"}],"type":"pronunciation"},{"start_time":"51.71","end_time":"51.96","alternatives":[{"confidence":"1.0","content":"일단"}],"type":"pronunciation"},{"start_time":"51.96","end_time":"52.75","alternatives":[{"confidence":"0.6396333333333334","content":"대구냉권으로"}],"type":"pronunciation"},{"start_time":"52.75","end_time":"53.26","alternatives":[{"confidence":"0.6113000000000002","content":"이치시도를"}],"type":"pronunciation"},{"start_time":"53.26","end_time":"53.49","alternatives":[{"confidence":"0.9862","content":"하라고"}],"type":"pronunciation"},{"start_time":"53.49","end_time":"53.91","alternatives":[{"confidence":"0.9999","content":"했습니다"}],"type":"pronunciation"},{"alternatives":[{"confidence":"0.0","content":"."}],"type":"punctuation"},{"start_time":"53.91","end_time":"54.16","alternatives":[{"confidence":"0.56595","content":"이체"}],"type":"pronunciation"},{"start_time":"54.16","end_time":"54.48","alternatives":[{"confidence":"0.2829","content":"지도를"}],"type":"pronunciation"},{"start_time":"54.48","end_time":"54.71","alternatives":[{"confidence":"0.5026","content":"얼마"}],"type":"pronunciation"},{"start_time":"54.71","end_time":"54.84","alternatives":[{"confidence":"0.7893","content":"하지"}],"type":"pronunciation"},{"start_time":"54.84","end_time":"55.39","alternatives":[{"confidence":"0.8756","content":"않습니까"}],"type":"pronunciation"},{"alternatives":[{"confidence":"0.0","content":"?"}],"type":"punctuation"},{"start_time":"58.26","end_time":"58.41","alternatives":[{"confidence":"0.992","content":"하고"}],"type":"pronunciation"},{"start_time":"58.41","end_time":"58.77","alternatives":[{"confidence":"0.9998","content":"있는데요"}],"type":"pronunciation"},{"alternatives":[{"confidence":"0.0","content":","}],"type":"punctuation"},{"start_time":"61.74","end_time":"62.08","alternatives":[{"confidence":"1.0","content":"돈을"}],"type":"pronunciation"},{"start_time":"62.08","end_time":"62.43","alternatives":[{"confidence":"0.9172","content":"갖고"}],"type":"pronunciation"},{"start_time":"62.43","end_time":"63.6","alternatives":[{"confidence":"0.9887","content":"계신다고요"}],"type":"pronunciation"},{"start_time":"64.34","end_time":"64.71","alternatives":[{"confidence":"0.9426","content":"어떤"}],"type":"pronunciation"},{"start_time":"64.71","end_time":"64.94","alternatives":[{"confidence":"1.0","content":"돈을"}],"type":"pronunciation"},{"start_time":"64.94","end_time":"65.21","alternatives":[{"confidence":"0.734","content":"받고"}],"type":"pronunciation"},{"start_time":"65.21","end_time":"65.75","alternatives":[{"confidence":"1.0","content":"계십니까"}],"type":"pronunciation"},{"alternatives":[{"confidence":"0.0","content":"?"}],"type":"punctuation"},{"start_time":"67.28","end_time":"67.68","alternatives":[{"confidence":"0.5339","content":"얼마"}],"type":"pronunciation"},{"start_time":"67.68","end_time":"68.45","alternatives":[{"confidence":"1.0","content":"뽑으셨어요"}],"type":"pronunciation"},{"alternatives":[{"confidence":"0.0","content":"?"}],"type":"punctuation"},{"start_time":"68.52","end_time":"68.76","alternatives":[{"confidence":"0.9992","content":"제가"}],"type":"pronunciation"},{"start_time":"68.76","end_time":"69.17","alternatives":[{"confidence":"0.8910333333333332","content":"뽑으라는"}],"type":"pronunciation"},{"start_time":"69.17","end_time":"69.37","alternatives":[{"confidence":"0.9969","content":"얘기를"}],"type":"pronunciation"},{"start_time":"69.37","end_time":"69.47","alternatives":[{"confidence":"0.592","content":"안"}],"type":"pronunciation"},{"start_time":"69.47","end_time":"69.75","alternatives":[{"confidence":"0.754","content":"하셨지"}],"type":"pronunciation"},{"start_time":"69.75","end_time":"70.24","alternatives":[{"confidence":"0.51","content":"않습니까"}],"type":"pronunciation"},{"alternatives":[{"confidence":"0.0","content":"?"}],"type":"punctuation"},{"start_time":"70.24","end_time":"70.52","alternatives":[{"confidence":"0.5048","content":"본인"}],"type":"pronunciation"},{"start_time":"70.52","end_time":"70.82","alternatives":[{"confidence":"0.8856","content":"앞으로"}],"type":"pronunciation"},{"start_time":"72.57","end_time":"72.9","alternatives":[{"confidence":"0.8484","content":"안에"}],"type":"pronunciation"},{"start_time":"72.9","end_time":"73.32","alternatives":[{"confidence":"1.0","content":"뽑고"}],"type":"pronunciation"},{"start_time":"73.32","end_time":"73.6","alternatives":[{"confidence":"0.9924","content":"위치를"}],"type":"pronunciation"},{"start_time":"73.6","end_time":"73.92","alternatives":[{"confidence":"0.8141","content":"하라는"}],"type":"pronunciation"},{"start_time":"73.92","end_time":"74.02","alternatives":[{"confidence":"0.9227","content":"게"}],"type":"pronunciation"},{"start_time":"74.02","end_time":"74.73","alternatives":[{"confidence":"0.9808","content":"아니라"}],"type":"pronunciation"},{"start_time":"74.93","end_time":"75.56","alternatives":[{"confidence":"0.6878500000000001","content":"대구은행"}],"type":"pronunciation"},{"start_time":"75.56","end_time":"75.93","alternatives":[{"confidence":"0.9828","content":"권으로"}],"type":"pronunciation"},{"start_time":"75.93","end_time":"76.31","alternatives":[{"confidence":"0.9973","content":"일단은"}],"type":"pronunciation"},{"start_time":"76.31","end_time":"76.55","alternatives":[{"confidence":"0.46505","content":"이체"}],"type":"pronunciation"},{"start_time":"76.55","end_time":"76.89","alternatives":[{"confidence":"0.9954","content":"시도를"}],"type":"pronunciation"},{"start_time":"76.89","end_time":"77.4","alternatives":[{"confidence":"0.9963","content":"하고"}],"type":"pronunciation"},{"start_time":"77.545","end_time":"78.345","alternatives":[{"confidence":"0.8205333333333332","content":"대구은행권의"}],"type":"pronunciation"},{"start_time":"78.345","end_time":"78.715","alternatives":[{"confidence":"0.9932","content":"이동을"}],"type":"pronunciation"},{"start_time":"78.715","end_time":"79.285","alternatives":[{"confidence":"0.999","content":"해서"}],"type":"pronunciation"},{"start_time":"79.315","end_time":"79.985","alternatives":[{"confidence":"0.9995","content":"은행권에서"}],"type":"pronunciation"},{"start_time":"79.985","end_time":"80.195","alternatives":[{"confidence":"0.792","content":"이"}],"type":"pronunciation"},{"start_time":"80.195","end_time":"80.675","alternatives":[{"confidence":"0.9995","content":"자금을"}],"type":"pronunciation"},{"start_time":"80.675","end_time":"80.955","alternatives":[{"confidence":"1.0","content":"저희가"}],"type":"pronunciation"},{"start_time":"80.955","end_time":"81.455","alternatives":[{"confidence":"0.9847","content":"수령을"}],"type":"pronunciation"},{"start_time":"81.455","end_time":"81.965","alternatives":[{"confidence":"0.9397","content":"해보겠다"}],"type":"pronunciation"},{"start_time":"81.965","end_time":"82.475","alternatives":[{"confidence":"0.98515","content":"얘기죠"}],"type":"pronunciation"},{"alternatives":[{"confidence":"0.0","content":"."}],"type":"punctuation"},{"start_time":"83.565","end_time":"83.865","alternatives":[{"confidence":"0.7891","content":"본인이"}],"type":"pronunciation"},{"start_time":"83.865","end_time":"84.405","alternatives":[{"confidence":"0.997","content":"직접적으로"}],"type":"pronunciation"},{"start_time":"84.405","end_time":"85.205","alternatives":[{"confidence":"0.887","content":"농협은행권에서"}],"type":"pronunciation"},{"start_time":"85.205","end_time":"85.495","alternatives":[{"confidence":"1.0","content":"돈을"}],"type":"pronunciation"},{"start_time":"85.495","end_time":"85.825","alternatives":[{"confidence":"0.9925999999999999","content":"수령을"}],"type":"pronunciation"},{"start_time":"85.825","end_time":"86.075","alternatives":[{"confidence":"0.9921","content":"하라는"}],"type":"pronunciation"},{"start_time":"86.075","end_time":"86.305","alternatives":[{"confidence":"0.719","content":"얘기가"}],"type":"pronunciation"},{"start_time":"86.305","end_time":"86.745","alternatives":[{"confidence":"0.885","content":"아닙니다"}],"type":"pronunciation"},{"alternatives":[{"confidence":"0.0","content":"."}],"type":"punctuation"},{"start_time":"90.385","end_time":"90.975","alternatives":[{"confidence":"0.72655","content":"상관없근데"}],"type":"pronunciation"},{"start_time":"90.975","end_time":"91.375","alternatives":[{"confidence":"1.0","content":"본인이"}],"type":"pronunciation"},{"start_time":"91.375","end_time":"91.505","alternatives":[{"confidence":"0.5398","content":"왜"}],"type":"pronunciation"},{"start_time":"91.505","end_time":"91.825","alternatives":[{"confidence":"0.8866","content":"테러가"}],"type":"pronunciation"},{"start_time":"91.825","end_time":"92.455","alternatives":[{"confidence":"0.93875","content":"이렇습니까"}],"type":"pronunciation"},{"start_time":"95.475","end_time":"95.705","alternatives":[{"confidence":"0.5431","content":"안"}],"type":"pronunciation"},{"start_time":"95.705","end_time":"96.105","alternatives":[{"confidence":"1.0","content":"됩니까"}],"type":"pronunciation"},{"alternatives":[{"confidence":"0.0","content":"?"}],"type":"punctuation"},{"start_time":"96.345","end_time":"96.675","alternatives":[{"confidence":"0.0908","content":"관한"}],"type":"pronunciation"},{"start_time":"97.005","end_time":"97.635","alternatives":[{"confidence":"0.95655","content":"어디예요"}],"type":"pronunciation"},{"alternatives":[{"confidence":"0.0","content":"?"}],"type":"punctuation"},{"start_time":"97.995","end_time":"98.275","alternatives":[{"confidence":"0.6214","content":"그러니까"}],"type":"pronunciation"},{"start_time":"98.285","end_time":"98.805","alternatives":[{"confidence":"1.0","content":"갑자기"}],"type":"pronunciation"},{"start_time":"98.805","end_time":"99.235","alternatives":[{"confidence":"0.95445","content":"은행권에"}],"type":"pronunciation"},{"start_time":"99.235","end_time":"99.635","alternatives":[{"confidence":"0.9999","content":"들어갔다"}],"type":"pronunciation"},{"start_time":"99.635","end_time":"100.025","alternatives":[{"confidence":"0.8722","content":"나오더니"}],"type":"pronunciation"},{"start_time":"100.025","end_time":"100.135","alternatives":[{"confidence":"0.3856","content":"왜"}],"type":"pronunciation"},{"start_time":"100.135","end_time":"100.435","alternatives":[{"confidence":"0.3356","content":"태도가"}],"type":"pronunciation"},{"start_time":"100.435","end_time":"101.075","alternatives":[{"confidence":"0.9097999999999999","content":"이렇습니까"}],"type":"pronunciation"},{"start_time":"102.005","end_time":"102.385","alternatives":[{"confidence":"0.9975","content":"조사를"}],"type":"pronunciation"},{"start_time":"102.385","end_time":"102.855","alternatives":[{"confidence":"0.9678","content":"하겠다는"}],"type":"pronunciation"},{"start_time":"102.855","end_time":"103.285","alternatives":[{"confidence":"0.9605","content":"거예요"}],"type":"pronunciation"},{"alternatives":[{"confidence":"0.0","content":"?"}],"type":"punctuation"},{"start_time":"103.285","end_time":"103.475","alternatives":[{"confidence":"0.6745","content":"안"}],"type":"pronunciation"},{"start_time":"103.475","end_time":"103.855","alternatives":[{"confidence":"0.9959","content":"하겠다는"}],"type":"pronunciation"},{"start_time":"103.855","end_time":"104.185","alternatives":[{"confidence":"1.0","content":"겁니까"}],"type":"pronunciation"},{"alternatives":[{"confidence":"0.0","content":"?"}],"type":"punctuation"},{"start_time":"104.185","end_time":"104.525","alternatives":[{"confidence":"0.947","content":"지금"}],"type":"pronunciation"},{"start_time":"108.28","end_time":"108.63","alternatives":[{"confidence":"0.4654","content":"협조"}],"type":"pronunciation"},{"start_time":"108.63","end_time":"109.01","alternatives":[{"confidence":"0.9863","content":"하겠어요"}],"type":"pronunciation"},{"alternatives":[{"confidence":"0.0","content":"?"}],"type":"punctuation"},{"start_time":"109.01","end_time":"109.11","alternatives":[{"confidence":"0.7247","content":"안"}],"type":"pronunciation"},{"start_time":"109.11","end_time":"109.68","alternatives":[{"confidence":"0.9996","content":"하겠어요"}],"type":"pronunciation"},{"alternatives":[{"confidence":"0.0","content":"."}],"type":"punctuation"},{"start_time":"109.74","end_time":"110.14","alternatives":[{"confidence":"1.0","content":"정확하게"}],"type":"pronunciation"},{"start_time":"110.14","end_time":"110.7","alternatives":[{"confidence":"0.9411499999999999","content":"얘기하세요"}],"type":"pronunciation"},{"alternatives":[{"confidence":"0.0","content":"."}],"type":"punctuation"},{"start_time":"112.32","end_time":"112.62","alternatives":[{"confidence":"0.9916","content":"아까"}],"type":"pronunciation"},{"start_time":"112.62","end_time":"112.97","alternatives":[{"confidence":"0.9996","content":"제가"}],"type":"pronunciation"},{"start_time":"113.23","end_time":"113.42","alternatives":[{"confidence":"0.3445","content":"너무"}],"type":"pronunciation"},{"start_time":"115.93","end_time":"116.16","alternatives":[{"confidence":"0.0116","content":"너무"}],"type":"pronunciation"},{"start_time":"116.34","end_time":"116.64","alternatives":[{"confidence":"0.0561","content":"너무"}],"type":"pronunciation"},{"start_time":"116.64","end_time":"116.73","alternatives":[{"confidence":"0.0015","content":"을"}],"type":"pronunciation"},{"start_time":"116.73","end_time":"117.09","alternatives":[{"confidence":"1.0","content":"하고"}],"type":"pronunciation"},{"start_time":"117.09","end_time":"117.7","alternatives":[{"confidence":"0.66195","content":"안하고는"}],"type":"pronunciation"},{"start_time":"117.7","end_time":"118.11","alternatives":[{"confidence":"0.09755","content":"저랑은"}],"type":"pronunciation"},{"start_time":"118.11","end_time":"118.63","alternatives":[{"confidence":"0.1142","content":"탕을"}],"type":"pronunciation"},{"start_time":"118.63","end_time":"119.05","alternatives":[{"confidence":"1.0","content":"하나도"}],"type":"pronunciation"},{"start_time":"119.05","end_time":"119.67","alternatives":[{"confidence":"0.9932","content":"없어요"}],"type":"pronunciation"},{"alternatives":[{"confidence":"0.0","content":"."}],"type":"punctuation"},{"start_time":"121.68","end_time":"121.9","alternatives":[{"confidence":"0.6786","content":"너무"}],"type":"pronunciation"},{"start_time":"121.96","end_time":"122.59","alternatives":[{"confidence":"0.6140999999999999","content":"했다라고"}],"type":"pronunciation"},{"start_time":"122.59","end_time":"122.99","alternatives":[{"confidence":"1.0","content":"저한테"}],"type":"pronunciation"},{"start_time":"122.99","end_time":"123.23","alternatives":[{"confidence":"0.9713","content":"지금"}],"type":"pronunciation"},{"start_time":"123.23","end_time":"123.67","alternatives":[{"confidence":"0.99945","content":"협박을"}],"type":"pronunciation"},{"start_time":"123.67","end_time":"123.85","alternatives":[{"confidence":"0.9855","content":"하는"}],"type":"pronunciation"},{"start_time":"123.85","end_time":"124.29","alternatives":[{"confidence":"0.9968","content":"겁니까"}],"type":"pronunciation"},{"alternatives":[{"confidence":"0.0","content":"?"}],"type":"punctuation"},{"start_time":"124.29","end_time":"124.98","alternatives":[{"confidence":"0.938","content":"검사한테"}],"type":"pronunciation"},{"start_time":"126.81","end_time":"127.39","alternatives":[{"confidence":"0.83955","content":"일반인들의"}],"type":"pronunciation"},{"start_time":"127.39","end_time":"127.74","alternatives":[{"confidence":"0.7732","content":"협박이"}],"type":"pronunciation"},{"start_time":"127.74","end_time":"128.13","alternatives":[{"confidence":"0.8584","content":"넘어갈"}],"type":"pronunciation"},{"start_time":"128.13","end_time":"128.24","alternatives":[{"confidence":"0.9957","content":"것"}],"type":"pronunciation"},{"start_time":"128.24","end_time":"128.91","alternatives":[{"confidence":"0.9826","content":"같아요"}],"type":"pronunciation"},{"alternatives":[{"confidence":"0.0","content":"."}],"type":"punctuation"},{"start_time":"129.82","end_time":"130.21","alternatives":[{"confidence":"0.9844","content":"제가"}],"type":"pronunciation"},{"start_time":"130.21","end_time":"130.58","alternatives":[{"confidence":"0.8236","content":"제도를"}],"type":"pronunciation"},{"start_time":"130.58","end_time":"131.12","alternatives":[{"confidence":"0.99975","content":"뽑았는데"}],"type":"pronunciation"},{"start_time":"131.12","end_time":"131.36","alternatives":[{"confidence":"0.6373","content":"그것도"}],"type":"pronunciation"},{"start_time":"131.36","end_time":"131.75","alternatives":[{"confidence":"0.2591","content":"아니잖아요"}],"type":"pronunciation"},{"alternatives":[{"confidence":"0.0","content":"."}],"type":"punctuation"},{"start_time":"133.21","end_time":"133.74","alternatives":[{"confidence":"1.0","content":"본인이"}],"type":"pronunciation"},{"start_time":"133.74","end_time":"134.07","alternatives":[{"confidence":"0.9989","content":"하고"}],"type":"pronunciation"},{"start_time":"134.07","end_time":"134.41","alternatives":[{"confidence":"0.9721","content":"싶은"}],"type":"pronunciation"},{"start_time":"134.41","end_time":"134.63","alternatives":[{"confidence":"0.9887","content":"대로"}],"type":"pronunciation"},{"start_time":"134.63","end_time":"135.07","alternatives":[{"confidence":"0.9136","content":"할"}],"type":"pronunciation"},{"start_time":"135.07","end_time":"135.42","alternatives":[{"confidence":"0.6359","content":"거면"}],"type":"pronunciation"},{"start_time":"135.42","end_time":"135.99","alternatives":[{"confidence":"0.9993","content":"직접적으로"}],"type":"pronunciation"},{"start_time":"135.99","end_time":"136.42","alternatives":[{"confidence":"1.0","content":"나와서"}],"type":"pronunciation"},{"start_time":"136.42","end_time":"136.77","alternatives":[{"confidence":"1.0","content":"조사를"}],"type":"pronunciation"},{"start_time":"136.77","end_time":"137.38","alternatives":[{"confidence":"0.8229","content":"받아보세요"}],"type":"pronunciation"},{"alternatives":[{"confidence":"0.0","content":"."}],"type":"punctuation"},{"start_time":"137.38","end_time":"137.83","alternatives":[{"confidence":"0.2632","content":"그러면"}],"type":"pronunciation"},{"start_time":"141.57","end_time":"141.98","alternatives":[{"confidence":"0.9998","content":"나와서"}],"type":"pronunciation"},{"start_time":"141.98","end_time":"142.26","alternatives":[{"confidence":"0.9982","content":"조사를"}],"type":"pronunciation"},{"start_time":"142.26","end_time":"142.97","alternatives":[{"confidence":"0.7382","content":"받으본인이"}],"type":"pronunciation"},{"start_time":"142.97","end_time":"143.25","alternatives":[{"confidence":"0.4668","content":"직접"}],"type":"pronunciation"},{"start_time":"143.33","end_time":"144.15","alternatives":[{"confidence":"0.7808999999999999","content":"본인개인적으로"}],"type":"pronunciation"},{"start_time":"144.15","end_time":"144.49","alternatives":[{"confidence":"0.9975","content":"행동을"}],"type":"pronunciation"},{"start_time":"144.49","end_time":"144.65","alternatives":[{"confidence":"0.995","content":"할"}],"type":"pronunciation"},{"start_time":"144.65","end_time":"145.03","alternatives":[{"confidence":"0.9714","content":"거면"}],"type":"pronunciation"},{"start_time":"146.14","end_time":"146.43","alternatives":[{"confidence":"1.0","content":"연락을"}],"type":"pronunciation"},{"start_time":"146.43","end_time":"147.25","alternatives":[{"confidence":"1.0","content":"드렸겠습니까"}],"type":"pronunciation"},{"alternatives":[{"confidence":"0.0","content":"."}],"type":"punctuation"},{"start_time":"152.22","end_time":"152.58","alternatives":[{"confidence":"0.9623","content":"그렇게"}],"type":"pronunciation"},{"start_time":"152.58","end_time":"152.96","alternatives":[{"confidence":"0.9995","content":"하세요"}],"type":"pronunciation"},{"alternatives":[{"confidence":"0.0","content":"."}],"type":"punctuation"},{"start_time":"152.96","end_time":"153.19","alternatives":[{"confidence":"0.9981","content":"제가"}],"type":"pronunciation"},{"start_time":"153.19","end_time":"153.77","alternatives":[{"confidence":"0.7511","content":"본인앞으로"}],"type":"pronunciation"},{"start_time":"153.77","end_time":"154.12","alternatives":[{"confidence":"0.9754","content":"달라는"}],"type":"pronunciation"},{"start_time":"154.12","end_time":"154.32","alternatives":[{"confidence":"1.0","content":"것도"}],"type":"pronunciation"},{"start_time":"154.32","end_time":"154.69","alternatives":[{"confidence":"0.9394","content":"없는데"}],"type":"pronunciation"},{"start_time":"154.69","end_time":"155.07","alternatives":[{"confidence":"1.0","content":"전화를"}],"type":"pronunciation"},{"start_time":"155.07","end_time":"155.26","alternatives":[{"confidence":"0.5316","content":"해서"}],"type":"pronunciation"},{"start_time":"155.29","end_time":"155.89","alternatives":[{"confidence":"1.0","content":"직접적으로"}],"type":"pronunciation"},{"start_time":"155.89","end_time":"156.44","alternatives":[{"confidence":"0.4671","content":"김독재가"}],"type":"pronunciation"},{"start_time":"156.44","end_time":"157.25","alternatives":[{"confidence":"0.9976","content":"확인되면"}],"type":"pronunciation"},{"start_time":"157.45","end_time":"157.74","alternatives":[{"confidence":"0.5209","content":"본인"}],"type":"pronunciation"},{"start_time":"157.74","end_time":"158.17","alternatives":[{"confidence":"0.51505","content":"구속수사"}],"type":"pronunciation"},{"start_time":"158.17","end_time":"159.0","alternatives":[{"confidence":"0.9954000000000001","content":"들어가겠습니다"}],"type":"pronunciation"},{"alternatives":[{"confidence":"0.0","content":"."}],"type":"punctuation"},{"start_time":"159.47","end_time":"159.6","alternatives":[{"confidence":"0.0495","content":"건"}],"type":"pronunciation"},{"start_time":"159.6","end_time":"159.84","alternatives":[{"confidence":"0.9662","content":"알고"}],"type":"pronunciation"},{"start_time":"159.84","end_time":"160.49","alternatives":[{"confidence":"0.9952","content":"계시고"}],"type":"pronunciation"},{"start_time":"160.49","end_time":"160.56","alternatives":[{"confidence":"0.4674","content":"그"}],"type":"pronunciation"},{"start_time":"160.8","end_time":"161.61","alternatives":[{"confidence":"0.9544333333333332","content":"보내줬으니까"}],"type":"pronunciation"},{"start_time":"162.37","end_time":"162.72","alternatives":[{"confidence":"0.92465","content":"같으냐"}],"type":"pronunciation"},{"start_time":"162.72","end_time":"163.08","alternatives":[{"confidence":"0.2248","content":"나"}],"type":"pronunciation"}]},"status":"COMPLETED"}