{"jobName":"transcribes..82","accountId":"097989105209","results":{"transcripts":[{"transcript":"말씀하세요 음성놓지 전하는 교사 3 자필 서명과 동일한 효력을 지니면 음성놓지 좀 타인의 음성이 섞인 다거나 본인께서 타인과 대화를 하는 내용이 음성놓지 전환이 나무 실경우 음성조사서 효력발생에 문제가 생겨 본인에게 불리하게 적용될 수 있으시니 조용한 대로 이동하셔서 조사 받아 주기도 합니다 합니다. 빨리 말씀하셨바쁘거든요 몇 가지 몇 가지만 물어볼게요 발견된 스탠턴 은행 총장의 개설부분을 확인해본 결과 지점에서 개설된 계좌로 확인되는데. 혹시 본인께서 직접 발급받으셨구나? 발급에 도움 주신 적이 있으세요? 최근 이 년 이내에 타인에게 통장이나 신분증을 판매나 양도혹은 분실하신 적이 있으세요? 없어요 최근 사회적으로 많은 문제가 되고 있는 개인정보 유출 상황있으신가요 그러니까 평소에 대출권유문자나 전화가 많이 오시는 편인가요? 현재 은행과 거래를 하고 계신가요? 안합니다 라도 있으시면 말씀해주셔야 한다 없습니까? 혹시 본인은 인터넷 을 사용하고 계세요? 도 안 하시고요? 혹시 사용하시는 은행권에서 모르시는 자금이 이체되신 거구나 입금되신 적이 있으세요? 없어요 유선수사협조하시는 게 많이 불안하신 것 같으신데 로 보훈청 방문해주셔서 소환장은 등본 상 거주지로 발생해 드릴 겁니다 뭐라고요? 이 주 내로 본청 방문해주셔야 된다고요? 서울 지방청, 서울지방경찰청 이야 서울지방경찰청 이요? 서울지방주소 알려드릴게요! 서울시 종로 이주내로 본청 방문해 주시면 되고요 소환장은 등본상거수시로 발생해주실 겁니다 어떻게 되세요? 김범선 경장입니다 그래요? 찾아오시는 기를 궁금한 사항 있으시면 공이 16 공공 전화주셔서 제 이름 되시고 찾아보시면 돼요 그래요? 수고하십시오"}],"items":[{"start_time":"1.14","end_time":"1.96","alternatives":[{"confidence":"0.9561999999999999","content":"말씀하세요"}],"type":"pronunciation"},{"start_time":"2.71","end_time":"3.47","alternatives":[{"confidence":"0.3405","content":"음성놓지"}],"type":"pronunciation"},{"start_time":"3.47","end_time":"3.89","alternatives":[{"confidence":"0.0083","content":"전하는"}],"type":"pronunciation"},{"start_time":"3.89","end_time":"4.17","alternatives":[{"confidence":"0.0384","content":"교사"}],"type":"pronunciation"},{"start_time":"4.17","end_time":"4.33","alternatives":[{"confidence":"0.0134","content":"3"}],"type":"pronunciation"},{"start_time":"4.33","end_time":"4.64","alternatives":[{"confidence":"0.36595","content":"자필"}],"type":"pronunciation"},{"start_time":"4.64","end_time":"5.01","alternatives":[{"confidence":"0.99345","content":"서명과"}],"type":"pronunciation"},{"start_time":"5.01","end_time":"5.41","alternatives":[{"confidence":"1.0","content":"동일한"}],"type":"pronunciation"},{"start_time":"5.41","end_time":"5.75","alternatives":[{"confidence":"1.0","content":"효력을"}],"type":"pronunciation"},{"start_time":"5.75","end_time":"6.64","alternatives":[{"confidence":"0.6119","content":"지니면"}],"type":"pronunciation"},{"start_time":"7.57","end_time":"8.21","alternatives":[{"confidence":"0.42035","content":"음성놓지"}],"type":"pronunciation"},{"start_time":"8.21","end_time":"8.37","alternatives":[{"confidence":"0.323","content":"좀"}],"type":"pronunciation"},{"start_time":"8.37","end_time":"8.74","alternatives":[{"confidence":"0.914","content":"타인의"}],"type":"pronunciation"},{"start_time":"8.74","end_time":"9.1","alternatives":[{"confidence":"0.99875","content":"음성이"}],"type":"pronunciation"},{"start_time":"9.1","end_time":"9.38","alternatives":[{"confidence":"0.9999","content":"섞인"}],"type":"pronunciation"},{"start_time":"9.38","end_time":"9.82","alternatives":[{"confidence":"1.0","content":"다거나"}],"type":"pronunciation"},{"start_time":"10.19","end_time":"10.68","alternatives":[{"confidence":"0.873","content":"본인께서"}],"type":"pronunciation"},{"start_time":"10.68","end_time":"11.06","alternatives":[{"confidence":"0.75055","content":"타인과"}],"type":"pronunciation"},{"start_time":"11.06","end_time":"11.43","alternatives":[{"confidence":"0.9992","content":"대화를"}],"type":"pronunciation"},{"start_time":"11.43","end_time":"11.63","alternatives":[{"confidence":"0.9999","content":"하는"}],"type":"pronunciation"},{"start_time":"11.63","end_time":"11.93","alternatives":[{"confidence":"0.9685","content":"내용이"}],"type":"pronunciation"},{"start_time":"11.93","end_time":"12.55","alternatives":[{"confidence":"0.7455499999999999","content":"음성놓지"}],"type":"pronunciation"},{"start_time":"12.55","end_time":"12.83","alternatives":[{"confidence":"0.6231","content":"전환이"}],"type":"pronunciation"},{"start_time":"12.83","end_time":"13.07","alternatives":[{"confidence":"0.6938","content":"나무"}],"type":"pronunciation"},{"start_time":"13.07","end_time":"13.59","alternatives":[{"confidence":"0.7468","content":"실경우"}],"type":"pronunciation"},{"start_time":"14.04","end_time":"14.98","alternatives":[{"confidence":"0.5166333333333334","content":"음성조사서"}],"type":"pronunciation"},{"start_time":"14.98","end_time":"15.61","alternatives":[{"confidence":"0.8159666666666666","content":"효력발생에"}],"type":"pronunciation"},{"start_time":"15.61","end_time":"15.96","alternatives":[{"confidence":"1.0","content":"문제가"}],"type":"pronunciation"},{"start_time":"15.96","end_time":"16.2","alternatives":[{"confidence":"0.7356","content":"생겨"}],"type":"pronunciation"},{"start_time":"16.2","end_time":"16.73","alternatives":[{"confidence":"0.99855","content":"본인에게"}],"type":"pronunciation"},{"start_time":"17.18","end_time":"17.63","alternatives":[{"confidence":"1.0","content":"불리하게"}],"type":"pronunciation"},{"start_time":"17.63","end_time":"17.99","alternatives":[{"confidence":"0.9894","content":"적용될"}],"type":"pronunciation"},{"start_time":"17.99","end_time":"18.1","alternatives":[{"confidence":"0.999","content":"수"}],"type":"pronunciation"},{"start_time":"18.1","end_time":"18.61","alternatives":[{"confidence":"0.9316","content":"있으시니"}],"type":"pronunciation"},{"start_time":"19.04","end_time":"19.42","alternatives":[{"confidence":"0.9814","content":"조용한"}],"type":"pronunciation"},{"start_time":"19.42","end_time":"19.6","alternatives":[{"confidence":"0.661","content":"대로"}],"type":"pronunciation"},{"start_time":"19.6","end_time":"20.13","alternatives":[{"confidence":"0.9938","content":"이동하셔서"}],"type":"pronunciation"},{"start_time":"20.13","end_time":"20.36","alternatives":[{"confidence":"0.6124","content":"조사"}],"type":"pronunciation"},{"start_time":"20.36","end_time":"20.59","alternatives":[{"confidence":"0.516","content":"받아"}],"type":"pronunciation"},{"start_time":"20.59","end_time":"20.94","alternatives":[{"confidence":"0.9629","content":"주기도"}],"type":"pronunciation"},{"start_time":"20.94","end_time":"21.28","alternatives":[{"confidence":"0.9958","content":"합니다"}],"type":"pronunciation"},{"start_time":"22.22","end_time":"22.75","alternatives":[{"confidence":"0.008","content":"합니다"}],"type":"pronunciation"},{"alternatives":[{"confidence":"0.0","content":"."}],"type":"punctuation"},{"start_time":"22.75","end_time":"22.98","alternatives":[{"confidence":"0.0749","content":"빨리"}],"type":"pronunciation"},{"start_time":"22.98","end_time":"25.19","alternatives":[{"confidence":"0.9925333333333333","content":"말씀하셨바쁘거든요"}],"type":"pronunciation"},{"start_time":"25.7","end_time":"25.89","alternatives":[{"confidence":"0.9597","content":"몇"}],"type":"pronunciation"},{"start_time":"25.89","end_time":"26.37","alternatives":[{"confidence":"0.9234","content":"가지"}],"type":"pronunciation"},{"start_time":"26.52","end_time":"26.69","alternatives":[{"confidence":"0.9483","content":"몇"}],"type":"pronunciation"},{"start_time":"26.69","end_time":"27.04","alternatives":[{"confidence":"1.0","content":"가지만"}],"type":"pronunciation"},{"start_time":"27.04","end_time":"27.69","alternatives":[{"confidence":"0.7046","content":"물어볼게요"}],"type":"pronunciation"},{"start_time":"29.22","end_time":"29.84","alternatives":[{"confidence":"0.9994","content":"발견된"}],"type":"pronunciation"},{"start_time":"29.84","end_time":"30.36","alternatives":[{"confidence":"0.66425","content":"스탠턴"}],"type":"pronunciation"},{"start_time":"30.39","end_time":"30.86","alternatives":[{"confidence":"0.6977","content":"은행"}],"type":"pronunciation"},{"start_time":"30.86","end_time":"31.24","alternatives":[{"confidence":"0.78935","content":"총장의"}],"type":"pronunciation"},{"start_time":"31.24","end_time":"31.84","alternatives":[{"confidence":"0.94585","content":"개설부분을"}],"type":"pronunciation"},{"start_time":"31.84","end_time":"32.87","alternatives":[{"confidence":"0.75135","content":"확인해본"}],"type":"pronunciation"},{"start_time":"32.87","end_time":"33.33","alternatives":[{"confidence":"0.9908","content":"결과"}],"type":"pronunciation"},{"start_time":"34.88","end_time":"35.28","alternatives":[{"confidence":"0.9913","content":"지점에서"}],"type":"pronunciation"},{"start_time":"35.28","end_time":"35.72","alternatives":[{"confidence":"1.0","content":"개설된"}],"type":"pronunciation"},{"start_time":"35.72","end_time":"36.05","alternatives":[{"confidence":"0.99965","content":"계좌로"}],"type":"pronunciation"},{"start_time":"36.05","end_time":"36.81","alternatives":[{"confidence":"0.9642","content":"확인되는데"}],"type":"pronunciation"},{"alternatives":[{"confidence":"0.0","content":"."}],"type":"punctuation"},{"start_time":"36.9","end_time":"37.37","alternatives":[{"confidence":"1.0","content":"혹시"}],"type":"pronunciation"},{"start_time":"37.37","end_time":"37.87","alternatives":[{"confidence":"0.99315","content":"본인께서"}],"type":"pronunciation"},{"start_time":"37.87","end_time":"38.15","alternatives":[{"confidence":"0.9968","content":"직접"}],"type":"pronunciation"},{"start_time":"38.16","end_time":"39.16","alternatives":[{"confidence":"0.9039333333333334","content":"발급받으셨구나"}],"type":"pronunciation"},{"alternatives":[{"confidence":"0.0","content":"?"}],"type":"punctuation"},{"start_time":"39.55","end_time":"39.93","alternatives":[{"confidence":"0.7841","content":"발급에"}],"type":"pronunciation"},{"start_time":"39.93","end_time":"40.21","alternatives":[{"confidence":"0.8926","content":"도움"}],"type":"pronunciation"},{"start_time":"40.21","end_time":"40.49","alternatives":[{"confidence":"0.9471","content":"주신"}],"type":"pronunciation"},{"start_time":"40.49","end_time":"40.64","alternatives":[{"confidence":"0.7924","content":"적이"}],"type":"pronunciation"},{"start_time":"40.64","end_time":"41.12","alternatives":[{"confidence":"1.0","content":"있으세요"}],"type":"pronunciation"},{"alternatives":[{"confidence":"0.0","content":"?"}],"type":"punctuation"},{"start_time":"43.44","end_time":"43.8","alternatives":[{"confidence":"0.9962","content":"최근"}],"type":"pronunciation"},{"start_time":"43.8","end_time":"43.89","alternatives":[{"confidence":"0.8137","content":"이"}],"type":"pronunciation"},{"start_time":"43.89","end_time":"44.11","alternatives":[{"confidence":"0.9172","content":"년"}],"type":"pronunciation"},{"start_time":"44.11","end_time":"44.29","alternatives":[{"confidence":"0.4596","content":"이내에"}],"type":"pronunciation"},{"start_time":"44.42","end_time":"44.92","alternatives":[{"confidence":"0.9973","content":"타인에게"}],"type":"pronunciation"},{"start_time":"44.92","end_time":"45.42","alternatives":[{"confidence":"0.9648","content":"통장이나"}],"type":"pronunciation"},{"start_time":"45.42","end_time":"45.91","alternatives":[{"confidence":"0.9996","content":"신분증을"}],"type":"pronunciation"},{"start_time":"45.91","end_time":"46.32","alternatives":[{"confidence":"0.9371","content":"판매나"}],"type":"pronunciation"},{"start_time":"46.32","end_time":"46.85","alternatives":[{"confidence":"0.8712","content":"양도혹은"}],"type":"pronunciation"},{"start_time":"46.85","end_time":"47.33","alternatives":[{"confidence":"0.99115","content":"분실하신"}],"type":"pronunciation"},{"start_time":"47.33","end_time":"47.48","alternatives":[{"confidence":"0.801","content":"적이"}],"type":"pronunciation"},{"start_time":"47.48","end_time":"48.01","alternatives":[{"confidence":"1.0","content":"있으세요"}],"type":"pronunciation"},{"alternatives":[{"confidence":"0.0","content":"?"}],"type":"punctuation"},{"start_time":"48.13","end_time":"49.04","alternatives":[{"confidence":"0.0394","content":"없어요"}],"type":"pronunciation"},{"start_time":"50.04","end_time":"50.42","alternatives":[{"confidence":"0.9601","content":"최근"}],"type":"pronunciation"},{"start_time":"50.42","end_time":"50.9","alternatives":[{"confidence":"1.0","content":"사회적으로"}],"type":"pronunciation"},{"start_time":"50.9","end_time":"51.17","alternatives":[{"confidence":"0.9904","content":"많은"}],"type":"pronunciation"},{"start_time":"51.17","end_time":"51.48","alternatives":[{"confidence":"1.0","content":"문제가"}],"type":"pronunciation"},{"start_time":"51.48","end_time":"51.69","alternatives":[{"confidence":"0.9896","content":"되고"}],"type":"pronunciation"},{"start_time":"51.69","end_time":"51.94","alternatives":[{"confidence":"0.9989","content":"있는"}],"type":"pronunciation"},{"start_time":"52.0","end_time":"52.56","alternatives":[{"confidence":"0.8171","content":"개인정보"}],"type":"pronunciation"},{"start_time":"52.56","end_time":"52.79","alternatives":[{"confidence":"0.5082","content":"유출"}],"type":"pronunciation"},{"start_time":"53.11","end_time":"54.21","alternatives":[{"confidence":"0.6234500000000001","content":"상황있으신가요"}],"type":"pronunciation"},{"start_time":"54.24","end_time":"54.72","alternatives":[{"confidence":"0.0035","content":"그러니까"}],"type":"pronunciation"},{"start_time":"55.78","end_time":"56.18","alternatives":[{"confidence":"0.9304","content":"평소에"}],"type":"pronunciation"},{"start_time":"56.18","end_time":"57.23","alternatives":[{"confidence":"0.582775","content":"대출권유문자나"}],"type":"pronunciation"},{"start_time":"57.23","end_time":"57.6","alternatives":[{"confidence":"0.9992","content":"전화가"}],"type":"pronunciation"},{"start_time":"57.6","end_time":"57.86","alternatives":[{"confidence":"0.9996","content":"많이"}],"type":"pronunciation"},{"start_time":"57.86","end_time":"58.17","alternatives":[{"confidence":"0.9991","content":"오시는"}],"type":"pronunciation"},{"start_time":"58.17","end_time":"58.68","alternatives":[{"confidence":"1.0","content":"편인가요"}],"type":"pronunciation"},{"alternatives":[{"confidence":"0.0","content":"?"}],"type":"punctuation"},{"start_time":"61.59","end_time":"61.92","alternatives":[{"confidence":"0.4951","content":"현재"}],"type":"pronunciation"},{"start_time":"62.88","end_time":"63.23","alternatives":[{"confidence":"0.9969","content":"은행과"}],"type":"pronunciation"},{"start_time":"63.23","end_time":"63.61","alternatives":[{"confidence":"0.9996","content":"거래를"}],"type":"pronunciation"},{"start_time":"63.61","end_time":"63.8","alternatives":[{"confidence":"1.0","content":"하고"}],"type":"pronunciation"},{"start_time":"63.8","end_time":"64.3","alternatives":[{"confidence":"0.9994","content":"계신가요"}],"type":"pronunciation"},{"alternatives":[{"confidence":"0.0","content":"?"}],"type":"punctuation"},{"start_time":"64.86","end_time":"65.55","alternatives":[{"confidence":"0.0139","content":"안합니다"}],"type":"pronunciation"},{"start_time":"67.32","end_time":"67.49","alternatives":[{"confidence":"0.4099","content":"라도"}],"type":"pronunciation"},{"start_time":"67.49","end_time":"67.89","alternatives":[{"confidence":"1.0","content":"있으시면"}],"type":"pronunciation"},{"start_time":"67.89","end_time":"68.52","alternatives":[{"confidence":"0.742","content":"말씀해주셔야"}],"type":"pronunciation"},{"start_time":"68.52","end_time":"68.82","alternatives":[{"confidence":"0.7753","content":"한다"}],"type":"pronunciation"},{"start_time":"69.16","end_time":"69.85","alternatives":[{"confidence":"0.963","content":"없습니까"}],"type":"pronunciation"},{"alternatives":[{"confidence":"0.0","content":"?"}],"type":"punctuation"},{"start_time":"71.24","end_time":"71.55","alternatives":[{"confidence":"1.0","content":"혹시"}],"type":"pronunciation"},{"start_time":"71.55","end_time":"72.2","alternatives":[{"confidence":"1.0","content":"본인은"}],"type":"pronunciation"},{"start_time":"72.2","end_time":"72.6","alternatives":[{"confidence":"0.5294","content":"인터넷"}],"type":"pronunciation"},{"start_time":"74.14","end_time":"74.21","alternatives":[{"confidence":"0.5402","content":"을"}],"type":"pronunciation"},{"start_time":"74.21","end_time":"74.58","alternatives":[{"confidence":"0.9002","content":"사용하고"}],"type":"pronunciation"},{"start_time":"74.58","end_time":"74.94","alternatives":[{"confidence":"0.9998","content":"계세요"}],"type":"pronunciation"},{"alternatives":[{"confidence":"0.0","content":"?"}],"type":"punctuation"},{"start_time":"77.92","end_time":"78.03","alternatives":[{"confidence":"0.4435","content":"도"}],"type":"pronunciation"},{"start_time":"78.03","end_time":"78.14","alternatives":[{"confidence":"0.6182","content":"안"}],"type":"pronunciation"},{"start_time":"78.14","end_time":"79.28","alternatives":[{"confidence":"0.994","content":"하시고요"}],"type":"pronunciation"},{"alternatives":[{"confidence":"0.0","content":"?"}],"type":"punctuation"},{"start_time":"83.23","end_time":"83.56","alternatives":[{"confidence":"1.0","content":"혹시"}],"type":"pronunciation"},{"start_time":"83.56","end_time":"84.25","alternatives":[{"confidence":"0.88415","content":"사용하시는"}],"type":"pronunciation"},{"start_time":"84.28","end_time":"84.85","alternatives":[{"confidence":"0.9995499999999999","content":"은행권에서"}],"type":"pronunciation"},{"start_time":"84.85","end_time":"85.39","alternatives":[{"confidence":"0.99675","content":"모르시는"}],"type":"pronunciation"},{"start_time":"85.39","end_time":"85.84","alternatives":[{"confidence":"0.9594","content":"자금이"}],"type":"pronunciation"},{"start_time":"85.84","end_time":"86.4","alternatives":[{"confidence":"0.8677","content":"이체되신"}],"type":"pronunciation"},{"start_time":"86.4","end_time":"86.8","alternatives":[{"confidence":"0.6612","content":"거구나"}],"type":"pronunciation"},{"start_time":"87.2","end_time":"87.69","alternatives":[{"confidence":"0.8514999999999999","content":"입금되신"}],"type":"pronunciation"},{"start_time":"87.69","end_time":"87.83","alternatives":[{"confidence":"0.6044","content":"적이"}],"type":"pronunciation"},{"start_time":"87.83","end_time":"88.26","alternatives":[{"confidence":"0.9196","content":"있으세요"}],"type":"pronunciation"},{"alternatives":[{"confidence":"0.0","content":"?"}],"type":"punctuation"},{"start_time":"88.75","end_time":"89.56","alternatives":[{"confidence":"0.9894","content":"없어요"}],"type":"pronunciation"},{"start_time":"92.53","end_time":"93.73","alternatives":[{"confidence":"0.566575","content":"유선수사협조하시는"}],"type":"pronunciation"},{"start_time":"93.73","end_time":"93.8","alternatives":[{"confidence":"0.9874","content":"게"}],"type":"pronunciation"},{"start_time":"93.8","end_time":"94.02","alternatives":[{"confidence":"0.9818","content":"많이"}],"type":"pronunciation"},{"start_time":"94.02","end_time":"94.52","alternatives":[{"confidence":"0.89215","content":"불안하신"}],"type":"pronunciation"},{"start_time":"94.52","end_time":"94.62","alternatives":[{"confidence":"1.0","content":"것"}],"type":"pronunciation"},{"start_time":"94.62","end_time":"95.51","alternatives":[{"confidence":"0.8734000000000001","content":"같으신데"}],"type":"pronunciation"},{"start_time":"96.16","end_time":"96.41","alternatives":[{"confidence":"0.4531","content":"로"}],"type":"pronunciation"},{"start_time":"96.47","end_time":"96.87","alternatives":[{"confidence":"0.2182","content":"보훈청"}],"type":"pronunciation"},{"start_time":"96.87","end_time":"97.59","alternatives":[{"confidence":"0.65445","content":"방문해주셔서"}],"type":"pronunciation"},{"start_time":"97.62","end_time":"98.18","alternatives":[{"confidence":"0.9699","content":"소환장은"}],"type":"pronunciation"},{"start_time":"98.18","end_time":"98.54","alternatives":[{"confidence":"0.7465999999999999","content":"등본"}],"type":"pronunciation"},{"start_time":"98.54","end_time":"98.68","alternatives":[{"confidence":"0.523","content":"상"}],"type":"pronunciation"},{"start_time":"98.68","end_time":"99.11","alternatives":[{"confidence":"0.99775","content":"거주지로"}],"type":"pronunciation"},{"start_time":"99.11","end_time":"99.47","alternatives":[{"confidence":"0.409","content":"발생해"}],"type":"pronunciation"},{"start_time":"99.47","end_time":"99.64","alternatives":[{"confidence":"0.8126","content":"드릴"}],"type":"pronunciation"},{"start_time":"99.64","end_time":"100.05","alternatives":[{"confidence":"0.9953","content":"겁니다"}],"type":"pronunciation"},{"start_time":"101.2","end_time":"101.8","alternatives":[{"confidence":"0.5716","content":"뭐라고요"}],"type":"pronunciation"},{"alternatives":[{"confidence":"0.0","content":"?"}],"type":"punctuation"},{"start_time":"104.23","end_time":"104.37","alternatives":[{"confidence":"0.1099","content":"이"}],"type":"pronunciation"},{"start_time":"104.37","end_time":"104.52","alternatives":[{"confidence":"0.171","content":"주"}],"type":"pronunciation"},{"start_time":"104.52","end_time":"104.76","alternatives":[{"confidence":"0.2171","content":"내로"}],"type":"pronunciation"},{"start_time":"104.76","end_time":"105.13","alternatives":[{"confidence":"0.22035","content":"본청"}],"type":"pronunciation"},{"start_time":"105.13","end_time":"105.83","alternatives":[{"confidence":"0.8244000000000001","content":"방문해주셔야"}],"type":"pronunciation"},{"start_time":"105.83","end_time":"106.35","alternatives":[{"confidence":"0.1326","content":"된다고요"}],"type":"pronunciation"},{"alternatives":[{"confidence":"0.0","content":"?"}],"type":"punctuation"},{"start_time":"109.0","end_time":"109.46","alternatives":[{"confidence":"0.7072","content":"서울"}],"type":"pronunciation"},{"start_time":"109.72","end_time":"110.26","alternatives":[{"confidence":"0.8622000000000001","content":"지방청"}],"type":"pronunciation"},{"alternatives":[{"confidence":"0.0","content":","}],"type":"punctuation"},{"start_time":"112.43","end_time":"113.6","alternatives":[{"confidence":"0.7892","content":"서울지방경찰청"}],"type":"pronunciation"},{"start_time":"113.6","end_time":"113.91","alternatives":[{"confidence":"0.4524","content":"이야"}],"type":"pronunciation"},{"start_time":"116.45","end_time":"117.97","alternatives":[{"confidence":"0.92045","content":"서울지방경찰청"}],"type":"pronunciation"},{"start_time":"117.97","end_time":"118.22","alternatives":[{"confidence":"0.9965","content":"이요"}],"type":"pronunciation"},{"alternatives":[{"confidence":"0.0","content":"?"}],"type":"punctuation"},{"start_time":"118.25","end_time":"120.85","alternatives":[{"confidence":"0.4306","content":"서울지방주소"}],"type":"pronunciation"},{"start_time":"120.85","end_time":"121.68","alternatives":[{"confidence":"0.9292","content":"알려드릴게요"}],"type":"pronunciation"},{"alternatives":[{"confidence":"0.0","content":"!"}],"type":"punctuation"},{"start_time":"122.56","end_time":"123.14","alternatives":[{"confidence":"0.9941","content":"서울시"}],"type":"pronunciation"},{"start_time":"123.14","end_time":"123.52","alternatives":[{"confidence":"0.899","content":"종로"}],"type":"pronunciation"},{"start_time":"127.86","end_time":"128.37","alternatives":[{"confidence":"0.24520000000000006","content":"이주내로"}],"type":"pronunciation"},{"start_time":"128.37","end_time":"128.7","alternatives":[{"confidence":"0.8519","content":"본청"}],"type":"pronunciation"},{"start_time":"128.7","end_time":"129.06","alternatives":[{"confidence":"0.7398","content":"방문해"}],"type":"pronunciation"},{"start_time":"129.06","end_time":"129.36","alternatives":[{"confidence":"0.7733","content":"주시면"}],"type":"pronunciation"},{"start_time":"129.36","end_time":"129.98","alternatives":[{"confidence":"0.9978","content":"되고요"}],"type":"pronunciation"},{"start_time":"130.23","end_time":"130.93","alternatives":[{"confidence":"0.98385","content":"소환장은"}],"type":"pronunciation"},{"start_time":"130.96","end_time":"132.07","alternatives":[{"confidence":"0.062040000000000005","content":"등본상거수시로"}],"type":"pronunciation"},{"start_time":"132.07","end_time":"132.68","alternatives":[{"confidence":"0.20685","content":"발생해주실"}],"type":"pronunciation"},{"start_time":"132.68","end_time":"133.04","alternatives":[{"confidence":"0.9868","content":"겁니다"}],"type":"pronunciation"},{"start_time":"133.72","end_time":"133.96","alternatives":[{"confidence":"0.2479","content":"어떻게"}],"type":"pronunciation"},{"start_time":"133.96","end_time":"134.55","alternatives":[{"confidence":"0.2066","content":"되세요"}],"type":"pronunciation"},{"alternatives":[{"confidence":"0.0","content":"?"}],"type":"punctuation"},{"start_time":"135.96","end_time":"136.95","alternatives":[{"confidence":"0.8325","content":"김범선"}],"type":"pronunciation"},{"start_time":"136.95","end_time":"137.71","alternatives":[{"confidence":"0.9498666666666667","content":"경장입니다"}],"type":"pronunciation"},{"start_time":"138.51","end_time":"139.05","alternatives":[{"confidence":"0.9909","content":"그래요"}],"type":"pronunciation"},{"alternatives":[{"confidence":"0.0","content":"?"}],"type":"punctuation"},{"start_time":"140.42","end_time":"141.07","alternatives":[{"confidence":"0.70975","content":"찾아오시는"}],"type":"pronunciation"},{"start_time":"141.07","end_time":"141.27","alternatives":[{"confidence":"0.3932","content":"기를"}],"type":"pronunciation"},{"start_time":"141.27","end_time":"141.75","alternatives":[{"confidence":"0.6339","content":"궁금한"}],"type":"pronunciation"},{"start_time":"141.75","end_time":"142.0","alternatives":[{"confidence":"0.0096","content":"사항"}],"type":"pronunciation"},{"start_time":"142.21","end_time":"142.94","alternatives":[{"confidence":"0.9999","content":"있으시면"}],"type":"pronunciation"},{"start_time":"143.25","end_time":"143.72","alternatives":[{"confidence":"0.8184","content":"공이"}],"type":"pronunciation"},{"start_time":"144.03","end_time":"144.43","alternatives":[{"confidence":"0.7444500000000001","content":"16"}],"type":"pronunciation"},{"start_time":"144.46","end_time":"145.03","alternatives":[{"confidence":"0.9064","content":"공공"}],"type":"pronunciation"},{"start_time":"145.99","end_time":"146.76","alternatives":[{"confidence":"0.9731000000000001","content":"전화주셔서"}],"type":"pronunciation"},{"start_time":"147.1","end_time":"147.3","alternatives":[{"confidence":"0.8347","content":"제"}],"type":"pronunciation"},{"start_time":"147.3","end_time":"147.52","alternatives":[{"confidence":"0.6896","content":"이름"}],"type":"pronunciation"},{"start_time":"147.52","end_time":"147.87","alternatives":[{"confidence":"0.5441","content":"되시고"}],"type":"pronunciation"},{"start_time":"147.87","end_time":"148.41","alternatives":[{"confidence":"0.7832","content":"찾아보시면"}],"type":"pronunciation"},{"start_time":"148.41","end_time":"148.76","alternatives":[{"confidence":"0.915","content":"돼요"}],"type":"pronunciation"},{"start_time":"149.1","end_time":"149.64","alternatives":[{"confidence":"0.9454","content":"그래요"}],"type":"pronunciation"},{"alternatives":[{"confidence":"0.0","content":"?"}],"type":"punctuation"},{"start_time":"150.68","end_time":"151.6","alternatives":[{"confidence":"1.0","content":"수고하십시오"}],"type":"pronunciation"}]},"status":"COMPLETED"}