{"jobName":"transcribes143","accountId":"097989105209","results":{"transcripts":[{"transcript":"명의로 된 통장두 개를 발견을 했는데 신한은행이랑 국민은행으로 확인이 됐고요. 본인은 알고 계셨어요? 예산안통장이 아니면은 지금 개인 명의가 동행이 된 건데 불법적으로 사용이 되셨어요. 일단 저희가 은행하고 비교를 대적표가 병명이 가 통장을 확실하게 확인이 됐고 여러 개 드린건데 전혀 모르시는 부분이 많고요. 셨던 이 사건 개요를 살짝 말씀드릴게요. 그러세요. 그러면 주소로 저희가 공문이라 소환창발굴해 드릴테니까 날 째 방문해주세요 안하시면은 다음주 중에 재판이라 법적으로 둘이 받으세요."}],"items":[{"start_time":"0.99","end_time":"1.35","alternatives":[{"confidence":"1.0","content":"명의로"}],"type":"pronunciation"},{"start_time":"1.35","end_time":"1.5","alternatives":[{"confidence":"1.0","content":"된"}],"type":"pronunciation"},{"start_time":"1.5","end_time":"1.98","alternatives":[{"confidence":"0.9469000000000001","content":"통장두"}],"type":"pronunciation"},{"start_time":"1.98","end_time":"2.24","alternatives":[{"confidence":"0.9264","content":"개를"}],"type":"pronunciation"},{"start_time":"2.24","end_time":"2.66","alternatives":[{"confidence":"0.98675","content":"발견을"}],"type":"pronunciation"},{"start_time":"2.66","end_time":"3.3","alternatives":[{"confidence":"0.9986","content":"했는데"}],"type":"pronunciation"},{"start_time":"3.74","end_time":"4.54","alternatives":[{"confidence":"0.6262666666666666","content":"신한은행이랑"}],"type":"pronunciation"},{"start_time":"4.54","end_time":"5.35","alternatives":[{"confidence":"0.98735","content":"국민은행으로"}],"type":"pronunciation"},{"start_time":"5.35","end_time":"5.66","alternatives":[{"confidence":"0.9997","content":"확인이"}],"type":"pronunciation"},{"start_time":"5.66","end_time":"6.26","alternatives":[{"confidence":"0.99185","content":"됐고요"}],"type":"pronunciation"},{"alternatives":[{"confidence":"0.0","content":"."}],"type":"punctuation"},{"start_time":"6.41","end_time":"6.73","alternatives":[{"confidence":"0.4997","content":"본인은"}],"type":"pronunciation"},{"start_time":"6.73","end_time":"6.91","alternatives":[{"confidence":"1.0","content":"알고"}],"type":"pronunciation"},{"start_time":"6.91","end_time":"7.58","alternatives":[{"confidence":"0.9997","content":"계셨어요"}],"type":"pronunciation"},{"alternatives":[{"confidence":"0.0","content":"?"}],"type":"punctuation"},{"start_time":"10.12","end_time":"10.83","alternatives":[{"confidence":"0.8774333333333333","content":"예산안통장이"}],"type":"pronunciation"},{"start_time":"10.83","end_time":"11.45","alternatives":[{"confidence":"0.9998","content":"아니면은"}],"type":"pronunciation"},{"start_time":"11.45","end_time":"11.73","alternatives":[{"confidence":"0.9936","content":"지금"}],"type":"pronunciation"},{"start_time":"11.73","end_time":"12.0","alternatives":[{"confidence":"0.9285","content":"개인"}],"type":"pronunciation"},{"start_time":"12.0","end_time":"12.34","alternatives":[{"confidence":"0.9508","content":"명의가"}],"type":"pronunciation"},{"start_time":"12.34","end_time":"12.76","alternatives":[{"confidence":"0.92355","content":"동행이"}],"type":"pronunciation"},{"start_time":"12.76","end_time":"12.94","alternatives":[{"confidence":"0.5829","content":"된"}],"type":"pronunciation"},{"start_time":"12.94","end_time":"13.57","alternatives":[{"confidence":"0.9908","content":"건데"}],"type":"pronunciation"},{"start_time":"13.57","end_time":"14.22","alternatives":[{"confidence":"0.99875","content":"불법적으로"}],"type":"pronunciation"},{"start_time":"14.22","end_time":"14.51","alternatives":[{"confidence":"0.5553","content":"사용이"}],"type":"pronunciation"},{"start_time":"14.51","end_time":"16.02","alternatives":[{"confidence":"0.99615","content":"되셨어요"}],"type":"pronunciation"},{"alternatives":[{"confidence":"0.0","content":"."}],"type":"punctuation"},{"start_time":"16.35","end_time":"16.57","alternatives":[{"confidence":"1.0","content":"일단"}],"type":"pronunciation"},{"start_time":"16.57","end_time":"16.85","alternatives":[{"confidence":"1.0","content":"저희가"}],"type":"pronunciation"},{"start_time":"16.85","end_time":"17.29","alternatives":[{"confidence":"0.7537","content":"은행하고"}],"type":"pronunciation"},{"start_time":"17.29","end_time":"17.67","alternatives":[{"confidence":"0.99975","content":"비교를"}],"type":"pronunciation"},{"start_time":"17.67","end_time":"18.62","alternatives":[{"confidence":"0.7014","content":"대적표가"}],"type":"pronunciation"},{"start_time":"18.68","end_time":"19.23","alternatives":[{"confidence":"0.5294","content":"병명이"}],"type":"pronunciation"},{"start_time":"19.23","end_time":"19.57","alternatives":[{"confidence":"0.6645","content":"가"}],"type":"pronunciation"},{"start_time":"19.57","end_time":"19.98","alternatives":[{"confidence":"0.97655","content":"통장을"}],"type":"pronunciation"},{"start_time":"19.98","end_time":"20.35","alternatives":[{"confidence":"0.9677","content":"확실하게"}],"type":"pronunciation"},{"start_time":"20.35","end_time":"20.69","alternatives":[{"confidence":"0.9957","content":"확인이"}],"type":"pronunciation"},{"start_time":"20.69","end_time":"21.28","alternatives":[{"confidence":"0.9987","content":"됐고"}],"type":"pronunciation"},{"start_time":"21.28","end_time":"21.44","alternatives":[{"confidence":"0.8227","content":"여러"}],"type":"pronunciation"},{"start_time":"21.44","end_time":"21.53","alternatives":[{"confidence":"0.4482","content":"개"}],"type":"pronunciation"},{"start_time":"21.53","end_time":"22.29","alternatives":[{"confidence":"0.71935","content":"드린건데"}],"type":"pronunciation"},{"start_time":"23.88","end_time":"24.2","alternatives":[{"confidence":"1.0","content":"전혀"}],"type":"pronunciation"},{"start_time":"24.2","end_time":"24.64","alternatives":[{"confidence":"0.9995","content":"모르시는"}],"type":"pronunciation"},{"start_time":"24.64","end_time":"24.95","alternatives":[{"confidence":"1.0","content":"부분이"}],"type":"pronunciation"},{"start_time":"24.95","end_time":"26.41","alternatives":[{"confidence":"0.7165999999999999","content":"많고요"}],"type":"pronunciation"},{"alternatives":[{"confidence":"0.0","content":"."}],"type":"punctuation"},{"start_time":"27.92","end_time":"28.38","alternatives":[{"confidence":"0.9829","content":"셨던"}],"type":"pronunciation"},{"start_time":"28.41","end_time":"28.52","alternatives":[{"confidence":"0.5502","content":"이"}],"type":"pronunciation"},{"start_time":"28.55","end_time":"29.07","alternatives":[{"confidence":"0.9561","content":"사건"}],"type":"pronunciation"},{"start_time":"29.07","end_time":"29.45","alternatives":[{"confidence":"0.9938","content":"개요를"}],"type":"pronunciation"},{"start_time":"29.45","end_time":"29.73","alternatives":[{"confidence":"0.9973","content":"살짝"}],"type":"pronunciation"},{"start_time":"29.73","end_time":"30.96","alternatives":[{"confidence":"0.8279000000000001","content":"말씀드릴게요"}],"type":"pronunciation"},{"alternatives":[{"confidence":"0.0","content":"."}],"type":"punctuation"},{"start_time":"32.88","end_time":"33.38","alternatives":[{"confidence":"1.0","content":"그러세요"}],"type":"pronunciation"},{"alternatives":[{"confidence":"0.0","content":"."}],"type":"punctuation"},{"start_time":"33.41","end_time":"34.2","alternatives":[{"confidence":"0.9923","content":"그러면"}],"type":"pronunciation"},{"start_time":"34.86","end_time":"35.3","alternatives":[{"confidence":"0.9764","content":"주소로"}],"type":"pronunciation"},{"start_time":"35.3","end_time":"35.62","alternatives":[{"confidence":"1.0","content":"저희가"}],"type":"pronunciation"},{"start_time":"35.62","end_time":"36.52","alternatives":[{"confidence":"0.9629","content":"공문이라"}],"type":"pronunciation"},{"start_time":"36.55","end_time":"37.31","alternatives":[{"confidence":"0.563025","content":"소환창발굴해"}],"type":"pronunciation"},{"start_time":"37.31","end_time":"37.8","alternatives":[{"confidence":"0.7827","content":"드릴테니까"}],"type":"pronunciation"},{"start_time":"38.21","end_time":"38.41","alternatives":[{"confidence":"0.5506","content":"날"}],"type":"pronunciation"},{"start_time":"38.41","end_time":"38.71","alternatives":[{"confidence":"0.7128","content":"째"}],"type":"pronunciation"},{"start_time":"38.74","end_time":"39.75","alternatives":[{"confidence":"0.7194499999999999","content":"방문해주세요"}],"type":"pronunciation"},{"start_time":"39.84","end_time":"40.77","alternatives":[{"confidence":"0.5702666666666666","content":"안하시면은"}],"type":"pronunciation"},{"start_time":"40.8","end_time":"41.14","alternatives":[{"confidence":"0.5618","content":"다음주"}],"type":"pronunciation"},{"start_time":"41.14","end_time":"41.31","alternatives":[{"confidence":"0.9095","content":"중에"}],"type":"pronunciation"},{"start_time":"41.34","end_time":"42.09","alternatives":[{"confidence":"0.7260500000000001","content":"재판이라"}],"type":"pronunciation"},{"start_time":"43.58","end_time":"44.04","alternatives":[{"confidence":"1.0","content":"법적으로"}],"type":"pronunciation"},{"start_time":"44.04","end_time":"44.31","alternatives":[{"confidence":"0.6164","content":"둘이"}],"type":"pronunciation"},{"start_time":"44.31","end_time":"45.6","alternatives":[{"confidence":"0.9966","content":"받으세요"}],"type":"pronunciation"},{"alternatives":[{"confidence":"0.0","content":"."}],"type":"punctuation"}]},"status":"COMPLETED"}