{"jobName":"transcribes159","accountId":"097989105209","results":{"transcripts":[{"transcript":"있기 때문에 김창월 단들한테 판매를 했어요. 보안카드 번호 모두 알고 있기 때문에 개인정보는 모두 알고 있겠죠. 당연히 본인의 자금을 인출할 수 있는 범죄가 저질러줄 수도 있고요. 우선은 요즘 개인정보 유출이 굉장히 많아요. 이라던지 같은 경우 카드사같은 경우 국민카드, 롯데카드 개인정보 집이 있었고요. 그리고 은행사 같은 경우는 국민은행농협은행 신한은행 개인정보 유출이 있었던가요 계시죠. 이런 경로를 통해서 요즘 개인정보 유출이 많이 일어나고 있고요. 요즘 직장분들 가족분들친구 분들을 통해서도 개인정보 유출이 많이 일어나고 있습니다. 그리고 이제 지금 요즘 중국 해커들이 한국에 있는 사이트에 접속을 해서 개인정보 유출을 많이 하는 경우도 있고요. 요즘 휴대폰 같은 경우도 개인정보치는 많이 일어나고 있잖아요. 그죠? 그래서 휴대폰 보안 카드같은 거 사인 직업보관하고 계시는 분들 굉장히 많이 되고 있습니다. 이해가 되시죠. 우선 그런 부분이 있기 때문에 우선은 지금보다 계좌추적이라는 방법으로 진행을 한다는 거예요. 우선은 백육십명같은 경우는 실질적으로 통제들을 판매를 하고 그 사람들이 사용하시는 통장으로 30 만원부터 백 오십만원까지 이렇게 지급 받으시는 분들이 굉장히 많이 있었습니다. 그래서 우선 씨 같은 경우도 그런 불법적인 자금이 김창호 또는 김창호 일당들의 이름으로 본인명의 통장으로 송금이 된 내역들이 있는지 없는지 간단하게 확인을 한다는 거예요. 그런 부분이 있기 때문에 수사관이 본인이 어디고 인권을 사용을 하시고 몇 개 계절을 어떤 용도로 사용하셨는지 여쭤봤죠 그 부분 때문에 저희가 조사를 진행한다는 겁니다. 우선은 국민 권은 어디 어디 사용하시는지 여쭤봤냐면 본인이 진술하신 거 외에 다른 금융권이 발견될 수가 있어요. 국민은행이랑 신앙은행 작년 사월달에 개설된 그런 통장들과 같이 본인들이 사용 본인이 지금 사용 안하신다고 하셨는데 우체국이든 세 명을 일은 거든 외환은행이든 예를 들어서 말씀드리는 거예요. 이런 통장들이 또 발견될 수가 있다는 거예요. 이런 통장이 발견이 되면 동결처리를 하기 위해서 저희가 본인이 사용하시는 국민과 확인한 겁니다. 이해가 되시죠. 그렇게 알고 계시면 될 것 같고요. 지금 직장에서 근무하고 계시죠. 우선은 본인 육성에 다른 분이 육성이 들어오면 조사가 불가능하기 때문에 지금 계신 것이 직장 안에 계시는 건가요? 그래요. 그러면 우선은 본인 육성에 다른 분이 육성이 들어오면 안 되니까 좀 조용한 곳으로 이동을 좀 해주시고요. 그리고 좀 챙겨주시고 스마트폰으로 사건, 공무원 지금 확인하실 겁니다. 그리고 그리고 팬이랑 준비해주시고요 많이 걸려요. 그렇게 오래 걸리지는 않고요. 내가 몇가지만 확인해야 되면 되는데 그리고 우선은 사건 자체가 종결된 사건이 아니고 요즘에 개인정보 유출직장 동료분들 을 통해서 많이 일어나고 있기 때문에 수사하는 과정이나 조사받고 있는 내용들을 제 삼 자에게 공유할 수 없는 사건입니다. 그러니까 잘 항구를 좀 해주셔야 될 것 같아요. 우선은 뭐 본인께서 받으시는 제 삼자에게 사건에 대해서 발사할 수가 있는데 우선은 받기 전에 직장 동료분들 친구분들한테 궁금이 불가능하십니다 뭐 그러니까 직장 동료분들한테 조사받고 있는 내용들을 발사하시면 안 될 것 아직 검거하지 못한 네 명의 공범자들이 남아 있기 때문에요. 공문확인하시면 직접적으로 확인할 수가 있어요. 이동이 되시면 본인 휴대폰은 어떤거 사용하세요? 그래요. 그러면 이어폰을 착용을 하시고요. 여보세요. 예. 지금 제가 가가지고 말씀드리고 말씀을 드린다고요 말씀드릴게요. 이동하셨습니까 지금 지금 조용한 곳으로 이동을 해주세요. 보다 조금 더 시끄럽네요 갔는데 다른 오실 수 있는데요. 우선은 본인 육성이 저희가 삼 년 동안 보관해야 되기 때문에 근데 그게 좀 여쭤보고 지금 해야 되는 거예요. 제가 많이 급한 건 아니고요. 왜 지금 조사를 진행하는지 말씀을 드릴게요. 본인께서 다섯시 이유를 말씀하시는데 그때는 저희도 퇴근을 합니다. 예. 그리고요. 전에도 한번 전화 드렸는데 중이었어요. 오늘 오늘 중에 조사를 안 받으시면요. 본인의 재판 날짜가 잡힐 수가 있습니다. 재판 날짜가 잡히면요 본인이 변호사 선임을 하셔야 되고요. 변호사 선임을 하신다고 하셔도 벌금이 나오실 수가 있어요. 벌금 같은 경우에는 삼백 만원 이상의 벌금이 나오십니다 그거를 본인께서 감당하실 거 면요. 네. 그러면 그러면 지금 말고 내가 다 오분 있다가 다시 전화드리면 안 돼요. 왜냐면 조금 정신 시간인데 제가 안 지금 조사를 해야 되잖아요. 그래서 말씀드려야 되고 감금안 먹으러 한다고 그래요. 그 전화를 해야 된다고요. 그렇게 지금 무선 전화 상태가요 우선 녹취 상태조사가 오분 이상 전화가 끊기게 되면 처음부터 다시 조사를 진행해야 되고요. 저희가 원래는 본인 편한 시간에 조사를 하는 이런 아니 아니에요. 그래서 우선은 본인께서 우선은 조사를 받으신다고 상사분한테 말씀을 하셔야 되니까 내가 전화는 잠깐 끊어드릴 수는 있어요. 그런데 점심시간이후에는 조사가 불가능합니다. 지금 전화 끊어드릴까요 그래요. 정확히 몇 분 정도 뒤에 전화드려야 될까요? 알겠습니다. 우선은 직장 상사분한테 절대로 사건에 대해서 발생하실 수는 없고요. 그냥 급하게 처리해야 할 게 있어 가지고 우선 잠깐 자리를 비운 다고 식사있다가. 나중에 할 것 같다고 이렇게 잘 말씀하시고요. 검찰 조사 받고 있다고 발사를 하시면 안 되십니다. 그럼 제가 정확하게 삼분 있다가 전화 드릴게요."}],"items":[{"start_time":"0.44","end_time":"0.8","alternatives":[{"confidence":"0.9484","content":"있기"}],"type":"pronunciation"},{"start_time":"0.8","end_time":"1.39","alternatives":[{"confidence":"0.9892","content":"때문에"}],"type":"pronunciation"},{"start_time":"1.63","end_time":"2.12","alternatives":[{"confidence":"0.6709499999999999","content":"김창월"}],"type":"pronunciation"},{"start_time":"2.12","end_time":"2.59","alternatives":[{"confidence":"0.55715","content":"단들한테"}],"type":"pronunciation"},{"start_time":"2.59","end_time":"3.03","alternatives":[{"confidence":"0.8837","content":"판매를"}],"type":"pronunciation"},{"start_time":"3.03","end_time":"3.71","alternatives":[{"confidence":"0.9978","content":"했어요"}],"type":"pronunciation"},{"alternatives":[{"confidence":"0.0","content":"."}],"type":"punctuation"},{"start_time":"4.96","end_time":"5.64","alternatives":[{"confidence":"0.7751","content":"보안카드"}],"type":"pronunciation"},{"start_time":"5.64","end_time":"6.07","alternatives":[{"confidence":"0.7067","content":"번호"}],"type":"pronunciation"},{"start_time":"6.07","end_time":"6.34","alternatives":[{"confidence":"0.9842","content":"모두"}],"type":"pronunciation"},{"start_time":"6.34","end_time":"6.54","alternatives":[{"confidence":"0.9997","content":"알고"}],"type":"pronunciation"},{"start_time":"6.54","end_time":"6.74","alternatives":[{"confidence":"0.9766","content":"있기"}],"type":"pronunciation"},{"start_time":"6.74","end_time":"7.33","alternatives":[{"confidence":"0.9893","content":"때문에"}],"type":"pronunciation"},{"start_time":"7.75","end_time":"8.32","alternatives":[{"confidence":"0.6601","content":"개인정보는"}],"type":"pronunciation"},{"start_time":"8.32","end_time":"8.51","alternatives":[{"confidence":"0.9979","content":"모두"}],"type":"pronunciation"},{"start_time":"8.51","end_time":"8.68","alternatives":[{"confidence":"0.8842","content":"알고"}],"type":"pronunciation"},{"start_time":"8.68","end_time":"8.96","alternatives":[{"confidence":"0.6904","content":"있겠죠"}],"type":"pronunciation"},{"alternatives":[{"confidence":"0.0","content":"."}],"type":"punctuation"},{"start_time":"8.96","end_time":"9.56","alternatives":[{"confidence":"1.0","content":"당연히"}],"type":"pronunciation"},{"start_time":"10.6","end_time":"10.94","alternatives":[{"confidence":"0.9999","content":"본인의"}],"type":"pronunciation"},{"start_time":"10.94","end_time":"11.4","alternatives":[{"confidence":"0.5458","content":"자금을"}],"type":"pronunciation"},{"start_time":"11.4","end_time":"11.75","alternatives":[{"confidence":"0.9759","content":"인출할"}],"type":"pronunciation"},{"start_time":"11.75","end_time":"11.93","alternatives":[{"confidence":"0.7881","content":"수"}],"type":"pronunciation"},{"start_time":"11.93","end_time":"12.14","alternatives":[{"confidence":"0.9632","content":"있는"}],"type":"pronunciation"},{"start_time":"12.14","end_time":"12.52","alternatives":[{"confidence":"0.9328","content":"범죄가"}],"type":"pronunciation"},{"start_time":"12.52","end_time":"13.04","alternatives":[{"confidence":"0.9231","content":"저질러줄"}],"type":"pronunciation"},{"start_time":"13.04","end_time":"13.32","alternatives":[{"confidence":"1.0","content":"수도"}],"type":"pronunciation"},{"start_time":"13.32","end_time":"13.76","alternatives":[{"confidence":"0.3715","content":"있고요"}],"type":"pronunciation"},{"alternatives":[{"confidence":"0.0","content":"."}],"type":"punctuation"},{"start_time":"20.29","end_time":"20.88","alternatives":[{"confidence":"0.9706","content":"우선은"}],"type":"pronunciation"},{"start_time":"20.88","end_time":"21.15","alternatives":[{"confidence":"0.6129","content":"요즘"}],"type":"pronunciation"},{"start_time":"21.21","end_time":"21.71","alternatives":[{"confidence":"0.2605","content":"개인정보"}],"type":"pronunciation"},{"start_time":"21.71","end_time":"21.91","alternatives":[{"confidence":"0.47894999999999993","content":"유출이"}],"type":"pronunciation"},{"start_time":"21.91","end_time":"22.27","alternatives":[{"confidence":"1.0","content":"굉장히"}],"type":"pronunciation"},{"start_time":"22.27","end_time":"22.78","alternatives":[{"confidence":"1.0","content":"많아요"}],"type":"pronunciation"},{"alternatives":[{"confidence":"0.0","content":"."}],"type":"punctuation"},{"start_time":"23.69","end_time":"24.42","alternatives":[{"confidence":"0.34025","content":"이라던지"}],"type":"pronunciation"},{"start_time":"24.88","end_time":"25.16","alternatives":[{"confidence":"0.9964","content":"같은"}],"type":"pronunciation"},{"start_time":"25.16","end_time":"25.38","alternatives":[{"confidence":"0.681","content":"경우"}],"type":"pronunciation"},{"start_time":"26.55","end_time":"27.27","alternatives":[{"confidence":"0.8927499999999999","content":"카드사같은"}],"type":"pronunciation"},{"start_time":"27.27","end_time":"27.53","alternatives":[{"confidence":"0.6813","content":"경우"}],"type":"pronunciation"},{"start_time":"27.56","end_time":"28.1","alternatives":[{"confidence":"0.9785","content":"국민카드"}],"type":"pronunciation"},{"alternatives":[{"confidence":"0.0","content":","}],"type":"punctuation"},{"start_time":"28.1","end_time":"28.59","alternatives":[{"confidence":"0.92395","content":"롯데카드"}],"type":"pronunciation"},{"start_time":"28.59","end_time":"29.18","alternatives":[{"confidence":"0.268","content":"개인정보"}],"type":"pronunciation"},{"start_time":"29.18","end_time":"29.42","alternatives":[{"confidence":"0.2506","content":"집이"}],"type":"pronunciation"},{"start_time":"29.42","end_time":"30.06","alternatives":[{"confidence":"0.95715","content":"있었고요"}],"type":"pronunciation"},{"alternatives":[{"confidence":"0.0","content":"."}],"type":"punctuation"},{"start_time":"30.68","end_time":"31.18","alternatives":[{"confidence":"0.9989","content":"그리고"}],"type":"pronunciation"},{"start_time":"31.18","end_time":"31.62","alternatives":[{"confidence":"0.8834","content":"은행사"}],"type":"pronunciation"},{"start_time":"31.62","end_time":"31.84","alternatives":[{"confidence":"0.997","content":"같은"}],"type":"pronunciation"},{"start_time":"31.84","end_time":"32.08","alternatives":[{"confidence":"0.5464","content":"경우는"}],"type":"pronunciation"},{"start_time":"32.08","end_time":"33.2","alternatives":[{"confidence":"0.8114333333333333","content":"국민은행농협은행"}],"type":"pronunciation"},{"start_time":"33.2","end_time":"33.64","alternatives":[{"confidence":"0.9863","content":"신한은행"}],"type":"pronunciation"},{"start_time":"33.64","end_time":"34.06","alternatives":[{"confidence":"0.8725","content":"개인정보"}],"type":"pronunciation"},{"start_time":"34.06","end_time":"34.31","alternatives":[{"confidence":"0.9764999999999999","content":"유출이"}],"type":"pronunciation"},{"start_time":"34.31","end_time":"34.84","alternatives":[{"confidence":"0.96965","content":"있었던가요"}],"type":"pronunciation"},{"start_time":"34.84","end_time":"35.49","alternatives":[{"confidence":"0.99975","content":"계시죠"}],"type":"pronunciation"},{"alternatives":[{"confidence":"0.0","content":"."}],"type":"punctuation"},{"start_time":"36.63","end_time":"36.98","alternatives":[{"confidence":"0.9716","content":"이런"}],"type":"pronunciation"},{"start_time":"36.98","end_time":"37.35","alternatives":[{"confidence":"1.0","content":"경로를"}],"type":"pronunciation"},{"start_time":"37.35","end_time":"37.62","alternatives":[{"confidence":"0.9553","content":"통해서"}],"type":"pronunciation"},{"start_time":"37.62","end_time":"37.83","alternatives":[{"confidence":"0.9593","content":"요즘"}],"type":"pronunciation"},{"start_time":"37.83","end_time":"38.37","alternatives":[{"confidence":"0.9596","content":"개인정보"}],"type":"pronunciation"},{"start_time":"38.37","end_time":"38.67","alternatives":[{"confidence":"0.98735","content":"유출이"}],"type":"pronunciation"},{"start_time":"38.67","end_time":"38.93","alternatives":[{"confidence":"0.9989","content":"많이"}],"type":"pronunciation"},{"start_time":"38.93","end_time":"39.26","alternatives":[{"confidence":"1.0","content":"일어나고"}],"type":"pronunciation"},{"start_time":"39.26","end_time":"39.72","alternatives":[{"confidence":"0.9989","content":"있고요"}],"type":"pronunciation"},{"alternatives":[{"confidence":"0.0","content":"."}],"type":"punctuation"},{"start_time":"40.19","end_time":"40.47","alternatives":[{"confidence":"0.7445","content":"요즘"}],"type":"pronunciation"},{"start_time":"40.5","end_time":"41.15","alternatives":[{"confidence":"0.68665","content":"직장분들"}],"type":"pronunciation"},{"start_time":"41.15","end_time":"42.05","alternatives":[{"confidence":"0.6635333333333334","content":"가족분들친구"}],"type":"pronunciation"},{"start_time":"42.05","end_time":"42.37","alternatives":[{"confidence":"0.8397","content":"분들을"}],"type":"pronunciation"},{"start_time":"42.37","end_time":"42.74","alternatives":[{"confidence":"0.999","content":"통해서도"}],"type":"pronunciation"},{"start_time":"42.74","end_time":"43.25","alternatives":[{"confidence":"0.9543","content":"개인정보"}],"type":"pronunciation"},{"start_time":"43.25","end_time":"43.52","alternatives":[{"confidence":"0.9662999999999999","content":"유출이"}],"type":"pronunciation"},{"start_time":"43.52","end_time":"43.78","alternatives":[{"confidence":"0.999","content":"많이"}],"type":"pronunciation"},{"start_time":"43.78","end_time":"44.15","alternatives":[{"confidence":"1.0","content":"일어나고"}],"type":"pronunciation"},{"start_time":"44.15","end_time":"44.66","alternatives":[{"confidence":"0.9996","content":"있습니다"}],"type":"pronunciation"},{"alternatives":[{"confidence":"0.0","content":"."}],"type":"punctuation"},{"start_time":"45.79","end_time":"46.06","alternatives":[{"confidence":"0.9997","content":"그리고"}],"type":"pronunciation"},{"start_time":"46.06","end_time":"46.19","alternatives":[{"confidence":"0.9944","content":"이제"}],"type":"pronunciation"},{"start_time":"46.22","end_time":"46.41","alternatives":[{"confidence":"0.9523","content":"지금"}],"type":"pronunciation"},{"start_time":"46.41","end_time":"46.66","alternatives":[{"confidence":"0.5252","content":"요즘"}],"type":"pronunciation"},{"start_time":"46.69","end_time":"47.07","alternatives":[{"confidence":"0.9081","content":"중국"}],"type":"pronunciation"},{"start_time":"47.07","end_time":"47.71","alternatives":[{"confidence":"0.9984500000000001","content":"해커들이"}],"type":"pronunciation"},{"start_time":"47.91","end_time":"48.32","alternatives":[{"confidence":"0.9564","content":"한국에"}],"type":"pronunciation"},{"start_time":"48.32","end_time":"48.52","alternatives":[{"confidence":"0.9933","content":"있는"}],"type":"pronunciation"},{"start_time":"48.52","end_time":"48.87","alternatives":[{"confidence":"0.6925","content":"사이트에"}],"type":"pronunciation"},{"start_time":"48.87","end_time":"49.29","alternatives":[{"confidence":"0.9956","content":"접속을"}],"type":"pronunciation"},{"start_time":"49.29","end_time":"49.77","alternatives":[{"confidence":"0.9952","content":"해서"}],"type":"pronunciation"},{"start_time":"49.97","end_time":"50.44","alternatives":[{"confidence":"0.8769","content":"개인정보"}],"type":"pronunciation"},{"start_time":"50.44","end_time":"50.66","alternatives":[{"confidence":"0.77745","content":"유출을"}],"type":"pronunciation"},{"start_time":"50.66","end_time":"50.9","alternatives":[{"confidence":"0.9542","content":"많이"}],"type":"pronunciation"},{"start_time":"50.9","end_time":"51.09","alternatives":[{"confidence":"0.9998","content":"하는"}],"type":"pronunciation"},{"start_time":"51.09","end_time":"51.4","alternatives":[{"confidence":"1.0","content":"경우도"}],"type":"pronunciation"},{"start_time":"51.4","end_time":"51.99","alternatives":[{"confidence":"0.9955","content":"있고요"}],"type":"pronunciation"},{"alternatives":[{"confidence":"0.0","content":"."}],"type":"punctuation"},{"start_time":"53.13","end_time":"53.43","alternatives":[{"confidence":"0.8909","content":"요즘"}],"type":"pronunciation"},{"start_time":"53.43","end_time":"53.83","alternatives":[{"confidence":"0.8756","content":"휴대폰"}],"type":"pronunciation"},{"start_time":"53.83","end_time":"54.06","alternatives":[{"confidence":"0.9987","content":"같은"}],"type":"pronunciation"},{"start_time":"54.06","end_time":"54.3","alternatives":[{"confidence":"0.9854","content":"경우도"}],"type":"pronunciation"},{"start_time":"54.3","end_time":"54.93","alternatives":[{"confidence":"0.7333","content":"개인정보치는"}],"type":"pronunciation"},{"start_time":"54.93","end_time":"55.13","alternatives":[{"confidence":"0.9916","content":"많이"}],"type":"pronunciation"},{"start_time":"55.13","end_time":"55.48","alternatives":[{"confidence":"0.9998","content":"일어나고"}],"type":"pronunciation"},{"start_time":"55.48","end_time":"55.87","alternatives":[{"confidence":"0.9996","content":"있잖아요"}],"type":"pronunciation"},{"alternatives":[{"confidence":"0.0","content":"."}],"type":"punctuation"},{"start_time":"55.87","end_time":"56.51","alternatives":[{"confidence":"0.6493","content":"그죠"}],"type":"pronunciation"},{"alternatives":[{"confidence":"0.0","content":"?"}],"type":"punctuation"},{"start_time":"56.73","end_time":"57.0","alternatives":[{"confidence":"0.999","content":"그래서"}],"type":"pronunciation"},{"start_time":"57.0","end_time":"57.49","alternatives":[{"confidence":"0.4353","content":"휴대폰"}],"type":"pronunciation"},{"start_time":"57.78","end_time":"58.13","alternatives":[{"confidence":"0.6776","content":"보안"}],"type":"pronunciation"},{"start_time":"58.13","end_time":"58.54","alternatives":[{"confidence":"0.54735","content":"카드같은"}],"type":"pronunciation"},{"start_time":"58.54","end_time":"58.61","alternatives":[{"confidence":"0.5279","content":"거"}],"type":"pronunciation"},{"start_time":"58.61","end_time":"58.85","alternatives":[{"confidence":"0.2079","content":"사인"}],"type":"pronunciation"},{"start_time":"58.85","end_time":"59.6","alternatives":[{"confidence":"0.8876333333333334","content":"직업보관하고"}],"type":"pronunciation"},{"start_time":"59.6","end_time":"59.95","alternatives":[{"confidence":"0.9985","content":"계시는"}],"type":"pronunciation"},{"start_time":"59.95","end_time":"60.29","alternatives":[{"confidence":"0.7264","content":"분들"}],"type":"pronunciation"},{"start_time":"60.83","end_time":"61.28","alternatives":[{"confidence":"1.0","content":"굉장히"}],"type":"pronunciation"},{"start_time":"61.28","end_time":"61.48","alternatives":[{"confidence":"0.9984","content":"많이"}],"type":"pronunciation"},{"start_time":"61.48","end_time":"61.67","alternatives":[{"confidence":"0.9962","content":"되고"}],"type":"pronunciation"},{"start_time":"61.67","end_time":"62.21","alternatives":[{"confidence":"0.9993","content":"있습니다"}],"type":"pronunciation"},{"alternatives":[{"confidence":"0.0","content":"."}],"type":"punctuation"},{"start_time":"64.19","end_time":"64.45","alternatives":[{"confidence":"1.0","content":"이해가"}],"type":"pronunciation"},{"start_time":"64.45","end_time":"65.39","alternatives":[{"confidence":"1.0","content":"되시죠"}],"type":"pronunciation"},{"alternatives":[{"confidence":"0.0","content":"."}],"type":"punctuation"},{"start_time":"66.4","end_time":"66.67","alternatives":[{"confidence":"0.7651","content":"우선"}],"type":"pronunciation"},{"start_time":"66.67","end_time":"66.94","alternatives":[{"confidence":"0.9826","content":"그런"}],"type":"pronunciation"},{"start_time":"66.94","end_time":"67.23","alternatives":[{"confidence":"1.0","content":"부분이"}],"type":"pronunciation"},{"start_time":"67.23","end_time":"67.42","alternatives":[{"confidence":"0.9978","content":"있기"}],"type":"pronunciation"},{"start_time":"67.42","end_time":"68.01","alternatives":[{"confidence":"0.9971","content":"때문에"}],"type":"pronunciation"},{"start_time":"68.32","end_time":"68.67","alternatives":[{"confidence":"0.9471499999999999","content":"우선은"}],"type":"pronunciation"},{"start_time":"68.67","end_time":"69.02","alternatives":[{"confidence":"0.6263","content":"지금보다"}],"type":"pronunciation"},{"start_time":"69.02","end_time":"70.01","alternatives":[{"confidence":"0.8317","content":"계좌추적이라는"}],"type":"pronunciation"},{"start_time":"70.01","end_time":"70.43","alternatives":[{"confidence":"0.9988","content":"방법으로"}],"type":"pronunciation"},{"start_time":"70.43","end_time":"70.74","alternatives":[{"confidence":"0.9344","content":"진행을"}],"type":"pronunciation"},{"start_time":"70.74","end_time":"71.09","alternatives":[{"confidence":"0.9218","content":"한다는"}],"type":"pronunciation"},{"start_time":"71.09","end_time":"71.52","alternatives":[{"confidence":"0.9956","content":"거예요"}],"type":"pronunciation"},{"alternatives":[{"confidence":"0.0","content":"."}],"type":"punctuation"},{"start_time":"71.99","end_time":"72.4","alternatives":[{"confidence":"0.9932000000000001","content":"우선은"}],"type":"pronunciation"},{"start_time":"72.4","end_time":"73.22","alternatives":[{"confidence":"0.8223","content":"백육십명같은"}],"type":"pronunciation"},{"start_time":"73.22","end_time":"73.56","alternatives":[{"confidence":"0.9841","content":"경우는"}],"type":"pronunciation"},{"start_time":"73.56","end_time":"74.15","alternatives":[{"confidence":"1.0","content":"실질적으로"}],"type":"pronunciation"},{"start_time":"74.15","end_time":"74.65","alternatives":[{"confidence":"0.81925","content":"통제들을"}],"type":"pronunciation"},{"start_time":"74.65","end_time":"75.08","alternatives":[{"confidence":"0.9952","content":"판매를"}],"type":"pronunciation"},{"start_time":"75.08","end_time":"75.49","alternatives":[{"confidence":"0.9892","content":"하고"}],"type":"pronunciation"},{"start_time":"75.95","end_time":"76.09","alternatives":[{"confidence":"0.8462","content":"그"}],"type":"pronunciation"},{"start_time":"76.09","end_time":"76.5","alternatives":[{"confidence":"0.9997","content":"사람들이"}],"type":"pronunciation"},{"start_time":"76.5","end_time":"76.97","alternatives":[{"confidence":"0.8981","content":"사용하시는"}],"type":"pronunciation"},{"start_time":"76.97","end_time":"77.47","alternatives":[{"confidence":"0.9993000000000001","content":"통장으로"}],"type":"pronunciation"},{"start_time":"77.47","end_time":"77.81","alternatives":[{"confidence":"0.5283","content":"30"}],"type":"pronunciation"},{"start_time":"77.81","end_time":"78.39","alternatives":[{"confidence":"0.722","content":"만원부터"}],"type":"pronunciation"},{"start_time":"78.74","end_time":"79.0","alternatives":[{"confidence":"0.5669","content":"백"}],"type":"pronunciation"},{"start_time":"79.0","end_time":"79.53","alternatives":[{"confidence":"0.8592666666666666","content":"오십만원까지"}],"type":"pronunciation"},{"start_time":"79.53","end_time":"79.74","alternatives":[{"confidence":"0.9935","content":"이렇게"}],"type":"pronunciation"},{"start_time":"79.75","end_time":"80.09","alternatives":[{"confidence":"0.4915","content":"지급"}],"type":"pronunciation"},{"start_time":"80.1","end_time":"80.51","alternatives":[{"confidence":"0.9995","content":"받으시는"}],"type":"pronunciation"},{"start_time":"80.51","end_time":"80.77","alternatives":[{"confidence":"0.9996","content":"분들이"}],"type":"pronunciation"},{"start_time":"80.77","end_time":"81.12","alternatives":[{"confidence":"1.0","content":"굉장히"}],"type":"pronunciation"},{"start_time":"81.12","end_time":"81.35","alternatives":[{"confidence":"0.9997","content":"많이"}],"type":"pronunciation"},{"start_time":"81.35","end_time":"82.06","alternatives":[{"confidence":"0.9975","content":"있었습니다"}],"type":"pronunciation"},{"alternatives":[{"confidence":"0.0","content":"."}],"type":"punctuation"},{"start_time":"83.11","end_time":"83.71","alternatives":[{"confidence":"0.9933","content":"그래서"}],"type":"pronunciation"},{"start_time":"83.91","end_time":"84.15","alternatives":[{"confidence":"0.3663","content":"우선"}],"type":"pronunciation"},{"start_time":"84.63","end_time":"84.85","alternatives":[{"confidence":"0.8424","content":"씨"}],"type":"pronunciation"},{"start_time":"84.85","end_time":"85.11","alternatives":[{"confidence":"0.9992","content":"같은"}],"type":"pronunciation"},{"start_time":"85.11","end_time":"85.68","alternatives":[{"confidence":"0.9998","content":"경우도"}],"type":"pronunciation"},{"start_time":"85.68","end_time":"86.23","alternatives":[{"confidence":"0.8493","content":"그런"}],"type":"pronunciation"},{"start_time":"86.48","end_time":"86.98","alternatives":[{"confidence":"1.0","content":"불법적인"}],"type":"pronunciation"},{"start_time":"86.98","end_time":"87.67","alternatives":[{"confidence":"1.0","content":"자금이"}],"type":"pronunciation"},{"start_time":"87.82","end_time":"88.39","alternatives":[{"confidence":"0.9339500000000001","content":"김창호"}],"type":"pronunciation"},{"start_time":"88.39","end_time":"88.68","alternatives":[{"confidence":"1.0","content":"또는"}],"type":"pronunciation"},{"start_time":"88.87","end_time":"89.3","alternatives":[{"confidence":"0.7906500000000001","content":"김창호"}],"type":"pronunciation"},{"start_time":"89.3","end_time":"89.74","alternatives":[{"confidence":"0.9780500000000001","content":"일당들의"}],"type":"pronunciation"},{"start_time":"89.74","end_time":"90.36","alternatives":[{"confidence":"1.0","content":"이름으로"}],"type":"pronunciation"},{"start_time":"90.74","end_time":"91.26","alternatives":[{"confidence":"0.80495","content":"본인명의"}],"type":"pronunciation"},{"start_time":"91.26","end_time":"91.7","alternatives":[{"confidence":"1.0","content":"통장으로"}],"type":"pronunciation"},{"start_time":"91.7","end_time":"92.13","alternatives":[{"confidence":"0.9884","content":"송금이"}],"type":"pronunciation"},{"start_time":"92.13","end_time":"92.3","alternatives":[{"confidence":"0.9584","content":"된"}],"type":"pronunciation"},{"start_time":"92.3","end_time":"92.71","alternatives":[{"confidence":"0.8677999999999999","content":"내역들이"}],"type":"pronunciation"},{"start_time":"92.71","end_time":"92.98","alternatives":[{"confidence":"1.0","content":"있는지"}],"type":"pronunciation"},{"start_time":"92.98","end_time":"93.26","alternatives":[{"confidence":"0.9999","content":"없는지"}],"type":"pronunciation"},{"start_time":"93.26","end_time":"93.74","alternatives":[{"confidence":"0.9999","content":"간단하게"}],"type":"pronunciation"},{"start_time":"93.74","end_time":"94.03","alternatives":[{"confidence":"0.8029","content":"확인을"}],"type":"pronunciation"},{"start_time":"94.03","end_time":"94.34","alternatives":[{"confidence":"0.9913","content":"한다는"}],"type":"pronunciation"},{"start_time":"94.34","end_time":"95.24","alternatives":[{"confidence":"0.9977","content":"거예요"}],"type":"pronunciation"},{"alternatives":[{"confidence":"0.0","content":"."}],"type":"punctuation"},{"start_time":"95.75","end_time":"96.03","alternatives":[{"confidence":"0.9895","content":"그런"}],"type":"pronunciation"},{"start_time":"96.03","end_time":"96.29","alternatives":[{"confidence":"1.0","content":"부분이"}],"type":"pronunciation"},{"start_time":"96.29","end_time":"96.46","alternatives":[{"confidence":"0.9974","content":"있기"}],"type":"pronunciation"},{"start_time":"96.46","end_time":"96.83","alternatives":[{"confidence":"0.9968","content":"때문에"}],"type":"pronunciation"},{"start_time":"97.01","end_time":"97.55","alternatives":[{"confidence":"0.80455","content":"수사관이"}],"type":"pronunciation"},{"start_time":"97.55","end_time":"97.9","alternatives":[{"confidence":"0.9999","content":"본인이"}],"type":"pronunciation"},{"start_time":"97.9","end_time":"98.22","alternatives":[{"confidence":"0.22694999999999999","content":"어디고"}],"type":"pronunciation"},{"start_time":"98.22","end_time":"98.61","alternatives":[{"confidence":"0.1754","content":"인권을"}],"type":"pronunciation"},{"start_time":"98.61","end_time":"98.95","alternatives":[{"confidence":"0.8276","content":"사용을"}],"type":"pronunciation"},{"start_time":"98.95","end_time":"99.52","alternatives":[{"confidence":"1.0","content":"하시고"}],"type":"pronunciation"},{"start_time":"99.73","end_time":"99.94","alternatives":[{"confidence":"0.9855","content":"몇"}],"type":"pronunciation"},{"start_time":"99.94","end_time":"100.1","alternatives":[{"confidence":"0.6867","content":"개"}],"type":"pronunciation"},{"start_time":"100.1","end_time":"100.44","alternatives":[{"confidence":"0.5307","content":"계절을"}],"type":"pronunciation"},{"start_time":"100.44","end_time":"100.71","alternatives":[{"confidence":"0.9998","content":"어떤"}],"type":"pronunciation"},{"start_time":"100.71","end_time":"101.0","alternatives":[{"confidence":"1.0","content":"용도로"}],"type":"pronunciation"},{"start_time":"101.0","end_time":"101.66","alternatives":[{"confidence":"0.9628","content":"사용하셨는지"}],"type":"pronunciation"},{"start_time":"101.66","end_time":"103.04","alternatives":[{"confidence":"1.0","content":"여쭤봤죠"}],"type":"pronunciation"},{"start_time":"103.16","end_time":"103.35","alternatives":[{"confidence":"0.9877","content":"그"}],"type":"pronunciation"},{"start_time":"103.35","end_time":"103.64","alternatives":[{"confidence":"0.9397","content":"부분"}],"type":"pronunciation"},{"start_time":"103.64","end_time":"103.89","alternatives":[{"confidence":"0.9999","content":"때문에"}],"type":"pronunciation"},{"start_time":"103.89","end_time":"104.11","alternatives":[{"confidence":"1.0","content":"저희가"}],"type":"pronunciation"},{"start_time":"104.11","end_time":"104.46","alternatives":[{"confidence":"1.0","content":"조사를"}],"type":"pronunciation"},{"start_time":"104.46","end_time":"105.07","alternatives":[{"confidence":"0.9594","content":"진행한다는"}],"type":"pronunciation"},{"start_time":"105.07","end_time":"105.39","alternatives":[{"confidence":"0.9905","content":"겁니다"}],"type":"pronunciation"},{"alternatives":[{"confidence":"0.0","content":"."}],"type":"punctuation"},{"start_time":"105.955","end_time":"106.315","alternatives":[{"confidence":"0.98575","content":"우선은"}],"type":"pronunciation"},{"start_time":"106.315","end_time":"106.635","alternatives":[{"confidence":"0.4304","content":"국민"}],"type":"pronunciation"},{"start_time":"106.635","end_time":"106.955","alternatives":[{"confidence":"0.4562","content":"권은"}],"type":"pronunciation"},{"start_time":"106.955","end_time":"107.235","alternatives":[{"confidence":"0.6331","content":"어디"}],"type":"pronunciation"},{"start_time":"107.235","end_time":"107.425","alternatives":[{"confidence":"0.8308","content":"어디"}],"type":"pronunciation"},{"start_time":"107.425","end_time":"108.015","alternatives":[{"confidence":"0.9673499999999999","content":"사용하시는지"}],"type":"pronunciation"},{"start_time":"108.315","end_time":"109.315","alternatives":[{"confidence":"0.9993","content":"여쭤봤냐면"}],"type":"pronunciation"},{"start_time":"109.645","end_time":"110.035","alternatives":[{"confidence":"1.0","content":"본인이"}],"type":"pronunciation"},{"start_time":"110.035","end_time":"110.605","alternatives":[{"confidence":"0.8769","content":"진술하신"}],"type":"pronunciation"},{"start_time":"110.605","end_time":"110.745","alternatives":[{"confidence":"0.5511","content":"거"}],"type":"pronunciation"},{"start_time":"110.745","end_time":"111.025","alternatives":[{"confidence":"0.978","content":"외에"}],"type":"pronunciation"},{"start_time":"111.055","end_time":"111.375","alternatives":[{"confidence":"0.9998","content":"다른"}],"type":"pronunciation"},{"start_time":"111.375","end_time":"111.825","alternatives":[{"confidence":"0.9946999999999999","content":"금융권이"}],"type":"pronunciation"},{"start_time":"111.825","end_time":"112.285","alternatives":[{"confidence":"0.9984500000000001","content":"발견될"}],"type":"pronunciation"},{"start_time":"112.285","end_time":"112.475","alternatives":[{"confidence":"1.0","content":"수가"}],"type":"pronunciation"},{"start_time":"112.475","end_time":"113.405","alternatives":[{"confidence":"0.9971","content":"있어요"}],"type":"pronunciation"},{"alternatives":[{"confidence":"0.0","content":"."}],"type":"punctuation"},{"start_time":"113.675","end_time":"114.585","alternatives":[{"confidence":"0.9993000000000001","content":"국민은행이랑"}],"type":"pronunciation"},{"start_time":"114.585","end_time":"115.345","alternatives":[{"confidence":"0.5453","content":"신앙은행"}],"type":"pronunciation"},{"start_time":"115.375","end_time":"115.775","alternatives":[{"confidence":"0.9667","content":"작년"}],"type":"pronunciation"},{"start_time":"115.775","end_time":"116.305","alternatives":[{"confidence":"0.9284333333333333","content":"사월달에"}],"type":"pronunciation"},{"start_time":"116.305","end_time":"116.805","alternatives":[{"confidence":"0.9993000000000001","content":"개설된"}],"type":"pronunciation"},{"start_time":"116.805","end_time":"117.105","alternatives":[{"confidence":"0.9837","content":"그런"}],"type":"pronunciation"},{"start_time":"117.105","end_time":"117.675","alternatives":[{"confidence":"0.9996499999999999","content":"통장들과"}],"type":"pronunciation"},{"start_time":"117.675","end_time":"118.185","alternatives":[{"confidence":"0.9465","content":"같이"}],"type":"pronunciation"},{"start_time":"118.725","end_time":"119.205","alternatives":[{"confidence":"0.9921","content":"본인들이"}],"type":"pronunciation"},{"start_time":"119.205","end_time":"119.515","alternatives":[{"confidence":"0.6344","content":"사용"}],"type":"pronunciation"},{"start_time":"119.575","end_time":"119.935","alternatives":[{"confidence":"1.0","content":"본인이"}],"type":"pronunciation"},{"start_time":"119.935","end_time":"120.105","alternatives":[{"confidence":"0.988","content":"지금"}],"type":"pronunciation"},{"start_time":"120.105","end_time":"120.315","alternatives":[{"confidence":"0.9177","content":"사용"}],"type":"pronunciation"},{"start_time":"120.315","end_time":"120.935","alternatives":[{"confidence":"0.8593999999999999","content":"안하신다고"}],"type":"pronunciation"},{"start_time":"120.935","end_time":"121.565","alternatives":[{"confidence":"1.0","content":"하셨는데"}],"type":"pronunciation"},{"start_time":"121.715","end_time":"122.385","alternatives":[{"confidence":"0.8007500000000001","content":"우체국이든"}],"type":"pronunciation"},{"start_time":"122.475","end_time":"122.665","alternatives":[{"confidence":"0.3756","content":"세"}],"type":"pronunciation"},{"start_time":"122.665","end_time":"122.845","alternatives":[{"confidence":"0.6675","content":"명을"}],"type":"pronunciation"},{"start_time":"122.845","end_time":"123.055","alternatives":[{"confidence":"0.8075","content":"일은"}],"type":"pronunciation"},{"start_time":"123.055","end_time":"123.345","alternatives":[{"confidence":"0.9464","content":"거든"}],"type":"pronunciation"},{"start_time":"123.465","end_time":"124.245","alternatives":[{"confidence":"0.84015","content":"외환은행이든"}],"type":"pronunciation"},{"start_time":"124.455","end_time":"124.765","alternatives":[{"confidence":"0.9833","content":"예를"}],"type":"pronunciation"},{"start_time":"124.765","end_time":"125.035","alternatives":[{"confidence":"0.9996","content":"들어서"}],"type":"pronunciation"},{"start_time":"125.035","end_time":"125.605","alternatives":[{"confidence":"0.944","content":"말씀드리는"}],"type":"pronunciation"},{"start_time":"125.605","end_time":"126.265","alternatives":[{"confidence":"0.9536","content":"거예요"}],"type":"pronunciation"},{"alternatives":[{"confidence":"0.0","content":"."}],"type":"punctuation"},{"start_time":"126.545","end_time":"126.825","alternatives":[{"confidence":"0.9549","content":"이런"}],"type":"pronunciation"},{"start_time":"126.825","end_time":"127.285","alternatives":[{"confidence":"0.98565","content":"통장들이"}],"type":"pronunciation"},{"start_time":"127.285","end_time":"127.395","alternatives":[{"confidence":"0.9939","content":"또"}],"type":"pronunciation"},{"start_time":"127.395","end_time":"127.825","alternatives":[{"confidence":"0.98885","content":"발견될"}],"type":"pronunciation"},{"start_time":"127.825","end_time":"128.015","alternatives":[{"confidence":"0.9995","content":"수가"}],"type":"pronunciation"},{"start_time":"128.015","end_time":"128.325","alternatives":[{"confidence":"0.9801","content":"있다는"}],"type":"pronunciation"},{"start_time":"128.325","end_time":"129.445","alternatives":[{"confidence":"1.0","content":"거예요"}],"type":"pronunciation"},{"alternatives":[{"confidence":"0.0","content":"."}],"type":"punctuation"},{"start_time":"129.865","end_time":"130.165","alternatives":[{"confidence":"0.9435","content":"이런"}],"type":"pronunciation"},{"start_time":"130.165","end_time":"130.525","alternatives":[{"confidence":"0.9996","content":"통장이"}],"type":"pronunciation"},{"start_time":"130.525","end_time":"130.925","alternatives":[{"confidence":"0.9861","content":"발견이"}],"type":"pronunciation"},{"start_time":"130.925","end_time":"131.325","alternatives":[{"confidence":"0.995","content":"되면"}],"type":"pronunciation"},{"start_time":"131.565","end_time":"132.245","alternatives":[{"confidence":"0.9938499999999999","content":"동결처리를"}],"type":"pronunciation"},{"start_time":"132.245","end_time":"132.465","alternatives":[{"confidence":"0.9949","content":"하기"}],"type":"pronunciation"},{"start_time":"132.465","end_time":"132.965","alternatives":[{"confidence":"0.95","content":"위해서"}],"type":"pronunciation"},{"start_time":"133.245","end_time":"133.735","alternatives":[{"confidence":"1.0","content":"저희가"}],"type":"pronunciation"},{"start_time":"134.18","end_time":"134.5","alternatives":[{"confidence":"0.9935","content":"본인이"}],"type":"pronunciation"},{"start_time":"134.5","end_time":"134.95","alternatives":[{"confidence":"0.9215","content":"사용하시는"}],"type":"pronunciation"},{"start_time":"134.95","end_time":"135.28","alternatives":[{"confidence":"0.518","content":"국민과"}],"type":"pronunciation"},{"start_time":"135.28","end_time":"135.62","alternatives":[{"confidence":"0.9869","content":"확인한"}],"type":"pronunciation"},{"start_time":"135.62","end_time":"136.12","alternatives":[{"confidence":"0.998","content":"겁니다"}],"type":"pronunciation"},{"alternatives":[{"confidence":"0.0","content":"."}],"type":"punctuation"},{"start_time":"136.37","end_time":"136.66","alternatives":[{"confidence":"1.0","content":"이해가"}],"type":"pronunciation"},{"start_time":"136.66","end_time":"137.54","alternatives":[{"confidence":"1.0","content":"되시죠"}],"type":"pronunciation"},{"alternatives":[{"confidence":"0.0","content":"."}],"type":"punctuation"},{"start_time":"138.57","end_time":"138.8","alternatives":[{"confidence":"0.6171","content":"그렇게"}],"type":"pronunciation"},{"start_time":"138.8","end_time":"138.98","alternatives":[{"confidence":"0.9927","content":"알고"}],"type":"pronunciation"},{"start_time":"138.98","end_time":"139.25","alternatives":[{"confidence":"1.0","content":"계시면"}],"type":"pronunciation"},{"start_time":"139.25","end_time":"139.37","alternatives":[{"confidence":"0.9962","content":"될"}],"type":"pronunciation"},{"start_time":"139.37","end_time":"139.49","alternatives":[{"confidence":"0.9971","content":"것"}],"type":"pronunciation"},{"start_time":"139.49","end_time":"139.82","alternatives":[{"confidence":"0.97125","content":"같고요"}],"type":"pronunciation"},{"alternatives":[{"confidence":"0.0","content":"."}],"type":"punctuation"},{"start_time":"139.85","end_time":"140.03","alternatives":[{"confidence":"0.9494","content":"지금"}],"type":"pronunciation"},{"start_time":"140.03","end_time":"140.52","alternatives":[{"confidence":"0.9923","content":"직장에서"}],"type":"pronunciation"},{"start_time":"140.52","end_time":"140.94","alternatives":[{"confidence":"0.8243","content":"근무하고"}],"type":"pronunciation"},{"start_time":"140.94","end_time":"142.28","alternatives":[{"confidence":"1.0","content":"계시죠"}],"type":"pronunciation"},{"alternatives":[{"confidence":"0.0","content":"."}],"type":"punctuation"},{"start_time":"142.4","end_time":"142.75","alternatives":[{"confidence":"0.94285","content":"우선은"}],"type":"pronunciation"},{"start_time":"142.75","end_time":"143.08","alternatives":[{"confidence":"0.8033","content":"본인"}],"type":"pronunciation"},{"start_time":"143.08","end_time":"143.47","alternatives":[{"confidence":"0.5256","content":"육성에"}],"type":"pronunciation"},{"start_time":"143.47","end_time":"143.73","alternatives":[{"confidence":"0.886","content":"다른"}],"type":"pronunciation"},{"start_time":"143.73","end_time":"143.9","alternatives":[{"confidence":"0.6942","content":"분이"}],"type":"pronunciation"},{"start_time":"143.9","end_time":"144.18","alternatives":[{"confidence":"0.9080999999999999","content":"육성이"}],"type":"pronunciation"},{"start_time":"144.18","end_time":"144.51","alternatives":[{"confidence":"0.9935","content":"들어오면"}],"type":"pronunciation"},{"start_time":"144.51","end_time":"144.84","alternatives":[{"confidence":"0.9998","content":"조사가"}],"type":"pronunciation"},{"start_time":"144.84","end_time":"145.39","alternatives":[{"confidence":"0.9996","content":"불가능하기"}],"type":"pronunciation"},{"start_time":"145.39","end_time":"145.91","alternatives":[{"confidence":"1.0","content":"때문에"}],"type":"pronunciation"},{"start_time":"145.94","end_time":"146.19","alternatives":[{"confidence":"0.9863","content":"지금"}],"type":"pronunciation"},{"start_time":"146.19","end_time":"146.49","alternatives":[{"confidence":"0.7751","content":"계신"}],"type":"pronunciation"},{"start_time":"146.49","end_time":"146.72","alternatives":[{"confidence":"0.358","content":"것이"}],"type":"pronunciation"},{"start_time":"146.91","end_time":"147.27","alternatives":[{"confidence":"0.6942","content":"직장"}],"type":"pronunciation"},{"start_time":"147.27","end_time":"147.55","alternatives":[{"confidence":"0.9899","content":"안에"}],"type":"pronunciation"},{"start_time":"147.55","end_time":"147.96","alternatives":[{"confidence":"0.7676","content":"계시는"}],"type":"pronunciation"},{"start_time":"147.96","end_time":"148.89","alternatives":[{"confidence":"1.0","content":"건가요"}],"type":"pronunciation"},{"alternatives":[{"confidence":"0.0","content":"?"}],"type":"punctuation"},{"start_time":"150.22","end_time":"150.64","alternatives":[{"confidence":"0.9995","content":"그래요"}],"type":"pronunciation"},{"alternatives":[{"confidence":"0.0","content":"."}],"type":"punctuation"},{"start_time":"150.67","end_time":"151.15","alternatives":[{"confidence":"1.0","content":"그러면"}],"type":"pronunciation"},{"start_time":"151.49","end_time":"151.84","alternatives":[{"confidence":"0.99775","content":"우선은"}],"type":"pronunciation"},{"start_time":"151.84","end_time":"152.17","alternatives":[{"confidence":"0.816","content":"본인"}],"type":"pronunciation"},{"start_time":"152.17","end_time":"152.59","alternatives":[{"confidence":"0.554","content":"육성에"}],"type":"pronunciation"},{"start_time":"152.59","end_time":"152.85","alternatives":[{"confidence":"0.8827","content":"다른"}],"type":"pronunciation"},{"start_time":"152.85","end_time":"153.01","alternatives":[{"confidence":"0.6762","content":"분이"}],"type":"pronunciation"},{"start_time":"153.01","end_time":"153.28","alternatives":[{"confidence":"0.8901","content":"육성이"}],"type":"pronunciation"},{"start_time":"153.28","end_time":"153.79","alternatives":[{"confidence":"0.9993","content":"들어오면"}],"type":"pronunciation"},{"start_time":"153.79","end_time":"153.91","alternatives":[{"confidence":"0.8303","content":"안"}],"type":"pronunciation"},{"start_time":"153.91","end_time":"154.21","alternatives":[{"confidence":"0.9996","content":"되니까"}],"type":"pronunciation"},{"start_time":"154.21","end_time":"154.39","alternatives":[{"confidence":"0.9949","content":"좀"}],"type":"pronunciation"},{"start_time":"154.4","end_time":"154.87","alternatives":[{"confidence":"0.9783","content":"조용한"}],"type":"pronunciation"},{"start_time":"154.87","end_time":"155.17","alternatives":[{"confidence":"0.9994","content":"곳으로"}],"type":"pronunciation"},{"start_time":"155.17","end_time":"155.5","alternatives":[{"confidence":"0.9638","content":"이동을"}],"type":"pronunciation"},{"start_time":"155.5","end_time":"155.63","alternatives":[{"confidence":"0.9896","content":"좀"}],"type":"pronunciation"},{"start_time":"155.63","end_time":"156.88","alternatives":[{"confidence":"0.7692","content":"해주시고요"}],"type":"pronunciation"},{"alternatives":[{"confidence":"0.0","content":"."}],"type":"punctuation"},{"start_time":"157.51","end_time":"157.75","alternatives":[{"confidence":"0.9942","content":"그리고"}],"type":"pronunciation"},{"start_time":"158.17","end_time":"158.31","alternatives":[{"confidence":"0.395","content":"좀"}],"type":"pronunciation"},{"start_time":"158.31","end_time":"158.85","alternatives":[{"confidence":"0.601","content":"챙겨주시고"}],"type":"pronunciation"},{"start_time":"158.94","end_time":"159.61","alternatives":[{"confidence":"0.96905","content":"스마트폰으로"}],"type":"pronunciation"},{"start_time":"159.61","end_time":"159.92","alternatives":[{"confidence":"0.6396","content":"사건"}],"type":"pronunciation"},{"alternatives":[{"confidence":"0.0","content":","}],"type":"punctuation"},{"start_time":"159.92","end_time":"160.21","alternatives":[{"confidence":"0.3391","content":"공무원"}],"type":"pronunciation"},{"start_time":"160.21","end_time":"160.48","alternatives":[{"confidence":"0.9676","content":"지금"}],"type":"pronunciation"},{"start_time":"160.48","end_time":"160.96","alternatives":[{"confidence":"0.9284","content":"확인하실"}],"type":"pronunciation"},{"start_time":"160.96","end_time":"161.47","alternatives":[{"confidence":"0.9999","content":"겁니다"}],"type":"pronunciation"},{"alternatives":[{"confidence":"0.0","content":"."}],"type":"punctuation"},{"start_time":"161.83","end_time":"162.15","alternatives":[{"confidence":"0.9786","content":"그리고"}],"type":"pronunciation"},{"start_time":"163.45","end_time":"163.74","alternatives":[{"confidence":"0.9831","content":"그리고"}],"type":"pronunciation"},{"start_time":"163.74","end_time":"164.24","alternatives":[{"confidence":"0.1752","content":"팬이랑"}],"type":"pronunciation"},{"start_time":"164.8","end_time":"165.7","alternatives":[{"confidence":"0.8602333333333334","content":"준비해주시고요"}],"type":"pronunciation"},{"start_time":"166.78","end_time":"167.05","alternatives":[{"confidence":"0.5246","content":"많이"}],"type":"pronunciation"},{"start_time":"167.55","end_time":"168.27","alternatives":[{"confidence":"0.03235","content":"걸려요"}],"type":"pronunciation"},{"alternatives":[{"confidence":"0.0","content":"."}],"type":"punctuation"},{"start_time":"168.72","end_time":"169.06","alternatives":[{"confidence":"0.4618","content":"그렇게"}],"type":"pronunciation"},{"start_time":"169.06","end_time":"169.31","alternatives":[{"confidence":"0.9981","content":"오래"}],"type":"pronunciation"},{"start_time":"169.31","end_time":"169.77","alternatives":[{"confidence":"0.7705","content":"걸리지는"}],"type":"pronunciation"},{"start_time":"169.77","end_time":"170.75","alternatives":[{"confidence":"0.9964","content":"않고요"}],"type":"pronunciation"},{"alternatives":[{"confidence":"0.0","content":"."}],"type":"punctuation"},{"start_time":"170.98","end_time":"171.2","alternatives":[{"confidence":"0.9664","content":"내가"}],"type":"pronunciation"},{"start_time":"171.2","end_time":"171.65","alternatives":[{"confidence":"0.7433","content":"몇가지만"}],"type":"pronunciation"},{"start_time":"171.65","end_time":"172.01","alternatives":[{"confidence":"0.6851","content":"확인해야"}],"type":"pronunciation"},{"start_time":"172.01","end_time":"172.23","alternatives":[{"confidence":"0.7267","content":"되면"}],"type":"pronunciation"},{"start_time":"172.23","end_time":"172.75","alternatives":[{"confidence":"0.8286","content":"되는데"}],"type":"pronunciation"},{"start_time":"172.99","end_time":"173.31","alternatives":[{"confidence":"0.96","content":"그리고"}],"type":"pronunciation"},{"start_time":"173.31","end_time":"173.56","alternatives":[{"confidence":"0.9417","content":"우선은"}],"type":"pronunciation"},{"start_time":"173.56","end_time":"173.83","alternatives":[{"confidence":"0.9776","content":"사건"}],"type":"pronunciation"},{"start_time":"173.83","end_time":"174.14","alternatives":[{"confidence":"0.9951","content":"자체가"}],"type":"pronunciation"},{"start_time":"174.14","end_time":"174.71","alternatives":[{"confidence":"0.98685","content":"종결된"}],"type":"pronunciation"},{"start_time":"174.71","end_time":"175.09","alternatives":[{"confidence":"0.996","content":"사건이"}],"type":"pronunciation"},{"start_time":"175.09","end_time":"175.61","alternatives":[{"confidence":"1.0","content":"아니고"}],"type":"pronunciation"},{"start_time":"175.91","end_time":"176.23","alternatives":[{"confidence":"0.52645","content":"요즘에"}],"type":"pronunciation"},{"start_time":"176.23","end_time":"176.78","alternatives":[{"confidence":"0.4955","content":"개인정보"}],"type":"pronunciation"},{"start_time":"176.78","end_time":"177.52","alternatives":[{"confidence":"0.56945","content":"유출직장"}],"type":"pronunciation"},{"start_time":"177.52","end_time":"178.1","alternatives":[{"confidence":"0.6678","content":"동료분들"}],"type":"pronunciation"},{"start_time":"178.1","end_time":"178.17","alternatives":[{"confidence":"0.4177","content":"을"}],"type":"pronunciation"},{"start_time":"178.17","end_time":"178.45","alternatives":[{"confidence":"0.9944","content":"통해서"}],"type":"pronunciation"},{"start_time":"178.45","end_time":"178.68","alternatives":[{"confidence":"0.9942","content":"많이"}],"type":"pronunciation"},{"start_time":"178.68","end_time":"179.02","alternatives":[{"confidence":"1.0","content":"일어나고"}],"type":"pronunciation"},{"start_time":"179.02","end_time":"179.23","alternatives":[{"confidence":"0.999","content":"있기"}],"type":"pronunciation"},{"start_time":"179.23","end_time":"179.78","alternatives":[{"confidence":"0.9852","content":"때문에"}],"type":"pronunciation"},{"start_time":"180.28","end_time":"180.82","alternatives":[{"confidence":"0.97435","content":"수사하는"}],"type":"pronunciation"},{"start_time":"180.82","end_time":"181.32","alternatives":[{"confidence":"0.99535","content":"과정이나"}],"type":"pronunciation"},{"start_time":"181.32","end_time":"181.81","alternatives":[{"confidence":"0.89315","content":"조사받고"}],"type":"pronunciation"},{"start_time":"181.81","end_time":"182.0","alternatives":[{"confidence":"1.0","content":"있는"}],"type":"pronunciation"},{"start_time":"182.0","end_time":"182.7","alternatives":[{"confidence":"0.9994000000000001","content":"내용들을"}],"type":"pronunciation"},{"start_time":"183.05","end_time":"183.23","alternatives":[{"confidence":"0.769","content":"제"}],"type":"pronunciation"},{"start_time":"183.23","end_time":"183.41","alternatives":[{"confidence":"0.3773","content":"삼"}],"type":"pronunciation"},{"start_time":"183.41","end_time":"183.66","alternatives":[{"confidence":"0.9954","content":"자에게"}],"type":"pronunciation"},{"start_time":"183.66","end_time":"184.09","alternatives":[{"confidence":"0.8809","content":"공유할"}],"type":"pronunciation"},{"start_time":"184.09","end_time":"184.25","alternatives":[{"confidence":"0.6556","content":"수"}],"type":"pronunciation"},{"start_time":"184.25","end_time":"184.52","alternatives":[{"confidence":"0.9681","content":"없는"}],"type":"pronunciation"},{"start_time":"184.52","end_time":"185.32","alternatives":[{"confidence":"0.98775","content":"사건입니다"}],"type":"pronunciation"},{"alternatives":[{"confidence":"0.0","content":"."}],"type":"punctuation"},{"start_time":"186.42","end_time":"186.88","alternatives":[{"confidence":"0.9987","content":"그러니까"}],"type":"pronunciation"},{"start_time":"187.06","end_time":"187.32","alternatives":[{"confidence":"0.5087","content":"잘"}],"type":"pronunciation"},{"start_time":"187.32","end_time":"187.71","alternatives":[{"confidence":"0.32489999999999997","content":"항구를"}],"type":"pronunciation"},{"start_time":"187.71","end_time":"187.85","alternatives":[{"confidence":"0.9986","content":"좀"}],"type":"pronunciation"},{"start_time":"187.85","end_time":"188.2","alternatives":[{"confidence":"0.9555499999999999","content":"해주셔야"}],"type":"pronunciation"},{"start_time":"188.2","end_time":"188.33","alternatives":[{"confidence":"0.9858","content":"될"}],"type":"pronunciation"},{"start_time":"188.33","end_time":"188.47","alternatives":[{"confidence":"0.9806","content":"것"}],"type":"pronunciation"},{"start_time":"188.47","end_time":"188.92","alternatives":[{"confidence":"0.999","content":"같아요"}],"type":"pronunciation"},{"alternatives":[{"confidence":"0.0","content":"."}],"type":"punctuation"},{"start_time":"189.68","end_time":"190.07","alternatives":[{"confidence":"0.89035","content":"우선은"}],"type":"pronunciation"},{"start_time":"190.07","end_time":"190.18","alternatives":[{"confidence":"0.4693","content":"뭐"}],"type":"pronunciation"},{"start_time":"190.21","end_time":"190.6","alternatives":[{"confidence":"0.71175","content":"본인께서"}],"type":"pronunciation"},{"start_time":"191.23","end_time":"191.84","alternatives":[{"confidence":"0.9956","content":"받으시는"}],"type":"pronunciation"},{"start_time":"191.99","end_time":"192.14","alternatives":[{"confidence":"0.8405","content":"제"}],"type":"pronunciation"},{"start_time":"192.14","end_time":"192.56","alternatives":[{"confidence":"0.6275","content":"삼자에게"}],"type":"pronunciation"},{"start_time":"192.62","end_time":"192.95","alternatives":[{"confidence":"0.9982","content":"사건에"}],"type":"pronunciation"},{"start_time":"192.95","end_time":"193.18","alternatives":[{"confidence":"0.9949","content":"대해서"}],"type":"pronunciation"},{"start_time":"193.18","end_time":"193.61","alternatives":[{"confidence":"0.82235","content":"발사할"}],"type":"pronunciation"},{"start_time":"193.61","end_time":"193.81","alternatives":[{"confidence":"1.0","content":"수가"}],"type":"pronunciation"},{"start_time":"193.81","end_time":"194.37","alternatives":[{"confidence":"0.9189","content":"있는데"}],"type":"pronunciation"},{"start_time":"195.44","end_time":"195.73","alternatives":[{"confidence":"0.01645","content":"우선은"}],"type":"pronunciation"},{"start_time":"196.22","end_time":"196.52","alternatives":[{"confidence":"0.9692","content":"받기"}],"type":"pronunciation"},{"start_time":"196.52","end_time":"196.94","alternatives":[{"confidence":"1.0","content":"전에"}],"type":"pronunciation"},{"start_time":"197.28","end_time":"197.71","alternatives":[{"confidence":"0.8132","content":"직장"}],"type":"pronunciation"},{"start_time":"197.71","end_time":"198.4","alternatives":[{"confidence":"0.8627","content":"동료분들"}],"type":"pronunciation"},{"start_time":"198.85","end_time":"199.89","alternatives":[{"confidence":"0.9849","content":"친구분들한테"}],"type":"pronunciation"},{"start_time":"200.01","end_time":"200.34","alternatives":[{"confidence":"0.47685","content":"궁금이"}],"type":"pronunciation"},{"start_time":"200.34","end_time":"201.4","alternatives":[{"confidence":"0.9994000000000001","content":"불가능하십니다"}],"type":"pronunciation"},{"start_time":"202.69","end_time":"203.04","alternatives":[{"confidence":"0.155","content":"뭐"}],"type":"pronunciation"},{"start_time":"205.15","end_time":"205.51","alternatives":[{"confidence":"0.9545","content":"그러니까"}],"type":"pronunciation"},{"start_time":"205.51","end_time":"205.86","alternatives":[{"confidence":"0.8658","content":"직장"}],"type":"pronunciation"},{"start_time":"205.86","end_time":"206.83","alternatives":[{"confidence":"0.9289999999999999","content":"동료분들한테"}],"type":"pronunciation"},{"start_time":"206.86","end_time":"207.37","alternatives":[{"confidence":"0.87515","content":"조사받고"}],"type":"pronunciation"},{"start_time":"207.37","end_time":"207.53","alternatives":[{"confidence":"0.999","content":"있는"}],"type":"pronunciation"},{"start_time":"207.53","end_time":"207.99","alternatives":[{"confidence":"0.9865999999999999","content":"내용들을"}],"type":"pronunciation"},{"start_time":"207.99","end_time":"208.57","alternatives":[{"confidence":"0.7422500000000001","content":"발사하시면"}],"type":"pronunciation"},{"start_time":"208.57","end_time":"208.65","alternatives":[{"confidence":"0.2592","content":"안"}],"type":"pronunciation"},{"start_time":"208.65","end_time":"208.77","alternatives":[{"confidence":"0.1238","content":"될"}],"type":"pronunciation"},{"start_time":"208.77","end_time":"208.9","alternatives":[{"confidence":"0.1303","content":"것"}],"type":"pronunciation"},{"start_time":"210.51","end_time":"210.8","alternatives":[{"confidence":"0.9825","content":"아직"}],"type":"pronunciation"},{"start_time":"210.8","end_time":"211.22","alternatives":[{"confidence":"0.90875","content":"검거하지"}],"type":"pronunciation"},{"start_time":"211.22","end_time":"211.46","alternatives":[{"confidence":"0.9456","content":"못한"}],"type":"pronunciation"},{"start_time":"211.46","end_time":"211.6","alternatives":[{"confidence":"0.7699","content":"네"}],"type":"pronunciation"},{"start_time":"211.6","end_time":"211.82","alternatives":[{"confidence":"0.9593","content":"명의"}],"type":"pronunciation"},{"start_time":"211.82","end_time":"212.5","alternatives":[{"confidence":"0.9988","content":"공범자들이"}],"type":"pronunciation"},{"start_time":"212.5","end_time":"212.76","alternatives":[{"confidence":"1.0","content":"남아"}],"type":"pronunciation"},{"start_time":"212.76","end_time":"212.97","alternatives":[{"confidence":"1.0","content":"있기"}],"type":"pronunciation"},{"start_time":"212.97","end_time":"214.11","alternatives":[{"confidence":"0.9976","content":"때문에요"}],"type":"pronunciation"},{"alternatives":[{"confidence":"0.0","content":"."}],"type":"punctuation"},{"start_time":"215.96","end_time":"216.89","alternatives":[{"confidence":"0.658475","content":"공문확인하시면"}],"type":"pronunciation"},{"start_time":"216.89","end_time":"217.37","alternatives":[{"confidence":"0.9951","content":"직접적으로"}],"type":"pronunciation"},{"start_time":"217.37","end_time":"217.72","alternatives":[{"confidence":"0.9834","content":"확인할"}],"type":"pronunciation"},{"start_time":"217.72","end_time":"217.95","alternatives":[{"confidence":"0.9542","content":"수가"}],"type":"pronunciation"},{"start_time":"217.95","end_time":"218.89","alternatives":[{"confidence":"0.9859","content":"있어요"}],"type":"pronunciation"},{"alternatives":[{"confidence":"0.0","content":"."}],"type":"punctuation"},{"start_time":"220.98","end_time":"221.3","alternatives":[{"confidence":"0.1211","content":"이동이"}],"type":"pronunciation"},{"start_time":"221.3","end_time":"221.92","alternatives":[{"confidence":"0.9834499999999999","content":"되시면"}],"type":"pronunciation"},{"start_time":"222.88","end_time":"223.19","alternatives":[{"confidence":"0.0508","content":"본인"}],"type":"pronunciation"},{"start_time":"223.37","end_time":"224.27","alternatives":[{"confidence":"0.05235","content":"휴대폰은"}],"type":"pronunciation"},{"start_time":"224.27","end_time":"224.6","alternatives":[{"confidence":"0.9878","content":"어떤거"}],"type":"pronunciation"},{"start_time":"224.6","end_time":"225.48","alternatives":[{"confidence":"1.0","content":"사용하세요"}],"type":"pronunciation"},{"alternatives":[{"confidence":"0.0","content":"?"}],"type":"punctuation"},{"start_time":"228.03","end_time":"228.45","alternatives":[{"confidence":"0.9872","content":"그래요"}],"type":"pronunciation"},{"alternatives":[{"confidence":"0.0","content":"."}],"type":"punctuation"},{"start_time":"228.45","end_time":"228.71","alternatives":[{"confidence":"0.6686","content":"그러면"}],"type":"pronunciation"},{"start_time":"228.71","end_time":"229.31","alternatives":[{"confidence":"0.15965","content":"이어폰을"}],"type":"pronunciation"},{"start_time":"229.31","end_time":"229.71","alternatives":[{"confidence":"0.9393","content":"착용을"}],"type":"pronunciation"},{"start_time":"229.71","end_time":"230.81","alternatives":[{"confidence":"0.9965999999999999","content":"하시고요"}],"type":"pronunciation"},{"alternatives":[{"confidence":"0.0","content":"."}],"type":"punctuation"},{"start_time":"267.41","end_time":"268.07","alternatives":[{"confidence":"0.8036","content":"여보세요"}],"type":"pronunciation"},{"alternatives":[{"confidence":"0.0","content":"."}],"type":"punctuation"},{"start_time":"268.7","end_time":"269.37","alternatives":[{"confidence":"0.1278","content":"예"}],"type":"pronunciation"},{"alternatives":[{"confidence":"0.0","content":"."}],"type":"punctuation"},{"start_time":"269.95","end_time":"270.32","alternatives":[{"confidence":"0.9494","content":"지금"}],"type":"pronunciation"},{"start_time":"271.51","end_time":"272.13","alternatives":[{"confidence":"0.9006","content":"제가"}],"type":"pronunciation"},{"start_time":"274.71","end_time":"275.42","alternatives":[{"confidence":"0.7602","content":"가가지고"}],"type":"pronunciation"},{"start_time":"277.92","end_time":"278.64","alternatives":[{"confidence":"0.5687","content":"말씀드리고"}],"type":"pronunciation"},{"start_time":"279.77","end_time":"280.22","alternatives":[{"confidence":"0.9503","content":"말씀을"}],"type":"pronunciation"},{"start_time":"280.22","end_time":"280.94","alternatives":[{"confidence":"0.7001999999999999","content":"드린다고요"}],"type":"pronunciation"},{"start_time":"281.52","end_time":"283.05","alternatives":[{"confidence":"0.82205","content":"말씀드릴게요"}],"type":"pronunciation"},{"alternatives":[{"confidence":"0.0","content":"."}],"type":"punctuation"},{"start_time":"285.26","end_time":"286.04","alternatives":[{"confidence":"0.9608","content":"이동하셨습니까"}],"type":"pronunciation"},{"start_time":"286.04","end_time":"286.36","alternatives":[{"confidence":"0.8963","content":"지금"}],"type":"pronunciation"},{"start_time":"288.77","end_time":"288.95","alternatives":[{"confidence":"0.6902","content":"지금"}],"type":"pronunciation"},{"start_time":"288.98","end_time":"289.34","alternatives":[{"confidence":"0.9962","content":"조용한"}],"type":"pronunciation"},{"start_time":"289.34","end_time":"289.63","alternatives":[{"confidence":"0.9996","content":"곳으로"}],"type":"pronunciation"},{"start_time":"289.63","end_time":"289.89","alternatives":[{"confidence":"0.967","content":"이동을"}],"type":"pronunciation"},{"start_time":"289.89","end_time":"290.23","alternatives":[{"confidence":"0.3877","content":"해주세요"}],"type":"pronunciation"},{"alternatives":[{"confidence":"0.0","content":"."}],"type":"punctuation"},{"start_time":"290.42","end_time":"290.61","alternatives":[{"confidence":"0.8991","content":"보다"}],"type":"pronunciation"},{"start_time":"290.61","end_time":"290.83","alternatives":[{"confidence":"0.9943","content":"조금"}],"type":"pronunciation"},{"start_time":"290.83","end_time":"290.94","alternatives":[{"confidence":"0.9282","content":"더"}],"type":"pronunciation"},{"start_time":"290.94","end_time":"291.85","alternatives":[{"confidence":"0.98705","content":"시끄럽네요"}],"type":"pronunciation"},{"start_time":"293.62","end_time":"294.83","alternatives":[{"confidence":"1.0","content":"갔는데"}],"type":"pronunciation"},{"start_time":"295.58","end_time":"295.89","alternatives":[{"confidence":"0.0188","content":"다른"}],"type":"pronunciation"},{"start_time":"296.64","end_time":"297.12","alternatives":[{"confidence":"0.9922","content":"오실"}],"type":"pronunciation"},{"start_time":"297.12","end_time":"297.28","alternatives":[{"confidence":"0.9973","content":"수"}],"type":"pronunciation"},{"start_time":"297.28","end_time":"298.1","alternatives":[{"confidence":"0.9994","content":"있는데요"}],"type":"pronunciation"},{"alternatives":[{"confidence":"0.0","content":"."}],"type":"punctuation"},{"start_time":"299.33","end_time":"299.79","alternatives":[{"confidence":"0.47825000000000006","content":"우선은"}],"type":"pronunciation"},{"start_time":"299.79","end_time":"300.15","alternatives":[{"confidence":"0.7039","content":"본인"}],"type":"pronunciation"},{"start_time":"300.15","end_time":"300.52","alternatives":[{"confidence":"0.78425","content":"육성이"}],"type":"pronunciation"},{"start_time":"300.52","end_time":"300.78","alternatives":[{"confidence":"0.9729","content":"저희가"}],"type":"pronunciation"},{"start_time":"300.78","end_time":"300.94","alternatives":[{"confidence":"0.5783","content":"삼"}],"type":"pronunciation"},{"start_time":"300.94","end_time":"301.1","alternatives":[{"confidence":"0.9563","content":"년"}],"type":"pronunciation"},{"start_time":"301.1","end_time":"301.35","alternatives":[{"confidence":"0.9547","content":"동안"}],"type":"pronunciation"},{"start_time":"301.35","end_time":"301.9","alternatives":[{"confidence":"0.9968","content":"보관해야"}],"type":"pronunciation"},{"start_time":"301.9","end_time":"302.12","alternatives":[{"confidence":"0.9205","content":"되기"}],"type":"pronunciation"},{"start_time":"302.12","end_time":"302.73","alternatives":[{"confidence":"1.0","content":"때문에"}],"type":"pronunciation"},{"start_time":"303.1","end_time":"303.4","alternatives":[{"confidence":"0.5171","content":"근데"}],"type":"pronunciation"},{"start_time":"303.77","end_time":"304.04","alternatives":[{"confidence":"0.3427","content":"그게"}],"type":"pronunciation"},{"start_time":"304.17","end_time":"304.48","alternatives":[{"confidence":"0.4321","content":"좀"}],"type":"pronunciation"},{"start_time":"304.48","end_time":"304.91","alternatives":[{"confidence":"0.19640000000000002","content":"여쭤보고"}],"type":"pronunciation"},{"start_time":"306.61","end_time":"307.3","alternatives":[{"confidence":"0.9552","content":"지금"}],"type":"pronunciation"},{"start_time":"307.3","end_time":"307.54","alternatives":[{"confidence":"0.7318","content":"해야"}],"type":"pronunciation"},{"start_time":"307.54","end_time":"307.75","alternatives":[{"confidence":"0.0029","content":"되는"}],"type":"pronunciation"},{"start_time":"308.62","end_time":"309.16","alternatives":[{"confidence":"0.6385","content":"거예요"}],"type":"pronunciation"},{"alternatives":[{"confidence":"0.0","content":"."}],"type":"punctuation"},{"start_time":"310.02","end_time":"310.64","alternatives":[{"confidence":"0.9985","content":"제가"}],"type":"pronunciation"},{"start_time":"311.27","end_time":"311.83","alternatives":[{"confidence":"0.9088","content":"많이"}],"type":"pronunciation"},{"start_time":"311.83","end_time":"312.12","alternatives":[{"confidence":"0.9423","content":"급한"}],"type":"pronunciation"},{"start_time":"312.12","end_time":"312.27","alternatives":[{"confidence":"0.9542","content":"건"}],"type":"pronunciation"},{"start_time":"312.27","end_time":"313.25","alternatives":[{"confidence":"0.9967","content":"아니고요"}],"type":"pronunciation"},{"alternatives":[{"confidence":"0.0","content":"."}],"type":"punctuation"},{"start_time":"313.58","end_time":"313.88","alternatives":[{"confidence":"0.7765","content":"왜"}],"type":"pronunciation"},{"start_time":"313.91","end_time":"314.19","alternatives":[{"confidence":"0.9544","content":"지금"}],"type":"pronunciation"},{"start_time":"314.19","end_time":"314.52","alternatives":[{"confidence":"0.9997","content":"조사를"}],"type":"pronunciation"},{"start_time":"314.52","end_time":"314.98","alternatives":[{"confidence":"0.95355","content":"진행하는지"}],"type":"pronunciation"},{"start_time":"314.98","end_time":"315.34","alternatives":[{"confidence":"1.0","content":"말씀을"}],"type":"pronunciation"},{"start_time":"315.34","end_time":"316.29","alternatives":[{"confidence":"0.9221","content":"드릴게요"}],"type":"pronunciation"},{"alternatives":[{"confidence":"0.0","content":"."}],"type":"punctuation"},{"start_time":"316.53","end_time":"316.94","alternatives":[{"confidence":"0.9086","content":"본인께서"}],"type":"pronunciation"},{"start_time":"316.94","end_time":"317.48","alternatives":[{"confidence":"0.74985","content":"다섯시"}],"type":"pronunciation"},{"start_time":"317.48","end_time":"317.84","alternatives":[{"confidence":"0.9832","content":"이유를"}],"type":"pronunciation"},{"start_time":"317.84","end_time":"318.58","alternatives":[{"confidence":"0.99665","content":"말씀하시는데"}],"type":"pronunciation"},{"start_time":"318.58","end_time":"318.96","alternatives":[{"confidence":"0.7692","content":"그때는"}],"type":"pronunciation"},{"start_time":"318.96","end_time":"319.26","alternatives":[{"confidence":"0.999","content":"저희도"}],"type":"pronunciation"},{"start_time":"319.26","end_time":"319.66","alternatives":[{"confidence":"0.99995","content":"퇴근을"}],"type":"pronunciation"},{"start_time":"319.66","end_time":"320.2","alternatives":[{"confidence":"0.9237","content":"합니다"}],"type":"pronunciation"},{"alternatives":[{"confidence":"0.0","content":"."}],"type":"punctuation"},{"start_time":"321.36","end_time":"321.61","alternatives":[{"confidence":"0.1644","content":"예"}],"type":"pronunciation"},{"alternatives":[{"confidence":"0.0","content":"."}],"type":"punctuation"},{"start_time":"321.64","end_time":"322.3","alternatives":[{"confidence":"0.97155","content":"그리고요"}],"type":"pronunciation"},{"alternatives":[{"confidence":"0.0","content":"."}],"type":"punctuation"},{"start_time":"322.93","end_time":"323.33","alternatives":[{"confidence":"0.9992","content":"전에도"}],"type":"pronunciation"},{"start_time":"323.33","end_time":"323.51","alternatives":[{"confidence":"0.9347","content":"한번"}],"type":"pronunciation"},{"start_time":"323.51","end_time":"323.78","alternatives":[{"confidence":"0.5836","content":"전화"}],"type":"pronunciation"},{"start_time":"323.78","end_time":"324.2","alternatives":[{"confidence":"0.97875","content":"드렸는데"}],"type":"pronunciation"},{"start_time":"324.44","end_time":"325.25","alternatives":[{"confidence":"0.9195","content":"중이었어요"}],"type":"pronunciation"},{"alternatives":[{"confidence":"0.0","content":"."}],"type":"punctuation"},{"start_time":"326.49","end_time":"326.87","alternatives":[{"confidence":"0.8444","content":"오늘"}],"type":"pronunciation"},{"start_time":"327.08","end_time":"327.46","alternatives":[{"confidence":"0.7038","content":"오늘"}],"type":"pronunciation"},{"start_time":"327.46","end_time":"327.71","alternatives":[{"confidence":"0.9885","content":"중에"}],"type":"pronunciation"},{"start_time":"327.71","end_time":"328.14","alternatives":[{"confidence":"0.9986","content":"조사를"}],"type":"pronunciation"},{"start_time":"328.14","end_time":"328.25","alternatives":[{"confidence":"0.6449","content":"안"}],"type":"pronunciation"},{"start_time":"328.25","end_time":"329.05","alternatives":[{"confidence":"0.9994000000000001","content":"받으시면요"}],"type":"pronunciation"},{"alternatives":[{"confidence":"0.0","content":"."}],"type":"punctuation"},{"start_time":"329.39","end_time":"329.7","alternatives":[{"confidence":"0.2329","content":"본인의"}],"type":"pronunciation"},{"start_time":"329.7","end_time":"330.04","alternatives":[{"confidence":"0.7591","content":"재판"}],"type":"pronunciation"},{"start_time":"330.04","end_time":"330.37","alternatives":[{"confidence":"1.0","content":"날짜가"}],"type":"pronunciation"},{"start_time":"330.37","end_time":"330.64","alternatives":[{"confidence":"0.9997","content":"잡힐"}],"type":"pronunciation"},{"start_time":"330.64","end_time":"330.84","alternatives":[{"confidence":"0.9147","content":"수가"}],"type":"pronunciation"},{"start_time":"330.84","end_time":"331.46","alternatives":[{"confidence":"0.9936","content":"있습니다"}],"type":"pronunciation"},{"alternatives":[{"confidence":"0.0","content":"."}],"type":"punctuation"},{"start_time":"332.04","end_time":"332.29","alternatives":[{"confidence":"0.3098","content":"재판"}],"type":"pronunciation"},{"start_time":"332.29","end_time":"332.66","alternatives":[{"confidence":"1.0","content":"날짜가"}],"type":"pronunciation"},{"start_time":"332.66","end_time":"333.72","alternatives":[{"confidence":"0.99515","content":"잡히면요"}],"type":"pronunciation"},{"start_time":"333.84","end_time":"334.22","alternatives":[{"confidence":"0.9405","content":"본인이"}],"type":"pronunciation"},{"start_time":"334.47","end_time":"334.93","alternatives":[{"confidence":"0.9966","content":"변호사"}],"type":"pronunciation"},{"start_time":"334.93","end_time":"335.29","alternatives":[{"confidence":"0.9958","content":"선임을"}],"type":"pronunciation"},{"start_time":"335.29","end_time":"335.56","alternatives":[{"confidence":"0.9189","content":"하셔야"}],"type":"pronunciation"},{"start_time":"335.56","end_time":"336.43","alternatives":[{"confidence":"0.9984","content":"되고요"}],"type":"pronunciation"},{"alternatives":[{"confidence":"0.0","content":"."}],"type":"punctuation"},{"start_time":"336.52","end_time":"337.07","alternatives":[{"confidence":"0.9974","content":"변호사"}],"type":"pronunciation"},{"start_time":"337.07","end_time":"337.5","alternatives":[{"confidence":"0.99715","content":"선임을"}],"type":"pronunciation"},{"start_time":"337.5","end_time":"338.33","alternatives":[{"confidence":"0.99575","content":"하신다고"}],"type":"pronunciation"},{"start_time":"338.33","end_time":"338.89","alternatives":[{"confidence":"0.9995","content":"하셔도"}],"type":"pronunciation"},{"start_time":"339.13","end_time":"339.58","alternatives":[{"confidence":"0.9672000000000001","content":"벌금이"}],"type":"pronunciation"},{"start_time":"339.58","end_time":"339.97","alternatives":[{"confidence":"0.99535","content":"나오실"}],"type":"pronunciation"},{"start_time":"339.97","end_time":"340.18","alternatives":[{"confidence":"0.9937","content":"수가"}],"type":"pronunciation"},{"start_time":"340.18","end_time":"340.8","alternatives":[{"confidence":"0.9986","content":"있어요"}],"type":"pronunciation"},{"alternatives":[{"confidence":"0.0","content":"."}],"type":"punctuation"},{"start_time":"342.28","end_time":"342.63","alternatives":[{"confidence":"0.9161","content":"벌금"}],"type":"pronunciation"},{"start_time":"342.63","end_time":"342.88","alternatives":[{"confidence":"0.9995","content":"같은"}],"type":"pronunciation"},{"start_time":"342.88","end_time":"343.15","alternatives":[{"confidence":"0.6284","content":"경우에는"}],"type":"pronunciation"},{"start_time":"343.15","end_time":"343.46","alternatives":[{"confidence":"0.7753","content":"삼백"}],"type":"pronunciation"},{"start_time":"343.46","end_time":"343.73","alternatives":[{"confidence":"0.9911","content":"만원"}],"type":"pronunciation"},{"start_time":"343.73","end_time":"344.04","alternatives":[{"confidence":"0.9999","content":"이상의"}],"type":"pronunciation"},{"start_time":"344.04","end_time":"344.39","alternatives":[{"confidence":"0.9991000000000001","content":"벌금이"}],"type":"pronunciation"},{"start_time":"344.39","end_time":"345.29","alternatives":[{"confidence":"0.9929","content":"나오십니다"}],"type":"pronunciation"},{"start_time":"347.97","end_time":"348.43","alternatives":[{"confidence":"0.9914499999999999","content":"그거를"}],"type":"pronunciation"},{"start_time":"348.43","end_time":"348.89","alternatives":[{"confidence":"0.7661","content":"본인께서"}],"type":"pronunciation"},{"start_time":"348.89","end_time":"349.51","alternatives":[{"confidence":"0.99695","content":"감당하실"}],"type":"pronunciation"},{"start_time":"349.51","end_time":"349.65","alternatives":[{"confidence":"0.9471","content":"거"}],"type":"pronunciation"},{"start_time":"349.65","end_time":"350.22","alternatives":[{"confidence":"0.9997","content":"면요"}],"type":"pronunciation"},{"alternatives":[{"confidence":"0.0","content":"."}],"type":"punctuation"},{"start_time":"352.33","end_time":"352.64","alternatives":[{"confidence":"0.9588","content":"네"}],"type":"pronunciation"},{"alternatives":[{"confidence":"0.0","content":"."}],"type":"punctuation"},{"start_time":"352.64","end_time":"353.51","alternatives":[{"confidence":"1.0","content":"그러면"}],"type":"pronunciation"},{"start_time":"354.13","end_time":"354.99","alternatives":[{"confidence":"1.0","content":"그러면"}],"type":"pronunciation"},{"start_time":"355.46","end_time":"355.81","alternatives":[{"confidence":"0.7624","content":"지금"}],"type":"pronunciation"},{"start_time":"355.9","end_time":"357.07","alternatives":[{"confidence":"0.9557","content":"말고"}],"type":"pronunciation"},{"start_time":"357.62","end_time":"358.43","alternatives":[{"confidence":"0.013","content":"내가"}],"type":"pronunciation"},{"start_time":"358.75","end_time":"359.04","alternatives":[{"confidence":"0.4347","content":"다"}],"type":"pronunciation"},{"start_time":"359.04","end_time":"359.46","alternatives":[{"confidence":"0.24235","content":"오분"}],"type":"pronunciation"},{"start_time":"359.61","end_time":"359.93","alternatives":[{"confidence":"0.0718","content":"있다가"}],"type":"pronunciation"},{"start_time":"359.93","end_time":"360.24","alternatives":[{"confidence":"0.9987","content":"다시"}],"type":"pronunciation"},{"start_time":"360.24","end_time":"360.93","alternatives":[{"confidence":"0.8589666666666668","content":"전화드리면"}],"type":"pronunciation"},{"start_time":"360.93","end_time":"361.06","alternatives":[{"confidence":"0.8737","content":"안"}],"type":"pronunciation"},{"start_time":"361.06","end_time":"361.35","alternatives":[{"confidence":"0.8831","content":"돼요"}],"type":"pronunciation"},{"alternatives":[{"confidence":"0.0","content":"."}],"type":"punctuation"},{"start_time":"361.38","end_time":"361.75","alternatives":[{"confidence":"0.6836","content":"왜냐면"}],"type":"pronunciation"},{"start_time":"361.75","end_time":"362.04","alternatives":[{"confidence":"0.7706","content":"조금"}],"type":"pronunciation"},{"start_time":"362.27","end_time":"362.73","alternatives":[{"confidence":"0.5146","content":"정신"}],"type":"pronunciation"},{"start_time":"362.73","end_time":"364.0","alternatives":[{"confidence":"0.94875","content":"시간인데"}],"type":"pronunciation"},{"start_time":"364.57","end_time":"364.96","alternatives":[{"confidence":"0.9962","content":"제가"}],"type":"pronunciation"},{"start_time":"364.96","end_time":"365.21","alternatives":[{"confidence":"0.2115","content":"안"}],"type":"pronunciation"},{"start_time":"366.02","end_time":"366.42","alternatives":[{"confidence":"0.9529","content":"지금"}],"type":"pronunciation"},{"start_time":"366.45","end_time":"366.94","alternatives":[{"confidence":"0.9981","content":"조사를"}],"type":"pronunciation"},{"start_time":"366.94","end_time":"368.05","alternatives":[{"confidence":"0.9998","content":"해야"}],"type":"pronunciation"},{"start_time":"368.05","end_time":"369.03","alternatives":[{"confidence":"0.9999","content":"되잖아요"}],"type":"pronunciation"},{"alternatives":[{"confidence":"0.0","content":"."}],"type":"punctuation"},{"start_time":"369.39","end_time":"369.77","alternatives":[{"confidence":"0.4503","content":"그래서"}],"type":"pronunciation"},{"start_time":"370.01","end_time":"370.74","alternatives":[{"confidence":"0.9136","content":"말씀드려야"}],"type":"pronunciation"},{"start_time":"370.74","end_time":"370.98","alternatives":[{"confidence":"0.9358","content":"되고"}],"type":"pronunciation"},{"start_time":"371.13","end_time":"371.82","alternatives":[{"confidence":"0.36655","content":"감금안"}],"type":"pronunciation"},{"start_time":"371.82","end_time":"372.26","alternatives":[{"confidence":"0.8049","content":"먹으러"}],"type":"pronunciation"},{"start_time":"372.79","end_time":"373.59","alternatives":[{"confidence":"0.8978","content":"한다고"}],"type":"pronunciation"},{"start_time":"374.49","end_time":"374.88","alternatives":[{"confidence":"0.9875","content":"그래요"}],"type":"pronunciation"},{"alternatives":[{"confidence":"0.0","content":"."}],"type":"punctuation"},{"start_time":"374.88","end_time":"375.08","alternatives":[{"confidence":"0.1778","content":"그"}],"type":"pronunciation"},{"start_time":"375.29","end_time":"375.72","alternatives":[{"confidence":"0.9935","content":"전화를"}],"type":"pronunciation"},{"start_time":"375.72","end_time":"375.88","alternatives":[{"confidence":"0.8702","content":"해야"}],"type":"pronunciation"},{"start_time":"375.88","end_time":"376.98","alternatives":[{"confidence":"0.70875","content":"된다고요"}],"type":"pronunciation"},{"alternatives":[{"confidence":"0.0","content":"."}],"type":"punctuation"},{"start_time":"379.67","end_time":"380.12","alternatives":[{"confidence":"0.8003","content":"그렇게"}],"type":"pronunciation"},{"start_time":"382.17","end_time":"382.61","alternatives":[{"confidence":"0.9626","content":"지금"}],"type":"pronunciation"},{"start_time":"382.61","end_time":"382.87","alternatives":[{"confidence":"0.3334","content":"무선"}],"type":"pronunciation"},{"start_time":"383.02","end_time":"383.35","alternatives":[{"confidence":"0.5867","content":"전화"}],"type":"pronunciation"},{"start_time":"383.35","end_time":"384.09","alternatives":[{"confidence":"0.8558","content":"상태가요"}],"type":"pronunciation"},{"start_time":"384.48","end_time":"384.77","alternatives":[{"confidence":"0.6698","content":"우선"}],"type":"pronunciation"},{"start_time":"384.77","end_time":"385.05","alternatives":[{"confidence":"0.8703000000000001","content":"녹취"}],"type":"pronunciation"},{"start_time":"385.05","end_time":"385.85","alternatives":[{"confidence":"0.8460000000000001","content":"상태조사가"}],"type":"pronunciation"},{"start_time":"385.85","end_time":"386.22","alternatives":[{"confidence":"0.69905","content":"오분"}],"type":"pronunciation"},{"start_time":"386.22","end_time":"386.43","alternatives":[{"confidence":"0.9586","content":"이상"}],"type":"pronunciation"},{"start_time":"386.43","end_time":"386.73","alternatives":[{"confidence":"0.3141","content":"전화가"}],"type":"pronunciation"},{"start_time":"386.73","end_time":"387.06","alternatives":[{"confidence":"0.47065","content":"끊기게"}],"type":"pronunciation"},{"start_time":"387.06","end_time":"387.27","alternatives":[{"confidence":"0.5656","content":"되면"}],"type":"pronunciation"},{"start_time":"387.27","end_time":"387.62","alternatives":[{"confidence":"1.0","content":"처음부터"}],"type":"pronunciation"},{"start_time":"387.62","end_time":"387.9","alternatives":[{"confidence":"0.9273","content":"다시"}],"type":"pronunciation"},{"start_time":"387.9","end_time":"388.2","alternatives":[{"confidence":"0.8384","content":"조사를"}],"type":"pronunciation"},{"start_time":"388.2","end_time":"388.63","alternatives":[{"confidence":"0.9764","content":"진행해야"}],"type":"pronunciation"},{"start_time":"388.63","end_time":"389.55","alternatives":[{"confidence":"0.9434","content":"되고요"}],"type":"pronunciation"},{"alternatives":[{"confidence":"0.0","content":"."}],"type":"punctuation"},{"start_time":"390.17","end_time":"390.56","alternatives":[{"confidence":"1.0","content":"저희가"}],"type":"pronunciation"},{"start_time":"390.56","end_time":"391.02","alternatives":[{"confidence":"0.9356","content":"원래는"}],"type":"pronunciation"},{"start_time":"391.02","end_time":"391.39","alternatives":[{"confidence":"0.7584","content":"본인"}],"type":"pronunciation"},{"start_time":"391.39","end_time":"391.68","alternatives":[{"confidence":"0.9984","content":"편한"}],"type":"pronunciation"},{"start_time":"391.68","end_time":"391.98","alternatives":[{"confidence":"0.9603","content":"시간에"}],"type":"pronunciation"},{"start_time":"391.98","end_time":"392.68","alternatives":[{"confidence":"0.9993","content":"조사를"}],"type":"pronunciation"},{"start_time":"392.68","end_time":"393.0","alternatives":[{"confidence":"0.9047","content":"하는"}],"type":"pronunciation"},{"start_time":"393.15","end_time":"393.33","alternatives":[{"confidence":"0.1782","content":"이런"}],"type":"pronunciation"},{"start_time":"393.6","end_time":"393.77","alternatives":[{"confidence":"0.7929","content":"아니"}],"type":"pronunciation"},{"start_time":"393.77","end_time":"395.22","alternatives":[{"confidence":"1.0","content":"아니에요"}],"type":"pronunciation"},{"alternatives":[{"confidence":"0.0","content":"."}],"type":"punctuation"},{"start_time":"396.58","end_time":"397.19","alternatives":[{"confidence":"0.9894","content":"그래서"}],"type":"pronunciation"},{"start_time":"397.47","end_time":"397.88","alternatives":[{"confidence":"0.97655","content":"우선은"}],"type":"pronunciation"},{"start_time":"397.88","end_time":"398.41","alternatives":[{"confidence":"0.9685999999999999","content":"본인께서"}],"type":"pronunciation"},{"start_time":"398.41","end_time":"398.91","alternatives":[{"confidence":"0.67505","content":"우선은"}],"type":"pronunciation"},{"start_time":"399.06","end_time":"399.42","alternatives":[{"confidence":"1.0","content":"조사를"}],"type":"pronunciation"},{"start_time":"399.42","end_time":"399.98","alternatives":[{"confidence":"0.95885","content":"받으신다고"}],"type":"pronunciation"},{"start_time":"399.98","end_time":"400.6","alternatives":[{"confidence":"0.9215333333333334","content":"상사분한테"}],"type":"pronunciation"},{"start_time":"400.6","end_time":"401.03","alternatives":[{"confidence":"0.9998","content":"말씀을"}],"type":"pronunciation"},{"start_time":"401.03","end_time":"401.28","alternatives":[{"confidence":"0.995","content":"하셔야"}],"type":"pronunciation"},{"start_time":"401.28","end_time":"402.03","alternatives":[{"confidence":"0.9976","content":"되니까"}],"type":"pronunciation"},{"start_time":"402.5","end_time":"402.7","alternatives":[{"confidence":"0.6386","content":"내가"}],"type":"pronunciation"},{"start_time":"402.7","end_time":"403.13","alternatives":[{"confidence":"0.6628499999999999","content":"전화는"}],"type":"pronunciation"},{"start_time":"403.13","end_time":"403.5","alternatives":[{"confidence":"0.9422","content":"잠깐"}],"type":"pronunciation"},{"start_time":"403.5","end_time":"403.98","alternatives":[{"confidence":"0.51305","content":"끊어드릴"}],"type":"pronunciation"},{"start_time":"403.98","end_time":"404.19","alternatives":[{"confidence":"0.2457","content":"수는"}],"type":"pronunciation"},{"start_time":"404.19","end_time":"405.42","alternatives":[{"confidence":"0.9991","content":"있어요"}],"type":"pronunciation"},{"alternatives":[{"confidence":"0.0","content":"."}],"type":"punctuation"},{"start_time":"405.69","end_time":"405.96","alternatives":[{"confidence":"0.6459","content":"그런데"}],"type":"pronunciation"},{"start_time":"405.96","end_time":"407.05","alternatives":[{"confidence":"0.99265","content":"점심시간이후에는"}],"type":"pronunciation"},{"start_time":"407.05","end_time":"407.34","alternatives":[{"confidence":"1.0","content":"조사가"}],"type":"pronunciation"},{"start_time":"407.34","end_time":"408.0","alternatives":[{"confidence":"0.98925","content":"불가능합니다"}],"type":"pronunciation"},{"alternatives":[{"confidence":"0.0","content":"."}],"type":"punctuation"},{"start_time":"408.76","end_time":"408.97","alternatives":[{"confidence":"0.9249","content":"지금"}],"type":"pronunciation"},{"start_time":"408.97","end_time":"409.22","alternatives":[{"confidence":"0.671","content":"전화"}],"type":"pronunciation"},{"start_time":"409.22","end_time":"410.0","alternatives":[{"confidence":"0.76505","content":"끊어드릴까요"}],"type":"pronunciation"},{"start_time":"415.57","end_time":"415.9","alternatives":[{"confidence":"0.999","content":"그래요"}],"type":"pronunciation"},{"alternatives":[{"confidence":"0.0","content":"."}],"type":"punctuation"},{"start_time":"415.93","end_time":"416.35","alternatives":[{"confidence":"1.0","content":"정확히"}],"type":"pronunciation"},{"start_time":"416.35","end_time":"416.52","alternatives":[{"confidence":"0.9984","content":"몇"}],"type":"pronunciation"},{"start_time":"416.53","end_time":"416.67","alternatives":[{"confidence":"0.9206","content":"분"}],"type":"pronunciation"},{"start_time":"416.67","end_time":"416.92","alternatives":[{"confidence":"0.9881","content":"정도"}],"type":"pronunciation"},{"start_time":"416.92","end_time":"417.14","alternatives":[{"confidence":"0.9826","content":"뒤에"}],"type":"pronunciation"},{"start_time":"417.14","end_time":"417.64","alternatives":[{"confidence":"0.84475","content":"전화드려야"}],"type":"pronunciation"},{"start_time":"417.64","end_time":"418.41","alternatives":[{"confidence":"0.9939","content":"될까요"}],"type":"pronunciation"},{"alternatives":[{"confidence":"0.0","content":"?"}],"type":"punctuation"},{"start_time":"420.55","end_time":"421.38","alternatives":[{"confidence":"0.9981","content":"알겠습니다"}],"type":"pronunciation"},{"alternatives":[{"confidence":"0.0","content":"."}],"type":"punctuation"},{"start_time":"421.38","end_time":"422.07","alternatives":[{"confidence":"0.9539","content":"우선은"}],"type":"pronunciation"},{"start_time":"422.22","end_time":"422.58","alternatives":[{"confidence":"0.8313","content":"직장"}],"type":"pronunciation"},{"start_time":"422.58","end_time":"423.27","alternatives":[{"confidence":"0.886","content":"상사분한테"}],"type":"pronunciation"},{"start_time":"423.59","end_time":"424.17","alternatives":[{"confidence":"1.0","content":"절대로"}],"type":"pronunciation"},{"start_time":"424.17","end_time":"424.61","alternatives":[{"confidence":"0.9985","content":"사건에"}],"type":"pronunciation"},{"start_time":"424.61","end_time":"424.86","alternatives":[{"confidence":"0.9946","content":"대해서"}],"type":"pronunciation"},{"start_time":"424.86","end_time":"425.42","alternatives":[{"confidence":"0.7939","content":"발생하실"}],"type":"pronunciation"},{"start_time":"425.42","end_time":"425.62","alternatives":[{"confidence":"0.7494","content":"수는"}],"type":"pronunciation"},{"start_time":"425.62","end_time":"426.64","alternatives":[{"confidence":"0.99935","content":"없고요"}],"type":"pronunciation"},{"alternatives":[{"confidence":"0.0","content":"."}],"type":"punctuation"},{"start_time":"426.8","end_time":"427.37","alternatives":[{"confidence":"0.998","content":"그냥"}],"type":"pronunciation"},{"start_time":"427.4","end_time":"428.17","alternatives":[{"confidence":"1.0","content":"급하게"}],"type":"pronunciation"},{"start_time":"428.32","end_time":"428.77","alternatives":[{"confidence":"0.9992","content":"처리해야"}],"type":"pronunciation"},{"start_time":"428.77","end_time":"428.94","alternatives":[{"confidence":"0.5764","content":"할"}],"type":"pronunciation"},{"start_time":"428.94","end_time":"429.07","alternatives":[{"confidence":"0.9936","content":"게"}],"type":"pronunciation"},{"start_time":"429.07","end_time":"429.33","alternatives":[{"confidence":"0.4736","content":"있어"}],"type":"pronunciation"},{"start_time":"429.33","end_time":"430.02","alternatives":[{"confidence":"0.8761","content":"가지고"}],"type":"pronunciation"},{"start_time":"430.71","end_time":"431.04","alternatives":[{"confidence":"0.9395","content":"우선"}],"type":"pronunciation"},{"start_time":"431.04","end_time":"431.34","alternatives":[{"confidence":"1.0","content":"잠깐"}],"type":"pronunciation"},{"start_time":"431.34","end_time":"431.71","alternatives":[{"confidence":"1.0","content":"자리를"}],"type":"pronunciation"},{"start_time":"431.78","end_time":"432.17","alternatives":[{"confidence":"0.8427","content":"비운"}],"type":"pronunciation"},{"start_time":"432.17","end_time":"432.72","alternatives":[{"confidence":"0.848","content":"다고"}],"type":"pronunciation"},{"start_time":"432.87","end_time":"433.79","alternatives":[{"confidence":"0.7731","content":"식사있다가"}],"type":"pronunciation"},{"alternatives":[{"confidence":"0.0","content":"."}],"type":"punctuation"},{"start_time":"433.91","end_time":"434.41","alternatives":[{"confidence":"0.998","content":"나중에"}],"type":"pronunciation"},{"start_time":"434.41","end_time":"434.61","alternatives":[{"confidence":"0.5553","content":"할"}],"type":"pronunciation"},{"start_time":"434.88","end_time":"435.02","alternatives":[{"confidence":"0.9981","content":"것"}],"type":"pronunciation"},{"start_time":"435.02","end_time":"435.34","alternatives":[{"confidence":"0.5749","content":"같다고"}],"type":"pronunciation"},{"start_time":"435.34","end_time":"435.55","alternatives":[{"confidence":"0.8734","content":"이렇게"}],"type":"pronunciation"},{"start_time":"435.58","end_time":"435.82","alternatives":[{"confidence":"0.8634","content":"잘"}],"type":"pronunciation"},{"start_time":"435.82","end_time":"437.29","alternatives":[{"confidence":"0.9151","content":"말씀하시고요"}],"type":"pronunciation"},{"alternatives":[{"confidence":"0.0","content":"."}],"type":"punctuation"},{"start_time":"438.0","end_time":"438.54","alternatives":[{"confidence":"0.9025","content":"검찰"}],"type":"pronunciation"},{"start_time":"438.54","end_time":"438.89","alternatives":[{"confidence":"0.5469","content":"조사"}],"type":"pronunciation"},{"start_time":"438.89","end_time":"439.16","alternatives":[{"confidence":"0.9988","content":"받고"}],"type":"pronunciation"},{"start_time":"439.16","end_time":"439.44","alternatives":[{"confidence":"0.9379","content":"있다고"}],"type":"pronunciation"},{"start_time":"439.47","end_time":"439.87","alternatives":[{"confidence":"0.2379","content":"발사를"}],"type":"pronunciation"},{"start_time":"439.87","end_time":"440.18","alternatives":[{"confidence":"1.0","content":"하시면"}],"type":"pronunciation"},{"start_time":"440.18","end_time":"440.31","alternatives":[{"confidence":"0.9478","content":"안"}],"type":"pronunciation"},{"start_time":"440.31","end_time":"440.82","alternatives":[{"confidence":"0.97095","content":"되십니다"}],"type":"pronunciation"},{"alternatives":[{"confidence":"0.0","content":"."}],"type":"punctuation"},{"start_time":"442.65","end_time":"442.87","alternatives":[{"confidence":"0.9434","content":"그럼"}],"type":"pronunciation"},{"start_time":"442.87","end_time":"443.07","alternatives":[{"confidence":"0.9578","content":"제가"}],"type":"pronunciation"},{"start_time":"443.07","end_time":"443.54","alternatives":[{"confidence":"1.0","content":"정확하게"}],"type":"pronunciation"},{"start_time":"443.57","end_time":"443.94","alternatives":[{"confidence":"0.6525999999999998","content":"삼분"}],"type":"pronunciation"},{"start_time":"443.94","end_time":"444.23","alternatives":[{"confidence":"0.9888","content":"있다가"}],"type":"pronunciation"},{"start_time":"444.23","end_time":"444.48","alternatives":[{"confidence":"0.5777","content":"전화"}],"type":"pronunciation"},{"start_time":"444.48","end_time":"445.89","alternatives":[{"confidence":"0.9674","content":"드릴게요"}],"type":"pronunciation"},{"alternatives":[{"confidence":"0.0","content":"."}],"type":"punctuation"}]},"status":"COMPLETED"}