{"jobName":"transcribes..18","accountId":"097989105209","results":{"transcripts":[{"transcript":"현재 발견된 농협은행과 하나은행통장을 불법적으로 사용됐기 때문에 본인 의사와 상관없이 계좌동결처리가 됩니다. 무슨 말인지 아시겠습니까? 그럼 발견된 총장 말고 본인께서 직접 개설해서 합법적으로 사용하고 있는 은행은 무슨 은행입니까? 은행이 이름만 말씀해 주십시오. 근데 그 사용된 은행 계좌번호를 불러줄 수 있나요? 확인해보 은행 계좌번호 끝끝내 자리는 농협은행 끝내 자리에서 하나은행끝내 자립 아직까지 통장개설에 대해서 아까 말씀드렸다시피 어느 부분도 특정된 게 아니라서 저희도 모르는 부분은 많은 거고요. 사실 관계 확인차 전화드린 겁니다. 발견된 통장말고 본인께서 직접 개선해서 합법적으로 사용하고 있는 은행이 무슨 은행이 시죠 그걸 얘기를 해야 되나요? 혹시 본인께서 말씀하신 은행권은행권에서 통장이나 카드 가 발견발견될 때는 저희가 불법 총장으로 간주하고 동결처리 시켜야 하기 때문에 그거는 그거있었거든요 얘기를 하실 필요가 없다고요. 그걸 제가 통제가 뭐 무슨 통제 말씀드렸죠. 혹시 본인이 말씀하시는 은행권다 은행권에서 통장이나 카드 가 발견되면 불법 통장으로 간주하고 동결처리 시켜야 하기 때문에 물어보는 것입니다. 제가 그렇다고 하더라도 제가 드릴 수가 없는데요. 왜 그걸 무슨 통제합니까? 현재 씨 명의로 개설된 통장으로 인해서 피가 피해가 피해를 볼 수 있는 상황이기 때문에 저희가 피해 사실 막으려면 일단 은행명 부터 지금 저한테 말씀해 주시죠. 잠깐만요. 지금 하신 분이 계신다고요. 김민성 수사관이고요 사이버수사대 금융범죄수사열 팀입니다 서울 지금의 안했었어요 네, 서울지방경찰청 사이버수사대 금융범죄수사팀입니다 정부로 부터 통장을 여쭤보는 이유는요 저희가 직접 발견된 통장과 본인께서 말씀하시는 은행들에 대해서 일대수석을 실시할 겁니다. 그런 말씀 말씀드렸말씀드렸는데요 대통령은 말씀드리기 싫더라고요 잠시만요. 그럼 일단 메모는 가능하십니까 사건 번호와 사건명 해주세요. 사건번호는 이공일 사공칠삼공 이고요 참, 고 사건 명은 이동구 금융사기사건입니다? 네, 제가 지금 이 사건을 담당하고 있는 팀장님 속으로 직접 전화연결을 해드릴 겁니다. 팀장팀장님과 연결되시면 사건 번호랑 사건 명말씀해 주시고요 본인께서 무고한 피해자라는 걸 지금처럼 얘기해 주시면 되겠습니다 팀장바꿔바꿔서 얘기를 했나요? 아침 팀장님께서 신고를 사도 말씀해 드리고 피해자로 분류되셔서 피해 없으시도록 도와주실 겁니다 이렇게 전화기끊지말고 잠시만 기다려 주시죠 공부창업거든요 합니다"}],"items":[{"start_time":"2.92","end_time":"3.37","alternatives":[{"confidence":"0.9655","content":"현재"}],"type":"pronunciation"},{"start_time":"3.37","end_time":"3.88","alternatives":[{"confidence":"0.9995","content":"발견된"}],"type":"pronunciation"},{"start_time":"3.88","end_time":"4.65","alternatives":[{"confidence":"0.99995","content":"농협은행과"}],"type":"pronunciation"},{"start_time":"4.65","end_time":"5.69","alternatives":[{"confidence":"0.9106","content":"하나은행통장을"}],"type":"pronunciation"},{"start_time":"5.69","end_time":"6.36","alternatives":[{"confidence":"0.9984999999999999","content":"불법적으로"}],"type":"pronunciation"},{"start_time":"6.36","end_time":"6.91","alternatives":[{"confidence":"0.97565","content":"사용됐기"}],"type":"pronunciation"},{"start_time":"6.91","end_time":"7.63","alternatives":[{"confidence":"0.9999","content":"때문에"}],"type":"pronunciation"},{"start_time":"8.89","end_time":"9.31","alternatives":[{"confidence":"0.9328","content":"본인"}],"type":"pronunciation"},{"start_time":"9.31","end_time":"9.72","alternatives":[{"confidence":"1.0","content":"의사와"}],"type":"pronunciation"},{"start_time":"9.72","end_time":"10.51","alternatives":[{"confidence":"1.0","content":"상관없이"}],"type":"pronunciation"},{"start_time":"10.51","end_time":"11.59","alternatives":[{"confidence":"0.5027","content":"계좌동결처리가"}],"type":"pronunciation"},{"start_time":"11.59","end_time":"12.03","alternatives":[{"confidence":"0.9987","content":"됩니다"}],"type":"pronunciation"},{"alternatives":[{"confidence":"0.0","content":"."}],"type":"punctuation"},{"start_time":"12.03","end_time":"12.3","alternatives":[{"confidence":"1.0","content":"무슨"}],"type":"pronunciation"},{"start_time":"12.3","end_time":"12.6","alternatives":[{"confidence":"1.0","content":"말인지"}],"type":"pronunciation"},{"start_time":"12.6","end_time":"13.36","alternatives":[{"confidence":"0.44035","content":"아시겠습니까"}],"type":"pronunciation"},{"alternatives":[{"confidence":"0.0","content":"?"}],"type":"punctuation"},{"start_time":"15.95","end_time":"16.22","alternatives":[{"confidence":"0.9445","content":"그럼"}],"type":"pronunciation"},{"start_time":"16.22","end_time":"16.79","alternatives":[{"confidence":"0.9994","content":"발견된"}],"type":"pronunciation"},{"start_time":"16.79","end_time":"17.16","alternatives":[{"confidence":"0.369","content":"총장"}],"type":"pronunciation"},{"start_time":"17.16","end_time":"17.67","alternatives":[{"confidence":"0.9574","content":"말고"}],"type":"pronunciation"},{"start_time":"17.67","end_time":"18.25","alternatives":[{"confidence":"0.9753499999999999","content":"본인께서"}],"type":"pronunciation"},{"start_time":"18.25","end_time":"18.61","alternatives":[{"confidence":"0.9956","content":"직접"}],"type":"pronunciation"},{"start_time":"18.61","end_time":"19.11","alternatives":[{"confidence":"0.9923","content":"개설해서"}],"type":"pronunciation"},{"start_time":"19.11","end_time":"19.77","alternatives":[{"confidence":"1.0","content":"합법적으로"}],"type":"pronunciation"},{"start_time":"19.77","end_time":"20.25","alternatives":[{"confidence":"0.9993","content":"사용하고"}],"type":"pronunciation"},{"start_time":"20.25","end_time":"20.46","alternatives":[{"confidence":"0.9827","content":"있는"}],"type":"pronunciation"},{"start_time":"20.46","end_time":"20.77","alternatives":[{"confidence":"0.8972","content":"은행은"}],"type":"pronunciation"},{"start_time":"20.77","end_time":"21.06","alternatives":[{"confidence":"0.9727","content":"무슨"}],"type":"pronunciation"},{"start_time":"21.06","end_time":"21.81","alternatives":[{"confidence":"0.55085","content":"은행입니까"}],"type":"pronunciation"},{"alternatives":[{"confidence":"0.0","content":"?"}],"type":"punctuation"},{"start_time":"21.84","end_time":"22.48","alternatives":[{"confidence":"0.2451","content":"은행이"}],"type":"pronunciation"},{"start_time":"22.48","end_time":"22.78","alternatives":[{"confidence":"0.994","content":"이름만"}],"type":"pronunciation"},{"start_time":"22.78","end_time":"23.13","alternatives":[{"confidence":"0.715","content":"말씀해"}],"type":"pronunciation"},{"start_time":"23.13","end_time":"23.72","alternatives":[{"confidence":"0.7165","content":"주십시오"}],"type":"pronunciation"},{"alternatives":[{"confidence":"0.0","content":"."}],"type":"punctuation"},{"start_time":"26.99","end_time":"27.74","alternatives":[{"confidence":"0.9591","content":"근데"}],"type":"pronunciation"},{"start_time":"31.96","end_time":"32.66","alternatives":[{"confidence":"0.7793","content":"그"}],"type":"pronunciation"},{"start_time":"32.69","end_time":"33.71","alternatives":[{"confidence":"0.9922","content":"사용된"}],"type":"pronunciation"},{"start_time":"34.62","end_time":"35.58","alternatives":[{"confidence":"0.6847","content":"은행"}],"type":"pronunciation"},{"start_time":"35.58","end_time":"36.21","alternatives":[{"confidence":"0.9995499999999999","content":"계좌번호를"}],"type":"pronunciation"},{"start_time":"36.21","end_time":"36.58","alternatives":[{"confidence":"0.99665","content":"불러줄"}],"type":"pronunciation"},{"start_time":"36.58","end_time":"36.72","alternatives":[{"confidence":"0.9992","content":"수"}],"type":"pronunciation"},{"start_time":"36.72","end_time":"37.2","alternatives":[{"confidence":"1.0","content":"있나요"}],"type":"pronunciation"},{"alternatives":[{"confidence":"0.0","content":"?"}],"type":"punctuation"},{"start_time":"37.88","end_time":"38.33","alternatives":[{"confidence":"0.6048","content":"확인해보"}],"type":"pronunciation"},{"start_time":"40.18","end_time":"40.7","alternatives":[{"confidence":"0.692","content":"은행"}],"type":"pronunciation"},{"start_time":"40.7","end_time":"41.26","alternatives":[{"confidence":"0.68915","content":"계좌번호"}],"type":"pronunciation"},{"start_time":"41.26","end_time":"42.21","alternatives":[{"confidence":"0.5802","content":"끝끝내"}],"type":"pronunciation"},{"start_time":"42.21","end_time":"42.76","alternatives":[{"confidence":"0.9994","content":"자리는"}],"type":"pronunciation"},{"start_time":"42.76","end_time":"43.37","alternatives":[{"confidence":"0.88415","content":"농협은행"}],"type":"pronunciation"},{"start_time":"43.37","end_time":"43.69","alternatives":[{"confidence":"0.5146","content":"끝내"}],"type":"pronunciation"},{"start_time":"43.69","end_time":"44.05","alternatives":[{"confidence":"0.6349","content":"자리에서"}],"type":"pronunciation"},{"start_time":"45.15","end_time":"46.08","alternatives":[{"confidence":"0.71835","content":"하나은행끝내"}],"type":"pronunciation"},{"start_time":"46.08","end_time":"46.54","alternatives":[{"confidence":"0.8993","content":"자립"}],"type":"pronunciation"},{"start_time":"53.08","end_time":"53.55","alternatives":[{"confidence":"0.9978","content":"아직까지"}],"type":"pronunciation"},{"start_time":"53.55","end_time":"54.3","alternatives":[{"confidence":"0.5910333333333333","content":"통장개설에"}],"type":"pronunciation"},{"start_time":"54.3","end_time":"54.6","alternatives":[{"confidence":"0.9977","content":"대해서"}],"type":"pronunciation"},{"start_time":"54.6","end_time":"54.82","alternatives":[{"confidence":"0.9977","content":"아까"}],"type":"pronunciation"},{"start_time":"54.82","end_time":"55.78","alternatives":[{"confidence":"0.9738","content":"말씀드렸다시피"}],"type":"pronunciation"},{"start_time":"55.78","end_time":"56.06","alternatives":[{"confidence":"0.93","content":"어느"}],"type":"pronunciation"},{"start_time":"56.06","end_time":"56.42","alternatives":[{"confidence":"0.9996","content":"부분도"}],"type":"pronunciation"},{"start_time":"56.42","end_time":"56.89","alternatives":[{"confidence":"0.8563000000000001","content":"특정된"}],"type":"pronunciation"},{"start_time":"56.89","end_time":"56.99","alternatives":[{"confidence":"1.0","content":"게"}],"type":"pronunciation"},{"start_time":"56.99","end_time":"57.79","alternatives":[{"confidence":"1.0","content":"아니라서"}],"type":"pronunciation"},{"start_time":"59.44","end_time":"59.78","alternatives":[{"confidence":"1.0","content":"저희도"}],"type":"pronunciation"},{"start_time":"59.78","end_time":"60.19","alternatives":[{"confidence":"0.9788","content":"모르는"}],"type":"pronunciation"},{"start_time":"60.19","end_time":"60.77","alternatives":[{"confidence":"0.9089","content":"부분은"}],"type":"pronunciation"},{"start_time":"60.77","end_time":"61.11","alternatives":[{"confidence":"0.9372","content":"많은"}],"type":"pronunciation"},{"start_time":"61.11","end_time":"61.68","alternatives":[{"confidence":"0.968","content":"거고요"}],"type":"pronunciation"},{"alternatives":[{"confidence":"0.0","content":"."}],"type":"punctuation"},{"start_time":"61.8","end_time":"62.14","alternatives":[{"confidence":"0.757","content":"사실"}],"type":"pronunciation"},{"start_time":"62.14","end_time":"62.4","alternatives":[{"confidence":"0.9981","content":"관계"}],"type":"pronunciation"},{"start_time":"62.4","end_time":"62.75","alternatives":[{"confidence":"0.9129","content":"확인차"}],"type":"pronunciation"},{"start_time":"62.75","end_time":"63.18","alternatives":[{"confidence":"0.9226","content":"전화드린"}],"type":"pronunciation"},{"start_time":"63.18","end_time":"63.64","alternatives":[{"confidence":"0.9996","content":"겁니다"}],"type":"pronunciation"},{"alternatives":[{"confidence":"0.0","content":"."}],"type":"punctuation"},{"start_time":"67.68","end_time":"68.21","alternatives":[{"confidence":"1.0","content":"발견된"}],"type":"pronunciation"},{"start_time":"68.21","end_time":"68.88","alternatives":[{"confidence":"0.9781500000000001","content":"통장말고"}],"type":"pronunciation"},{"start_time":"68.88","end_time":"69.41","alternatives":[{"confidence":"0.9753000000000001","content":"본인께서"}],"type":"pronunciation"},{"start_time":"69.41","end_time":"69.7","alternatives":[{"confidence":"0.9906","content":"직접"}],"type":"pronunciation"},{"start_time":"69.7","end_time":"70.15","alternatives":[{"confidence":"0.8139000000000001","content":"개선해서"}],"type":"pronunciation"},{"start_time":"70.15","end_time":"70.72","alternatives":[{"confidence":"1.0","content":"합법적으로"}],"type":"pronunciation"},{"start_time":"70.72","end_time":"71.16","alternatives":[{"confidence":"0.9984","content":"사용하고"}],"type":"pronunciation"},{"start_time":"71.16","end_time":"71.37","alternatives":[{"confidence":"0.9819","content":"있는"}],"type":"pronunciation"},{"start_time":"71.37","end_time":"71.66","alternatives":[{"confidence":"0.8696","content":"은행이"}],"type":"pronunciation"},{"start_time":"71.66","end_time":"71.96","alternatives":[{"confidence":"0.9787","content":"무슨"}],"type":"pronunciation"},{"start_time":"71.96","end_time":"72.25","alternatives":[{"confidence":"0.3868","content":"은행이"}],"type":"pronunciation"},{"start_time":"72.25","end_time":"72.69","alternatives":[{"confidence":"0.2568","content":"시죠"}],"type":"pronunciation"},{"start_time":"73.98","end_time":"74.28","alternatives":[{"confidence":"0.9871","content":"그걸"}],"type":"pronunciation"},{"start_time":"74.28","end_time":"74.53","alternatives":[{"confidence":"0.8344","content":"얘기를"}],"type":"pronunciation"},{"start_time":"74.53","end_time":"74.68","alternatives":[{"confidence":"0.8724","content":"해야"}],"type":"pronunciation"},{"start_time":"74.68","end_time":"75.14","alternatives":[{"confidence":"0.9953","content":"되나요"}],"type":"pronunciation"},{"alternatives":[{"confidence":"0.0","content":"?"}],"type":"punctuation"},{"start_time":"78.0","end_time":"78.52","alternatives":[{"confidence":"1.0","content":"혹시"}],"type":"pronunciation"},{"start_time":"78.52","end_time":"79.21","alternatives":[{"confidence":"0.993","content":"본인께서"}],"type":"pronunciation"},{"start_time":"79.21","end_time":"79.91","alternatives":[{"confidence":"0.9985","content":"말씀하신"}],"type":"pronunciation"},{"start_time":"79.94","end_time":"81.45","alternatives":[{"confidence":"0.9972666666666666","content":"은행권은행권에서"}],"type":"pronunciation"},{"start_time":"81.45","end_time":"81.95","alternatives":[{"confidence":"0.9994000000000001","content":"통장이나"}],"type":"pronunciation"},{"start_time":"81.95","end_time":"82.2","alternatives":[{"confidence":"0.814","content":"카드"}],"type":"pronunciation"},{"start_time":"82.2","end_time":"82.31","alternatives":[{"confidence":"0.6034","content":"가"}],"type":"pronunciation"},{"start_time":"82.31","end_time":"83.46","alternatives":[{"confidence":"0.7894666666666666","content":"발견발견될"}],"type":"pronunciation"},{"start_time":"83.46","end_time":"83.85","alternatives":[{"confidence":"0.9994","content":"때는"}],"type":"pronunciation"},{"start_time":"83.85","end_time":"84.11","alternatives":[{"confidence":"1.0","content":"저희가"}],"type":"pronunciation"},{"start_time":"84.11","end_time":"84.46","alternatives":[{"confidence":"0.538","content":"불법"}],"type":"pronunciation"},{"start_time":"84.46","end_time":"84.92","alternatives":[{"confidence":"0.8148","content":"총장으로"}],"type":"pronunciation"},{"start_time":"84.92","end_time":"85.37","alternatives":[{"confidence":"0.9998","content":"간주하고"}],"type":"pronunciation"},{"start_time":"85.37","end_time":"85.97","alternatives":[{"confidence":"0.86205","content":"동결처리"}],"type":"pronunciation"},{"start_time":"85.97","end_time":"86.65","alternatives":[{"confidence":"0.9822","content":"시켜야"}],"type":"pronunciation"},{"start_time":"86.65","end_time":"86.88","alternatives":[{"confidence":"0.9982","content":"하기"}],"type":"pronunciation"},{"start_time":"86.88","end_time":"87.43","alternatives":[{"confidence":"0.9958","content":"때문에"}],"type":"pronunciation"},{"start_time":"88.22","end_time":"88.65","alternatives":[{"confidence":"0.3668","content":"그거는"}],"type":"pronunciation"},{"start_time":"89.92","end_time":"91.11","alternatives":[{"confidence":"0.38405","content":"그거있었거든요"}],"type":"pronunciation"},{"start_time":"94.74","end_time":"95.26","alternatives":[{"confidence":"0.6535","content":"얘기를"}],"type":"pronunciation"},{"start_time":"95.26","end_time":"95.56","alternatives":[{"confidence":"0.9911","content":"하실"}],"type":"pronunciation"},{"start_time":"95.56","end_time":"95.93","alternatives":[{"confidence":"1.0","content":"필요가"}],"type":"pronunciation"},{"start_time":"95.93","end_time":"97.28","alternatives":[{"confidence":"0.9768","content":"없다고요"}],"type":"pronunciation"},{"alternatives":[{"confidence":"0.0","content":"."}],"type":"punctuation"},{"start_time":"98.25","end_time":"98.48","alternatives":[{"confidence":"0.0042","content":"그걸"}],"type":"pronunciation"},{"start_time":"98.72","end_time":"99.0","alternatives":[{"confidence":"0.7969","content":"제가"}],"type":"pronunciation"},{"start_time":"99.35","end_time":"99.76","alternatives":[{"confidence":"0.7661","content":"통제가"}],"type":"pronunciation"},{"start_time":"99.76","end_time":"100.05","alternatives":[{"confidence":"0.6902","content":"뭐"}],"type":"pronunciation"},{"start_time":"100.17","end_time":"100.43","alternatives":[{"confidence":"0.9882","content":"무슨"}],"type":"pronunciation"},{"start_time":"100.43","end_time":"100.68","alternatives":[{"confidence":"0.1631","content":"통제"}],"type":"pronunciation"},{"start_time":"101.51","end_time":"102.35","alternatives":[{"confidence":"0.8015","content":"말씀드렸죠"}],"type":"pronunciation"},{"alternatives":[{"confidence":"0.0","content":"."}],"type":"punctuation"},{"start_time":"104.29","end_time":"104.72","alternatives":[{"confidence":"1.0","content":"혹시"}],"type":"pronunciation"},{"start_time":"104.72","end_time":"105.16","alternatives":[{"confidence":"1.0","content":"본인이"}],"type":"pronunciation"},{"start_time":"105.16","end_time":"105.92","alternatives":[{"confidence":"0.89855","content":"말씀하시는"}],"type":"pronunciation"},{"start_time":"105.93","end_time":"106.97","alternatives":[{"confidence":"0.8508","content":"은행권다"}],"type":"pronunciation"},{"start_time":"106.97","end_time":"107.69","alternatives":[{"confidence":"0.99945","content":"은행권에서"}],"type":"pronunciation"},{"start_time":"107.69","end_time":"108.27","alternatives":[{"confidence":"0.9998","content":"통장이나"}],"type":"pronunciation"},{"start_time":"108.27","end_time":"108.54","alternatives":[{"confidence":"0.7282","content":"카드"}],"type":"pronunciation"},{"start_time":"108.54","end_time":"108.66","alternatives":[{"confidence":"0.7245","content":"가"}],"type":"pronunciation"},{"start_time":"108.66","end_time":"109.42","alternatives":[{"confidence":"0.99705","content":"발견되면"}],"type":"pronunciation"},{"start_time":"109.42","end_time":"109.74","alternatives":[{"confidence":"0.8067","content":"불법"}],"type":"pronunciation"},{"start_time":"109.74","end_time":"110.22","alternatives":[{"confidence":"0.99985","content":"통장으로"}],"type":"pronunciation"},{"start_time":"110.22","end_time":"110.7","alternatives":[{"confidence":"0.9998","content":"간주하고"}],"type":"pronunciation"},{"start_time":"110.7","end_time":"111.33","alternatives":[{"confidence":"0.86365","content":"동결처리"}],"type":"pronunciation"},{"start_time":"111.33","end_time":"111.66","alternatives":[{"confidence":"0.9816","content":"시켜야"}],"type":"pronunciation"},{"start_time":"111.66","end_time":"111.88","alternatives":[{"confidence":"0.9973","content":"하기"}],"type":"pronunciation"},{"start_time":"111.88","end_time":"112.2","alternatives":[{"confidence":"0.999","content":"때문에"}],"type":"pronunciation"},{"start_time":"112.2","end_time":"112.65","alternatives":[{"confidence":"0.99855","content":"물어보는"}],"type":"pronunciation"},{"start_time":"112.65","end_time":"113.22","alternatives":[{"confidence":"0.9359","content":"것입니다"}],"type":"pronunciation"},{"alternatives":[{"confidence":"0.0","content":"."}],"type":"punctuation"},{"start_time":"114.45","end_time":"114.91","alternatives":[{"confidence":"0.9955","content":"제가"}],"type":"pronunciation"},{"start_time":"114.91","end_time":"115.37","alternatives":[{"confidence":"1.0","content":"그렇다고"}],"type":"pronunciation"},{"start_time":"115.37","end_time":"115.84","alternatives":[{"confidence":"1.0","content":"하더라도"}],"type":"pronunciation"},{"start_time":"115.84","end_time":"116.1","alternatives":[{"confidence":"0.9894","content":"제가"}],"type":"pronunciation"},{"start_time":"116.44","end_time":"116.73","alternatives":[{"confidence":"0.9392","content":"드릴"}],"type":"pronunciation"},{"start_time":"116.73","end_time":"116.95","alternatives":[{"confidence":"0.9964","content":"수가"}],"type":"pronunciation"},{"start_time":"116.95","end_time":"117.61","alternatives":[{"confidence":"0.7606","content":"없는데요"}],"type":"pronunciation"},{"alternatives":[{"confidence":"0.0","content":"."}],"type":"punctuation"},{"start_time":"118.3","end_time":"118.58","alternatives":[{"confidence":"0.2206","content":"왜"}],"type":"pronunciation"},{"start_time":"118.58","end_time":"118.97","alternatives":[{"confidence":"0.3807","content":"그걸"}],"type":"pronunciation"},{"start_time":"119.28","end_time":"119.62","alternatives":[{"confidence":"0.9766","content":"무슨"}],"type":"pronunciation"},{"start_time":"119.62","end_time":"121.01","alternatives":[{"confidence":"0.3326","content":"통제합니까"}],"type":"pronunciation"},{"alternatives":[{"confidence":"0.0","content":"?"}],"type":"punctuation"},{"start_time":"125.05","end_time":"125.93","alternatives":[{"confidence":"0.7429","content":"현재"}],"type":"pronunciation"},{"start_time":"127.35","end_time":"127.78","alternatives":[{"confidence":"0.8587","content":"씨"}],"type":"pronunciation"},{"start_time":"127.78","end_time":"128.34","alternatives":[{"confidence":"1.0","content":"명의로"}],"type":"pronunciation"},{"start_time":"128.34","end_time":"128.98","alternatives":[{"confidence":"1.0","content":"개설된"}],"type":"pronunciation"},{"start_time":"128.98","end_time":"129.57","alternatives":[{"confidence":"1.0","content":"통장으로"}],"type":"pronunciation"},{"start_time":"129.57","end_time":"130.06","alternatives":[{"confidence":"1.0","content":"인해서"}],"type":"pronunciation"},{"start_time":"130.46","end_time":"130.71","alternatives":[{"confidence":"0.4687","content":"피가"}],"type":"pronunciation"},{"start_time":"130.71","end_time":"131.11","alternatives":[{"confidence":"0.1806","content":"피해가"}],"type":"pronunciation"},{"start_time":"131.35","end_time":"132.02","alternatives":[{"confidence":"0.9997","content":"피해를"}],"type":"pronunciation"},{"start_time":"132.02","end_time":"132.22","alternatives":[{"confidence":"1.0","content":"볼"}],"type":"pronunciation"},{"start_time":"132.22","end_time":"132.36","alternatives":[{"confidence":"0.9998","content":"수"}],"type":"pronunciation"},{"start_time":"132.36","end_time":"132.55","alternatives":[{"confidence":"0.9991","content":"있는"}],"type":"pronunciation"},{"start_time":"132.55","end_time":"133.07","alternatives":[{"confidence":"0.9976","content":"상황이기"}],"type":"pronunciation"},{"start_time":"133.07","end_time":"133.85","alternatives":[{"confidence":"0.9985","content":"때문에"}],"type":"pronunciation"},{"start_time":"134.3","end_time":"134.6","alternatives":[{"confidence":"1.0","content":"저희가"}],"type":"pronunciation"},{"start_time":"134.6","end_time":"134.87","alternatives":[{"confidence":"0.6469","content":"피해"}],"type":"pronunciation"},{"start_time":"134.87","end_time":"135.24","alternatives":[{"confidence":"0.858","content":"사실"}],"type":"pronunciation"},{"start_time":"135.24","end_time":"136.03","alternatives":[{"confidence":"0.99855","content":"막으려면"}],"type":"pronunciation"},{"start_time":"136.03","end_time":"136.53","alternatives":[{"confidence":"1.0","content":"일단"}],"type":"pronunciation"},{"start_time":"137.29","end_time":"137.85","alternatives":[{"confidence":"0.7308","content":"은행명"}],"type":"pronunciation"},{"start_time":"137.85","end_time":"138.44","alternatives":[{"confidence":"0.5704","content":"부터"}],"type":"pronunciation"},{"start_time":"140.1","end_time":"140.38","alternatives":[{"confidence":"0.0124","content":"지금"}],"type":"pronunciation"},{"start_time":"140.71","end_time":"141.01","alternatives":[{"confidence":"0.6745","content":"저한테"}],"type":"pronunciation"},{"start_time":"141.01","end_time":"141.47","alternatives":[{"confidence":"0.3392","content":"말씀해"}],"type":"pronunciation"},{"start_time":"141.47","end_time":"141.87","alternatives":[{"confidence":"0.4483","content":"주시죠"}],"type":"pronunciation"},{"alternatives":[{"confidence":"0.0","content":"."}],"type":"punctuation"},{"start_time":"142.79","end_time":"143.49","alternatives":[{"confidence":"0.9959","content":"잠깐만요"}],"type":"pronunciation"},{"alternatives":[{"confidence":"0.0","content":"."}],"type":"punctuation"},{"start_time":"144.06","end_time":"144.25","alternatives":[{"confidence":"0.3537","content":"지금"}],"type":"pronunciation"},{"start_time":"144.44","end_time":"144.67","alternatives":[{"confidence":"0.004","content":"하신"}],"type":"pronunciation"},{"start_time":"144.67","end_time":"144.96","alternatives":[{"confidence":"0.0043","content":"분이"}],"type":"pronunciation"},{"start_time":"147.34","end_time":"147.95","alternatives":[{"confidence":"0.27549999999999997","content":"계신다고요"}],"type":"pronunciation"},{"alternatives":[{"confidence":"0.0","content":"."}],"type":"punctuation"},{"start_time":"149.37","end_time":"150.46","alternatives":[{"confidence":"0.82565","content":"김민성"}],"type":"pronunciation"},{"start_time":"150.46","end_time":"152.11","alternatives":[{"confidence":"0.9882500000000001","content":"수사관이고요"}],"type":"pronunciation"},{"start_time":"152.89","end_time":"153.7","alternatives":[{"confidence":"0.9341","content":"사이버수사대"}],"type":"pronunciation"},{"start_time":"153.7","end_time":"154.89","alternatives":[{"confidence":"0.713525","content":"금융범죄수사열"}],"type":"pronunciation"},{"start_time":"154.89","end_time":"155.55","alternatives":[{"confidence":"0.9256","content":"팀입니다"}],"type":"pronunciation"},{"start_time":"160.47","end_time":"160.79","alternatives":[{"confidence":"0.6665","content":"서울"}],"type":"pronunciation"},{"start_time":"160.79","end_time":"161.13","alternatives":[{"confidence":"0.3861","content":"지금의"}],"type":"pronunciation"},{"start_time":"161.13","end_time":"161.77","alternatives":[{"confidence":"0.6354499999999998","content":"안했었어요"}],"type":"pronunciation"},{"start_time":"163.35","end_time":"163.57","alternatives":[{"confidence":"0.1546","content":"네"}],"type":"pronunciation"},{"alternatives":[{"confidence":"0.0","content":","}],"type":"punctuation"},{"start_time":"166.07","end_time":"167.19","alternatives":[{"confidence":"0.99655","content":"서울지방경찰청"}],"type":"pronunciation"},{"start_time":"167.19","end_time":"167.95","alternatives":[{"confidence":"0.8911333333333333","content":"사이버수사대"}],"type":"pronunciation"},{"start_time":"167.95","end_time":"169.61","alternatives":[{"confidence":"0.8419599999999999","content":"금융범죄수사팀입니다"}],"type":"pronunciation"},{"start_time":"171.35","end_time":"171.73","alternatives":[{"confidence":"0.0479","content":"정부로"}],"type":"pronunciation"},{"start_time":"171.92","end_time":"172.13","alternatives":[{"confidence":"0.0649","content":"부터"}],"type":"pronunciation"},{"start_time":"173.14","end_time":"173.86","alternatives":[{"confidence":"0.8317","content":"통장을"}],"type":"pronunciation"},{"start_time":"173.86","end_time":"174.48","alternatives":[{"confidence":"0.9997","content":"여쭤보는"}],"type":"pronunciation"},{"start_time":"174.48","end_time":"175.78","alternatives":[{"confidence":"0.99665","content":"이유는요"}],"type":"pronunciation"},{"start_time":"176.96","end_time":"177.71","alternatives":[{"confidence":"1.0","content":"저희가"}],"type":"pronunciation"},{"start_time":"178.38","end_time":"178.76","alternatives":[{"confidence":"0.9806","content":"직접"}],"type":"pronunciation"},{"start_time":"178.76","end_time":"179.29","alternatives":[{"confidence":"0.9925","content":"발견된"}],"type":"pronunciation"},{"start_time":"179.29","end_time":"179.93","alternatives":[{"confidence":"0.8546","content":"통장과"}],"type":"pronunciation"},{"start_time":"179.93","end_time":"180.57","alternatives":[{"confidence":"0.9916499999999999","content":"본인께서"}],"type":"pronunciation"},{"start_time":"180.57","end_time":"181.28","alternatives":[{"confidence":"0.50015","content":"말씀하시는"}],"type":"pronunciation"},{"start_time":"181.31","end_time":"181.8","alternatives":[{"confidence":"0.97965","content":"은행들에"}],"type":"pronunciation"},{"start_time":"181.8","end_time":"182.19","alternatives":[{"confidence":"0.9877","content":"대해서"}],"type":"pronunciation"},{"start_time":"182.19","end_time":"183.72","alternatives":[{"confidence":"0.26289999999999997","content":"일대수석을"}],"type":"pronunciation"},{"start_time":"183.72","end_time":"184.15","alternatives":[{"confidence":"1.0","content":"실시할"}],"type":"pronunciation"},{"start_time":"184.15","end_time":"184.79","alternatives":[{"confidence":"0.9828","content":"겁니다"}],"type":"pronunciation"},{"alternatives":[{"confidence":"0.0","content":"."}],"type":"punctuation"},{"start_time":"186.35","end_time":"186.57","alternatives":[{"confidence":"0.046","content":"그런"}],"type":"pronunciation"},{"start_time":"187.5","end_time":"187.85","alternatives":[{"confidence":"0.18","content":"말씀"}],"type":"pronunciation"},{"start_time":"188.08","end_time":"191.2","alternatives":[{"confidence":"0.12469999999999999","content":"말씀드렸말씀드렸는데요"}],"type":"pronunciation"},{"start_time":"191.93","end_time":"192.58","alternatives":[{"confidence":"0.0888","content":"대통령은"}],"type":"pronunciation"},{"start_time":"195.18","end_time":"195.84","alternatives":[{"confidence":"0.9489000000000001","content":"말씀드리기"}],"type":"pronunciation"},{"start_time":"195.84","end_time":"197.19","alternatives":[{"confidence":"0.9441999999999999","content":"싫더라고요"}],"type":"pronunciation"},{"start_time":"202.18","end_time":"203.77","alternatives":[{"confidence":"1.0","content":"잠시만요"}],"type":"pronunciation"},{"alternatives":[{"confidence":"0.0","content":"."}],"type":"punctuation"},{"start_time":"209.68","end_time":"209.97","alternatives":[{"confidence":"0.8105","content":"그럼"}],"type":"pronunciation"},{"start_time":"209.97","end_time":"210.25","alternatives":[{"confidence":"0.9977","content":"일단"}],"type":"pronunciation"},{"start_time":"210.25","end_time":"210.71","alternatives":[{"confidence":"0.9642","content":"메모는"}],"type":"pronunciation"},{"start_time":"210.71","end_time":"211.61","alternatives":[{"confidence":"0.8356","content":"가능하십니까"}],"type":"pronunciation"},{"start_time":"214.18","end_time":"214.56","alternatives":[{"confidence":"0.9283","content":"사건"}],"type":"pronunciation"},{"start_time":"214.56","end_time":"214.86","alternatives":[{"confidence":"0.66065","content":"번호와"}],"type":"pronunciation"},{"start_time":"214.95","end_time":"215.41","alternatives":[{"confidence":"0.432","content":"사건명"}],"type":"pronunciation"},{"start_time":"215.67","end_time":"217.02","alternatives":[{"confidence":"0.2518","content":"해주세요"}],"type":"pronunciation"},{"alternatives":[{"confidence":"0.0","content":"."}],"type":"punctuation"},{"start_time":"218.31","end_time":"219.27","alternatives":[{"confidence":"0.8809","content":"사건번호는"}],"type":"pronunciation"},{"start_time":"219.27","end_time":"220.03","alternatives":[{"confidence":"0.8152333333333334","content":"이공일"}],"type":"pronunciation"},{"start_time":"220.03","end_time":"221.4","alternatives":[{"confidence":"0.9411999999999999","content":"사공칠삼공"}],"type":"pronunciation"},{"start_time":"221.4","end_time":"222.07","alternatives":[{"confidence":"0.992","content":"이고요"}],"type":"pronunciation"},{"start_time":"229.48","end_time":"229.73","alternatives":[{"confidence":"0.0492","content":"참"}],"type":"pronunciation"},{"alternatives":[{"confidence":"0.0","content":","}],"type":"punctuation"},{"start_time":"229.73","end_time":"229.83","alternatives":[{"confidence":"0.0069","content":"고"}],"type":"pronunciation"},{"start_time":"232.01","end_time":"232.44","alternatives":[{"confidence":"0.4942","content":"사건"}],"type":"pronunciation"},{"start_time":"232.44","end_time":"232.91","alternatives":[{"confidence":"0.9833","content":"명은"}],"type":"pronunciation"},{"start_time":"232.91","end_time":"233.42","alternatives":[{"confidence":"0.5547","content":"이동구"}],"type":"pronunciation"},{"start_time":"233.42","end_time":"234.91","alternatives":[{"confidence":"0.916475","content":"금융사기사건입니다"}],"type":"pronunciation"},{"alternatives":[{"confidence":"0.0","content":"?"}],"type":"punctuation"},{"start_time":"236.84","end_time":"236.99","alternatives":[{"confidence":"0.649","content":"네"}],"type":"pronunciation"},{"alternatives":[{"confidence":"0.0","content":","}],"type":"punctuation"},{"start_time":"236.99","end_time":"237.26","alternatives":[{"confidence":"1.0","content":"제가"}],"type":"pronunciation"},{"start_time":"237.26","end_time":"237.48","alternatives":[{"confidence":"0.9997","content":"지금"}],"type":"pronunciation"},{"start_time":"237.48","end_time":"237.58","alternatives":[{"confidence":"0.9908","content":"이"}],"type":"pronunciation"},{"start_time":"237.58","end_time":"238.0","alternatives":[{"confidence":"1.0","content":"사건을"}],"type":"pronunciation"},{"start_time":"238.0","end_time":"238.58","alternatives":[{"confidence":"1.0","content":"담당하고"}],"type":"pronunciation"},{"start_time":"238.58","end_time":"238.82","alternatives":[{"confidence":"0.9998","content":"있는"}],"type":"pronunciation"},{"start_time":"238.82","end_time":"239.35","alternatives":[{"confidence":"0.9633499999999999","content":"팀장님"}],"type":"pronunciation"},{"start_time":"239.35","end_time":"239.68","alternatives":[{"confidence":"1.0","content":"속으로"}],"type":"pronunciation"},{"start_time":"239.68","end_time":"239.98","alternatives":[{"confidence":"0.9989","content":"직접"}],"type":"pronunciation"},{"start_time":"239.98","end_time":"240.59","alternatives":[{"confidence":"0.98805","content":"전화연결을"}],"type":"pronunciation"},{"start_time":"240.59","end_time":"240.93","alternatives":[{"confidence":"0.73775","content":"해드릴"}],"type":"pronunciation"},{"start_time":"240.93","end_time":"241.37","alternatives":[{"confidence":"0.9986","content":"겁니다"}],"type":"pronunciation"},{"alternatives":[{"confidence":"0.0","content":"."}],"type":"punctuation"},{"start_time":"243.02","end_time":"244.17","alternatives":[{"confidence":"0.9958666666666667","content":"팀장팀장님과"}],"type":"pronunciation"},{"start_time":"244.17","end_time":"244.89","alternatives":[{"confidence":"0.9991666666666666","content":"연결되시면"}],"type":"pronunciation"},{"start_time":"244.89","end_time":"245.2","alternatives":[{"confidence":"0.8976","content":"사건"}],"type":"pronunciation"},{"start_time":"245.2","end_time":"245.64","alternatives":[{"confidence":"0.9924","content":"번호랑"}],"type":"pronunciation"},{"start_time":"245.64","end_time":"245.95","alternatives":[{"confidence":"0.5829","content":"사건"}],"type":"pronunciation"},{"start_time":"245.95","end_time":"246.5","alternatives":[{"confidence":"0.46940000000000004","content":"명말씀해"}],"type":"pronunciation"},{"start_time":"246.5","end_time":"247.37","alternatives":[{"confidence":"0.7141499999999998","content":"주시고요"}],"type":"pronunciation"},{"start_time":"249.25","end_time":"249.92","alternatives":[{"confidence":"0.9902","content":"본인께서"}],"type":"pronunciation"},{"start_time":"249.92","end_time":"250.36","alternatives":[{"confidence":"1.0","content":"무고한"}],"type":"pronunciation"},{"start_time":"250.36","end_time":"250.93","alternatives":[{"confidence":"0.97515","content":"피해자라는"}],"type":"pronunciation"},{"start_time":"250.93","end_time":"251.05","alternatives":[{"confidence":"0.9637","content":"걸"}],"type":"pronunciation"},{"start_time":"251.05","end_time":"251.54","alternatives":[{"confidence":"0.9277","content":"지금처럼"}],"type":"pronunciation"},{"start_time":"251.54","end_time":"251.91","alternatives":[{"confidence":"0.6108","content":"얘기해"}],"type":"pronunciation"},{"start_time":"251.91","end_time":"252.22","alternatives":[{"confidence":"0.6168","content":"주시면"}],"type":"pronunciation"},{"start_time":"252.22","end_time":"252.92","alternatives":[{"confidence":"1.0","content":"되겠습니다"}],"type":"pronunciation"},{"start_time":"260.86","end_time":"264.2","alternatives":[{"confidence":"0.7526666666666667","content":"팀장바꿔바꿔서"}],"type":"pronunciation"},{"start_time":"264.2","end_time":"264.45","alternatives":[{"confidence":"0.9604","content":"얘기를"}],"type":"pronunciation"},{"start_time":"264.45","end_time":"265.01","alternatives":[{"confidence":"0.2425","content":"했나요"}],"type":"pronunciation"},{"alternatives":[{"confidence":"0.0","content":"?"}],"type":"punctuation"},{"start_time":"265.98","end_time":"266.48","alternatives":[{"confidence":"0.4853","content":"아침"}],"type":"pronunciation"},{"start_time":"266.51","end_time":"267.4","alternatives":[{"confidence":"1.0","content":"팀장님께서"}],"type":"pronunciation"},{"start_time":"267.4","end_time":"267.93","alternatives":[{"confidence":"0.9994","content":"신고를"}],"type":"pronunciation"},{"start_time":"267.93","end_time":"268.17","alternatives":[{"confidence":"0.3633","content":"사도"}],"type":"pronunciation"},{"start_time":"268.17","end_time":"268.63","alternatives":[{"confidence":"0.5724","content":"말씀해"}],"type":"pronunciation"},{"start_time":"268.63","end_time":"269.27","alternatives":[{"confidence":"0.9741","content":"드리고"}],"type":"pronunciation"},{"start_time":"269.59","end_time":"270.15","alternatives":[{"confidence":"0.97355","content":"피해자로"}],"type":"pronunciation"},{"start_time":"270.15","end_time":"270.82","alternatives":[{"confidence":"0.9365333333333333","content":"분류되셔서"}],"type":"pronunciation"},{"start_time":"270.82","end_time":"271.07","alternatives":[{"confidence":"0.7422","content":"피해"}],"type":"pronunciation"},{"start_time":"271.07","end_time":"271.74","alternatives":[{"confidence":"0.99985","content":"없으시도록"}],"type":"pronunciation"},{"start_time":"271.74","end_time":"272.25","alternatives":[{"confidence":"0.9943","content":"도와주실"}],"type":"pronunciation"},{"start_time":"272.25","end_time":"272.77","alternatives":[{"confidence":"0.9956","content":"겁니다"}],"type":"pronunciation"},{"start_time":"275.54","end_time":"275.74","alternatives":[{"confidence":"0.0781","content":"이렇게"}],"type":"pronunciation"},{"start_time":"275.77","end_time":"276.88","alternatives":[{"confidence":"0.8556666666666667","content":"전화기끊지말고"}],"type":"pronunciation"},{"start_time":"276.88","end_time":"277.28","alternatives":[{"confidence":"1.0","content":"잠시만"}],"type":"pronunciation"},{"start_time":"277.28","end_time":"277.56","alternatives":[{"confidence":"0.7791","content":"기다려"}],"type":"pronunciation"},{"start_time":"277.56","end_time":"278.84","alternatives":[{"confidence":"0.7952","content":"주시죠"}],"type":"pronunciation"},{"start_time":"280.21","end_time":"281.1","alternatives":[{"confidence":"0.6192333333333333","content":"공부창업거든요"}],"type":"pronunciation"},{"start_time":"282.53","end_time":"282.86","alternatives":[{"confidence":"0.8309","content":"합니다"}],"type":"pronunciation"}]},"status":"COMPLETED"}