{"jobName":"transcribes186","accountId":"097989105209","results":{"transcripts":[{"transcript":"전화 끊으신 거예요. 저희 측에서 지금 명이 된 사건 때문에 전화 드렸다고 말씀드렸는데 전화 끊어서 되는 문제가 아니고요. 그랬어요. 그러면 혹시 볼펜하고 메모지 있으면 제가 불러드릴게요 왕지검은 검찰청이에요 너는 사건 담당하고 있는 수사관이거든요 앞으로 명의 되어 사건이 있어서 이렇게 전화를 드렸어요. 이현줄을 아는지 여쭤봤는데 혹시 아시는 사람이야? 이렇게 전화 끊으신거에요 전라도 광주 출신이고요 사실 이 세 된 여성입니다. 뭐 돌아보시거나 생각나시는 분은 전혀 없으신거고요. 그렇다면 이게 지금 명의 도용이라는 거는요 개인정보가 유출됐다는 얘긴데, 혹시 뭐 최근 이 삼 년 사이에 핸드폰이라든지 지갑신분증잃어버리신 적 있으셨습니까 그러신 적도 전혀 없으세요. 저희가 지금 전화를 드린거는요. 얼마 전에 저희가 이현주라는 이제 금융사기단을 체포했는데 체포된 불법 현장 씨 명의로 된 통장이 나와서 이렇게 전화를 드린 거예요. 이 통장자체가 지금 통장자체가 지금 본인께서 개설하고 이현주 일당한테 넘긴 건지 아니면은 진짜 명의가 도용당해서 이렇게 불법적인 통장이 개설이 됐는지 저희가 일일이 지금 다 조사가 진행돼야 되거든요. 만약에 전화 끊으시거나 그러신다면 저희가 소환증을 보내드릴 테니까 아니면 본인이 직접 나오시겠어요 본인 직접 하시는 걸 서울쪽으로 나오셔야죠 포토동이에요 서초동 아니요, 아니요 그러니까 직접 나오시겠다고 하면 제가 이제 소환장 이라는 소리를 보내드릴 테니까요. 날짜, 시간, 장소 다 매몰되어 있으시거든요 시간에 맞춰서 저 일종의 나오시면 돼요. 소환장을 보내드려야지 그 서류를 갖고 와야지 저희 쪽에서 조사를 해 드리는 거지. 본인이 무턱대고 오신다고해서 저희가 조사를 해 드리는 게 아니잖아요. 얘기가 경찰청도 아니고 소환장을 들고오셔야지. 그리고 저희가 공판재판이 열리고 공판이 열리는 사건이라도 이거는 본인이 마음대로 오셔가지고 조사를 받는 게 아니에요 직접 나오시겠다 그러면 저희가 이제 서를 보내드릴게요 그렇게 하시는 걸 할게요 만약에 두 번까지는 소리를 보내드리는데 그게 안 된다면 본인이 용의자선생님 회사로 있었잖아요 되는 거예요"}],"items":[{"start_time":"2.57","end_time":"2.85","alternatives":[{"confidence":"0.9007","content":"전화"}],"type":"pronunciation"},{"start_time":"2.85","end_time":"3.25","alternatives":[{"confidence":"0.79915","content":"끊으신"}],"type":"pronunciation"},{"start_time":"3.25","end_time":"3.8","alternatives":[{"confidence":"0.797","content":"거예요"}],"type":"pronunciation"},{"alternatives":[{"confidence":"0.0","content":"."}],"type":"punctuation"},{"start_time":"6.51","end_time":"6.79","alternatives":[{"confidence":"0.9587","content":"저희"}],"type":"pronunciation"},{"start_time":"6.79","end_time":"7.15","alternatives":[{"confidence":"0.9177","content":"측에서"}],"type":"pronunciation"},{"start_time":"7.15","end_time":"7.46","alternatives":[{"confidence":"0.9767","content":"지금"}],"type":"pronunciation"},{"start_time":"7.46","end_time":"7.8","alternatives":[{"confidence":"0.9463","content":"명이"}],"type":"pronunciation"},{"start_time":"7.8","end_time":"7.99","alternatives":[{"confidence":"0.3428","content":"된"}],"type":"pronunciation"},{"start_time":"7.99","end_time":"8.3","alternatives":[{"confidence":"0.7281","content":"사건"}],"type":"pronunciation"},{"start_time":"8.3","end_time":"8.56","alternatives":[{"confidence":"0.9929","content":"때문에"}],"type":"pronunciation"},{"start_time":"8.56","end_time":"8.79","alternatives":[{"confidence":"0.5775","content":"전화"}],"type":"pronunciation"},{"start_time":"8.79","end_time":"9.17","alternatives":[{"confidence":"1.0","content":"드렸다고"}],"type":"pronunciation"},{"start_time":"9.17","end_time":"10.42","alternatives":[{"confidence":"0.97095","content":"말씀드렸는데"}],"type":"pronunciation"},{"start_time":"11.44","end_time":"11.74","alternatives":[{"confidence":"0.9114","content":"전화"}],"type":"pronunciation"},{"start_time":"11.74","end_time":"12.06","alternatives":[{"confidence":"0.90215","content":"끊어서"}],"type":"pronunciation"},{"start_time":"12.06","end_time":"12.27","alternatives":[{"confidence":"0.9935","content":"되는"}],"type":"pronunciation"},{"start_time":"12.27","end_time":"12.65","alternatives":[{"confidence":"1.0","content":"문제가"}],"type":"pronunciation"},{"start_time":"12.65","end_time":"13.19","alternatives":[{"confidence":"0.9923","content":"아니고요"}],"type":"pronunciation"},{"alternatives":[{"confidence":"0.0","content":"."}],"type":"punctuation"},{"start_time":"14.6","end_time":"15.18","alternatives":[{"confidence":"0.7967","content":"그랬어요"}],"type":"pronunciation"},{"alternatives":[{"confidence":"0.0","content":"."}],"type":"punctuation"},{"start_time":"15.48","end_time":"15.75","alternatives":[{"confidence":"0.984","content":"그러면"}],"type":"pronunciation"},{"start_time":"15.75","end_time":"16.01","alternatives":[{"confidence":"1.0","content":"혹시"}],"type":"pronunciation"},{"start_time":"16.01","end_time":"16.58","alternatives":[{"confidence":"0.83585","content":"볼펜하고"}],"type":"pronunciation"},{"start_time":"16.58","end_time":"16.99","alternatives":[{"confidence":"0.69545","content":"메모지"}],"type":"pronunciation"},{"start_time":"16.99","end_time":"17.48","alternatives":[{"confidence":"0.9931","content":"있으면"}],"type":"pronunciation"},{"start_time":"17.48","end_time":"17.64","alternatives":[{"confidence":"0.9943","content":"제가"}],"type":"pronunciation"},{"start_time":"17.64","end_time":"18.53","alternatives":[{"confidence":"0.9767","content":"불러드릴게요"}],"type":"pronunciation"},{"start_time":"21.63","end_time":"22.17","alternatives":[{"confidence":"0.5208","content":"왕지검은"}],"type":"pronunciation"},{"start_time":"22.18","end_time":"23.79","alternatives":[{"confidence":"0.95775","content":"검찰청이에요"}],"type":"pronunciation"},{"start_time":"24.83","end_time":"25.07","alternatives":[{"confidence":"0.9983","content":"너는"}],"type":"pronunciation"},{"start_time":"25.07","end_time":"25.39","alternatives":[{"confidence":"0.637","content":"사건"}],"type":"pronunciation"},{"start_time":"25.39","end_time":"25.92","alternatives":[{"confidence":"0.9647","content":"담당하고"}],"type":"pronunciation"},{"start_time":"25.92","end_time":"26.13","alternatives":[{"confidence":"0.9975","content":"있는"}],"type":"pronunciation"},{"start_time":"26.13","end_time":"27.48","alternatives":[{"confidence":"1.0","content":"수사관이거든요"}],"type":"pronunciation"},{"start_time":"29.11","end_time":"29.57","alternatives":[{"confidence":"0.9915","content":"앞으로"}],"type":"pronunciation"},{"start_time":"29.57","end_time":"29.98","alternatives":[{"confidence":"0.2659","content":"명의"}],"type":"pronunciation"},{"start_time":"29.98","end_time":"30.18","alternatives":[{"confidence":"0.1681","content":"되어"}],"type":"pronunciation"},{"start_time":"30.18","end_time":"30.58","alternatives":[{"confidence":"0.9907","content":"사건이"}],"type":"pronunciation"},{"start_time":"30.58","end_time":"30.82","alternatives":[{"confidence":"0.9239","content":"있어서"}],"type":"pronunciation"},{"start_time":"30.82","end_time":"31.02","alternatives":[{"confidence":"0.992","content":"이렇게"}],"type":"pronunciation"},{"start_time":"31.02","end_time":"31.37","alternatives":[{"confidence":"1.0","content":"전화를"}],"type":"pronunciation"},{"start_time":"31.37","end_time":"32.69","alternatives":[{"confidence":"0.96465","content":"드렸어요"}],"type":"pronunciation"},{"alternatives":[{"confidence":"0.0","content":"."}],"type":"punctuation"},{"start_time":"33.28","end_time":"33.91","alternatives":[{"confidence":"0.78955","content":"이현줄을"}],"type":"pronunciation"},{"start_time":"33.91","end_time":"34.3","alternatives":[{"confidence":"0.90235","content":"아는지"}],"type":"pronunciation"},{"start_time":"34.3","end_time":"35.1","alternatives":[{"confidence":"1.0","content":"여쭤봤는데"}],"type":"pronunciation"},{"start_time":"35.1","end_time":"35.35","alternatives":[{"confidence":"1.0","content":"혹시"}],"type":"pronunciation"},{"start_time":"35.35","end_time":"35.74","alternatives":[{"confidence":"0.9999","content":"아시는"}],"type":"pronunciation"},{"start_time":"35.74","end_time":"36.12","alternatives":[{"confidence":"0.4348","content":"사람이야"}],"type":"pronunciation"},{"alternatives":[{"confidence":"0.0","content":"?"}],"type":"punctuation"},{"start_time":"36.15","end_time":"36.35","alternatives":[{"confidence":"0.9799","content":"이렇게"}],"type":"pronunciation"},{"start_time":"36.35","end_time":"36.59","alternatives":[{"confidence":"0.8503","content":"전화"}],"type":"pronunciation"},{"start_time":"36.59","end_time":"37.48","alternatives":[{"confidence":"0.850875","content":"끊으신거에요"}],"type":"pronunciation"},{"start_time":"39.74","end_time":"40.19","alternatives":[{"confidence":"0.997","content":"전라도"}],"type":"pronunciation"},{"start_time":"40.19","end_time":"40.55","alternatives":[{"confidence":"0.9111","content":"광주"}],"type":"pronunciation"},{"start_time":"40.55","end_time":"41.65","alternatives":[{"confidence":"0.9877","content":"출신이고요"}],"type":"pronunciation"},{"start_time":"41.85","end_time":"42.19","alternatives":[{"confidence":"0.7993","content":"사실"}],"type":"pronunciation"},{"start_time":"42.2","end_time":"42.37","alternatives":[{"confidence":"0.7853","content":"이"}],"type":"pronunciation"},{"start_time":"42.37","end_time":"42.51","alternatives":[{"confidence":"0.9834","content":"세"}],"type":"pronunciation"},{"start_time":"42.51","end_time":"42.7","alternatives":[{"confidence":"0.9988","content":"된"}],"type":"pronunciation"},{"start_time":"42.7","end_time":"43.43","alternatives":[{"confidence":"0.99875","content":"여성입니다"}],"type":"pronunciation"},{"alternatives":[{"confidence":"0.0","content":"."}],"type":"punctuation"},{"start_time":"43.88","end_time":"44.32","alternatives":[{"confidence":"0.9156","content":"뭐"}],"type":"pronunciation"},{"start_time":"44.8","end_time":"45.51","alternatives":[{"confidence":"0.9981333333333332","content":"돌아보시거나"}],"type":"pronunciation"},{"start_time":"45.51","end_time":"46.13","alternatives":[{"confidence":"0.9999","content":"생각나시는"}],"type":"pronunciation"},{"start_time":"46.13","end_time":"46.33","alternatives":[{"confidence":"0.9993","content":"분은"}],"type":"pronunciation"},{"start_time":"46.33","end_time":"46.58","alternatives":[{"confidence":"1.0","content":"전혀"}],"type":"pronunciation"},{"start_time":"46.58","end_time":"47.44","alternatives":[{"confidence":"0.9995666666666666","content":"없으신거고요"}],"type":"pronunciation"},{"alternatives":[{"confidence":"0.0","content":"."}],"type":"punctuation"},{"start_time":"49.16","end_time":"49.54","alternatives":[{"confidence":"1.0","content":"그렇다면"}],"type":"pronunciation"},{"start_time":"49.54","end_time":"49.73","alternatives":[{"confidence":"0.9982","content":"이게"}],"type":"pronunciation"},{"start_time":"49.73","end_time":"49.94","alternatives":[{"confidence":"0.9931","content":"지금"}],"type":"pronunciation"},{"start_time":"49.94","end_time":"50.27","alternatives":[{"confidence":"0.9949","content":"명의"}],"type":"pronunciation"},{"start_time":"50.27","end_time":"50.8","alternatives":[{"confidence":"0.9208666666666666","content":"도용이라는"}],"type":"pronunciation"},{"start_time":"50.8","end_time":"51.88","alternatives":[{"confidence":"0.9807","content":"거는요"}],"type":"pronunciation"},{"start_time":"51.94","end_time":"52.7","alternatives":[{"confidence":"0.67135","content":"개인정보가"}],"type":"pronunciation"},{"start_time":"52.7","end_time":"53.3","alternatives":[{"confidence":"0.9975","content":"유출됐다는"}],"type":"pronunciation"},{"start_time":"53.3","end_time":"54.31","alternatives":[{"confidence":"0.7575","content":"얘긴데"}],"type":"pronunciation"},{"alternatives":[{"confidence":"0.0","content":","}],"type":"punctuation"},{"start_time":"54.34","end_time":"54.94","alternatives":[{"confidence":"1.0","content":"혹시"}],"type":"pronunciation"},{"start_time":"54.94","end_time":"55.04","alternatives":[{"confidence":"0.537","content":"뭐"}],"type":"pronunciation"},{"start_time":"55.07","end_time":"55.38","alternatives":[{"confidence":"0.9935","content":"최근"}],"type":"pronunciation"},{"start_time":"55.38","end_time":"55.52","alternatives":[{"confidence":"0.5669","content":"이"}],"type":"pronunciation"},{"start_time":"55.52","end_time":"55.69","alternatives":[{"confidence":"0.5692","content":"삼"}],"type":"pronunciation"},{"start_time":"55.69","end_time":"55.86","alternatives":[{"confidence":"0.9855","content":"년"}],"type":"pronunciation"},{"start_time":"55.86","end_time":"56.48","alternatives":[{"confidence":"0.9052","content":"사이에"}],"type":"pronunciation"},{"start_time":"56.63","end_time":"57.66","alternatives":[{"confidence":"0.7522500000000001","content":"핸드폰이라든지"}],"type":"pronunciation"},{"start_time":"57.69","end_time":"59.03","alternatives":[{"confidence":"0.994275","content":"지갑신분증잃어버리신"}],"type":"pronunciation"},{"start_time":"59.03","end_time":"59.19","alternatives":[{"confidence":"0.9356","content":"적"}],"type":"pronunciation"},{"start_time":"59.19","end_time":"60.05","alternatives":[{"confidence":"1.0","content":"있으셨습니까"}],"type":"pronunciation"},{"start_time":"61.71","end_time":"62.07","alternatives":[{"confidence":"0.9075500000000001","content":"그러신"}],"type":"pronunciation"},{"start_time":"62.07","end_time":"62.29","alternatives":[{"confidence":"0.9357","content":"적도"}],"type":"pronunciation"},{"start_time":"62.29","end_time":"62.55","alternatives":[{"confidence":"1.0","content":"전혀"}],"type":"pronunciation"},{"start_time":"62.55","end_time":"63.46","alternatives":[{"confidence":"1.0","content":"없으세요"}],"type":"pronunciation"},{"alternatives":[{"confidence":"0.0","content":"."}],"type":"punctuation"},{"start_time":"64.65","end_time":"65.01","alternatives":[{"confidence":"1.0","content":"저희가"}],"type":"pronunciation"},{"start_time":"65.01","end_time":"65.61","alternatives":[{"confidence":"0.9292","content":"지금"}],"type":"pronunciation"},{"start_time":"66.3","end_time":"66.71","alternatives":[{"confidence":"1.0","content":"전화를"}],"type":"pronunciation"},{"start_time":"66.71","end_time":"67.84","alternatives":[{"confidence":"0.7807333333333334","content":"드린거는요"}],"type":"pronunciation"},{"alternatives":[{"confidence":"0.0","content":"."}],"type":"punctuation"},{"start_time":"68.2","end_time":"68.56","alternatives":[{"confidence":"0.8952","content":"얼마"}],"type":"pronunciation"},{"start_time":"68.56","end_time":"69.05","alternatives":[{"confidence":"0.8959","content":"전에"}],"type":"pronunciation"},{"start_time":"69.08","end_time":"69.4","alternatives":[{"confidence":"1.0","content":"저희가"}],"type":"pronunciation"},{"start_time":"69.4","end_time":"70.39","alternatives":[{"confidence":"0.8577666666666667","content":"이현주라는"}],"type":"pronunciation"},{"start_time":"70.39","end_time":"70.54","alternatives":[{"confidence":"0.9802","content":"이제"}],"type":"pronunciation"},{"start_time":"70.55","end_time":"71.43","alternatives":[{"confidence":"0.8450666666666667","content":"금융사기단을"}],"type":"pronunciation"},{"start_time":"71.43","end_time":"72.8","alternatives":[{"confidence":"0.9642999999999999","content":"체포했는데"}],"type":"pronunciation"},{"start_time":"73.01","end_time":"73.48","alternatives":[{"confidence":"1.0","content":"체포된"}],"type":"pronunciation"},{"start_time":"73.48","end_time":"73.82","alternatives":[{"confidence":"0.3427","content":"불법"}],"type":"pronunciation"},{"start_time":"73.82","end_time":"74.26","alternatives":[{"confidence":"0.3868","content":"현장"}],"type":"pronunciation"},{"start_time":"74.72","end_time":"74.95","alternatives":[{"confidence":"0.6836","content":"씨"}],"type":"pronunciation"},{"start_time":"74.95","end_time":"75.32","alternatives":[{"confidence":"1.0","content":"명의로"}],"type":"pronunciation"},{"start_time":"75.32","end_time":"75.48","alternatives":[{"confidence":"1.0","content":"된"}],"type":"pronunciation"},{"start_time":"75.48","end_time":"75.85","alternatives":[{"confidence":"0.99485","content":"통장이"}],"type":"pronunciation"},{"start_time":"75.85","end_time":"76.19","alternatives":[{"confidence":"0.9993","content":"나와서"}],"type":"pronunciation"},{"start_time":"76.19","end_time":"76.38","alternatives":[{"confidence":"0.9956","content":"이렇게"}],"type":"pronunciation"},{"start_time":"76.38","end_time":"76.7","alternatives":[{"confidence":"0.9951","content":"전화를"}],"type":"pronunciation"},{"start_time":"76.7","end_time":"76.95","alternatives":[{"confidence":"0.6473","content":"드린"}],"type":"pronunciation"},{"start_time":"76.95","end_time":"77.83","alternatives":[{"confidence":"0.9996","content":"거예요"}],"type":"pronunciation"},{"alternatives":[{"confidence":"0.0","content":"."}],"type":"punctuation"},{"start_time":"78.57","end_time":"78.67","alternatives":[{"confidence":"0.3782","content":"이"}],"type":"pronunciation"},{"start_time":"78.67","end_time":"79.42","alternatives":[{"confidence":"1.0","content":"통장자체가"}],"type":"pronunciation"},{"start_time":"79.42","end_time":"79.78","alternatives":[{"confidence":"0.9114","content":"지금"}],"type":"pronunciation"},{"start_time":"80.29","end_time":"80.98","alternatives":[{"confidence":"1.0","content":"통장자체가"}],"type":"pronunciation"},{"start_time":"80.98","end_time":"81.18","alternatives":[{"confidence":"0.9926","content":"지금"}],"type":"pronunciation"},{"start_time":"81.18","end_time":"81.72","alternatives":[{"confidence":"0.9963","content":"본인께서"}],"type":"pronunciation"},{"start_time":"81.72","end_time":"82.47","alternatives":[{"confidence":"0.9834499999999999","content":"개설하고"}],"type":"pronunciation"},{"start_time":"82.74","end_time":"83.19","alternatives":[{"confidence":"0.90345","content":"이현주"}],"type":"pronunciation"},{"start_time":"83.19","end_time":"83.61","alternatives":[{"confidence":"0.89715","content":"일당한테"}],"type":"pronunciation"},{"start_time":"83.61","end_time":"84.03","alternatives":[{"confidence":"0.7883","content":"넘긴"}],"type":"pronunciation"},{"start_time":"84.03","end_time":"84.76","alternatives":[{"confidence":"0.9004","content":"건지"}],"type":"pronunciation"},{"start_time":"85.07","end_time":"85.59","alternatives":[{"confidence":"0.98175","content":"아니면은"}],"type":"pronunciation"},{"start_time":"85.59","end_time":"85.83","alternatives":[{"confidence":"0.9591","content":"진짜"}],"type":"pronunciation"},{"start_time":"85.83","end_time":"86.28","alternatives":[{"confidence":"0.9984500000000001","content":"명의가"}],"type":"pronunciation"},{"start_time":"86.28","end_time":"86.89","alternatives":[{"confidence":"0.8403499999999999","content":"도용당해서"}],"type":"pronunciation"},{"start_time":"86.89","end_time":"87.13","alternatives":[{"confidence":"0.9939","content":"이렇게"}],"type":"pronunciation"},{"start_time":"87.13","end_time":"87.7","alternatives":[{"confidence":"0.9996","content":"불법적인"}],"type":"pronunciation"},{"start_time":"87.7","end_time":"88.07","alternatives":[{"confidence":"1.0","content":"통장이"}],"type":"pronunciation"},{"start_time":"88.07","end_time":"88.41","alternatives":[{"confidence":"0.98965","content":"개설이"}],"type":"pronunciation"},{"start_time":"88.41","end_time":"88.94","alternatives":[{"confidence":"0.9741","content":"됐는지"}],"type":"pronunciation"},{"start_time":"88.94","end_time":"89.27","alternatives":[{"confidence":"1.0","content":"저희가"}],"type":"pronunciation"},{"start_time":"89.27","end_time":"89.62","alternatives":[{"confidence":"0.9976","content":"일일이"}],"type":"pronunciation"},{"start_time":"89.62","end_time":"89.79","alternatives":[{"confidence":"0.9856","content":"지금"}],"type":"pronunciation"},{"start_time":"89.79","end_time":"89.91","alternatives":[{"confidence":"0.901","content":"다"}],"type":"pronunciation"},{"start_time":"89.91","end_time":"90.25","alternatives":[{"confidence":"1.0","content":"조사가"}],"type":"pronunciation"},{"start_time":"90.25","end_time":"90.85","alternatives":[{"confidence":"0.9867","content":"진행돼야"}],"type":"pronunciation"},{"start_time":"90.85","end_time":"91.54","alternatives":[{"confidence":"0.9934","content":"되거든요"}],"type":"pronunciation"},{"alternatives":[{"confidence":"0.0","content":"."}],"type":"punctuation"},{"start_time":"92.09","end_time":"92.43","alternatives":[{"confidence":"1.0","content":"만약에"}],"type":"pronunciation"},{"start_time":"92.43","end_time":"92.72","alternatives":[{"confidence":"0.9171","content":"전화"}],"type":"pronunciation"},{"start_time":"92.72","end_time":"93.31","alternatives":[{"confidence":"0.9994","content":"끊으시거나"}],"type":"pronunciation"},{"start_time":"93.31","end_time":"94.17","alternatives":[{"confidence":"0.96275","content":"그러신다면"}],"type":"pronunciation"},{"start_time":"94.2","end_time":"94.46","alternatives":[{"confidence":"1.0","content":"저희가"}],"type":"pronunciation"},{"start_time":"94.46","end_time":"95.03","alternatives":[{"confidence":"0.69235","content":"소환증을"}],"type":"pronunciation"},{"start_time":"95.03","end_time":"95.5","alternatives":[{"confidence":"0.8422000000000001","content":"보내드릴"}],"type":"pronunciation"},{"start_time":"95.5","end_time":"96.08","alternatives":[{"confidence":"1.0","content":"테니까"}],"type":"pronunciation"},{"start_time":"96.26","end_time":"96.56","alternatives":[{"confidence":"0.9999","content":"아니면"}],"type":"pronunciation"},{"start_time":"96.56","end_time":"96.91","alternatives":[{"confidence":"1.0","content":"본인이"}],"type":"pronunciation"},{"start_time":"96.91","end_time":"97.15","alternatives":[{"confidence":"0.9943","content":"직접"}],"type":"pronunciation"},{"start_time":"97.15","end_time":"98.06","alternatives":[{"confidence":"0.9773000000000001","content":"나오시겠어요"}],"type":"pronunciation"},{"start_time":"99.89","end_time":"100.58","alternatives":[{"confidence":"0.4238","content":"본인"}],"type":"pronunciation"},{"start_time":"100.58","end_time":"100.82","alternatives":[{"confidence":"0.1967","content":"직접"}],"type":"pronunciation"},{"start_time":"103.25","end_time":"103.6","alternatives":[{"confidence":"0.7114","content":"하시는"}],"type":"pronunciation"},{"start_time":"103.6","end_time":"103.79","alternatives":[{"confidence":"0.7151","content":"걸"}],"type":"pronunciation"},{"start_time":"104.0","end_time":"104.6","alternatives":[{"confidence":"0.7194499999999999","content":"서울쪽으로"}],"type":"pronunciation"},{"start_time":"104.6","end_time":"105.69","alternatives":[{"confidence":"0.99945","content":"나오셔야죠"}],"type":"pronunciation"},{"start_time":"107.6","end_time":"108.35","alternatives":[{"confidence":"0.5696","content":"포토동이에요"}],"type":"pronunciation"},{"start_time":"108.35","end_time":"108.87","alternatives":[{"confidence":"0.7074","content":"서초동"}],"type":"pronunciation"},{"start_time":"110.57","end_time":"110.84","alternatives":[{"confidence":"0.4995","content":"아니요"}],"type":"pronunciation"},{"alternatives":[{"confidence":"0.0","content":","}],"type":"punctuation"},{"start_time":"110.84","end_time":"111.02","alternatives":[{"confidence":"0.4879","content":"아니요"}],"type":"pronunciation"},{"start_time":"111.02","end_time":"111.27","alternatives":[{"confidence":"0.8462","content":"그러니까"}],"type":"pronunciation"},{"start_time":"111.27","end_time":"111.57","alternatives":[{"confidence":"0.9678","content":"직접"}],"type":"pronunciation"},{"start_time":"111.57","end_time":"112.32","alternatives":[{"confidence":"0.9573","content":"나오시겠다고"}],"type":"pronunciation"},{"start_time":"112.32","end_time":"112.86","alternatives":[{"confidence":"0.9993","content":"하면"}],"type":"pronunciation"},{"start_time":"113.01","end_time":"113.27","alternatives":[{"confidence":"0.9211","content":"제가"}],"type":"pronunciation"},{"start_time":"113.46","end_time":"113.77","alternatives":[{"confidence":"0.9977","content":"이제"}],"type":"pronunciation"},{"start_time":"113.88","end_time":"114.47","alternatives":[{"confidence":"0.7811","content":"소환장"}],"type":"pronunciation"},{"start_time":"114.47","end_time":"114.7","alternatives":[{"confidence":"0.9854","content":"이라는"}],"type":"pronunciation"},{"start_time":"114.7","end_time":"115.06","alternatives":[{"confidence":"0.9945","content":"소리를"}],"type":"pronunciation"},{"start_time":"115.06","end_time":"115.56","alternatives":[{"confidence":"0.7749999999999999","content":"보내드릴"}],"type":"pronunciation"},{"start_time":"115.56","end_time":"116.51","alternatives":[{"confidence":"1.0","content":"테니까요"}],"type":"pronunciation"},{"alternatives":[{"confidence":"0.0","content":"."}],"type":"punctuation"},{"start_time":"116.79","end_time":"117.32","alternatives":[{"confidence":"0.9963","content":"날짜"}],"type":"pronunciation"},{"alternatives":[{"confidence":"0.0","content":","}],"type":"punctuation"},{"start_time":"117.32","end_time":"117.67","alternatives":[{"confidence":"0.9981","content":"시간"}],"type":"pronunciation"},{"alternatives":[{"confidence":"0.0","content":","}],"type":"punctuation"},{"start_time":"117.67","end_time":"117.96","alternatives":[{"confidence":"0.985","content":"장소"}],"type":"pronunciation"},{"start_time":"117.96","end_time":"118.08","alternatives":[{"confidence":"0.729","content":"다"}],"type":"pronunciation"},{"start_time":"118.08","end_time":"118.61","alternatives":[{"confidence":"0.6735","content":"매몰되어"}],"type":"pronunciation"},{"start_time":"118.61","end_time":"119.85","alternatives":[{"confidence":"1.0","content":"있으시거든요"}],"type":"pronunciation"},{"start_time":"120.21","end_time":"120.53","alternatives":[{"confidence":"0.978","content":"시간에"}],"type":"pronunciation"},{"start_time":"120.53","end_time":"120.95","alternatives":[{"confidence":"0.9758","content":"맞춰서"}],"type":"pronunciation"},{"start_time":"120.95","end_time":"121.08","alternatives":[{"confidence":"0.4649","content":"저"}],"type":"pronunciation"},{"start_time":"121.08","end_time":"121.35","alternatives":[{"confidence":"0.774","content":"일종의"}],"type":"pronunciation"},{"start_time":"121.35","end_time":"121.85","alternatives":[{"confidence":"0.94845","content":"나오시면"}],"type":"pronunciation"},{"start_time":"121.85","end_time":"122.25","alternatives":[{"confidence":"0.9978","content":"돼요"}],"type":"pronunciation"},{"alternatives":[{"confidence":"0.0","content":"."}],"type":"punctuation"},{"start_time":"126.05","end_time":"126.67","alternatives":[{"confidence":"0.9753499999999999","content":"소환장을"}],"type":"pronunciation"},{"start_time":"126.67","end_time":"127.37","alternatives":[{"confidence":"0.6684333333333333","content":"보내드려야지"}],"type":"pronunciation"},{"start_time":"127.37","end_time":"127.46","alternatives":[{"confidence":"0.4514","content":"그"}],"type":"pronunciation"},{"start_time":"127.46","end_time":"127.8","alternatives":[{"confidence":"0.9996","content":"서류를"}],"type":"pronunciation"},{"start_time":"127.8","end_time":"128.14","alternatives":[{"confidence":"0.9995","content":"갖고"}],"type":"pronunciation"},{"start_time":"128.14","end_time":"128.53","alternatives":[{"confidence":"0.9993","content":"와야지"}],"type":"pronunciation"},{"start_time":"128.53","end_time":"128.73","alternatives":[{"confidence":"0.8243","content":"저희"}],"type":"pronunciation"},{"start_time":"128.73","end_time":"128.98","alternatives":[{"confidence":"0.6484","content":"쪽에서"}],"type":"pronunciation"},{"start_time":"128.98","end_time":"129.33","alternatives":[{"confidence":"0.9978","content":"조사를"}],"type":"pronunciation"},{"start_time":"129.33","end_time":"129.44","alternatives":[{"confidence":"0.6019","content":"해"}],"type":"pronunciation"},{"start_time":"129.44","end_time":"129.77","alternatives":[{"confidence":"0.3663","content":"드리는"}],"type":"pronunciation"},{"start_time":"129.77","end_time":"130.51","alternatives":[{"confidence":"0.381","content":"거지"}],"type":"pronunciation"},{"alternatives":[{"confidence":"0.0","content":"."}],"type":"punctuation"},{"start_time":"130.81","end_time":"131.14","alternatives":[{"confidence":"1.0","content":"본인이"}],"type":"pronunciation"},{"start_time":"131.14","end_time":"131.69","alternatives":[{"confidence":"1.0","content":"무턱대고"}],"type":"pronunciation"},{"start_time":"131.69","end_time":"132.26","alternatives":[{"confidence":"0.7512","content":"오신다고해서"}],"type":"pronunciation"},{"start_time":"132.26","end_time":"132.55","alternatives":[{"confidence":"1.0","content":"저희가"}],"type":"pronunciation"},{"start_time":"132.55","end_time":"132.88","alternatives":[{"confidence":"0.9998","content":"조사를"}],"type":"pronunciation"},{"start_time":"132.88","end_time":"132.96","alternatives":[{"confidence":"0.8734","content":"해"}],"type":"pronunciation"},{"start_time":"132.96","end_time":"133.26","alternatives":[{"confidence":"0.7512","content":"드리는"}],"type":"pronunciation"},{"start_time":"133.26","end_time":"133.35","alternatives":[{"confidence":"0.8465","content":"게"}],"type":"pronunciation"},{"start_time":"133.35","end_time":"134.0","alternatives":[{"confidence":"1.0","content":"아니잖아요"}],"type":"pronunciation"},{"alternatives":[{"confidence":"0.0","content":"."}],"type":"punctuation"},{"start_time":"134.16","end_time":"134.47","alternatives":[{"confidence":"0.9863","content":"얘기가"}],"type":"pronunciation"},{"start_time":"134.56","end_time":"135.17","alternatives":[{"confidence":"0.85385","content":"경찰청도"}],"type":"pronunciation"},{"start_time":"135.17","end_time":"135.99","alternatives":[{"confidence":"1.0","content":"아니고"}],"type":"pronunciation"},{"start_time":"138.24","end_time":"138.77","alternatives":[{"confidence":"0.97855","content":"소환장을"}],"type":"pronunciation"},{"start_time":"138.78","end_time":"140.17","alternatives":[{"confidence":"0.813875","content":"들고오셔야지"}],"type":"pronunciation"},{"alternatives":[{"confidence":"0.0","content":"."}],"type":"punctuation"},{"start_time":"140.61","end_time":"140.93","alternatives":[{"confidence":"0.9991","content":"그리고"}],"type":"pronunciation"},{"start_time":"140.93","end_time":"141.24","alternatives":[{"confidence":"1.0","content":"저희가"}],"type":"pronunciation"},{"start_time":"141.24","end_time":"141.97","alternatives":[{"confidence":"0.9973666666666666","content":"공판재판이"}],"type":"pronunciation"},{"start_time":"141.97","end_time":"142.19","alternatives":[{"confidence":"0.9613","content":"열리고"}],"type":"pronunciation"},{"start_time":"142.19","end_time":"142.6","alternatives":[{"confidence":"1.0","content":"공판이"}],"type":"pronunciation"},{"start_time":"142.6","end_time":"142.93","alternatives":[{"confidence":"1.0","content":"열리는"}],"type":"pronunciation"},{"start_time":"142.93","end_time":"143.55","alternatives":[{"confidence":"0.9232","content":"사건이라도"}],"type":"pronunciation"},{"start_time":"143.55","end_time":"143.83","alternatives":[{"confidence":"0.9817","content":"이거는"}],"type":"pronunciation"},{"start_time":"143.83","end_time":"144.16","alternatives":[{"confidence":"1.0","content":"본인이"}],"type":"pronunciation"},{"start_time":"144.16","end_time":"144.61","alternatives":[{"confidence":"0.9993","content":"마음대로"}],"type":"pronunciation"},{"start_time":"144.61","end_time":"145.14","alternatives":[{"confidence":"0.9504","content":"오셔가지고"}],"type":"pronunciation"},{"start_time":"145.14","end_time":"145.48","alternatives":[{"confidence":"0.9996","content":"조사를"}],"type":"pronunciation"},{"start_time":"145.48","end_time":"145.73","alternatives":[{"confidence":"0.8521","content":"받는"}],"type":"pronunciation"},{"start_time":"145.73","end_time":"145.83","alternatives":[{"confidence":"0.9998","content":"게"}],"type":"pronunciation"},{"start_time":"145.83","end_time":"146.56","alternatives":[{"confidence":"1.0","content":"아니에요"}],"type":"pronunciation"},{"start_time":"148.71","end_time":"148.99","alternatives":[{"confidence":"0.9773","content":"직접"}],"type":"pronunciation"},{"start_time":"148.99","end_time":"149.71","alternatives":[{"confidence":"0.9899","content":"나오시겠다"}],"type":"pronunciation"},{"start_time":"149.71","end_time":"149.99","alternatives":[{"confidence":"0.9978","content":"그러면"}],"type":"pronunciation"},{"start_time":"149.99","end_time":"150.27","alternatives":[{"confidence":"1.0","content":"저희가"}],"type":"pronunciation"},{"start_time":"150.58","end_time":"150.78","alternatives":[{"confidence":"0.9818","content":"이제"}],"type":"pronunciation"},{"start_time":"150.81","end_time":"151.08","alternatives":[{"confidence":"0.8879","content":"서를"}],"type":"pronunciation"},{"start_time":"151.08","end_time":"152.03","alternatives":[{"confidence":"0.976","content":"보내드릴게요"}],"type":"pronunciation"},{"start_time":"155.14","end_time":"155.45","alternatives":[{"confidence":"0.9834","content":"그렇게"}],"type":"pronunciation"},{"start_time":"155.45","end_time":"155.74","alternatives":[{"confidence":"0.9338","content":"하시는"}],"type":"pronunciation"},{"start_time":"155.74","end_time":"155.88","alternatives":[{"confidence":"0.9706","content":"걸"}],"type":"pronunciation"},{"start_time":"155.88","end_time":"156.25","alternatives":[{"confidence":"0.6402","content":"할게요"}],"type":"pronunciation"},{"start_time":"156.25","end_time":"156.56","alternatives":[{"confidence":"0.3062","content":"만약에"}],"type":"pronunciation"},{"start_time":"156.96","end_time":"157.04","alternatives":[{"confidence":"0.011","content":"두"}],"type":"pronunciation"},{"start_time":"157.04","end_time":"157.58","alternatives":[{"confidence":"0.60105","content":"번까지는"}],"type":"pronunciation"},{"start_time":"157.58","end_time":"157.91","alternatives":[{"confidence":"0.1571","content":"소리를"}],"type":"pronunciation"},{"start_time":"157.91","end_time":"159.11","alternatives":[{"confidence":"0.9794333333333333","content":"보내드리는데"}],"type":"pronunciation"},{"start_time":"159.2","end_time":"159.42","alternatives":[{"confidence":"1.0","content":"그게"}],"type":"pronunciation"},{"start_time":"159.42","end_time":"159.58","alternatives":[{"confidence":"0.9681","content":"안"}],"type":"pronunciation"},{"start_time":"159.58","end_time":"160.28","alternatives":[{"confidence":"0.9689","content":"된다면"}],"type":"pronunciation"},{"start_time":"160.61","end_time":"160.93","alternatives":[{"confidence":"0.4942","content":"본인이"}],"type":"pronunciation"},{"start_time":"160.93","end_time":"161.62","alternatives":[{"confidence":"0.28209999999999996","content":"용의자선생님"}],"type":"pronunciation"},{"start_time":"161.94","end_time":"162.29","alternatives":[{"confidence":"0.3796","content":"회사로"}],"type":"pronunciation"},{"start_time":"162.29","end_time":"162.72","alternatives":[{"confidence":"0.6074","content":"있었잖아요"}],"type":"pronunciation"},{"start_time":"162.72","end_time":"163.01","alternatives":[{"confidence":"0.8777","content":"되는"}],"type":"pronunciation"},{"start_time":"163.01","end_time":"164.17","alternatives":[{"confidence":"1.0","content":"거예요"}],"type":"pronunciation"}]},"status":"COMPLETED"}