{"jobName":"transcribes..33","accountId":"097989105209","results":{"transcripts":[{"transcript":"서울 결탁 서울지방경찰청이야. 그러면은 저희가 그쪽 전화를 했내가 그때 전화하세요. 거기 갔고요 결정했죠 서울지방경찰청 호우 그거 뭐 지금 변화승리저기 동안에 어떻게 뭐 김정호 나오기 시작이 됐습니다. 지정된 서울지방김주제가 지금 국민운행하고 있다 그래서 계좌가 총장이 있다고 해야 대폭 통장이 뭐 본인도 모르는 게 대폭 통계아니에요 아니요. 대포통장이라는 것은 뭐냐면 잃통장이 정상개념불법 거래총장이나 말씀이죠. 육천만 저는 불법성을 채택됐잖아요 입니까? 여보세요. 그러니까 뭐냐면 지금 제가 하는 말씀은 본인 이름을 국민은행하고 농협은행 계좌가 범죄에 손에서 사기를 사기 계좌를 사용되어서 지금 이미 따라갈 육 천만원의 불법 자금을 세탁했단 말씀입니다. 이분 특별사기 사건에 대해서는 지금 뿐만 아니라 약 백팔십 여명이나 인도됐는데. 그중에 지금 일부분은 돈을 받고요 통장을 판매한 분들이 있고 또한 대부분은 명예사건으로서 피해를 보고 있는 분들이 많이 계십니다. 자 그러면 농협하고 어디기존 발급이 된 건 것 같아요. 국민은행은 서울 강남구 역삼동 지점에서 발급됐고 은행은 서울 송파구 송파동 지점에서 발견됐습니다. 하고 아무런 근거는 없습니다. 근데 제가 말씀드렸잖아요 보니까 뭐 일부분통장을 판매한 분들이 있고 재벌사건으로서 피해본다고요. 그러니까 본인께서 안 만들어 라도 됐으니까 저희가 사건 돼서 도대체 무슨 어떤 일인지 파악하려고 드린겁니다. 아시겠습니까? 근데 왜냐하면 지금 고소가 들어와있는 이동호 씨란 사람이 있는데 이 사람이 본인 계좌로 육천만 사기를 당했습니다. 이 세종한데요. 여보세요. 그러니까 이 동원한 사람이 이제 이 메뉴를 된 통장으로 육천만 사기를 당했습니다. 이태순 종이라는 사람한테 서요. 그런데 이동호 씨는 씨도 이태근과 공범인지하고 함께 고소를 했거든요. 무슨 말씀인지 이해되시나요. 네. 그래서 저희 경찰청에서는 씨가 이번 사건의 직접적인 가담다 인지 아니면 정보 유출로 인한 피해자인지 이 여부를 판단하기 위해서 먼저 간단하게 통화 녹취 상태로 제 1 차 조사를 진행하겠습니다. 그리고 저희가 통화하는 내용은 전부 녹취하셔서 사건 수사에 증거자료를 남길 것이고요. 본인께서는 제 질문에 간단하게솔직한 답변을 해주시면 됩니다. 아시겠습니까? 이걸 지금 조기 확인해봐야 되겠는데 교육 지금 어렵죠. 서울지방경찰청이요 제가 그거근무하는 건 아니고 지금 확인해보니까 상관없습니다. 그렇게 확인해보세요. 지금 너무 갈라지죠. 지금 본인의 핸드폰을 도움하시는 거죠. 제 핸드폰이 아니라 저희 경찰청에 사용하는 녹취전화 거든요. 전문사건 전화입니다. 그게 핸드폰 번호는 핸드폰는데 저희가 전문놓기만 하는 전화거든요 공유를 하는 거 아닌가요? 이거는 본인께 이 사건 데서 전문통화 내용을 녹취해야하기 때문에 제가 핸드폰 돈 드린거고, 이번으로 그리고 본인께서 만약에 확인하고 싶어 확인이 되어야 되니까 일단 제가 직접 알도록 한번 확인해보세요. 그러면 직접 이런 사람이 있는지 없는지 그 부분은 직접 살펴 주시는 그분하고. 여기 지방전화를 해 보려고 하죠. 제가 해보세요. 아무튼 경찰청의 전화번호 직접 보내드릴까요 다시 한번 결국 경찰청 전화 보면 알아보고요 경찰청의 전화번호 보통 보통 보면 그런 직접 경찰청이나. 대표부는 일 년이고 지방경찰청에는 대표번호가 백팔십이 번입니다. 인터넷으로 확인하는지 의사를 확인합니다. 확인되거든요 기대하면서 마음을 가지고 그러니까 그것도 들어가않는다. 그니까 제가 신문확인하고 진행하겠다 말씀이고. 왜냐하면 이런 사건들에 대해서는 본인께서 뭐 피해자일 수도 있으니까 저희가 이 부분에 대해서 피해자를 좀 조치를 해야 되니까 그래서 드린거고 일단은 저희가 본인피해 가끔 하는 게 없으니까 안심하시고요 네 그럼 먼저 가능하다면 제가 본인이 가담자 인지 아니면 피해자인지 이걸 먼저 판단하기 위해서 높이자를 먼저 한번 높이 해야 되는데. 가능할까요? 이러세요? 제가 아니면 진짜 이건 녹취하니까 제가 했던 먼저 확인하니까 제가 경찰청장으로 한번 옛날 드릴게요 하세요 제가 신분 확인되게끔 제가 경찰청으로 연락드릴게요 습니다. 그러면 주세요."}],"items":[{"start_time":"2.38","end_time":"2.68","alternatives":[{"confidence":"0.3379","content":"서울"}],"type":"pronunciation"},{"start_time":"2.68","end_time":"3.13","alternatives":[{"confidence":"0.8619","content":"결탁"}],"type":"pronunciation"},{"start_time":"5.1","end_time":"6.96","alternatives":[{"confidence":"0.9337","content":"서울지방경찰청이야"}],"type":"pronunciation"},{"alternatives":[{"confidence":"0.0","content":"."}],"type":"punctuation"},{"start_time":"8.54","end_time":"9.2","alternatives":[{"confidence":"0.6574","content":"그러면은"}],"type":"pronunciation"},{"start_time":"9.23","end_time":"9.61","alternatives":[{"confidence":"0.5031","content":"저희가"}],"type":"pronunciation"},{"start_time":"9.61","end_time":"9.99","alternatives":[{"confidence":"0.5249","content":"그쪽"}],"type":"pronunciation"},{"start_time":"10.0","end_time":"10.42","alternatives":[{"confidence":"0.9889","content":"전화를"}],"type":"pronunciation"},{"start_time":"10.42","end_time":"13.19","alternatives":[{"confidence":"0.75985","content":"했내가"}],"type":"pronunciation"},{"start_time":"13.19","end_time":"13.5","alternatives":[{"confidence":"0.5432","content":"그때"}],"type":"pronunciation"},{"start_time":"13.56","end_time":"16.74","alternatives":[{"confidence":"0.7176","content":"전화하세요"}],"type":"pronunciation"},{"alternatives":[{"confidence":"0.0","content":"."}],"type":"punctuation"},{"start_time":"17.14","end_time":"17.57","alternatives":[{"confidence":"0.1342","content":"거기"}],"type":"pronunciation"},{"start_time":"25.16","end_time":"25.86","alternatives":[{"confidence":"0.84765","content":"갔고요"}],"type":"pronunciation"},{"start_time":"33.32","end_time":"34.42","alternatives":[{"confidence":"0.22335","content":"결정했죠"}],"type":"pronunciation"},{"start_time":"35.77","end_time":"37.38","alternatives":[{"confidence":"0.50885","content":"서울지방경찰청"}],"type":"pronunciation"},{"start_time":"37.72","end_time":"38.37","alternatives":[{"confidence":"0.2458","content":"호우"}],"type":"pronunciation"},{"start_time":"40.79","end_time":"41.06","alternatives":[{"confidence":"0.569","content":"그거"}],"type":"pronunciation"},{"start_time":"41.06","end_time":"41.24","alternatives":[{"confidence":"0.7018","content":"뭐"}],"type":"pronunciation"},{"start_time":"41.33","end_time":"41.81","alternatives":[{"confidence":"0.949","content":"지금"}],"type":"pronunciation"},{"start_time":"42.48","end_time":"43.74","alternatives":[{"confidence":"0.3108666666666667","content":"변화승리저기"}],"type":"pronunciation"},{"start_time":"44.08","end_time":"44.45","alternatives":[{"confidence":"0.5023","content":"동안에"}],"type":"pronunciation"},{"start_time":"44.45","end_time":"44.83","alternatives":[{"confidence":"0.7331","content":"어떻게"}],"type":"pronunciation"},{"start_time":"45.17","end_time":"45.42","alternatives":[{"confidence":"0.0772","content":"뭐"}],"type":"pronunciation"},{"start_time":"46.6","end_time":"47.56","alternatives":[{"confidence":"0.88505","content":"김정호"}],"type":"pronunciation"},{"start_time":"52.44","end_time":"52.77","alternatives":[{"confidence":"0.8416","content":"나오기"}],"type":"pronunciation"},{"start_time":"52.77","end_time":"53.12","alternatives":[{"confidence":"0.8506","content":"시작이"}],"type":"pronunciation"},{"start_time":"53.12","end_time":"53.74","alternatives":[{"confidence":"0.7585","content":"됐습니다"}],"type":"pronunciation"},{"alternatives":[{"confidence":"0.0","content":"."}],"type":"punctuation"},{"start_time":"55.5","end_time":"56.12","alternatives":[{"confidence":"0.9413","content":"지정된"}],"type":"pronunciation"},{"start_time":"57.82","end_time":"59.93","alternatives":[{"confidence":"0.49016666666666664","content":"서울지방김주제가"}],"type":"pronunciation"},{"start_time":"59.93","end_time":"60.17","alternatives":[{"confidence":"0.992","content":"지금"}],"type":"pronunciation"},{"start_time":"60.2","end_time":"61.11","alternatives":[{"confidence":"0.7025333333333333","content":"국민운행하고"}],"type":"pronunciation"},{"start_time":"61.62","end_time":"61.86","alternatives":[{"confidence":"0.9251","content":"있다"}],"type":"pronunciation"},{"start_time":"61.86","end_time":"62.23","alternatives":[{"confidence":"0.9324","content":"그래서"}],"type":"pronunciation"},{"start_time":"62.26","end_time":"62.93","alternatives":[{"confidence":"0.9147000000000001","content":"계좌가"}],"type":"pronunciation"},{"start_time":"65.11","end_time":"65.46","alternatives":[{"confidence":"0.7142","content":"총장이"}],"type":"pronunciation"},{"start_time":"65.46","end_time":"65.78","alternatives":[{"confidence":"0.9619","content":"있다고"}],"type":"pronunciation"},{"start_time":"65.78","end_time":"66.3","alternatives":[{"confidence":"0.2832","content":"해야"}],"type":"pronunciation"},{"start_time":"67.15","end_time":"67.5","alternatives":[{"confidence":"0.5068","content":"대폭"}],"type":"pronunciation"},{"start_time":"67.5","end_time":"67.99","alternatives":[{"confidence":"0.57875","content":"통장이"}],"type":"pronunciation"},{"start_time":"67.99","end_time":"68.37","alternatives":[{"confidence":"0.7864","content":"뭐"}],"type":"pronunciation"},{"start_time":"68.55","end_time":"69.06","alternatives":[{"confidence":"0.9999","content":"본인도"}],"type":"pronunciation"},{"start_time":"69.06","end_time":"69.66","alternatives":[{"confidence":"0.9928","content":"모르는"}],"type":"pronunciation"},{"start_time":"69.66","end_time":"69.8","alternatives":[{"confidence":"0.3908","content":"게"}],"type":"pronunciation"},{"start_time":"70.07","end_time":"70.41","alternatives":[{"confidence":"0.9911","content":"대폭"}],"type":"pronunciation"},{"start_time":"70.41","end_time":"71.22","alternatives":[{"confidence":"0.25059999999999993","content":"통계아니에요"}],"type":"pronunciation"},{"start_time":"72.42","end_time":"73.05","alternatives":[{"confidence":"1.0","content":"아니요"}],"type":"pronunciation"},{"alternatives":[{"confidence":"0.0","content":"."}],"type":"punctuation"},{"start_time":"73.08","end_time":"73.94","alternatives":[{"confidence":"0.9996666666666667","content":"대포통장이라는"}],"type":"pronunciation"},{"start_time":"73.94","end_time":"74.24","alternatives":[{"confidence":"1.0","content":"것은"}],"type":"pronunciation"},{"start_time":"74.24","end_time":"75.01","alternatives":[{"confidence":"0.8785","content":"뭐냐면"}],"type":"pronunciation"},{"start_time":"75.41","end_time":"76.33","alternatives":[{"confidence":"0.7272666666666666","content":"잃통장이"}],"type":"pronunciation"},{"start_time":"76.33","end_time":"77.67","alternatives":[{"confidence":"0.6601333333333333","content":"정상개념불법"}],"type":"pronunciation"},{"start_time":"77.67","end_time":"78.72","alternatives":[{"confidence":"0.9015","content":"거래총장이나"}],"type":"pronunciation"},{"start_time":"78.72","end_time":"79.49","alternatives":[{"confidence":"0.9969","content":"말씀이죠"}],"type":"pronunciation"},{"alternatives":[{"confidence":"0.0","content":"."}],"type":"punctuation"},{"start_time":"79.64","end_time":"80.09","alternatives":[{"confidence":"0.66435","content":"육천만"}],"type":"pronunciation"},{"start_time":"80.09","end_time":"80.26","alternatives":[{"confidence":"0.8385","content":"저는"}],"type":"pronunciation"},{"start_time":"80.26","end_time":"80.74","alternatives":[{"confidence":"0.4587","content":"불법성을"}],"type":"pronunciation"},{"start_time":"80.74","end_time":"81.34","alternatives":[{"confidence":"0.9732333333333334","content":"채택됐잖아요"}],"type":"pronunciation"},{"start_time":"81.34","end_time":"81.79","alternatives":[{"confidence":"0.0742","content":"입니까"}],"type":"pronunciation"},{"alternatives":[{"confidence":"0.0","content":"?"}],"type":"punctuation"},{"start_time":"86.6","end_time":"87.67","alternatives":[{"confidence":"0.9133","content":"여보세요"}],"type":"pronunciation"},{"alternatives":[{"confidence":"0.0","content":"."}],"type":"punctuation"},{"start_time":"88.94","end_time":"89.33","alternatives":[{"confidence":"0.9776","content":"그러니까"}],"type":"pronunciation"},{"start_time":"89.33","end_time":"90.11","alternatives":[{"confidence":"0.9877","content":"뭐냐면"}],"type":"pronunciation"},{"start_time":"90.14","end_time":"90.39","alternatives":[{"confidence":"0.9995","content":"지금"}],"type":"pronunciation"},{"start_time":"90.39","end_time":"90.58","alternatives":[{"confidence":"0.9958","content":"제가"}],"type":"pronunciation"},{"start_time":"90.58","end_time":"90.79","alternatives":[{"confidence":"0.9966","content":"하는"}],"type":"pronunciation"},{"start_time":"90.79","end_time":"91.61","alternatives":[{"confidence":"0.9888","content":"말씀은"}],"type":"pronunciation"},{"start_time":"92.18","end_time":"92.77","alternatives":[{"confidence":"0.4767","content":"본인"}],"type":"pronunciation"},{"start_time":"92.77","end_time":"93.12","alternatives":[{"confidence":"0.9043","content":"이름을"}],"type":"pronunciation"},{"start_time":"93.21","end_time":"93.97","alternatives":[{"confidence":"0.6023000000000001","content":"국민은행하고"}],"type":"pronunciation"},{"start_time":"93.97","end_time":"94.46","alternatives":[{"confidence":"0.86025","content":"농협은행"}],"type":"pronunciation"},{"start_time":"94.46","end_time":"95.18","alternatives":[{"confidence":"0.92535","content":"계좌가"}],"type":"pronunciation"},{"start_time":"95.63","end_time":"96.16","alternatives":[{"confidence":"0.0991","content":"범죄에"}],"type":"pronunciation"},{"start_time":"96.28","end_time":"96.98","alternatives":[{"confidence":"0.9988","content":"손에서"}],"type":"pronunciation"},{"start_time":"97.18","end_time":"97.67","alternatives":[{"confidence":"0.9994","content":"사기를"}],"type":"pronunciation"},{"start_time":"97.83","end_time":"98.11","alternatives":[{"confidence":"0.0617","content":"사기"}],"type":"pronunciation"},{"start_time":"98.72","end_time":"99.18","alternatives":[{"confidence":"0.6153","content":"계좌를"}],"type":"pronunciation"},{"start_time":"99.18","end_time":"100.11","alternatives":[{"confidence":"0.7806","content":"사용되어서"}],"type":"pronunciation"},{"start_time":"100.65","end_time":"101.15","alternatives":[{"confidence":"0.918","content":"지금"}],"type":"pronunciation"},{"start_time":"101.15","end_time":"101.37","alternatives":[{"confidence":"0.8681","content":"이미"}],"type":"pronunciation"},{"start_time":"101.37","end_time":"101.77","alternatives":[{"confidence":"0.3012","content":"따라갈"}],"type":"pronunciation"},{"start_time":"101.97","end_time":"102.11","alternatives":[{"confidence":"0.2852","content":"육"}],"type":"pronunciation"},{"start_time":"102.11","end_time":"102.67","alternatives":[{"confidence":"0.38625","content":"천만원의"}],"type":"pronunciation"},{"start_time":"102.67","end_time":"103.01","alternatives":[{"confidence":"0.7249","content":"불법"}],"type":"pronunciation"},{"start_time":"103.01","end_time":"103.26","alternatives":[{"confidence":"0.9706","content":"자금을"}],"type":"pronunciation"},{"start_time":"103.26","end_time":"103.7","alternatives":[{"confidence":"0.79755","content":"세탁했단"}],"type":"pronunciation"},{"start_time":"103.7","end_time":"104.46","alternatives":[{"confidence":"0.99205","content":"말씀입니다"}],"type":"pronunciation"},{"alternatives":[{"confidence":"0.0","content":"."}],"type":"punctuation"},{"start_time":"107.3","end_time":"107.58","alternatives":[{"confidence":"0.7617","content":"이분"}],"type":"pronunciation"},{"start_time":"107.58","end_time":"108.12","alternatives":[{"confidence":"0.6638","content":"특별사기"}],"type":"pronunciation"},{"start_time":"108.12","end_time":"108.46","alternatives":[{"confidence":"0.9254","content":"사건에"}],"type":"pronunciation"},{"start_time":"108.46","end_time":"109.07","alternatives":[{"confidence":"0.9946","content":"대해서는"}],"type":"pronunciation"},{"start_time":"109.07","end_time":"109.48","alternatives":[{"confidence":"0.8635","content":"지금"}],"type":"pronunciation"},{"start_time":"110.02","end_time":"110.3","alternatives":[{"confidence":"1.0","content":"뿐만"}],"type":"pronunciation"},{"start_time":"110.3","end_time":"110.94","alternatives":[{"confidence":"0.9807","content":"아니라"}],"type":"pronunciation"},{"start_time":"111.24","end_time":"111.55","alternatives":[{"confidence":"0.9674","content":"약"}],"type":"pronunciation"},{"start_time":"111.56","end_time":"112.05","alternatives":[{"confidence":"0.6589","content":"백팔십"}],"type":"pronunciation"},{"start_time":"112.05","end_time":"112.46","alternatives":[{"confidence":"0.84375","content":"여명이나"}],"type":"pronunciation"},{"start_time":"112.46","end_time":"113.41","alternatives":[{"confidence":"0.8896999999999999","content":"인도됐는데"}],"type":"pronunciation"},{"alternatives":[{"confidence":"0.0","content":"."}],"type":"punctuation"},{"start_time":"114.12","end_time":"114.5","alternatives":[{"confidence":"0.83995","content":"그중에"}],"type":"pronunciation"},{"start_time":"114.5","end_time":"114.98","alternatives":[{"confidence":"0.9897","content":"지금"}],"type":"pronunciation"},{"start_time":"114.98","end_time":"115.6","alternatives":[{"confidence":"0.8444499999999999","content":"일부분은"}],"type":"pronunciation"},{"start_time":"115.6","end_time":"115.93","alternatives":[{"confidence":"1.0","content":"돈을"}],"type":"pronunciation"},{"start_time":"115.93","end_time":"116.45","alternatives":[{"confidence":"0.37934999999999997","content":"받고요"}],"type":"pronunciation"},{"start_time":"116.57","end_time":"117.01","alternatives":[{"confidence":"0.9991","content":"통장을"}],"type":"pronunciation"},{"start_time":"117.01","end_time":"117.34","alternatives":[{"confidence":"0.9068499999999999","content":"판매한"}],"type":"pronunciation"},{"start_time":"117.34","end_time":"117.68","alternatives":[{"confidence":"0.9972","content":"분들이"}],"type":"pronunciation"},{"start_time":"117.68","end_time":"118.25","alternatives":[{"confidence":"0.9788","content":"있고"}],"type":"pronunciation"},{"start_time":"118.89","end_time":"119.18","alternatives":[{"confidence":"1.0","content":"또한"}],"type":"pronunciation"},{"start_time":"119.18","end_time":"119.73","alternatives":[{"confidence":"1.0","content":"대부분은"}],"type":"pronunciation"},{"start_time":"119.73","end_time":"120.78","alternatives":[{"confidence":"0.8276666666666666","content":"명예사건으로서"}],"type":"pronunciation"},{"start_time":"120.78","end_time":"121.11","alternatives":[{"confidence":"1.0","content":"피해를"}],"type":"pronunciation"},{"start_time":"121.11","end_time":"121.26","alternatives":[{"confidence":"0.9841","content":"보고"}],"type":"pronunciation"},{"start_time":"121.26","end_time":"121.44","alternatives":[{"confidence":"0.9984","content":"있는"}],"type":"pronunciation"},{"start_time":"121.44","end_time":"121.75","alternatives":[{"confidence":"1.0","content":"분들이"}],"type":"pronunciation"},{"start_time":"121.75","end_time":"121.98","alternatives":[{"confidence":"1.0","content":"많이"}],"type":"pronunciation"},{"start_time":"121.98","end_time":"122.69","alternatives":[{"confidence":"1.0","content":"계십니다"}],"type":"pronunciation"},{"alternatives":[{"confidence":"0.0","content":"."}],"type":"punctuation"},{"start_time":"126.27","end_time":"126.62","alternatives":[{"confidence":"0.7437","content":"자"}],"type":"pronunciation"},{"start_time":"126.65","end_time":"127.07","alternatives":[{"confidence":"1.0","content":"그러면"}],"type":"pronunciation"},{"start_time":"127.49","end_time":"129.01","alternatives":[{"confidence":"0.7982","content":"농협하고"}],"type":"pronunciation"},{"start_time":"130.06","end_time":"131.12","alternatives":[{"confidence":"0.4363","content":"어디기존"}],"type":"pronunciation"},{"start_time":"131.37","end_time":"131.78","alternatives":[{"confidence":"0.6628","content":"발급이"}],"type":"pronunciation"},{"start_time":"131.78","end_time":"131.95","alternatives":[{"confidence":"0.2369","content":"된"}],"type":"pronunciation"},{"start_time":"131.95","end_time":"132.12","alternatives":[{"confidence":"0.1102","content":"건"}],"type":"pronunciation"},{"start_time":"132.12","end_time":"132.25","alternatives":[{"confidence":"0.0306","content":"것"}],"type":"pronunciation"},{"start_time":"132.25","end_time":"132.68","alternatives":[{"confidence":"0.0264","content":"같아요"}],"type":"pronunciation"},{"alternatives":[{"confidence":"0.0","content":"."}],"type":"punctuation"},{"start_time":"133.92","end_time":"135.04","alternatives":[{"confidence":"0.72395","content":"국민은행은"}],"type":"pronunciation"},{"start_time":"135.04","end_time":"135.33","alternatives":[{"confidence":"0.8827","content":"서울"}],"type":"pronunciation"},{"start_time":"135.33","end_time":"135.85","alternatives":[{"confidence":"1.0","content":"강남구"}],"type":"pronunciation"},{"start_time":"135.85","end_time":"136.29","alternatives":[{"confidence":"0.9914999999999999","content":"역삼동"}],"type":"pronunciation"},{"start_time":"136.29","end_time":"136.88","alternatives":[{"confidence":"0.993","content":"지점에서"}],"type":"pronunciation"},{"start_time":"136.88","end_time":"137.91","alternatives":[{"confidence":"0.9934499999999999","content":"발급됐고"}],"type":"pronunciation"},{"start_time":"138.9","end_time":"139.66","alternatives":[{"confidence":"0.9709","content":"은행은"}],"type":"pronunciation"},{"start_time":"139.8","end_time":"140.14","alternatives":[{"confidence":"0.9995","content":"서울"}],"type":"pronunciation"},{"start_time":"140.14","end_time":"140.57","alternatives":[{"confidence":"0.9756","content":"송파구"}],"type":"pronunciation"},{"start_time":"140.57","end_time":"140.99","alternatives":[{"confidence":"0.96305","content":"송파동"}],"type":"pronunciation"},{"start_time":"140.99","end_time":"141.64","alternatives":[{"confidence":"0.9998","content":"지점에서"}],"type":"pronunciation"},{"start_time":"141.64","end_time":"142.86","alternatives":[{"confidence":"0.65215","content":"발견됐습니다"}],"type":"pronunciation"},{"alternatives":[{"confidence":"0.0","content":"."}],"type":"punctuation"},{"start_time":"143.98","end_time":"144.21","alternatives":[{"confidence":"0.7103","content":"하고"}],"type":"pronunciation"},{"start_time":"144.21","end_time":"144.53","alternatives":[{"confidence":"0.3308","content":"아무런"}],"type":"pronunciation"},{"start_time":"144.65","end_time":"145.0","alternatives":[{"confidence":"0.0043","content":"근거는"}],"type":"pronunciation"},{"start_time":"145.0","end_time":"145.48","alternatives":[{"confidence":"0.4261","content":"없습니다"}],"type":"pronunciation"},{"alternatives":[{"confidence":"0.0","content":"."}],"type":"punctuation"},{"start_time":"146.86","end_time":"147.13","alternatives":[{"confidence":"0.7452","content":"근데"}],"type":"pronunciation"},{"start_time":"147.13","end_time":"147.32","alternatives":[{"confidence":"1.0","content":"제가"}],"type":"pronunciation"},{"start_time":"147.32","end_time":"148.3","alternatives":[{"confidence":"0.9498","content":"말씀드렸잖아요"}],"type":"pronunciation"},{"start_time":"148.36","end_time":"148.76","alternatives":[{"confidence":"0.9999","content":"보니까"}],"type":"pronunciation"},{"start_time":"148.76","end_time":"149.23","alternatives":[{"confidence":"0.9729","content":"뭐"}],"type":"pronunciation"},{"start_time":"149.26","end_time":"150.27","alternatives":[{"confidence":"0.98","content":"일부분통장을"}],"type":"pronunciation"},{"start_time":"150.27","end_time":"150.62","alternatives":[{"confidence":"0.9897","content":"판매한"}],"type":"pronunciation"},{"start_time":"150.62","end_time":"150.93","alternatives":[{"confidence":"0.9965","content":"분들이"}],"type":"pronunciation"},{"start_time":"150.93","end_time":"151.48","alternatives":[{"confidence":"0.9302","content":"있고"}],"type":"pronunciation"},{"start_time":"152.01","end_time":"153.48","alternatives":[{"confidence":"0.2493","content":"재벌사건으로서"}],"type":"pronunciation"},{"start_time":"153.48","end_time":"154.59","alternatives":[{"confidence":"0.6158","content":"피해본다고요"}],"type":"pronunciation"},{"alternatives":[{"confidence":"0.0","content":"."}],"type":"punctuation"},{"start_time":"157.43","end_time":"157.8","alternatives":[{"confidence":"0.9776","content":"그러니까"}],"type":"pronunciation"},{"start_time":"157.8","end_time":"158.31","alternatives":[{"confidence":"0.97115","content":"본인께서"}],"type":"pronunciation"},{"start_time":"158.31","end_time":"158.42","alternatives":[{"confidence":"0.6014","content":"안"}],"type":"pronunciation"},{"start_time":"158.42","end_time":"158.77","alternatives":[{"confidence":"0.5657","content":"만들어"}],"type":"pronunciation"},{"start_time":"158.77","end_time":"159.38","alternatives":[{"confidence":"0.8695","content":"라도"}],"type":"pronunciation"},{"start_time":"160.48","end_time":"161.21","alternatives":[{"confidence":"0.9676","content":"됐으니까"}],"type":"pronunciation"},{"start_time":"161.21","end_time":"161.53","alternatives":[{"confidence":"0.9967","content":"저희가"}],"type":"pronunciation"},{"start_time":"162.2","end_time":"162.54","alternatives":[{"confidence":"0.5307","content":"사건"}],"type":"pronunciation"},{"start_time":"162.54","end_time":"162.99","alternatives":[{"confidence":"0.681","content":"돼서"}],"type":"pronunciation"},{"start_time":"162.99","end_time":"163.31","alternatives":[{"confidence":"1.0","content":"도대체"}],"type":"pronunciation"},{"start_time":"163.31","end_time":"163.65","alternatives":[{"confidence":"0.9348","content":"무슨"}],"type":"pronunciation"},{"start_time":"163.65","end_time":"163.93","alternatives":[{"confidence":"0.9247","content":"어떤"}],"type":"pronunciation"},{"start_time":"163.93","end_time":"164.48","alternatives":[{"confidence":"0.9898","content":"일인지"}],"type":"pronunciation"},{"start_time":"164.64","end_time":"165.26","alternatives":[{"confidence":"0.9579","content":"파악하려고"}],"type":"pronunciation"},{"start_time":"165.5","end_time":"166.02","alternatives":[{"confidence":"0.71375","content":"드린겁니다"}],"type":"pronunciation"},{"alternatives":[{"confidence":"0.0","content":"."}],"type":"punctuation"},{"start_time":"166.02","end_time":"166.85","alternatives":[{"confidence":"0.99195","content":"아시겠습니까"}],"type":"pronunciation"},{"alternatives":[{"confidence":"0.0","content":"?"}],"type":"punctuation"},{"start_time":"169.38","end_time":"169.63","alternatives":[{"confidence":"0.7833","content":"근데"}],"type":"pronunciation"},{"start_time":"169.63","end_time":"170.01","alternatives":[{"confidence":"0.9812","content":"왜냐하면"}],"type":"pronunciation"},{"start_time":"170.01","end_time":"170.27","alternatives":[{"confidence":"0.995","content":"지금"}],"type":"pronunciation"},{"start_time":"170.39","end_time":"170.98","alternatives":[{"confidence":"0.9995","content":"고소가"}],"type":"pronunciation"},{"start_time":"170.98","end_time":"171.41","alternatives":[{"confidence":"0.86725","content":"들어와있는"}],"type":"pronunciation"},{"start_time":"171.41","end_time":"171.78","alternatives":[{"confidence":"0.9251499999999999","content":"이동호"}],"type":"pronunciation"},{"start_time":"171.78","end_time":"172.03","alternatives":[{"confidence":"0.65785","content":"씨란"}],"type":"pronunciation"},{"start_time":"172.03","end_time":"172.28","alternatives":[{"confidence":"0.986","content":"사람이"}],"type":"pronunciation"},{"start_time":"172.28","end_time":"173.07","alternatives":[{"confidence":"0.9976","content":"있는데"}],"type":"pronunciation"},{"start_time":"173.29","end_time":"173.43","alternatives":[{"confidence":"0.9782","content":"이"}],"type":"pronunciation"},{"start_time":"173.43","end_time":"174.1","alternatives":[{"confidence":"0.8763","content":"사람이"}],"type":"pronunciation"},{"start_time":"174.23","end_time":"174.61","alternatives":[{"confidence":"0.8919","content":"본인"}],"type":"pronunciation"},{"start_time":"174.61","end_time":"175.12","alternatives":[{"confidence":"0.99935","content":"계좌로"}],"type":"pronunciation"},{"start_time":"175.12","end_time":"175.54","alternatives":[{"confidence":"0.73215","content":"육천만"}],"type":"pronunciation"},{"start_time":"175.54","end_time":"175.83","alternatives":[{"confidence":"1.0","content":"사기를"}],"type":"pronunciation"},{"start_time":"175.83","end_time":"176.81","alternatives":[{"confidence":"0.98845","content":"당했습니다"}],"type":"pronunciation"},{"alternatives":[{"confidence":"0.0","content":"."}],"type":"punctuation"},{"start_time":"177.19","end_time":"177.28","alternatives":[{"confidence":"0.4136","content":"이"}],"type":"pronunciation"},{"start_time":"177.28","end_time":"178.28","alternatives":[{"confidence":"0.7896","content":"세종한데요"}],"type":"pronunciation"},{"alternatives":[{"confidence":"0.0","content":"."}],"type":"punctuation"},{"start_time":"180.19","end_time":"180.78","alternatives":[{"confidence":"0.9462","content":"여보세요"}],"type":"pronunciation"},{"alternatives":[{"confidence":"0.0","content":"."}],"type":"punctuation"},{"start_time":"182.37","end_time":"182.94","alternatives":[{"confidence":"0.9924","content":"그러니까"}],"type":"pronunciation"},{"start_time":"183.11","end_time":"183.41","alternatives":[{"confidence":"0.916","content":"이"}],"type":"pronunciation"},{"start_time":"183.41","end_time":"183.93","alternatives":[{"confidence":"0.9695","content":"동원한"}],"type":"pronunciation"},{"start_time":"183.93","end_time":"184.73","alternatives":[{"confidence":"0.7598","content":"사람이"}],"type":"pronunciation"},{"start_time":"184.79","end_time":"185.0","alternatives":[{"confidence":"0.4883","content":"이제"}],"type":"pronunciation"},{"start_time":"185.91","end_time":"186.1","alternatives":[{"confidence":"0.1187","content":"이"}],"type":"pronunciation"},{"start_time":"186.1","end_time":"186.49","alternatives":[{"confidence":"0.3958","content":"메뉴를"}],"type":"pronunciation"},{"start_time":"186.49","end_time":"186.71","alternatives":[{"confidence":"0.964","content":"된"}],"type":"pronunciation"},{"start_time":"186.81","end_time":"187.96","alternatives":[{"confidence":"0.99895","content":"통장으로"}],"type":"pronunciation"},{"start_time":"187.96","end_time":"188.43","alternatives":[{"confidence":"0.73925","content":"육천만"}],"type":"pronunciation"},{"start_time":"188.43","end_time":"188.75","alternatives":[{"confidence":"0.9996","content":"사기를"}],"type":"pronunciation"},{"start_time":"188.75","end_time":"189.53","alternatives":[{"confidence":"0.9973000000000001","content":"당했습니다"}],"type":"pronunciation"},{"alternatives":[{"confidence":"0.0","content":"."}],"type":"punctuation"},{"start_time":"189.53","end_time":"189.95","alternatives":[{"confidence":"0.48445","content":"이태순"}],"type":"pronunciation"},{"start_time":"190.42","end_time":"190.75","alternatives":[{"confidence":"0.63795","content":"종이라는"}],"type":"pronunciation"},{"start_time":"190.75","end_time":"191.16","alternatives":[{"confidence":"0.8504","content":"사람한테"}],"type":"pronunciation"},{"start_time":"191.16","end_time":"191.67","alternatives":[{"confidence":"0.9032","content":"서요"}],"type":"pronunciation"},{"alternatives":[{"confidence":"0.0","content":"."}],"type":"punctuation"},{"start_time":"192.17","end_time":"193.02","alternatives":[{"confidence":"0.5818","content":"그런데"}],"type":"pronunciation"},{"start_time":"193.36","end_time":"193.73","alternatives":[{"confidence":"0.7663","content":"이동호"}],"type":"pronunciation"},{"start_time":"193.73","end_time":"194.25","alternatives":[{"confidence":"1.0","content":"씨는"}],"type":"pronunciation"},{"start_time":"194.7","end_time":"195.45","alternatives":[{"confidence":"0.8907","content":"씨도"}],"type":"pronunciation"},{"start_time":"195.71","end_time":"196.4","alternatives":[{"confidence":"0.8653666666666666","content":"이태근과"}],"type":"pronunciation"},{"start_time":"196.4","end_time":"197.37","alternatives":[{"confidence":"0.9694333333333334","content":"공범인지하고"}],"type":"pronunciation"},{"start_time":"197.37","end_time":"197.64","alternatives":[{"confidence":"0.9801","content":"함께"}],"type":"pronunciation"},{"start_time":"197.64","end_time":"197.98","alternatives":[{"confidence":"1.0","content":"고소를"}],"type":"pronunciation"},{"start_time":"197.98","end_time":"198.86","alternatives":[{"confidence":"1.0","content":"했거든요"}],"type":"pronunciation"},{"alternatives":[{"confidence":"0.0","content":"."}],"type":"punctuation"},{"start_time":"199.29","end_time":"199.56","alternatives":[{"confidence":"0.9474","content":"무슨"}],"type":"pronunciation"},{"start_time":"199.56","end_time":"199.94","alternatives":[{"confidence":"0.64915","content":"말씀인지"}],"type":"pronunciation"},{"start_time":"199.94","end_time":"201.06","alternatives":[{"confidence":"0.9839333333333333","content":"이해되시나요"}],"type":"pronunciation"},{"alternatives":[{"confidence":"0.0","content":"."}],"type":"punctuation"},{"start_time":"201.88","end_time":"202.14","alternatives":[{"confidence":"0.1741","content":"네"}],"type":"pronunciation"},{"alternatives":[{"confidence":"0.0","content":"."}],"type":"punctuation"},{"start_time":"202.48","end_time":"202.81","alternatives":[{"confidence":"0.9988","content":"그래서"}],"type":"pronunciation"},{"start_time":"202.81","end_time":"203.08","alternatives":[{"confidence":"0.9337","content":"저희"}],"type":"pronunciation"},{"start_time":"203.08","end_time":"204.2","alternatives":[{"confidence":"0.9460999999999999","content":"경찰청에서는"}],"type":"pronunciation"},{"start_time":"205.53","end_time":"205.84","alternatives":[{"confidence":"0.9978","content":"씨가"}],"type":"pronunciation"},{"start_time":"205.84","end_time":"206.1","alternatives":[{"confidence":"0.9991","content":"이번"}],"type":"pronunciation"},{"start_time":"206.1","end_time":"206.5","alternatives":[{"confidence":"0.9373","content":"사건의"}],"type":"pronunciation"},{"start_time":"206.5","end_time":"207.09","alternatives":[{"confidence":"0.9999","content":"직접적인"}],"type":"pronunciation"},{"start_time":"207.09","end_time":"207.55","alternatives":[{"confidence":"0.90825","content":"가담다"}],"type":"pronunciation"},{"start_time":"207.55","end_time":"208.08","alternatives":[{"confidence":"0.4526","content":"인지"}],"type":"pronunciation"},{"start_time":"208.42","end_time":"208.82","alternatives":[{"confidence":"1.0","content":"아니면"}],"type":"pronunciation"},{"start_time":"208.82","end_time":"209.15","alternatives":[{"confidence":"0.9672","content":"정보"}],"type":"pronunciation"},{"start_time":"209.15","end_time":"209.54","alternatives":[{"confidence":"0.99405","content":"유출로"}],"type":"pronunciation"},{"start_time":"209.54","end_time":"209.8","alternatives":[{"confidence":"1.0","content":"인한"}],"type":"pronunciation"},{"start_time":"209.8","end_time":"210.81","alternatives":[{"confidence":"0.8444","content":"피해자인지"}],"type":"pronunciation"},{"start_time":"211.08","end_time":"211.31","alternatives":[{"confidence":"0.6735","content":"이"}],"type":"pronunciation"},{"start_time":"211.31","end_time":"211.6","alternatives":[{"confidence":"1.0","content":"여부를"}],"type":"pronunciation"},{"start_time":"211.6","end_time":"212.12","alternatives":[{"confidence":"0.96645","content":"판단하기"}],"type":"pronunciation"},{"start_time":"212.12","end_time":"212.41","alternatives":[{"confidence":"0.9842","content":"위해서"}],"type":"pronunciation"},{"start_time":"212.41","end_time":"212.65","alternatives":[{"confidence":"0.9989","content":"먼저"}],"type":"pronunciation"},{"start_time":"212.65","end_time":"213.42","alternatives":[{"confidence":"1.0","content":"간단하게"}],"type":"pronunciation"},{"start_time":"213.67","end_time":"214.13","alternatives":[{"confidence":"0.7997","content":"통화"}],"type":"pronunciation"},{"start_time":"214.13","end_time":"214.42","alternatives":[{"confidence":"0.8236","content":"녹취"}],"type":"pronunciation"},{"start_time":"214.42","end_time":"214.95","alternatives":[{"confidence":"1.0","content":"상태로"}],"type":"pronunciation"},{"start_time":"214.95","end_time":"215.09","alternatives":[{"confidence":"0.9394","content":"제"}],"type":"pronunciation"},{"start_time":"215.09","end_time":"215.19","alternatives":[{"confidence":"0.6388","content":"1"}],"type":"pronunciation"},{"start_time":"215.19","end_time":"215.31","alternatives":[{"confidence":"0.9899","content":"차"}],"type":"pronunciation"},{"start_time":"215.31","end_time":"215.67","alternatives":[{"confidence":"0.9998","content":"조사를"}],"type":"pronunciation"},{"start_time":"215.67","end_time":"216.59","alternatives":[{"confidence":"0.99785","content":"진행하겠습니다"}],"type":"pronunciation"},{"alternatives":[{"confidence":"0.0","content":"."}],"type":"punctuation"},{"start_time":"218.94","end_time":"219.33","alternatives":[{"confidence":"1.0","content":"그리고"}],"type":"pronunciation"},{"start_time":"219.33","end_time":"219.61","alternatives":[{"confidence":"0.9939","content":"저희가"}],"type":"pronunciation"},{"start_time":"219.7","end_time":"220.15","alternatives":[{"confidence":"0.69905","content":"통화하는"}],"type":"pronunciation"},{"start_time":"220.15","end_time":"220.82","alternatives":[{"confidence":"0.9965","content":"내용은"}],"type":"pronunciation"},{"start_time":"220.82","end_time":"221.12","alternatives":[{"confidence":"0.9645","content":"전부"}],"type":"pronunciation"},{"start_time":"221.12","end_time":"221.92","alternatives":[{"confidence":"0.4577","content":"녹취하셔서"}],"type":"pronunciation"},{"start_time":"222.2","end_time":"222.56","alternatives":[{"confidence":"0.9459","content":"사건"}],"type":"pronunciation"},{"start_time":"222.56","end_time":"223.08","alternatives":[{"confidence":"0.9573","content":"수사에"}],"type":"pronunciation"},{"start_time":"223.08","end_time":"223.93","alternatives":[{"confidence":"0.7901","content":"증거자료를"}],"type":"pronunciation"},{"start_time":"223.93","end_time":"224.21","alternatives":[{"confidence":"0.9799","content":"남길"}],"type":"pronunciation"},{"start_time":"224.21","end_time":"225.05","alternatives":[{"confidence":"0.9339500000000001","content":"것이고요"}],"type":"pronunciation"},{"alternatives":[{"confidence":"0.0","content":"."}],"type":"punctuation"},{"start_time":"225.44","end_time":"226.05","alternatives":[{"confidence":"0.7452000000000001","content":"본인께서는"}],"type":"pronunciation"},{"start_time":"226.05","end_time":"226.2","alternatives":[{"confidence":"0.9575","content":"제"}],"type":"pronunciation"},{"start_time":"226.2","end_time":"226.59","alternatives":[{"confidence":"0.9967","content":"질문에"}],"type":"pronunciation"},{"start_time":"226.59","end_time":"227.64","alternatives":[{"confidence":"0.5498666666666666","content":"간단하게솔직한"}],"type":"pronunciation"},{"start_time":"227.64","end_time":"227.98","alternatives":[{"confidence":"0.943","content":"답변을"}],"type":"pronunciation"},{"start_time":"227.98","end_time":"228.33","alternatives":[{"confidence":"0.9611","content":"해주시면"}],"type":"pronunciation"},{"start_time":"228.33","end_time":"228.64","alternatives":[{"confidence":"0.9996","content":"됩니다"}],"type":"pronunciation"},{"alternatives":[{"confidence":"0.0","content":"."}],"type":"punctuation"},{"start_time":"228.64","end_time":"229.32","alternatives":[{"confidence":"0.953","content":"아시겠습니까"}],"type":"pronunciation"},{"alternatives":[{"confidence":"0.0","content":"?"}],"type":"punctuation"},{"start_time":"229.79","end_time":"230.03","alternatives":[{"confidence":"0.0161","content":"이걸"}],"type":"pronunciation"},{"start_time":"230.35","end_time":"230.87","alternatives":[{"confidence":"0.9289","content":"지금"}],"type":"pronunciation"},{"start_time":"231.1","end_time":"231.45","alternatives":[{"confidence":"0.4419","content":"조기"}],"type":"pronunciation"},{"start_time":"231.45","end_time":"232.42","alternatives":[{"confidence":"0.47555000000000003","content":"확인해봐야"}],"type":"pronunciation"},{"start_time":"232.42","end_time":"233.43","alternatives":[{"confidence":"0.96995","content":"되겠는데"}],"type":"pronunciation"},{"start_time":"235.6","end_time":"235.83","alternatives":[{"confidence":"0.2029","content":"교육"}],"type":"pronunciation"},{"start_time":"236.36","end_time":"236.62","alternatives":[{"confidence":"0.2559","content":"지금"}],"type":"pronunciation"},{"start_time":"237.33","end_time":"238.0","alternatives":[{"confidence":"0.7383500000000001","content":"어렵죠"}],"type":"pronunciation"},{"alternatives":[{"confidence":"0.0","content":"."}],"type":"punctuation"},{"start_time":"238.92","end_time":"240.27","alternatives":[{"confidence":"0.8847333333333333","content":"서울지방경찰청이요"}],"type":"pronunciation"},{"start_time":"240.83","end_time":"241.11","alternatives":[{"confidence":"0.0044","content":"제가"}],"type":"pronunciation"},{"start_time":"241.11","end_time":"241.91","alternatives":[{"confidence":"0.35395","content":"그거근무하는"}],"type":"pronunciation"},{"start_time":"241.91","end_time":"242.08","alternatives":[{"confidence":"0.0314","content":"건"}],"type":"pronunciation"},{"start_time":"242.2","end_time":"242.41","alternatives":[{"confidence":"0.0319","content":"아니고"}],"type":"pronunciation"},{"start_time":"242.41","end_time":"242.59","alternatives":[{"confidence":"0.0029","content":"지금"}],"type":"pronunciation"},{"start_time":"242.59","end_time":"243.64","alternatives":[{"confidence":"0.1101","content":"확인해보니까"}],"type":"pronunciation"},{"start_time":"245.37","end_time":"246.06","alternatives":[{"confidence":"0.8644000000000001","content":"상관없습니다"}],"type":"pronunciation"},{"alternatives":[{"confidence":"0.0","content":"."}],"type":"punctuation"},{"start_time":"246.8","end_time":"247.08","alternatives":[{"confidence":"0.1564","content":"그렇게"}],"type":"pronunciation"},{"start_time":"247.17","end_time":"247.99","alternatives":[{"confidence":"0.83365","content":"확인해보세요"}],"type":"pronunciation"},{"alternatives":[{"confidence":"0.0","content":"."}],"type":"punctuation"},{"start_time":"251.04","end_time":"251.32","alternatives":[{"confidence":"0.7098","content":"지금"}],"type":"pronunciation"},{"start_time":"252.31","end_time":"252.83","alternatives":[{"confidence":"0.9781","content":"너무"}],"type":"pronunciation"},{"start_time":"252.83","end_time":"253.48","alternatives":[{"confidence":"0.3085","content":"갈라지죠"}],"type":"pronunciation"},{"alternatives":[{"confidence":"0.0","content":"."}],"type":"punctuation"},{"start_time":"253.62","end_time":"253.89","alternatives":[{"confidence":"0.9714","content":"지금"}],"type":"pronunciation"},{"start_time":"253.89","end_time":"254.28","alternatives":[{"confidence":"0.9973","content":"본인의"}],"type":"pronunciation"},{"start_time":"254.28","end_time":"255.29","alternatives":[{"confidence":"0.49865","content":"핸드폰을"}],"type":"pronunciation"},{"start_time":"255.29","end_time":"255.85","alternatives":[{"confidence":"0.5949","content":"도움하시는"}],"type":"pronunciation"},{"start_time":"255.85","end_time":"256.33","alternatives":[{"confidence":"0.9993","content":"거죠"}],"type":"pronunciation"},{"alternatives":[{"confidence":"0.0","content":"."}],"type":"punctuation"},{"start_time":"257.59","end_time":"258.05","alternatives":[{"confidence":"0.0069","content":"제"}],"type":"pronunciation"},{"start_time":"258.49","end_time":"258.93","alternatives":[{"confidence":"0.2732","content":"핸드폰이"}],"type":"pronunciation"},{"start_time":"258.93","end_time":"259.6","alternatives":[{"confidence":"0.9931","content":"아니라"}],"type":"pronunciation"},{"start_time":"259.6","end_time":"259.87","alternatives":[{"confidence":"0.948","content":"저희"}],"type":"pronunciation"},{"start_time":"259.87","end_time":"260.4","alternatives":[{"confidence":"0.7723","content":"경찰청에"}],"type":"pronunciation"},{"start_time":"260.4","end_time":"261.07","alternatives":[{"confidence":"0.9984","content":"사용하는"}],"type":"pronunciation"},{"start_time":"261.46","end_time":"262.07","alternatives":[{"confidence":"0.6168333333333333","content":"녹취전화"}],"type":"pronunciation"},{"start_time":"262.07","end_time":"262.48","alternatives":[{"confidence":"0.6959","content":"거든요"}],"type":"pronunciation"},{"alternatives":[{"confidence":"0.0","content":"."}],"type":"punctuation"},{"start_time":"262.54","end_time":"263.1","alternatives":[{"confidence":"0.6006499999999999","content":"전문사건"}],"type":"pronunciation"},{"start_time":"263.36","end_time":"263.98","alternatives":[{"confidence":"0.7942","content":"전화입니다"}],"type":"pronunciation"},{"alternatives":[{"confidence":"0.0","content":"."}],"type":"punctuation"},{"start_time":"264.55","end_time":"264.81","alternatives":[{"confidence":"0.2392","content":"그게"}],"type":"pronunciation"},{"start_time":"264.9","end_time":"265.45","alternatives":[{"confidence":"0.1145","content":"핸드폰"}],"type":"pronunciation"},{"start_time":"267.37","end_time":"267.74","alternatives":[{"confidence":"0.0065","content":"번호는"}],"type":"pronunciation"},{"start_time":"267.74","end_time":"268.73","alternatives":[{"confidence":"0.36905","content":"핸드폰는데"}],"type":"pronunciation"},{"start_time":"268.73","end_time":"269.02","alternatives":[{"confidence":"1.0","content":"저희가"}],"type":"pronunciation"},{"start_time":"269.02","end_time":"269.71","alternatives":[{"confidence":"0.3467","content":"전문놓기만"}],"type":"pronunciation"},{"start_time":"269.71","end_time":"269.96","alternatives":[{"confidence":"0.4703","content":"하는"}],"type":"pronunciation"},{"start_time":"270.07","end_time":"271.07","alternatives":[{"confidence":"0.7639","content":"전화거든요"}],"type":"pronunciation"},{"start_time":"273.68","end_time":"274.16","alternatives":[{"confidence":"0.50615","content":"공유를"}],"type":"pronunciation"},{"start_time":"274.16","end_time":"274.38","alternatives":[{"confidence":"0.5682","content":"하는"}],"type":"pronunciation"},{"start_time":"274.38","end_time":"274.49","alternatives":[{"confidence":"0.52","content":"거"}],"type":"pronunciation"},{"start_time":"274.49","end_time":"275.37","alternatives":[{"confidence":"0.5063","content":"아닌가요"}],"type":"pronunciation"},{"alternatives":[{"confidence":"0.0","content":"?"}],"type":"punctuation"},{"start_time":"276.41","end_time":"276.69","alternatives":[{"confidence":"0.9914","content":"이거는"}],"type":"pronunciation"},{"start_time":"276.79","end_time":"277.41","alternatives":[{"confidence":"0.895","content":"본인께"}],"type":"pronunciation"},{"start_time":"277.41","end_time":"277.51","alternatives":[{"confidence":"0.9831","content":"이"}],"type":"pronunciation"},{"start_time":"277.51","end_time":"277.81","alternatives":[{"confidence":"0.4242","content":"사건"}],"type":"pronunciation"},{"start_time":"277.81","end_time":"278.27","alternatives":[{"confidence":"0.2298","content":"데서"}],"type":"pronunciation"},{"start_time":"278.36","end_time":"279.12","alternatives":[{"confidence":"0.87895","content":"전문통화"}],"type":"pronunciation"},{"start_time":"279.12","end_time":"279.41","alternatives":[{"confidence":"0.9999","content":"내용을"}],"type":"pronunciation"},{"start_time":"279.41","end_time":"280.0","alternatives":[{"confidence":"0.913425","content":"녹취해야하기"}],"type":"pronunciation"},{"start_time":"280.0","end_time":"280.33","alternatives":[{"confidence":"0.9999","content":"때문에"}],"type":"pronunciation"},{"start_time":"280.33","end_time":"280.49","alternatives":[{"confidence":"0.9994","content":"제가"}],"type":"pronunciation"},{"start_time":"280.49","end_time":"280.87","alternatives":[{"confidence":"0.4937","content":"핸드폰"}],"type":"pronunciation"},{"start_time":"280.87","end_time":"281.02","alternatives":[{"confidence":"0.0679","content":"돈"}],"type":"pronunciation"},{"start_time":"281.36","end_time":"281.79","alternatives":[{"confidence":"0.88205","content":"드린거고"}],"type":"pronunciation"},{"alternatives":[{"confidence":"0.0","content":","}],"type":"punctuation"},{"start_time":"281.79","end_time":"282.46","alternatives":[{"confidence":"0.7051000000000001","content":"이번으로"}],"type":"pronunciation"},{"start_time":"282.8","end_time":"283.01","alternatives":[{"confidence":"0.9951","content":"그리고"}],"type":"pronunciation"},{"start_time":"283.01","end_time":"283.76","alternatives":[{"confidence":"0.9979","content":"본인께서"}],"type":"pronunciation"},{"start_time":"283.79","end_time":"284.11","alternatives":[{"confidence":"0.9997","content":"만약에"}],"type":"pronunciation"},{"start_time":"284.11","end_time":"284.55","alternatives":[{"confidence":"0.9998","content":"확인하고"}],"type":"pronunciation"},{"start_time":"284.55","end_time":"284.79","alternatives":[{"confidence":"0.6973","content":"싶어"}],"type":"pronunciation"},{"start_time":"285.03","end_time":"285.38","alternatives":[{"confidence":"0.8224","content":"확인이"}],"type":"pronunciation"},{"start_time":"285.38","end_time":"285.58","alternatives":[{"confidence":"0.4638","content":"되어야"}],"type":"pronunciation"},{"start_time":"285.58","end_time":"286.24","alternatives":[{"confidence":"0.9968","content":"되니까"}],"type":"pronunciation"},{"start_time":"286.51","end_time":"286.77","alternatives":[{"confidence":"1.0","content":"일단"}],"type":"pronunciation"},{"start_time":"286.77","end_time":"286.99","alternatives":[{"confidence":"0.995","content":"제가"}],"type":"pronunciation"},{"start_time":"287.26","end_time":"287.51","alternatives":[{"confidence":"0.2122","content":"직접"}],"type":"pronunciation"},{"start_time":"287.66","end_time":"288.02","alternatives":[{"confidence":"0.22055","content":"알도록"}],"type":"pronunciation"},{"start_time":"288.1","end_time":"288.28","alternatives":[{"confidence":"0.9202","content":"한번"}],"type":"pronunciation"},{"start_time":"288.28","end_time":"288.75","alternatives":[{"confidence":"0.8341000000000001","content":"확인해보세요"}],"type":"pronunciation"},{"alternatives":[{"confidence":"0.0","content":"."}],"type":"punctuation"},{"start_time":"288.75","end_time":"289.0","alternatives":[{"confidence":"0.0513","content":"그러면"}],"type":"pronunciation"},{"start_time":"289.0","end_time":"289.38","alternatives":[{"confidence":"0.8607","content":"직접"}],"type":"pronunciation"},{"start_time":"289.51","end_time":"289.77","alternatives":[{"confidence":"0.9367","content":"이런"}],"type":"pronunciation"},{"start_time":"289.77","end_time":"290.02","alternatives":[{"confidence":"0.9782","content":"사람이"}],"type":"pronunciation"},{"start_time":"290.02","end_time":"290.28","alternatives":[{"confidence":"0.9997","content":"있는지"}],"type":"pronunciation"},{"start_time":"290.28","end_time":"290.74","alternatives":[{"confidence":"1.0","content":"없는지"}],"type":"pronunciation"},{"start_time":"293.03","end_time":"293.23","alternatives":[{"confidence":"0.5193","content":"그"}],"type":"pronunciation"},{"start_time":"293.23","end_time":"293.55","alternatives":[{"confidence":"0.1809","content":"부분은"}],"type":"pronunciation"},{"start_time":"293.55","end_time":"293.83","alternatives":[{"confidence":"0.9894","content":"직접"}],"type":"pronunciation"},{"start_time":"293.83","end_time":"294.13","alternatives":[{"confidence":"0.7432","content":"살펴"}],"type":"pronunciation"},{"start_time":"294.13","end_time":"294.43","alternatives":[{"confidence":"0.4083","content":"주시는"}],"type":"pronunciation"},{"start_time":"294.43","end_time":"295.04","alternatives":[{"confidence":"0.1388","content":"그분하고"}],"type":"pronunciation"},{"alternatives":[{"confidence":"0.0","content":"."}],"type":"punctuation"},{"start_time":"295.04","end_time":"295.28","alternatives":[{"confidence":"0.0165","content":"여기"}],"type":"pronunciation"},{"start_time":"295.31","end_time":"296.63","alternatives":[{"confidence":"0.22605","content":"지방전화를"}],"type":"pronunciation"},{"start_time":"296.63","end_time":"296.69","alternatives":[{"confidence":"0.0055","content":"해"}],"type":"pronunciation"},{"start_time":"296.69","end_time":"296.95","alternatives":[{"confidence":"0.0044","content":"보려고"}],"type":"pronunciation"},{"start_time":"296.95","end_time":"297.32","alternatives":[{"confidence":"0.0134","content":"하죠"}],"type":"pronunciation"},{"alternatives":[{"confidence":"0.0","content":"."}],"type":"punctuation"},{"start_time":"297.8","end_time":"298.05","alternatives":[{"confidence":"0.011","content":"제가"}],"type":"pronunciation"},{"start_time":"298.68","end_time":"299.18","alternatives":[{"confidence":"0.7503","content":"해보세요"}],"type":"pronunciation"},{"alternatives":[{"confidence":"0.0","content":"."}],"type":"punctuation"},{"start_time":"301.62","end_time":"301.96","alternatives":[{"confidence":"0.9607","content":"아무튼"}],"type":"pronunciation"},{"start_time":"302.14","end_time":"302.69","alternatives":[{"confidence":"0.89705","content":"경찰청의"}],"type":"pronunciation"},{"start_time":"302.69","end_time":"303.1","alternatives":[{"confidence":"0.6847","content":"전화번호"}],"type":"pronunciation"},{"start_time":"303.13","end_time":"303.39","alternatives":[{"confidence":"0.9868","content":"직접"}],"type":"pronunciation"},{"start_time":"303.39","end_time":"303.96","alternatives":[{"confidence":"0.7575000000000001","content":"보내드릴까요"}],"type":"pronunciation"},{"start_time":"303.96","end_time":"304.18","alternatives":[{"confidence":"0.9053","content":"다시"}],"type":"pronunciation"},{"start_time":"304.18","end_time":"304.54","alternatives":[{"confidence":"0.8165","content":"한번"}],"type":"pronunciation"},{"start_time":"305.15","end_time":"305.41","alternatives":[{"confidence":"0.14","content":"결국"}],"type":"pronunciation"},{"start_time":"305.44","end_time":"306.02","alternatives":[{"confidence":"0.4999","content":"경찰청"}],"type":"pronunciation"},{"start_time":"306.02","end_time":"306.28","alternatives":[{"confidence":"0.4946","content":"전화"}],"type":"pronunciation"},{"start_time":"306.28","end_time":"306.55","alternatives":[{"confidence":"0.9958","content":"보면"}],"type":"pronunciation"},{"start_time":"306.55","end_time":"307.4","alternatives":[{"confidence":"0.73785","content":"알아보고요"}],"type":"pronunciation"},{"start_time":"308.74","end_time":"309.35","alternatives":[{"confidence":"0.7324999999999999","content":"경찰청의"}],"type":"pronunciation"},{"start_time":"309.35","end_time":"309.85","alternatives":[{"confidence":"0.6974","content":"전화번호"}],"type":"pronunciation"},{"start_time":"310.16","end_time":"311.23","alternatives":[{"confidence":"0.5688","content":"보통"}],"type":"pronunciation"},{"start_time":"312.1","end_time":"312.42","alternatives":[{"confidence":"0.9513","content":"보통"}],"type":"pronunciation"},{"start_time":"312.42","end_time":"312.9","alternatives":[{"confidence":"0.8301","content":"보면"}],"type":"pronunciation"},{"start_time":"312.9","end_time":"313.18","alternatives":[{"confidence":"0.4446","content":"그런"}],"type":"pronunciation"},{"start_time":"313.39","end_time":"313.71","alternatives":[{"confidence":"0.9402","content":"직접"}],"type":"pronunciation"},{"start_time":"313.81","end_time":"314.51","alternatives":[{"confidence":"0.96005","content":"경찰청이나"}],"type":"pronunciation"},{"alternatives":[{"confidence":"0.0","content":"."}],"type":"punctuation"},{"start_time":"314.51","end_time":"315.17","alternatives":[{"confidence":"0.75035","content":"대표부는"}],"type":"pronunciation"},{"start_time":"315.17","end_time":"315.3","alternatives":[{"confidence":"0.4402","content":"일"}],"type":"pronunciation"},{"start_time":"315.3","end_time":"316.1","alternatives":[{"confidence":"0.7213500000000002","content":"년이고"}],"type":"pronunciation"},{"start_time":"316.81","end_time":"317.74","alternatives":[{"confidence":"0.9038","content":"지방경찰청에는"}],"type":"pronunciation"},{"start_time":"317.74","end_time":"318.26","alternatives":[{"confidence":"0.5235000000000001","content":"대표번호가"}],"type":"pronunciation"},{"start_time":"318.26","end_time":"318.81","alternatives":[{"confidence":"0.4064","content":"백팔십이"}],"type":"pronunciation"},{"start_time":"318.81","end_time":"319.43","alternatives":[{"confidence":"0.7274","content":"번입니다"}],"type":"pronunciation"},{"alternatives":[{"confidence":"0.0","content":"."}],"type":"punctuation"},{"start_time":"319.64","end_time":"320.2","alternatives":[{"confidence":"0.7788","content":"인터넷으로"}],"type":"pronunciation"},{"start_time":"320.2","end_time":"320.96","alternatives":[{"confidence":"0.89215","content":"확인하는지"}],"type":"pronunciation"},{"start_time":"321.35","end_time":"321.63","alternatives":[{"confidence":"0.9816","content":"의사를"}],"type":"pronunciation"},{"start_time":"321.63","end_time":"322.17","alternatives":[{"confidence":"0.3414","content":"확인합니다"}],"type":"pronunciation"},{"alternatives":[{"confidence":"0.0","content":"."}],"type":"punctuation"},{"start_time":"322.17","end_time":"323.01","alternatives":[{"confidence":"0.9414333333333333","content":"확인되거든요"}],"type":"pronunciation"},{"start_time":"323.89","end_time":"324.55","alternatives":[{"confidence":"0.8438","content":"기대하면서"}],"type":"pronunciation"},{"start_time":"327.52","end_time":"327.84","alternatives":[{"confidence":"0.0174","content":"마음을"}],"type":"pronunciation"},{"start_time":"327.93","end_time":"328.22","alternatives":[{"confidence":"0.245","content":"가지고"}],"type":"pronunciation"},{"start_time":"328.98","end_time":"329.35","alternatives":[{"confidence":"0.9988","content":"그러니까"}],"type":"pronunciation"},{"start_time":"329.35","end_time":"329.65","alternatives":[{"confidence":"0.9975","content":"그것도"}],"type":"pronunciation"},{"start_time":"329.65","end_time":"330.26","alternatives":[{"confidence":"0.5238","content":"들어가않는다"}],"type":"pronunciation"},{"alternatives":[{"confidence":"0.0","content":"."}],"type":"punctuation"},{"start_time":"330.26","end_time":"330.53","alternatives":[{"confidence":"0.8658","content":"그니까"}],"type":"pronunciation"},{"start_time":"330.53","end_time":"330.69","alternatives":[{"confidence":"0.9866","content":"제가"}],"type":"pronunciation"},{"start_time":"330.69","end_time":"331.74","alternatives":[{"confidence":"0.7019500000000001","content":"신문확인하고"}],"type":"pronunciation"},{"start_time":"331.74","end_time":"332.22","alternatives":[{"confidence":"0.9400999999999999","content":"진행하겠다"}],"type":"pronunciation"},{"start_time":"332.22","end_time":"332.95","alternatives":[{"confidence":"0.9725","content":"말씀이고"}],"type":"pronunciation"},{"alternatives":[{"confidence":"0.0","content":"."}],"type":"punctuation"},{"start_time":"333.01","end_time":"333.93","alternatives":[{"confidence":"0.2508","content":"왜냐하면"}],"type":"pronunciation"},{"start_time":"334.05","end_time":"334.24","alternatives":[{"confidence":"0.1524","content":"이런"}],"type":"pronunciation"},{"start_time":"334.24","end_time":"334.64","alternatives":[{"confidence":"0.48915000000000003","content":"사건들에"}],"type":"pronunciation"},{"start_time":"334.64","end_time":"335.29","alternatives":[{"confidence":"0.9653","content":"대해서는"}],"type":"pronunciation"},{"start_time":"335.62","end_time":"336.22","alternatives":[{"confidence":"0.8969","content":"본인께서"}],"type":"pronunciation"},{"start_time":"336.22","end_time":"336.37","alternatives":[{"confidence":"0.5112","content":"뭐"}],"type":"pronunciation"},{"start_time":"336.4","end_time":"336.84","alternatives":[{"confidence":"0.8552500000000001","content":"피해자일"}],"type":"pronunciation"},{"start_time":"336.84","end_time":"337.04","alternatives":[{"confidence":"0.9999","content":"수도"}],"type":"pronunciation"},{"start_time":"337.04","end_time":"337.77","alternatives":[{"confidence":"1.0","content":"있으니까"}],"type":"pronunciation"},{"start_time":"337.77","end_time":"338.06","alternatives":[{"confidence":"1.0","content":"저희가"}],"type":"pronunciation"},{"start_time":"338.06","end_time":"338.22","alternatives":[{"confidence":"0.9412","content":"이"}],"type":"pronunciation"},{"start_time":"338.22","end_time":"338.43","alternatives":[{"confidence":"0.8484","content":"부분에"}],"type":"pronunciation"},{"start_time":"338.43","end_time":"338.74","alternatives":[{"confidence":"0.9009","content":"대해서"}],"type":"pronunciation"},{"start_time":"338.74","end_time":"339.16","alternatives":[{"confidence":"0.37995","content":"피해자를"}],"type":"pronunciation"},{"start_time":"340.28","end_time":"340.4","alternatives":[{"confidence":"0.0436","content":"좀"}],"type":"pronunciation"},{"start_time":"340.4","end_time":"340.72","alternatives":[{"confidence":"0.997","content":"조치를"}],"type":"pronunciation"},{"start_time":"340.72","end_time":"340.88","alternatives":[{"confidence":"0.9942","content":"해야"}],"type":"pronunciation"},{"start_time":"340.88","end_time":"341.57","alternatives":[{"confidence":"0.9946","content":"되니까"}],"type":"pronunciation"},{"start_time":"342.51","end_time":"342.81","alternatives":[{"confidence":"0.9755","content":"그래서"}],"type":"pronunciation"},{"start_time":"343.09","end_time":"343.82","alternatives":[{"confidence":"0.8887499999999999","content":"드린거고"}],"type":"pronunciation"},{"start_time":"344.06","end_time":"344.47","alternatives":[{"confidence":"0.9994","content":"일단은"}],"type":"pronunciation"},{"start_time":"344.62","end_time":"344.93","alternatives":[{"confidence":"1.0","content":"저희가"}],"type":"pronunciation"},{"start_time":"345.02","end_time":"345.67","alternatives":[{"confidence":"0.6547","content":"본인피해"}],"type":"pronunciation"},{"start_time":"345.67","end_time":"345.97","alternatives":[{"confidence":"0.7533","content":"가끔"}],"type":"pronunciation"},{"start_time":"345.97","end_time":"346.14","alternatives":[{"confidence":"0.6287","content":"하는"}],"type":"pronunciation"},{"start_time":"346.14","end_time":"346.21","alternatives":[{"confidence":"0.6077","content":"게"}],"type":"pronunciation"},{"start_time":"346.21","end_time":"346.55","alternatives":[{"confidence":"0.9997","content":"없으니까"}],"type":"pronunciation"},{"start_time":"346.55","end_time":"347.5","alternatives":[{"confidence":"0.6593333333333333","content":"안심하시고요"}],"type":"pronunciation"},{"start_time":"349.23","end_time":"349.54","alternatives":[{"confidence":"0.9902","content":"네"}],"type":"pronunciation"},{"start_time":"349.9","end_time":"350.11","alternatives":[{"confidence":"0.9504","content":"그럼"}],"type":"pronunciation"},{"start_time":"350.42","end_time":"350.63","alternatives":[{"confidence":"0.9873","content":"먼저"}],"type":"pronunciation"},{"start_time":"350.63","end_time":"351.37","alternatives":[{"confidence":"0.998","content":"가능하다면"}],"type":"pronunciation"},{"start_time":"351.37","end_time":"351.56","alternatives":[{"confidence":"0.9843","content":"제가"}],"type":"pronunciation"},{"start_time":"351.56","end_time":"351.96","alternatives":[{"confidence":"1.0","content":"본인이"}],"type":"pronunciation"},{"start_time":"352.08","end_time":"352.58","alternatives":[{"confidence":"0.601","content":"가담자"}],"type":"pronunciation"},{"start_time":"352.58","end_time":"352.99","alternatives":[{"confidence":"0.989","content":"인지"}],"type":"pronunciation"},{"start_time":"352.99","end_time":"353.25","alternatives":[{"confidence":"0.8778","content":"아니면"}],"type":"pronunciation"},{"start_time":"353.25","end_time":"353.7","alternatives":[{"confidence":"0.8605","content":"피해자인지"}],"type":"pronunciation"},{"start_time":"353.7","end_time":"353.94","alternatives":[{"confidence":"0.8515","content":"이걸"}],"type":"pronunciation"},{"start_time":"353.94","end_time":"354.14","alternatives":[{"confidence":"0.9945","content":"먼저"}],"type":"pronunciation"},{"start_time":"354.14","end_time":"354.61","alternatives":[{"confidence":"0.98255","content":"판단하기"}],"type":"pronunciation"},{"start_time":"354.61","end_time":"355.21","alternatives":[{"confidence":"0.5308","content":"위해서"}],"type":"pronunciation"},{"start_time":"355.73","end_time":"356.32","alternatives":[{"confidence":"0.58685","content":"높이자를"}],"type":"pronunciation"},{"start_time":"356.32","end_time":"356.52","alternatives":[{"confidence":"0.7203","content":"먼저"}],"type":"pronunciation"},{"start_time":"356.52","end_time":"356.87","alternatives":[{"confidence":"0.8529","content":"한번"}],"type":"pronunciation"},{"start_time":"356.87","end_time":"357.13","alternatives":[{"confidence":"0.3049","content":"높이"}],"type":"pronunciation"},{"start_time":"357.13","end_time":"357.33","alternatives":[{"confidence":"0.9906","content":"해야"}],"type":"pronunciation"},{"start_time":"357.33","end_time":"358.07","alternatives":[{"confidence":"0.9769","content":"되는데"}],"type":"pronunciation"},{"alternatives":[{"confidence":"0.0","content":"."}],"type":"punctuation"},{"start_time":"358.22","end_time":"359.03","alternatives":[{"confidence":"0.9882500000000001","content":"가능할까요"}],"type":"pronunciation"},{"alternatives":[{"confidence":"0.0","content":"?"}],"type":"punctuation"},{"start_time":"363.2","end_time":"363.91","alternatives":[{"confidence":"0.99665","content":"이러세요"}],"type":"pronunciation"},{"alternatives":[{"confidence":"0.0","content":"?"}],"type":"punctuation"},{"start_time":"364.21","end_time":"364.41","alternatives":[{"confidence":"0.933","content":"제가"}],"type":"pronunciation"},{"start_time":"364.41","end_time":"364.63","alternatives":[{"confidence":"0.9362","content":"아니면"}],"type":"pronunciation"},{"start_time":"364.63","end_time":"364.9","alternatives":[{"confidence":"0.7156","content":"진짜"}],"type":"pronunciation"},{"start_time":"365.14","end_time":"365.39","alternatives":[{"confidence":"0.6929","content":"이건"}],"type":"pronunciation"},{"start_time":"365.39","end_time":"366.08","alternatives":[{"confidence":"0.4081333333333334","content":"녹취하니까"}],"type":"pronunciation"},{"start_time":"366.14","end_time":"366.33","alternatives":[{"confidence":"0.1537","content":"제가"}],"type":"pronunciation"},{"start_time":"366.33","end_time":"366.58","alternatives":[{"confidence":"0.044","content":"했던"}],"type":"pronunciation"},{"start_time":"366.58","end_time":"366.78","alternatives":[{"confidence":"0.107","content":"먼저"}],"type":"pronunciation"},{"start_time":"367.18","end_time":"367.73","alternatives":[{"confidence":"0.77085","content":"확인하니까"}],"type":"pronunciation"},{"start_time":"367.79","end_time":"367.98","alternatives":[{"confidence":"0.9819","content":"제가"}],"type":"pronunciation"},{"start_time":"367.98","end_time":"369.16","alternatives":[{"confidence":"0.4144","content":"경찰청장으로"}],"type":"pronunciation"},{"start_time":"369.16","end_time":"369.36","alternatives":[{"confidence":"0.0818","content":"한번"}],"type":"pronunciation"},{"start_time":"369.36","end_time":"369.58","alternatives":[{"confidence":"0.1871","content":"옛날"}],"type":"pronunciation"},{"start_time":"369.58","end_time":"370.16","alternatives":[{"confidence":"0.8912","content":"드릴게요"}],"type":"pronunciation"},{"start_time":"373.42","end_time":"374.04","alternatives":[{"confidence":"0.2661","content":"하세요"}],"type":"pronunciation"},{"start_time":"375.57","end_time":"375.95","alternatives":[{"confidence":"0.9944","content":"제가"}],"type":"pronunciation"},{"start_time":"375.95","end_time":"376.28","alternatives":[{"confidence":"0.5743","content":"신분"}],"type":"pronunciation"},{"start_time":"376.28","end_time":"376.98","alternatives":[{"confidence":"0.8306","content":"확인되게끔"}],"type":"pronunciation"},{"start_time":"376.98","end_time":"377.18","alternatives":[{"confidence":"0.9842","content":"제가"}],"type":"pronunciation"},{"start_time":"377.18","end_time":"378.27","alternatives":[{"confidence":"0.40645","content":"경찰청으로"}],"type":"pronunciation"},{"start_time":"378.27","end_time":"379.22","alternatives":[{"confidence":"0.47145","content":"연락드릴게요"}],"type":"pronunciation"},{"start_time":"379.64","end_time":"379.93","alternatives":[{"confidence":"0.4604","content":"습니다"}],"type":"pronunciation"},{"alternatives":[{"confidence":"0.0","content":"."}],"type":"punctuation"},{"start_time":"379.93","end_time":"380.22","alternatives":[{"confidence":"0.7042","content":"그러면"}],"type":"pronunciation"},{"start_time":"381.33","end_time":"382.47","alternatives":[{"confidence":"0.7484","content":"주세요"}],"type":"pronunciation"},{"alternatives":[{"confidence":"0.0","content":"."}],"type":"punctuation"}]},"status":"COMPLETED"}