{"jobName":"transcribes167","accountId":"097989105209","results":{"transcripts":[{"transcript":"40 양식이요 김용식 용 용보세요. 현재 검찰에서 그 김용식 주범으로 인한 금융범죄사기단을 검거한 상태인데, 현장에서 대량의 신용카드와 대포통장을 압도하는 과정에서 지금 본인 명의로 된 협력과 하나은행통장이 발견되어서 그 조사차 연락드린 거고요. 는데요 동작이천십육 년 일 월 이십칠 일 경기도 광명씨 철삼동지점 을 통해서 이 통장개설 사건이 확인되었는데. 이거 본인이 개설하신 거 아니에요? 그래서 본인께서 광명씨 쪽 가셔서 금융권업무보신 거 아니세요? 본인에서는 지금 명의도용을 당한 피해자다 뭐 이렇게 말씀하신 것 같은데 제가 연락드린 요점은 그 근본적인 대가를 받고 김용식에게 통장판매함 가해자이신 지 아니시면 개인정보 유출로 인한 명의도용을 당하신 피해자이신 지 파악연락을 드린거고요 이 통장권에 대해서 전혀 알고 계시는 게 없다 이 말씀이신가요? 그럼 본인이 아시는지 모르시는지 조사를 해 봐야 하는 거죠. 그거는 간단하게 일단 경위에 대해서 말씀 좀 드리면 중고나라 까지 다 아시죠. 카페 중고나라 사이트를 통해서 김용식 할당 들이 고가의 명품물건을 저가의 판매한다는 명목하에 명의로 된 통장에 사용해서 입금을 유도한 뒤에 작은 말인출하고 도주한 상태고요. 가지고 오셔서 적으로 받으시면 되는 겁니다. 간단하게 서울시 서초보시면 됩니다. 이기 때문에 저희 쪽에서 조사를 진행하는 거고, 그래서 제가 일차적으로 약식 유선상으로 본인에게 연락드린 거예요. 본인 말고도 백팔십 명이 넘게 연루된 사건이다 보니까 많기 때문에 저희가 일방적으로 오 라고 말씀드릴 수 없기 때문에 약식 조사실시하는 거고요. 그러면은 문제로 관련 내용 간단하게 요약해서 보내주세요. 본인 자택으로 서면보내드릴게요 문자 말고 확인하시고 이 안 가는 부분이 있으시면 다시 연락주시면 됩니다."}],"items":[{"start_time":"0.78","end_time":"1.05","alternatives":[{"confidence":"0.1672","content":"40"}],"type":"pronunciation"},{"start_time":"1.42","end_time":"1.83","alternatives":[{"confidence":"0.034999999999999996","content":"양식이요"}],"type":"pronunciation"},{"start_time":"6.3","end_time":"7.29","alternatives":[{"confidence":"0.7987","content":"김용식"}],"type":"pronunciation"},{"start_time":"7.32","end_time":"7.63","alternatives":[{"confidence":"0.7673","content":"용"}],"type":"pronunciation"},{"start_time":"7.63","end_time":"10.79","alternatives":[{"confidence":"0.7921","content":"용보세요"}],"type":"pronunciation"},{"alternatives":[{"confidence":"0.0","content":"."}],"type":"punctuation"},{"start_time":"11.76","end_time":"12.25","alternatives":[{"confidence":"0.9751","content":"현재"}],"type":"pronunciation"},{"start_time":"12.29","end_time":"13.24","alternatives":[{"confidence":"0.99795","content":"검찰에서"}],"type":"pronunciation"},{"start_time":"13.24","end_time":"13.44","alternatives":[{"confidence":"0.9667","content":"그"}],"type":"pronunciation"},{"start_time":"13.44","end_time":"14.05","alternatives":[{"confidence":"0.87175","content":"김용식"}],"type":"pronunciation"},{"start_time":"14.05","end_time":"14.54","alternatives":[{"confidence":"0.99485","content":"주범으로"}],"type":"pronunciation"},{"start_time":"14.54","end_time":"14.87","alternatives":[{"confidence":"1.0","content":"인한"}],"type":"pronunciation"},{"start_time":"14.87","end_time":"16.03","alternatives":[{"confidence":"0.993175","content":"금융범죄사기단을"}],"type":"pronunciation"},{"start_time":"16.03","end_time":"16.36","alternatives":[{"confidence":"0.99375","content":"검거한"}],"type":"pronunciation"},{"start_time":"16.36","end_time":"17.25","alternatives":[{"confidence":"0.9951000000000001","content":"상태인데"}],"type":"pronunciation"},{"alternatives":[{"confidence":"0.0","content":","}],"type":"punctuation"},{"start_time":"17.87","end_time":"18.66","alternatives":[{"confidence":"1.0","content":"현장에서"}],"type":"pronunciation"},{"start_time":"18.69","end_time":"19.14","alternatives":[{"confidence":"1.0","content":"대량의"}],"type":"pronunciation"},{"start_time":"19.14","end_time":"19.93","alternatives":[{"confidence":"0.92235","content":"신용카드와"}],"type":"pronunciation"},{"start_time":"19.99","end_time":"20.7","alternatives":[{"confidence":"0.9994333333333333","content":"대포통장을"}],"type":"pronunciation"},{"start_time":"20.7","end_time":"21.04","alternatives":[{"confidence":"0.98305","content":"압도하는"}],"type":"pronunciation"},{"start_time":"21.04","end_time":"21.72","alternatives":[{"confidence":"1.0","content":"과정에서"}],"type":"pronunciation"},{"start_time":"21.72","end_time":"22.05","alternatives":[{"confidence":"0.9483","content":"지금"}],"type":"pronunciation"},{"start_time":"22.47","end_time":"22.76","alternatives":[{"confidence":"0.8048","content":"본인"}],"type":"pronunciation"},{"start_time":"22.76","end_time":"23.11","alternatives":[{"confidence":"1.0","content":"명의로"}],"type":"pronunciation"},{"start_time":"23.11","end_time":"23.59","alternatives":[{"confidence":"0.9982","content":"된"}],"type":"pronunciation"},{"start_time":"23.84","end_time":"24.46","alternatives":[{"confidence":"0.9228","content":"협력과"}],"type":"pronunciation"},{"start_time":"24.49","end_time":"25.76","alternatives":[{"confidence":"0.5826333333333333","content":"하나은행통장이"}],"type":"pronunciation"},{"start_time":"25.76","end_time":"26.43","alternatives":[{"confidence":"0.73855","content":"발견되어서"}],"type":"pronunciation"},{"start_time":"26.43","end_time":"26.65","alternatives":[{"confidence":"0.8652","content":"그"}],"type":"pronunciation"},{"start_time":"26.65","end_time":"27.08","alternatives":[{"confidence":"0.28885","content":"조사차"}],"type":"pronunciation"},{"start_time":"27.08","end_time":"27.52","alternatives":[{"confidence":"0.9879","content":"연락드린"}],"type":"pronunciation"},{"start_time":"27.52","end_time":"28.02","alternatives":[{"confidence":"0.8150999999999999","content":"거고요"}],"type":"pronunciation"},{"alternatives":[{"confidence":"0.0","content":"."}],"type":"punctuation"},{"start_time":"29.95","end_time":"30.35","alternatives":[{"confidence":"0.4893","content":"는데요"}],"type":"pronunciation"},{"start_time":"31.62","end_time":"32.94","alternatives":[{"confidence":"0.76905","content":"동작이천십육"}],"type":"pronunciation"},{"start_time":"32.94","end_time":"33.14","alternatives":[{"confidence":"0.9999","content":"년"}],"type":"pronunciation"},{"start_time":"33.14","end_time":"33.28","alternatives":[{"confidence":"0.6294","content":"일"}],"type":"pronunciation"},{"start_time":"33.28","end_time":"33.41","alternatives":[{"confidence":"0.9991","content":"월"}],"type":"pronunciation"},{"start_time":"33.41","end_time":"33.85","alternatives":[{"confidence":"0.8009","content":"이십칠"}],"type":"pronunciation"},{"start_time":"33.85","end_time":"34.1","alternatives":[{"confidence":"0.9965","content":"일"}],"type":"pronunciation"},{"start_time":"34.1","end_time":"34.54","alternatives":[{"confidence":"0.993","content":"경기도"}],"type":"pronunciation"},{"start_time":"34.54","end_time":"35.18","alternatives":[{"confidence":"0.7509","content":"광명씨"}],"type":"pronunciation"},{"start_time":"35.18","end_time":"36.01","alternatives":[{"confidence":"0.5408","content":"철삼동지점"}],"type":"pronunciation"},{"start_time":"36.01","end_time":"36.08","alternatives":[{"confidence":"0.5141","content":"을"}],"type":"pronunciation"},{"start_time":"36.08","end_time":"36.58","alternatives":[{"confidence":"0.94","content":"통해서"}],"type":"pronunciation"},{"start_time":"36.58","end_time":"36.67","alternatives":[{"confidence":"0.5986","content":"이"}],"type":"pronunciation"},{"start_time":"36.67","end_time":"37.28","alternatives":[{"confidence":"0.88405","content":"통장개설"}],"type":"pronunciation"},{"start_time":"37.28","end_time":"37.91","alternatives":[{"confidence":"0.9984","content":"사건이"}],"type":"pronunciation"},{"start_time":"37.94","end_time":"38.89","alternatives":[{"confidence":"0.86675","content":"확인되었는데"}],"type":"pronunciation"},{"alternatives":[{"confidence":"0.0","content":"."}],"type":"punctuation"},{"start_time":"38.89","end_time":"39.02","alternatives":[{"confidence":"0.7374","content":"이거"}],"type":"pronunciation"},{"start_time":"39.02","end_time":"39.39","alternatives":[{"confidence":"1.0","content":"본인이"}],"type":"pronunciation"},{"start_time":"39.39","end_time":"39.88","alternatives":[{"confidence":"0.7504500000000001","content":"개설하신"}],"type":"pronunciation"},{"start_time":"39.88","end_time":"39.97","alternatives":[{"confidence":"0.9643","content":"거"}],"type":"pronunciation"},{"start_time":"39.97","end_time":"40.78","alternatives":[{"confidence":"0.2426","content":"아니에요"}],"type":"pronunciation"},{"alternatives":[{"confidence":"0.0","content":"?"}],"type":"punctuation"},{"start_time":"42.0","end_time":"42.27","alternatives":[{"confidence":"0.5593","content":"그래서"}],"type":"pronunciation"},{"start_time":"42.27","end_time":"42.87","alternatives":[{"confidence":"0.98825","content":"본인께서"}],"type":"pronunciation"},{"start_time":"42.87","end_time":"43.33","alternatives":[{"confidence":"0.62795","content":"광명씨"}],"type":"pronunciation"},{"start_time":"43.33","end_time":"43.45","alternatives":[{"confidence":"0.4284","content":"쪽"}],"type":"pronunciation"},{"start_time":"43.45","end_time":"43.78","alternatives":[{"confidence":"0.64885","content":"가셔서"}],"type":"pronunciation"},{"start_time":"43.78","end_time":"44.56","alternatives":[{"confidence":"0.7424666666666666","content":"금융권업무보신"}],"type":"pronunciation"},{"start_time":"44.56","end_time":"44.65","alternatives":[{"confidence":"0.9386","content":"거"}],"type":"pronunciation"},{"start_time":"44.65","end_time":"45.81","alternatives":[{"confidence":"0.9409000000000001","content":"아니세요"}],"type":"pronunciation"},{"alternatives":[{"confidence":"0.0","content":"?"}],"type":"punctuation"},{"start_time":"46.73","end_time":"47.63","alternatives":[{"confidence":"0.3459","content":"본인에서는"}],"type":"pronunciation"},{"start_time":"47.63","end_time":"47.86","alternatives":[{"confidence":"0.9574","content":"지금"}],"type":"pronunciation"},{"start_time":"47.86","end_time":"48.44","alternatives":[{"confidence":"0.789525","content":"명의도용을"}],"type":"pronunciation"},{"start_time":"48.44","end_time":"48.71","alternatives":[{"confidence":"1.0","content":"당한"}],"type":"pronunciation"},{"start_time":"48.71","end_time":"49.37","alternatives":[{"confidence":"0.8959999999999999","content":"피해자다"}],"type":"pronunciation"},{"start_time":"49.37","end_time":"49.55","alternatives":[{"confidence":"0.8398","content":"뭐"}],"type":"pronunciation"},{"start_time":"49.56","end_time":"49.78","alternatives":[{"confidence":"0.9988","content":"이렇게"}],"type":"pronunciation"},{"start_time":"49.78","end_time":"50.34","alternatives":[{"confidence":"0.5377","content":"말씀하신"}],"type":"pronunciation"},{"start_time":"50.34","end_time":"50.46","alternatives":[{"confidence":"0.995","content":"것"}],"type":"pronunciation"},{"start_time":"50.46","end_time":"51.18","alternatives":[{"confidence":"0.9911","content":"같은데"}],"type":"pronunciation"},{"start_time":"51.46","end_time":"51.69","alternatives":[{"confidence":"0.9989","content":"제가"}],"type":"pronunciation"},{"start_time":"51.69","end_time":"52.24","alternatives":[{"confidence":"0.99","content":"연락드린"}],"type":"pronunciation"},{"start_time":"52.24","end_time":"52.99","alternatives":[{"confidence":"0.9962500000000001","content":"요점은"}],"type":"pronunciation"},{"start_time":"52.99","end_time":"53.16","alternatives":[{"confidence":"0.1846","content":"그"}],"type":"pronunciation"},{"start_time":"53.58","end_time":"54.26","alternatives":[{"confidence":"0.728","content":"근본적인"}],"type":"pronunciation"},{"start_time":"54.26","end_time":"54.63","alternatives":[{"confidence":"0.9954","content":"대가를"}],"type":"pronunciation"},{"start_time":"54.63","end_time":"55.11","alternatives":[{"confidence":"0.9979","content":"받고"}],"type":"pronunciation"},{"start_time":"55.49","end_time":"56.35","alternatives":[{"confidence":"0.9744666666666667","content":"김용식에게"}],"type":"pronunciation"},{"start_time":"56.35","end_time":"57.54","alternatives":[{"confidence":"0.8202666666666666","content":"통장판매함"}],"type":"pronunciation"},{"start_time":"57.54","end_time":"58.26","alternatives":[{"confidence":"0.84205","content":"가해자이신"}],"type":"pronunciation"},{"start_time":"58.26","end_time":"58.56","alternatives":[{"confidence":"0.93","content":"지"}],"type":"pronunciation"},{"start_time":"59.03","end_time":"59.72","alternatives":[{"confidence":"0.9877","content":"아니시면"}],"type":"pronunciation"},{"start_time":"59.72","end_time":"60.33","alternatives":[{"confidence":"0.9388","content":"개인정보"}],"type":"pronunciation"},{"start_time":"60.33","end_time":"60.75","alternatives":[{"confidence":"0.99935","content":"유출로"}],"type":"pronunciation"},{"start_time":"60.75","end_time":"61.09","alternatives":[{"confidence":"1.0","content":"인한"}],"type":"pronunciation"},{"start_time":"61.12","end_time":"61.72","alternatives":[{"confidence":"0.89425","content":"명의도용을"}],"type":"pronunciation"},{"start_time":"61.72","end_time":"62.25","alternatives":[{"confidence":"0.98935","content":"당하신"}],"type":"pronunciation"},{"start_time":"62.25","end_time":"62.87","alternatives":[{"confidence":"0.5934999999999999","content":"피해자이신"}],"type":"pronunciation"},{"start_time":"62.87","end_time":"63.13","alternatives":[{"confidence":"0.0667","content":"지"}],"type":"pronunciation"},{"start_time":"63.85","end_time":"64.73","alternatives":[{"confidence":"0.9879","content":"파악연락을"}],"type":"pronunciation"},{"start_time":"64.73","end_time":"65.47","alternatives":[{"confidence":"0.7426333333333334","content":"드린거고요"}],"type":"pronunciation"},{"start_time":"67.04","end_time":"67.15","alternatives":[{"confidence":"0.1018","content":"이"}],"type":"pronunciation"},{"start_time":"67.15","end_time":"67.65","alternatives":[{"confidence":"0.96275","content":"통장권에"}],"type":"pronunciation"},{"start_time":"67.65","end_time":"67.9","alternatives":[{"confidence":"1.0","content":"대해서"}],"type":"pronunciation"},{"start_time":"67.9","end_time":"68.15","alternatives":[{"confidence":"1.0","content":"전혀"}],"type":"pronunciation"},{"start_time":"68.15","end_time":"68.34","alternatives":[{"confidence":"0.9735","content":"알고"}],"type":"pronunciation"},{"start_time":"68.34","end_time":"68.63","alternatives":[{"confidence":"0.7774","content":"계시는"}],"type":"pronunciation"},{"start_time":"68.63","end_time":"68.72","alternatives":[{"confidence":"0.8473","content":"게"}],"type":"pronunciation"},{"start_time":"68.72","end_time":"69.18","alternatives":[{"confidence":"0.8709","content":"없다"}],"type":"pronunciation"},{"start_time":"69.33","end_time":"69.41","alternatives":[{"confidence":"0.8949","content":"이"}],"type":"pronunciation"},{"start_time":"69.41","end_time":"69.96","alternatives":[{"confidence":"0.86005","content":"말씀이신가요"}],"type":"pronunciation"},{"alternatives":[{"confidence":"0.0","content":"?"}],"type":"punctuation"},{"start_time":"69.96","end_time":"70.36","alternatives":[{"confidence":"0.967","content":"그럼"}],"type":"pronunciation"},{"start_time":"71.57","end_time":"71.94","alternatives":[{"confidence":"1.0","content":"본인이"}],"type":"pronunciation"},{"start_time":"71.94","end_time":"72.36","alternatives":[{"confidence":"0.9861","content":"아시는지"}],"type":"pronunciation"},{"start_time":"72.36","end_time":"72.94","alternatives":[{"confidence":"0.9763999999999999","content":"모르시는지"}],"type":"pronunciation"},{"start_time":"72.94","end_time":"73.31","alternatives":[{"confidence":"0.9999","content":"조사를"}],"type":"pronunciation"},{"start_time":"73.31","end_time":"73.38","alternatives":[{"confidence":"0.5423","content":"해"}],"type":"pronunciation"},{"start_time":"73.38","end_time":"73.57","alternatives":[{"confidence":"0.5363","content":"봐야"}],"type":"pronunciation"},{"start_time":"73.57","end_time":"73.75","alternatives":[{"confidence":"0.7975","content":"하는"}],"type":"pronunciation"},{"start_time":"73.75","end_time":"73.93","alternatives":[{"confidence":"0.9808","content":"거죠"}],"type":"pronunciation"},{"alternatives":[{"confidence":"0.0","content":"."}],"type":"punctuation"},{"start_time":"73.93","end_time":"74.4","alternatives":[{"confidence":"0.99485","content":"그거는"}],"type":"pronunciation"},{"start_time":"75.58","end_time":"76.03","alternatives":[{"confidence":"0.9991","content":"간단하게"}],"type":"pronunciation"},{"start_time":"76.03","end_time":"76.27","alternatives":[{"confidence":"0.0103","content":"일단"}],"type":"pronunciation"},{"start_time":"77.14","end_time":"77.52","alternatives":[{"confidence":"0.988","content":"경위에"}],"type":"pronunciation"},{"start_time":"77.52","end_time":"77.8","alternatives":[{"confidence":"0.9998","content":"대해서"}],"type":"pronunciation"},{"start_time":"77.8","end_time":"78.12","alternatives":[{"confidence":"0.8907","content":"말씀"}],"type":"pronunciation"},{"start_time":"78.12","end_time":"78.29","alternatives":[{"confidence":"0.9958","content":"좀"}],"type":"pronunciation"},{"start_time":"78.29","end_time":"78.91","alternatives":[{"confidence":"0.9600500000000001","content":"드리면"}],"type":"pronunciation"},{"start_time":"79.01","end_time":"79.6","alternatives":[{"confidence":"0.83215","content":"중고나라"}],"type":"pronunciation"},{"start_time":"79.6","end_time":"79.79","alternatives":[{"confidence":"0.7026","content":"까지"}],"type":"pronunciation"},{"start_time":"79.79","end_time":"79.89","alternatives":[{"confidence":"0.7571","content":"다"}],"type":"pronunciation"},{"start_time":"79.89","end_time":"80.87","alternatives":[{"confidence":"0.9801","content":"아시죠"}],"type":"pronunciation"},{"alternatives":[{"confidence":"0.0","content":"."}],"type":"punctuation"},{"start_time":"82.49","end_time":"82.96","alternatives":[{"confidence":"0.8827","content":"카페"}],"type":"pronunciation"},{"start_time":"82.96","end_time":"83.49","alternatives":[{"confidence":"0.9828","content":"중고나라"}],"type":"pronunciation"},{"start_time":"83.49","end_time":"83.9","alternatives":[{"confidence":"0.9901","content":"사이트를"}],"type":"pronunciation"},{"start_time":"83.9","end_time":"84.47","alternatives":[{"confidence":"0.7551","content":"통해서"}],"type":"pronunciation"},{"start_time":"84.63","end_time":"85.22","alternatives":[{"confidence":"0.7873","content":"김용식"}],"type":"pronunciation"},{"start_time":"85.22","end_time":"85.56","alternatives":[{"confidence":"0.7411","content":"할당"}],"type":"pronunciation"},{"start_time":"85.56","end_time":"85.92","alternatives":[{"confidence":"0.6313","content":"들이"}],"type":"pronunciation"},{"start_time":"86.22","end_time":"86.78","alternatives":[{"confidence":"1.0","content":"고가의"}],"type":"pronunciation"},{"start_time":"86.78","end_time":"87.75","alternatives":[{"confidence":"0.90655","content":"명품물건을"}],"type":"pronunciation"},{"start_time":"87.78","end_time":"88.32","alternatives":[{"confidence":"0.9428000000000001","content":"저가의"}],"type":"pronunciation"},{"start_time":"88.32","end_time":"88.98","alternatives":[{"confidence":"0.98735","content":"판매한다는"}],"type":"pronunciation"},{"start_time":"88.98","end_time":"89.65","alternatives":[{"confidence":"0.9995499999999999","content":"명목하에"}],"type":"pronunciation"},{"start_time":"90.74","end_time":"91.22","alternatives":[{"confidence":"1.0","content":"명의로"}],"type":"pronunciation"},{"start_time":"91.22","end_time":"91.51","alternatives":[{"confidence":"1.0","content":"된"}],"type":"pronunciation"},{"start_time":"91.6","end_time":"92.08","alternatives":[{"confidence":"0.6952","content":"통장에"}],"type":"pronunciation"},{"start_time":"92.08","end_time":"92.75","alternatives":[{"confidence":"0.9894","content":"사용해서"}],"type":"pronunciation"},{"start_time":"92.81","end_time":"93.2","alternatives":[{"confidence":"0.7035","content":"입금을"}],"type":"pronunciation"},{"start_time":"93.2","end_time":"93.58","alternatives":[{"confidence":"0.68975","content":"유도한"}],"type":"pronunciation"},{"start_time":"93.58","end_time":"93.9","alternatives":[{"confidence":"0.7657","content":"뒤에"}],"type":"pronunciation"},{"start_time":"94.26","end_time":"94.68","alternatives":[{"confidence":"0.614","content":"작은"}],"type":"pronunciation"},{"start_time":"94.68","end_time":"95.38","alternatives":[{"confidence":"0.5321666666666667","content":"말인출하고"}],"type":"pronunciation"},{"start_time":"95.38","end_time":"96.01","alternatives":[{"confidence":"0.52615","content":"도주한"}],"type":"pronunciation"},{"start_time":"96.01","end_time":"96.62","alternatives":[{"confidence":"0.95085","content":"상태고요"}],"type":"pronunciation"},{"alternatives":[{"confidence":"0.0","content":"."}],"type":"punctuation"},{"start_time":"99.57","end_time":"99.86","alternatives":[{"confidence":"0.5424","content":"가지고"}],"type":"pronunciation"},{"start_time":"101.45","end_time":"101.89","alternatives":[{"confidence":"0.5333","content":"오셔서"}],"type":"pronunciation"},{"start_time":"102.96","end_time":"103.16","alternatives":[{"confidence":"0.1719","content":"적으로"}],"type":"pronunciation"},{"start_time":"103.16","end_time":"103.61","alternatives":[{"confidence":"0.9998","content":"받으시면"}],"type":"pronunciation"},{"start_time":"103.61","end_time":"103.78","alternatives":[{"confidence":"0.936","content":"되는"}],"type":"pronunciation"},{"start_time":"103.78","end_time":"104.01","alternatives":[{"confidence":"0.9122","content":"겁니다"}],"type":"pronunciation"},{"alternatives":[{"confidence":"0.0","content":"."}],"type":"punctuation"},{"start_time":"104.01","end_time":"104.6","alternatives":[{"confidence":"0.9984","content":"간단하게"}],"type":"pronunciation"},{"start_time":"107.57","end_time":"108.17","alternatives":[{"confidence":"0.2031","content":"서울시"}],"type":"pronunciation"},{"start_time":"108.2","end_time":"108.98","alternatives":[{"confidence":"0.21945","content":"서초보시면"}],"type":"pronunciation"},{"start_time":"108.98","end_time":"109.36","alternatives":[{"confidence":"0.2667","content":"됩니다"}],"type":"pronunciation"},{"alternatives":[{"confidence":"0.0","content":"."}],"type":"punctuation"},{"start_time":"112.33","end_time":"112.49","alternatives":[{"confidence":"0.9594","content":"이기"}],"type":"pronunciation"},{"start_time":"112.49","end_time":"112.98","alternatives":[{"confidence":"0.9991","content":"때문에"}],"type":"pronunciation"},{"start_time":"112.98","end_time":"113.17","alternatives":[{"confidence":"0.9104","content":"저희"}],"type":"pronunciation"},{"start_time":"113.17","end_time":"113.51","alternatives":[{"confidence":"0.9985","content":"쪽에서"}],"type":"pronunciation"},{"start_time":"113.64","end_time":"114.03","alternatives":[{"confidence":"0.9912","content":"조사를"}],"type":"pronunciation"},{"start_time":"114.03","end_time":"114.4","alternatives":[{"confidence":"0.8657","content":"진행하는"}],"type":"pronunciation"},{"start_time":"114.4","end_time":"114.75","alternatives":[{"confidence":"0.973","content":"거고"}],"type":"pronunciation"},{"alternatives":[{"confidence":"0.0","content":","}],"type":"punctuation"},{"start_time":"115.21","end_time":"115.48","alternatives":[{"confidence":"0.9999","content":"그래서"}],"type":"pronunciation"},{"start_time":"115.48","end_time":"115.7","alternatives":[{"confidence":"0.9987","content":"제가"}],"type":"pronunciation"},{"start_time":"115.7","end_time":"116.26","alternatives":[{"confidence":"1.0","content":"일차적으로"}],"type":"pronunciation"},{"start_time":"116.26","end_time":"116.63","alternatives":[{"confidence":"0.22205000000000003","content":"약식"}],"type":"pronunciation"},{"start_time":"117.115","end_time":"117.645","alternatives":[{"confidence":"0.1048","content":"유선상으로"}],"type":"pronunciation"},{"start_time":"117.645","end_time":"118.065","alternatives":[{"confidence":"0.9943","content":"본인에게"}],"type":"pronunciation"},{"start_time":"118.065","end_time":"118.565","alternatives":[{"confidence":"0.9915","content":"연락드린"}],"type":"pronunciation"},{"start_time":"118.565","end_time":"119.095","alternatives":[{"confidence":"0.9631","content":"거예요"}],"type":"pronunciation"},{"alternatives":[{"confidence":"0.0","content":"."}],"type":"punctuation"},{"start_time":"119.245","end_time":"119.515","alternatives":[{"confidence":"0.683","content":"본인"}],"type":"pronunciation"},{"start_time":"119.515","end_time":"119.985","alternatives":[{"confidence":"0.9995","content":"말고도"}],"type":"pronunciation"},{"start_time":"119.985","end_time":"120.435","alternatives":[{"confidence":"0.6709","content":"백팔십"}],"type":"pronunciation"},{"start_time":"120.435","end_time":"120.625","alternatives":[{"confidence":"0.9644","content":"명이"}],"type":"pronunciation"},{"start_time":"120.625","end_time":"120.905","alternatives":[{"confidence":"1.0","content":"넘게"}],"type":"pronunciation"},{"start_time":"120.905","end_time":"121.265","alternatives":[{"confidence":"0.8994","content":"연루된"}],"type":"pronunciation"},{"start_time":"121.265","end_time":"121.685","alternatives":[{"confidence":"0.0554","content":"사건이다"}],"type":"pronunciation"},{"start_time":"121.685","end_time":"122.325","alternatives":[{"confidence":"0.1332","content":"보니까"}],"type":"pronunciation"},{"start_time":"123.825","end_time":"124.165","alternatives":[{"confidence":"0.9963","content":"많기"}],"type":"pronunciation"},{"start_time":"124.165","end_time":"124.685","alternatives":[{"confidence":"1.0","content":"때문에"}],"type":"pronunciation"},{"start_time":"125.035","end_time":"125.335","alternatives":[{"confidence":"0.8922","content":"저희가"}],"type":"pronunciation"},{"start_time":"125.335","end_time":"125.925","alternatives":[{"confidence":"0.9999","content":"일방적으로"}],"type":"pronunciation"},{"start_time":"125.925","end_time":"125.975","alternatives":[{"confidence":"0.4039","content":"오"}],"type":"pronunciation"},{"start_time":"125.975","end_time":"126.185","alternatives":[{"confidence":"0.7653","content":"라고"}],"type":"pronunciation"},{"start_time":"126.185","end_time":"126.675","alternatives":[{"confidence":"0.9098","content":"말씀드릴"}],"type":"pronunciation"},{"start_time":"126.675","end_time":"126.775","alternatives":[{"confidence":"1.0","content":"수"}],"type":"pronunciation"},{"start_time":"126.775","end_time":"127.005","alternatives":[{"confidence":"0.9948","content":"없기"}],"type":"pronunciation"},{"start_time":"127.005","end_time":"127.565","alternatives":[{"confidence":"0.9943","content":"때문에"}],"type":"pronunciation"},{"start_time":"127.655","end_time":"127.975","alternatives":[{"confidence":"0.68605","content":"약식"}],"type":"pronunciation"},{"start_time":"127.975","end_time":"128.595","alternatives":[{"confidence":"0.32275","content":"조사실시하는"}],"type":"pronunciation"},{"start_time":"128.595","end_time":"129.045","alternatives":[{"confidence":"0.8311999999999999","content":"거고요"}],"type":"pronunciation"},{"alternatives":[{"confidence":"0.0","content":"."}],"type":"punctuation"},{"start_time":"129.285","end_time":"130.115","alternatives":[{"confidence":"0.7030000000000001","content":"그러면은"}],"type":"pronunciation"},{"start_time":"130.115","end_time":"130.795","alternatives":[{"confidence":"0.8439","content":"문제로"}],"type":"pronunciation"},{"start_time":"130.965","end_time":"131.255","alternatives":[{"confidence":"0.9128","content":"관련"}],"type":"pronunciation"},{"start_time":"131.255","end_time":"131.435","alternatives":[{"confidence":"0.6821","content":"내용"}],"type":"pronunciation"},{"start_time":"131.435","end_time":"131.865","alternatives":[{"confidence":"0.6637","content":"간단하게"}],"type":"pronunciation"},{"start_time":"131.865","end_time":"132.275","alternatives":[{"confidence":"0.7389","content":"요약해서"}],"type":"pronunciation"},{"start_time":"132.275","end_time":"132.865","alternatives":[{"confidence":"0.9563","content":"보내주세요"}],"type":"pronunciation"},{"alternatives":[{"confidence":"0.0","content":"."}],"type":"punctuation"},{"start_time":"134.48","end_time":"134.74","alternatives":[{"confidence":"0.648","content":"본인"}],"type":"pronunciation"},{"start_time":"134.74","end_time":"135.19","alternatives":[{"confidence":"0.9609","content":"자택으로"}],"type":"pronunciation"},{"start_time":"135.19","end_time":"136.39","alternatives":[{"confidence":"0.7725666666666666","content":"서면보내드릴게요"}],"type":"pronunciation"},{"start_time":"136.6","end_time":"136.85","alternatives":[{"confidence":"0.5842","content":"문자"}],"type":"pronunciation"},{"start_time":"136.85","end_time":"137.15","alternatives":[{"confidence":"0.9619","content":"말고"}],"type":"pronunciation"},{"start_time":"137.28","end_time":"138.06","alternatives":[{"confidence":"0.8835500000000001","content":"확인하시고"}],"type":"pronunciation"},{"start_time":"138.89","end_time":"139.06","alternatives":[{"confidence":"0.9568","content":"이"}],"type":"pronunciation"},{"start_time":"139.06","end_time":"139.18","alternatives":[{"confidence":"0.5601","content":"안"}],"type":"pronunciation"},{"start_time":"139.18","end_time":"139.4","alternatives":[{"confidence":"1.0","content":"가는"}],"type":"pronunciation"},{"start_time":"139.4","end_time":"139.66","alternatives":[{"confidence":"0.9574","content":"부분이"}],"type":"pronunciation"},{"start_time":"139.66","end_time":"140.0","alternatives":[{"confidence":"1.0","content":"있으시면"}],"type":"pronunciation"},{"start_time":"140.0","end_time":"140.2","alternatives":[{"confidence":"0.9987","content":"다시"}],"type":"pronunciation"},{"start_time":"140.2","end_time":"140.68","alternatives":[{"confidence":"0.75525","content":"연락주시면"}],"type":"pronunciation"},{"start_time":"140.68","end_time":"141.17","alternatives":[{"confidence":"1.0","content":"됩니다"}],"type":"pronunciation"},{"alternatives":[{"confidence":"0.0","content":"."}],"type":"punctuation"}]},"status":"COMPLETED"}