{"jobName":"transcribes148","accountId":"097989105209","results":{"transcripts":[{"transcript":"여보세요. 전화하셨습니다 성함하고 부여 마저 사건문을 좀 말씀해주시겠어요. 뭐야, 이 공리로 줘서. 예. 맞으시고. 저는 이제 씨랑 에서 담당하고 있는 박현일 검사입니다. 제 이름도 하나 메모하시고. 예. 제가 이제 본인 조사하면서 어떤 발생은 피해 라든가 뭐 됐던 뭐가 됐던 그러니까 담당을 지고 책임을 질 부분이기 때문에 이름을 꼭 기재를 하셔야 되고. 예. 지금 이제 님께서 저희 수사관을 통해서 이 사건 내용에 대해서 좀 들으셨잖아요 본인께서 인지하고 계신 내용에 대해서 다시 한번 좀 설명을 해보시겠어요. 예. 보니까 이제 인지하고 계신만큼. 지금 그 김호철이라는 하시는 분이 제명당은 개설을 해가지고 어떻게 사기를 저지르신 거잖아요. 그렇죠. 그렇죠. 그게 뭐냐면 말씀을 드리면 이제 온라인상에 이제 가짜 사업자등록을 시켰어요. 뭐 혼자만 관련되는 부분은 아니고 지금 저희 쪽에 통장명의자만 칠십 명 정도가 나오셨는데 이 사람들이 전부 다 관련 됐다고 저희가 판단은 안 해요. 뭐냐면 이제 보게 되면 실질적으로 좀 가담이 되게 되면서 본인들이 명의 에 대해서 뭐 대가를 받고 판매하신 분들도 있고 통장계산하는데 좀 직접적으로 도움을 좀 내용들을 가지고 있는 분들이 있기 때문에 연락을 드린 부분인데 이게 보게 되면은 연고지가 좀 불분명하시고 어떠한 수익 같은 부분에서 일정 하자 많으신 분들여러분 어린 학생들이라든가 주부들이라든가 많이 관련이 됐어요. 그래서 제가 이제 저희 수상을 통해서 연락을 드렸던 부분인데 저희가 확인해야 되는 부분이 이제 그런 내용들이 있는지 아니면은 본인도 모르는 사이에 노출이 되셔가지고 명의가 도용되신 부분이 있는 건지 이런 부분을 좀 확인을 할 거예요. 저희가 지금 저희 쪽에 우리 시나 국민이런거 다 보니까 이용하는 거 말씀을 해주셨잖아요 이 내용에 대해서 저희 쪽에서 진술해주신 내용 이유를 좀 정확하게 알고 있어요. 지금 말씀드린 거제 상황을 말했던 이유예요. 그렇죠. 그렇죠. 정확한 내용 확인하시는 부분인데 이게 뭐냐면 이제 제가 이제 계좌추적이라는 어떤 조사가 좀 진행이 돼요. 계좌추적을 하게 되면은 제가 일단 기본적인 일 년 육 개월에서 이 년 정도 되는 어떤 거래내역 같은 부분을 열어서 확인을 좀 할 거예요. 이 과정에서 이제 앞서 말씀드린 것처럼 내용처럼 께서 모르시는 그런 부분발견될 수도 있고 그죠. 그러니까 이 차피 같은 게 발생할 수 있는 부분이 있기 때문에 확인을 할 거고 또 이제 본인 자금에 대해서 소득에 의해서 합법적인 자금인지에 대한 내용을 저희가 확인을 할 거예요. 그런데 이게 본인 게 맞다면 저희 쪽에 이제 금융감독원에서 내용증명확인서를 저희 쪽에 보내줄 거고 이 내용증명서를 제가 받게 되면은 이제 본인이 자산이 맞다라는 부분이기 때문에 제가 피해자혐의 입증서를 완료를 해드릴 거고요. 이해되시겠죠 그렇게 되시게 되면은 본인이 피해자혐의로 이 사건에서 종교를 하시는 부분인 거고 차후에 본인께서 이제 이용됐던 명의 이 부분에 대해서 어떤 피해보상그런걸 원하시면 저희가 또 이제 식당들에 대해서 보수하는 부분은 저희가 좀 해드릴 수 있는 부분이 생기시는 거고 앞서 이제 구매자들에게 피해 받게 되면서 발생되었던 고소고발건에 대해서도 저희가 당연히 다 취하가 되시는 부분이 생기실 거예요. 이해되시죠 저희가 뭐 아무렇게나 확인하고 진행되는 부분이 아니고 실질적으로 이행되는 이용되는 부분에서 제가 이제 안전하다고 판단되는 한계계좌도 신고 절차를 받을 거예요. 이 신고 절차를 뭐냐면은 본인강화조치 및 안전조치가 들어가시면서? 예. 저희 쪽에서 본인자금에 대한 확인이 좀 있을 건데 전부 다 신고를 받을 수 없는 좀 말씀을 드리면 제가 신고를 받게 되면 향후 오 년 동안 강화도 치면 안전조치가 들어가시는데 이 오년에 발생한 어떤 피해 같은 부분에 대해서 차원의 공문을 확인해 보시면 아시겠지만 뭐 이 사건에 대해 접속 하실 때는 접속자라든가 보호자분들 외에 보니까 연락할 수 없게끔 저희가 진행해 드리는데 피해가 발생하게 되면 제가 본인 자산에 맞춰서 저희 쪽에서 피해보상을 해드려야 돼요. 이거 전부 다 기재받아놓고 제가 전부 다 보호해 드릴 수가 없어요. 같은 분만 발견된 전국적으로 이백 명 이상 관련 되셨는데 이분들이 가해자혐의가 있는 분들도 있지만 피해자혐의가 있다고 판단되는 그분들저보다 보호하게 되면 아시잖아요, 이거 뭐 적인 부분에서 저희 쪽에서 그런 부분이 생기기 때문에 제가 안전하다고 판단되는 이 계좌에 대해서만 제가 좀 확인을 할 거예요. 예. 그런데 아시다시피 뭐 미래이라든가 이런 증권 내용들있잖아요. 근데 이거는 증권은 본인께서 아시잖아요. 원래 이제 약간 같은거 보시게 되면 원금원금에 대해서 손해볼 수 있는 내용은 있으시잖아요. 그죠? 그렇기 때문에 이거는 뭐 손해를 보게 된다 하더라도 저희가 아말그대로 원금에 대한 걸 확인할 방법도 없고 그래요. 들리네요. 지금 잠시만요, 제가 바로 통화드릴게요 잠시만요."}],"items":[{"start_time":"13.59","end_time":"13.91","alternatives":[{"confidence":"1.0","content":"여보세요"}],"type":"pronunciation"},{"alternatives":[{"confidence":"0.0","content":"."}],"type":"punctuation"},{"start_time":"13.91","end_time":"14.91","alternatives":[{"confidence":"0.69445","content":"전화하셨습니다"}],"type":"pronunciation"},{"start_time":"17.15","end_time":"18.07","alternatives":[{"confidence":"0.9411666666666667","content":"성함하고"}],"type":"pronunciation"},{"start_time":"18.07","end_time":"18.3","alternatives":[{"confidence":"0.4842","content":"부여"}],"type":"pronunciation"},{"start_time":"18.3","end_time":"18.5","alternatives":[{"confidence":"0.4232","content":"마저"}],"type":"pronunciation"},{"start_time":"18.5","end_time":"18.95","alternatives":[{"confidence":"0.6403","content":"사건문을"}],"type":"pronunciation"},{"start_time":"18.95","end_time":"19.04","alternatives":[{"confidence":"0.9324","content":"좀"}],"type":"pronunciation"},{"start_time":"19.04","end_time":"20.05","alternatives":[{"confidence":"0.6354333333333333","content":"말씀해주시겠어요"}],"type":"pronunciation"},{"alternatives":[{"confidence":"0.0","content":"."}],"type":"punctuation"},{"start_time":"21.29","end_time":"21.76","alternatives":[{"confidence":"0.9958","content":"뭐야"}],"type":"pronunciation"},{"alternatives":[{"confidence":"0.0","content":","}],"type":"punctuation"},{"start_time":"23.48","end_time":"23.65","alternatives":[{"confidence":"0.05","content":"이"}],"type":"pronunciation"},{"start_time":"23.65","end_time":"24.39","alternatives":[{"confidence":"0.4109","content":"공리로"}],"type":"pronunciation"},{"start_time":"24.39","end_time":"24.76","alternatives":[{"confidence":"0.7235","content":"줘서"}],"type":"pronunciation"},{"alternatives":[{"confidence":"0.0","content":"."}],"type":"punctuation"},{"start_time":"25.75","end_time":"25.93","alternatives":[{"confidence":"0.1199","content":"예"}],"type":"pronunciation"},{"alternatives":[{"confidence":"0.0","content":"."}],"type":"punctuation"},{"start_time":"29.17","end_time":"30.03","alternatives":[{"confidence":"0.39809999999999995","content":"맞으시고"}],"type":"pronunciation"},{"alternatives":[{"confidence":"0.0","content":"."}],"type":"punctuation"},{"start_time":"30.76","end_time":"31.08","alternatives":[{"confidence":"0.9993","content":"저는"}],"type":"pronunciation"},{"start_time":"31.08","end_time":"31.45","alternatives":[{"confidence":"0.9966","content":"이제"}],"type":"pronunciation"},{"start_time":"31.81","end_time":"32.49","alternatives":[{"confidence":"0.5098","content":"씨랑"}],"type":"pronunciation"},{"start_time":"34.35","end_time":"34.49","alternatives":[{"confidence":"0.7873","content":"에서"}],"type":"pronunciation"},{"start_time":"34.49","end_time":"35.01","alternatives":[{"confidence":"0.9984","content":"담당하고"}],"type":"pronunciation"},{"start_time":"35.01","end_time":"35.47","alternatives":[{"confidence":"0.9999","content":"있는"}],"type":"pronunciation"},{"start_time":"35.47","end_time":"36.12","alternatives":[{"confidence":"0.7725333333333334","content":"박현일"}],"type":"pronunciation"},{"start_time":"36.12","end_time":"36.9","alternatives":[{"confidence":"0.86765","content":"검사입니다"}],"type":"pronunciation"},{"alternatives":[{"confidence":"0.0","content":"."}],"type":"punctuation"},{"start_time":"38.52","end_time":"38.66","alternatives":[{"confidence":"0.8713","content":"제"}],"type":"pronunciation"},{"start_time":"38.66","end_time":"38.89","alternatives":[{"confidence":"0.5457","content":"이름도"}],"type":"pronunciation"},{"start_time":"38.89","end_time":"39.05","alternatives":[{"confidence":"0.8587","content":"하나"}],"type":"pronunciation"},{"start_time":"39.05","end_time":"39.97","alternatives":[{"confidence":"0.8908499999999999","content":"메모하시고"}],"type":"pronunciation"},{"alternatives":[{"confidence":"0.0","content":"."}],"type":"punctuation"},{"start_time":"41.25","end_time":"41.57","alternatives":[{"confidence":"0.9394","content":"예"}],"type":"pronunciation"},{"alternatives":[{"confidence":"0.0","content":"."}],"type":"punctuation"},{"start_time":"41.6","end_time":"41.86","alternatives":[{"confidence":"0.9997","content":"제가"}],"type":"pronunciation"},{"start_time":"41.86","end_time":"42.0","alternatives":[{"confidence":"0.9172","content":"이제"}],"type":"pronunciation"},{"start_time":"42.57","end_time":"42.81","alternatives":[{"confidence":"0.4024","content":"본인"}],"type":"pronunciation"},{"start_time":"42.81","end_time":"43.51","alternatives":[{"confidence":"0.9501","content":"조사하면서"}],"type":"pronunciation"},{"start_time":"43.51","end_time":"43.71","alternatives":[{"confidence":"0.9458","content":"어떤"}],"type":"pronunciation"},{"start_time":"43.71","end_time":"44.12","alternatives":[{"confidence":"0.29295","content":"발생은"}],"type":"pronunciation"},{"start_time":"44.12","end_time":"44.4","alternatives":[{"confidence":"0.0773","content":"피해"}],"type":"pronunciation"},{"start_time":"44.4","end_time":"44.85","alternatives":[{"confidence":"0.3059","content":"라든가"}],"type":"pronunciation"},{"start_time":"45.87","end_time":"45.99","alternatives":[{"confidence":"9.0E-4","content":"뭐"}],"type":"pronunciation"},{"start_time":"46.36","end_time":"46.59","alternatives":[{"confidence":"0.6397","content":"됐던"}],"type":"pronunciation"},{"start_time":"46.59","end_time":"46.78","alternatives":[{"confidence":"0.9953","content":"뭐가"}],"type":"pronunciation"},{"start_time":"46.78","end_time":"47.33","alternatives":[{"confidence":"0.3786","content":"됐던"}],"type":"pronunciation"},{"start_time":"47.42","end_time":"47.73","alternatives":[{"confidence":"0.1302","content":"그러니까"}],"type":"pronunciation"},{"start_time":"47.73","end_time":"48.36","alternatives":[{"confidence":"0.9312","content":"담당을"}],"type":"pronunciation"},{"start_time":"48.36","end_time":"48.58","alternatives":[{"confidence":"0.9013","content":"지고"}],"type":"pronunciation"},{"start_time":"48.58","end_time":"48.98","alternatives":[{"confidence":"0.9961","content":"책임을"}],"type":"pronunciation"},{"start_time":"48.98","end_time":"49.12","alternatives":[{"confidence":"0.9443","content":"질"}],"type":"pronunciation"},{"start_time":"49.12","end_time":"49.48","alternatives":[{"confidence":"0.9974000000000001","content":"부분이기"}],"type":"pronunciation"},{"start_time":"49.48","end_time":"49.89","alternatives":[{"confidence":"0.9985","content":"때문에"}],"type":"pronunciation"},{"start_time":"50.06","end_time":"50.34","alternatives":[{"confidence":"0.9945","content":"이름을"}],"type":"pronunciation"},{"start_time":"50.34","end_time":"50.71","alternatives":[{"confidence":"0.9929","content":"꼭"}],"type":"pronunciation"},{"start_time":"50.71","end_time":"51.01","alternatives":[{"confidence":"0.67025","content":"기재를"}],"type":"pronunciation"},{"start_time":"51.01","end_time":"51.29","alternatives":[{"confidence":"0.9837","content":"하셔야"}],"type":"pronunciation"},{"start_time":"51.29","end_time":"51.86","alternatives":[{"confidence":"0.9872","content":"되고"}],"type":"pronunciation"},{"alternatives":[{"confidence":"0.0","content":"."}],"type":"punctuation"},{"start_time":"53.12","end_time":"53.51","alternatives":[{"confidence":"0.9857","content":"예"}],"type":"pronunciation"},{"alternatives":[{"confidence":"0.0","content":"."}],"type":"punctuation"},{"start_time":"53.81","end_time":"54.02","alternatives":[{"confidence":"1.0","content":"지금"}],"type":"pronunciation"},{"start_time":"54.02","end_time":"54.65","alternatives":[{"confidence":"0.9875","content":"이제"}],"type":"pronunciation"},{"start_time":"55.09","end_time":"55.93","alternatives":[{"confidence":"0.9933","content":"님께서"}],"type":"pronunciation"},{"start_time":"57.11","end_time":"57.54","alternatives":[{"confidence":"0.9418","content":"저희"}],"type":"pronunciation"},{"start_time":"57.54","end_time":"57.96","alternatives":[{"confidence":"0.9998","content":"수사관을"}],"type":"pronunciation"},{"start_time":"57.96","end_time":"58.27","alternatives":[{"confidence":"0.9908","content":"통해서"}],"type":"pronunciation"},{"start_time":"58.27","end_time":"58.4","alternatives":[{"confidence":"0.9606","content":"이"}],"type":"pronunciation"},{"start_time":"58.41","end_time":"58.79","alternatives":[{"confidence":"0.9261","content":"사건"}],"type":"pronunciation"},{"start_time":"58.79","end_time":"59.16","alternatives":[{"confidence":"0.9959","content":"내용에"}],"type":"pronunciation"},{"start_time":"59.16","end_time":"59.47","alternatives":[{"confidence":"1.0","content":"대해서"}],"type":"pronunciation"},{"start_time":"59.47","end_time":"59.62","alternatives":[{"confidence":"0.9998","content":"좀"}],"type":"pronunciation"},{"start_time":"59.63","end_time":"61.15","alternatives":[{"confidence":"0.9896","content":"들으셨잖아요"}],"type":"pronunciation"},{"start_time":"62.16","end_time":"62.72","alternatives":[{"confidence":"0.96225","content":"본인께서"}],"type":"pronunciation"},{"start_time":"62.72","end_time":"63.26","alternatives":[{"confidence":"0.9757","content":"인지하고"}],"type":"pronunciation"},{"start_time":"63.26","end_time":"63.53","alternatives":[{"confidence":"0.5193","content":"계신"}],"type":"pronunciation"},{"start_time":"63.53","end_time":"63.89","alternatives":[{"confidence":"0.9967","content":"내용에"}],"type":"pronunciation"},{"start_time":"63.89","end_time":"64.57","alternatives":[{"confidence":"0.9981","content":"대해서"}],"type":"pronunciation"},{"start_time":"65.76","end_time":"66.02","alternatives":[{"confidence":"0.9935","content":"다시"}],"type":"pronunciation"},{"start_time":"66.02","end_time":"66.27","alternatives":[{"confidence":"0.9163","content":"한번"}],"type":"pronunciation"},{"start_time":"66.27","end_time":"66.4","alternatives":[{"confidence":"0.9924","content":"좀"}],"type":"pronunciation"},{"start_time":"66.4","end_time":"66.8","alternatives":[{"confidence":"0.9999","content":"설명을"}],"type":"pronunciation"},{"start_time":"66.8","end_time":"67.78","alternatives":[{"confidence":"0.8434999999999999","content":"해보시겠어요"}],"type":"pronunciation"},{"alternatives":[{"confidence":"0.0","content":"."}],"type":"punctuation"},{"start_time":"69.73","end_time":"70.16","alternatives":[{"confidence":"0.0938","content":"예"}],"type":"pronunciation"},{"alternatives":[{"confidence":"0.0","content":"."}],"type":"punctuation"},{"start_time":"70.53","end_time":"70.81","alternatives":[{"confidence":"0.9935","content":"보니까"}],"type":"pronunciation"},{"start_time":"70.9","end_time":"71.23","alternatives":[{"confidence":"0.975","content":"이제"}],"type":"pronunciation"},{"start_time":"71.29","end_time":"71.58","alternatives":[{"confidence":"0.9405","content":"인지하고"}],"type":"pronunciation"},{"start_time":"71.58","end_time":"72.16","alternatives":[{"confidence":"0.86955","content":"계신만큼"}],"type":"pronunciation"},{"alternatives":[{"confidence":"0.0","content":"."}],"type":"punctuation"},{"start_time":"73.35","end_time":"73.92","alternatives":[{"confidence":"0.9974","content":"지금"}],"type":"pronunciation"},{"start_time":"73.93","end_time":"74.34","alternatives":[{"confidence":"0.9285","content":"그"}],"type":"pronunciation"},{"start_time":"74.35","end_time":"75.59","alternatives":[{"confidence":"0.5363666666666667","content":"김호철이라는"}],"type":"pronunciation"},{"start_time":"75.85","end_time":"76.26","alternatives":[{"confidence":"0.7311","content":"하시는"}],"type":"pronunciation"},{"start_time":"76.26","end_time":"77.01","alternatives":[{"confidence":"1.0","content":"분이"}],"type":"pronunciation"},{"start_time":"79.62","end_time":"82.11","alternatives":[{"confidence":"0.7684666666666667","content":"제명당은"}],"type":"pronunciation"},{"start_time":"82.47","end_time":"83.06","alternatives":[{"confidence":"0.99295","content":"개설을"}],"type":"pronunciation"},{"start_time":"83.06","end_time":"83.67","alternatives":[{"confidence":"0.9232","content":"해가지고"}],"type":"pronunciation"},{"start_time":"84.59","end_time":"84.88","alternatives":[{"confidence":"0.1435","content":"어떻게"}],"type":"pronunciation"},{"start_time":"85.37","end_time":"86.05","alternatives":[{"confidence":"0.9209","content":"사기를"}],"type":"pronunciation"},{"start_time":"86.05","end_time":"86.78","alternatives":[{"confidence":"0.8464","content":"저지르신"}],"type":"pronunciation"},{"start_time":"86.78","end_time":"87.45","alternatives":[{"confidence":"0.9941","content":"거잖아요"}],"type":"pronunciation"},{"alternatives":[{"confidence":"0.0","content":"."}],"type":"punctuation"},{"start_time":"88.15","end_time":"88.55","alternatives":[{"confidence":"1.0","content":"그렇죠"}],"type":"pronunciation"},{"alternatives":[{"confidence":"0.0","content":"."}],"type":"punctuation"},{"start_time":"88.55","end_time":"89.11","alternatives":[{"confidence":"1.0","content":"그렇죠"}],"type":"pronunciation"},{"alternatives":[{"confidence":"0.0","content":"."}],"type":"punctuation"},{"start_time":"90.84","end_time":"91.06","alternatives":[{"confidence":"0.0941","content":"그게"}],"type":"pronunciation"},{"start_time":"91.06","end_time":"92.42","alternatives":[{"confidence":"0.8659","content":"뭐냐면"}],"type":"pronunciation"},{"start_time":"92.45","end_time":"93.09","alternatives":[{"confidence":"0.9871","content":"말씀을"}],"type":"pronunciation"},{"start_time":"93.16","end_time":"94.05","alternatives":[{"confidence":"0.99","content":"드리면"}],"type":"pronunciation"},{"start_time":"94.91","end_time":"95.4","alternatives":[{"confidence":"0.9958","content":"이제"}],"type":"pronunciation"},{"start_time":"95.4","end_time":"95.94","alternatives":[{"confidence":"0.5848","content":"온라인상에"}],"type":"pronunciation"},{"start_time":"95.94","end_time":"96.05","alternatives":[{"confidence":"0.5036","content":"이제"}],"type":"pronunciation"},{"start_time":"96.05","end_time":"96.33","alternatives":[{"confidence":"0.9375","content":"가짜"}],"type":"pronunciation"},{"start_time":"96.33","end_time":"97.14","alternatives":[{"confidence":"0.82535","content":"사업자등록을"}],"type":"pronunciation"},{"start_time":"97.14","end_time":"98.8","alternatives":[{"confidence":"0.95695","content":"시켰어요"}],"type":"pronunciation"},{"alternatives":[{"confidence":"0.0","content":"."}],"type":"punctuation"},{"start_time":"99.19","end_time":"99.81","alternatives":[{"confidence":"0.8901","content":"뭐"}],"type":"pronunciation"},{"start_time":"100.02","end_time":"100.66","alternatives":[{"confidence":"0.9656","content":"혼자만"}],"type":"pronunciation"},{"start_time":"100.66","end_time":"101.06","alternatives":[{"confidence":"0.837","content":"관련되는"}],"type":"pronunciation"},{"start_time":"101.06","end_time":"101.38","alternatives":[{"confidence":"0.996","content":"부분은"}],"type":"pronunciation"},{"start_time":"101.38","end_time":"102.02","alternatives":[{"confidence":"1.0","content":"아니고"}],"type":"pronunciation"},{"start_time":"102.72","end_time":"102.95","alternatives":[{"confidence":"0.9948","content":"지금"}],"type":"pronunciation"},{"start_time":"102.95","end_time":"103.11","alternatives":[{"confidence":"0.9009","content":"저희"}],"type":"pronunciation"},{"start_time":"103.11","end_time":"103.27","alternatives":[{"confidence":"0.9632","content":"쪽에"}],"type":"pronunciation"},{"start_time":"103.27","end_time":"104.26","alternatives":[{"confidence":"0.786425","content":"통장명의자만"}],"type":"pronunciation"},{"start_time":"104.36","end_time":"104.69","alternatives":[{"confidence":"0.3892","content":"칠십"}],"type":"pronunciation"},{"start_time":"104.69","end_time":"104.78","alternatives":[{"confidence":"0.8619","content":"명"}],"type":"pronunciation"},{"start_time":"104.78","end_time":"105.0","alternatives":[{"confidence":"1.0","content":"정도가"}],"type":"pronunciation"},{"start_time":"105.0","end_time":"105.99","alternatives":[{"confidence":"0.9977","content":"나오셨는데"}],"type":"pronunciation"},{"start_time":"106.85","end_time":"106.94","alternatives":[{"confidence":"0.9308","content":"이"}],"type":"pronunciation"},{"start_time":"106.94","end_time":"107.34","alternatives":[{"confidence":"1.0","content":"사람들이"}],"type":"pronunciation"},{"start_time":"107.46","end_time":"107.7","alternatives":[{"confidence":"0.9076","content":"전부"}],"type":"pronunciation"},{"start_time":"107.7","end_time":"107.81","alternatives":[{"confidence":"0.9959","content":"다"}],"type":"pronunciation"},{"start_time":"107.81","end_time":"108.09","alternatives":[{"confidence":"0.5676","content":"관련"}],"type":"pronunciation"},{"start_time":"108.09","end_time":"108.34","alternatives":[{"confidence":"0.9734","content":"됐다고"}],"type":"pronunciation"},{"start_time":"108.34","end_time":"108.52","alternatives":[{"confidence":"0.5926","content":"저희가"}],"type":"pronunciation"},{"start_time":"108.52","end_time":"108.87","alternatives":[{"confidence":"0.9868","content":"판단은"}],"type":"pronunciation"},{"start_time":"108.87","end_time":"109.02","alternatives":[{"confidence":"0.7328","content":"안"}],"type":"pronunciation"},{"start_time":"109.02","end_time":"109.44","alternatives":[{"confidence":"0.9547","content":"해요"}],"type":"pronunciation"},{"alternatives":[{"confidence":"0.0","content":"."}],"type":"punctuation"},{"start_time":"111.33","end_time":"111.95","alternatives":[{"confidence":"0.9151","content":"뭐냐면"}],"type":"pronunciation"},{"start_time":"111.96","end_time":"112.45","alternatives":[{"confidence":"0.9566","content":"이제"}],"type":"pronunciation"},{"start_time":"112.89","end_time":"113.15","alternatives":[{"confidence":"0.8621","content":"보게"}],"type":"pronunciation"},{"start_time":"113.15","end_time":"113.47","alternatives":[{"confidence":"0.9996","content":"되면"}],"type":"pronunciation"},{"start_time":"113.47","end_time":"114.08","alternatives":[{"confidence":"1.0","content":"실질적으로"}],"type":"pronunciation"},{"start_time":"114.08","end_time":"114.56","alternatives":[{"confidence":"0.9906","content":"좀"}],"type":"pronunciation"},{"start_time":"114.56","end_time":"114.93","alternatives":[{"confidence":"0.97385","content":"가담이"}],"type":"pronunciation"},{"start_time":"114.93","end_time":"115.15","alternatives":[{"confidence":"0.9985","content":"되게"}],"type":"pronunciation"},{"start_time":"115.15","end_time":"116.02","alternatives":[{"confidence":"0.9834","content":"되면서"}],"type":"pronunciation"},{"start_time":"116.71","end_time":"117.14","alternatives":[{"confidence":"0.96315","content":"본인들이"}],"type":"pronunciation"},{"start_time":"117.14","end_time":"117.5","alternatives":[{"confidence":"0.5104","content":"명의"}],"type":"pronunciation"},{"start_time":"117.5","end_time":"117.61","alternatives":[{"confidence":"0.918","content":"에"}],"type":"pronunciation"},{"start_time":"117.61","end_time":"118.0","alternatives":[{"confidence":"0.99","content":"대해서"}],"type":"pronunciation"},{"start_time":"118.0","end_time":"118.13","alternatives":[{"confidence":"0.7297","content":"뭐"}],"type":"pronunciation"},{"start_time":"118.19","end_time":"118.55","alternatives":[{"confidence":"0.9989","content":"대가를"}],"type":"pronunciation"},{"start_time":"118.55","end_time":"118.76","alternatives":[{"confidence":"0.9973","content":"받고"}],"type":"pronunciation"},{"start_time":"118.76","end_time":"119.27","alternatives":[{"confidence":"0.89865","content":"판매하신"}],"type":"pronunciation"},{"start_time":"119.27","end_time":"119.55","alternatives":[{"confidence":"1.0","content":"분들도"}],"type":"pronunciation"},{"start_time":"119.55","end_time":"120.17","alternatives":[{"confidence":"0.9966","content":"있고"}],"type":"pronunciation"},{"start_time":"121.64","end_time":"122.92","alternatives":[{"confidence":"0.6781666666666667","content":"통장계산하는데"}],"type":"pronunciation"},{"start_time":"123.05","end_time":"123.25","alternatives":[{"confidence":"0.2944","content":"좀"}],"type":"pronunciation"},{"start_time":"123.28","end_time":"123.71","alternatives":[{"confidence":"0.9932","content":"직접적으로"}],"type":"pronunciation"},{"start_time":"123.71","end_time":"124.01","alternatives":[{"confidence":"0.8366","content":"도움을"}],"type":"pronunciation"},{"start_time":"124.01","end_time":"124.1","alternatives":[{"confidence":"0.3804","content":"좀"}],"type":"pronunciation"},{"start_time":"124.1","end_time":"124.43","alternatives":[{"confidence":"0.9956499999999999","content":"내용들을"}],"type":"pronunciation"},{"start_time":"124.43","end_time":"124.73","alternatives":[{"confidence":"0.9991","content":"가지고"}],"type":"pronunciation"},{"start_time":"124.73","end_time":"124.89","alternatives":[{"confidence":"0.9995","content":"있는"}],"type":"pronunciation"},{"start_time":"124.89","end_time":"125.11","alternatives":[{"confidence":"0.9998","content":"분들이"}],"type":"pronunciation"},{"start_time":"125.11","end_time":"125.27","alternatives":[{"confidence":"0.9901","content":"있기"}],"type":"pronunciation"},{"start_time":"125.27","end_time":"125.47","alternatives":[{"confidence":"0.9983","content":"때문에"}],"type":"pronunciation"},{"start_time":"125.47","end_time":"125.7","alternatives":[{"confidence":"1.0","content":"연락을"}],"type":"pronunciation"},{"start_time":"125.7","end_time":"125.88","alternatives":[{"confidence":"0.8132","content":"드린"}],"type":"pronunciation"},{"start_time":"125.88","end_time":"126.63","alternatives":[{"confidence":"0.9975","content":"부분인데"}],"type":"pronunciation"},{"start_time":"127.27","end_time":"127.4","alternatives":[{"confidence":"0.9738","content":"이게"}],"type":"pronunciation"},{"start_time":"127.4","end_time":"127.64","alternatives":[{"confidence":"0.9144","content":"보게"}],"type":"pronunciation"},{"start_time":"127.64","end_time":"128.03","alternatives":[{"confidence":"0.7161","content":"되면은"}],"type":"pronunciation"},{"start_time":"128.03","end_time":"128.47","alternatives":[{"confidence":"0.9671000000000001","content":"연고지가"}],"type":"pronunciation"},{"start_time":"128.47","end_time":"128.61","alternatives":[{"confidence":"0.9444","content":"좀"}],"type":"pronunciation"},{"start_time":"128.61","end_time":"129.87","alternatives":[{"confidence":"1.0","content":"불분명하시고"}],"type":"pronunciation"},{"start_time":"130.91","end_time":"131.24","alternatives":[{"confidence":"0.7048","content":"어떠한"}],"type":"pronunciation"},{"start_time":"131.3","end_time":"131.55","alternatives":[{"confidence":"0.3485","content":"수익"}],"type":"pronunciation"},{"start_time":"131.55","end_time":"131.77","alternatives":[{"confidence":"0.9966","content":"같은"}],"type":"pronunciation"},{"start_time":"131.77","end_time":"132.11","alternatives":[{"confidence":"0.9969","content":"부분에서"}],"type":"pronunciation"},{"start_time":"132.17","end_time":"132.42","alternatives":[{"confidence":"0.7761","content":"일정"}],"type":"pronunciation"},{"start_time":"132.42","end_time":"132.67","alternatives":[{"confidence":"0.8372","content":"하자"}],"type":"pronunciation"},{"start_time":"134.02","end_time":"134.37","alternatives":[{"confidence":"0.9601","content":"많으신"}],"type":"pronunciation"},{"start_time":"134.37","end_time":"136.37","alternatives":[{"confidence":"0.6910499999999999","content":"분들여러분"}],"type":"pronunciation"},{"start_time":"136.37","end_time":"136.58","alternatives":[{"confidence":"0.9731","content":"어린"}],"type":"pronunciation"},{"start_time":"136.58","end_time":"137.6","alternatives":[{"confidence":"0.94675","content":"학생들이라든가"}],"type":"pronunciation"},{"start_time":"137.69","end_time":"138.48","alternatives":[{"confidence":"0.96925","content":"주부들이라든가"}],"type":"pronunciation"},{"start_time":"138.6","end_time":"138.82","alternatives":[{"confidence":"0.8617","content":"많이"}],"type":"pronunciation"},{"start_time":"138.82","end_time":"139.16","alternatives":[{"confidence":"0.9798","content":"관련이"}],"type":"pronunciation"},{"start_time":"139.16","end_time":"140.53","alternatives":[{"confidence":"0.9898","content":"됐어요"}],"type":"pronunciation"},{"alternatives":[{"confidence":"0.0","content":"."}],"type":"punctuation"},{"start_time":"141.67","end_time":"141.97","alternatives":[{"confidence":"0.9473","content":"그래서"}],"type":"pronunciation"},{"start_time":"141.97","end_time":"142.17","alternatives":[{"confidence":"1.0","content":"제가"}],"type":"pronunciation"},{"start_time":"142.17","end_time":"142.61","alternatives":[{"confidence":"0.9969","content":"이제"}],"type":"pronunciation"},{"start_time":"143.11","end_time":"143.31","alternatives":[{"confidence":"0.8307","content":"저희"}],"type":"pronunciation"},{"start_time":"143.31","end_time":"143.62","alternatives":[{"confidence":"0.92465","content":"수상을"}],"type":"pronunciation"},{"start_time":"143.62","end_time":"143.86","alternatives":[{"confidence":"0.9933","content":"통해서"}],"type":"pronunciation"},{"start_time":"143.86","end_time":"144.11","alternatives":[{"confidence":"1.0","content":"연락을"}],"type":"pronunciation"},{"start_time":"144.11","end_time":"144.43","alternatives":[{"confidence":"0.99975","content":"드렸던"}],"type":"pronunciation"},{"start_time":"144.43","end_time":"145.2","alternatives":[{"confidence":"0.999","content":"부분인데"}],"type":"pronunciation"},{"start_time":"146.16","end_time":"146.42","alternatives":[{"confidence":"0.9999","content":"저희가"}],"type":"pronunciation"},{"start_time":"146.42","end_time":"146.85","alternatives":[{"confidence":"0.633","content":"확인해야"}],"type":"pronunciation"},{"start_time":"146.85","end_time":"147.08","alternatives":[{"confidence":"0.9991","content":"되는"}],"type":"pronunciation"},{"start_time":"147.08","end_time":"147.36","alternatives":[{"confidence":"1.0","content":"부분이"}],"type":"pronunciation"},{"start_time":"147.36","end_time":"147.49","alternatives":[{"confidence":"0.3364","content":"이제"}],"type":"pronunciation"},{"start_time":"147.96","end_time":"148.23","alternatives":[{"confidence":"0.9984","content":"그런"}],"type":"pronunciation"},{"start_time":"148.23","end_time":"148.63","alternatives":[{"confidence":"0.99995","content":"내용들이"}],"type":"pronunciation"},{"start_time":"148.63","end_time":"149.28","alternatives":[{"confidence":"0.9115","content":"있는지"}],"type":"pronunciation"},{"start_time":"150.69","end_time":"151.8","alternatives":[{"confidence":"0.90365","content":"아니면은"}],"type":"pronunciation"},{"start_time":"151.8","end_time":"152.14","alternatives":[{"confidence":"0.99995","content":"본인도"}],"type":"pronunciation"},{"start_time":"152.14","end_time":"152.53","alternatives":[{"confidence":"1.0","content":"모르는"}],"type":"pronunciation"},{"start_time":"152.53","end_time":"152.96","alternatives":[{"confidence":"0.9967","content":"사이에"}],"type":"pronunciation"},{"start_time":"153.95","end_time":"154.27","alternatives":[{"confidence":"0.8821","content":"노출이"}],"type":"pronunciation"},{"start_time":"154.27","end_time":"155.07","alternatives":[{"confidence":"0.9162666666666667","content":"되셔가지고"}],"type":"pronunciation"},{"start_time":"155.07","end_time":"155.37","alternatives":[{"confidence":"0.9998","content":"명의가"}],"type":"pronunciation"},{"start_time":"155.37","end_time":"155.89","alternatives":[{"confidence":"0.7944","content":"도용되신"}],"type":"pronunciation"},{"start_time":"155.89","end_time":"156.2","alternatives":[{"confidence":"1.0","content":"부분이"}],"type":"pronunciation"},{"start_time":"156.2","end_time":"156.42","alternatives":[{"confidence":"0.8221","content":"있는"}],"type":"pronunciation"},{"start_time":"156.42","end_time":"156.85","alternatives":[{"confidence":"0.9858","content":"건지"}],"type":"pronunciation"},{"start_time":"157.4","end_time":"157.61","alternatives":[{"confidence":"0.7142","content":"이런"}],"type":"pronunciation"},{"start_time":"157.61","end_time":"157.89","alternatives":[{"confidence":"0.8803","content":"부분을"}],"type":"pronunciation"},{"start_time":"157.89","end_time":"158.0","alternatives":[{"confidence":"0.957","content":"좀"}],"type":"pronunciation"},{"start_time":"158.0","end_time":"158.28","alternatives":[{"confidence":"0.9998","content":"확인을"}],"type":"pronunciation"},{"start_time":"158.28","end_time":"158.42","alternatives":[{"confidence":"0.9736","content":"할"}],"type":"pronunciation"},{"start_time":"158.42","end_time":"158.68","alternatives":[{"confidence":"0.736","content":"거예요"}],"type":"pronunciation"},{"alternatives":[{"confidence":"0.0","content":"."}],"type":"punctuation"},{"start_time":"158.68","end_time":"159.37","alternatives":[{"confidence":"1.0","content":"저희가"}],"type":"pronunciation"},{"start_time":"160.94","end_time":"161.19","alternatives":[{"confidence":"0.9969","content":"지금"}],"type":"pronunciation"},{"start_time":"161.19","end_time":"161.43","alternatives":[{"confidence":"0.9585","content":"저희"}],"type":"pronunciation"},{"start_time":"161.43","end_time":"162.0","alternatives":[{"confidence":"0.9894","content":"쪽에"}],"type":"pronunciation"},{"start_time":"162.06","end_time":"162.51","alternatives":[{"confidence":"0.9116","content":"우리"}],"type":"pronunciation"},{"start_time":"162.51","end_time":"162.79","alternatives":[{"confidence":"0.7942","content":"시나"}],"type":"pronunciation"},{"start_time":"162.79","end_time":"163.96","alternatives":[{"confidence":"0.47395","content":"국민이런거"}],"type":"pronunciation"},{"start_time":"163.96","end_time":"164.13","alternatives":[{"confidence":"0.9503","content":"다"}],"type":"pronunciation"},{"start_time":"164.22","end_time":"164.6","alternatives":[{"confidence":"0.974","content":"보니까"}],"type":"pronunciation"},{"start_time":"164.67","end_time":"164.93","alternatives":[{"confidence":"0.9829","content":"이용하는"}],"type":"pronunciation"},{"start_time":"164.93","end_time":"164.99","alternatives":[{"confidence":"0.9431","content":"거"}],"type":"pronunciation"},{"start_time":"164.99","end_time":"165.31","alternatives":[{"confidence":"0.9998","content":"말씀을"}],"type":"pronunciation"},{"start_time":"165.31","end_time":"166.62","alternatives":[{"confidence":"0.9993","content":"해주셨잖아요"}],"type":"pronunciation"},{"start_time":"167.58","end_time":"167.69","alternatives":[{"confidence":"0.9632","content":"이"}],"type":"pronunciation"},{"start_time":"167.69","end_time":"168.06","alternatives":[{"confidence":"0.9998","content":"내용에"}],"type":"pronunciation"},{"start_time":"168.06","end_time":"168.42","alternatives":[{"confidence":"1.0","content":"대해서"}],"type":"pronunciation"},{"start_time":"168.42","end_time":"168.6","alternatives":[{"confidence":"0.8544","content":"저희"}],"type":"pronunciation"},{"start_time":"168.6","end_time":"168.84","alternatives":[{"confidence":"0.9948","content":"쪽에서"}],"type":"pronunciation"},{"start_time":"168.84","end_time":"169.33","alternatives":[{"confidence":"0.8360000000000001","content":"진술해주신"}],"type":"pronunciation"},{"start_time":"169.33","end_time":"169.54","alternatives":[{"confidence":"0.7803","content":"내용"}],"type":"pronunciation"},{"start_time":"169.54","end_time":"169.84","alternatives":[{"confidence":"0.6048","content":"이유를"}],"type":"pronunciation"},{"start_time":"169.84","end_time":"169.99","alternatives":[{"confidence":"0.9974","content":"좀"}],"type":"pronunciation"},{"start_time":"169.99","end_time":"170.35","alternatives":[{"confidence":"1.0","content":"정확하게"}],"type":"pronunciation"},{"start_time":"170.35","end_time":"170.53","alternatives":[{"confidence":"0.9799","content":"알고"}],"type":"pronunciation"},{"start_time":"170.53","end_time":"171.06","alternatives":[{"confidence":"0.9971","content":"있어요"}],"type":"pronunciation"},{"alternatives":[{"confidence":"0.0","content":"."}],"type":"punctuation"},{"start_time":"172.21","end_time":"172.49","alternatives":[{"confidence":"0.9997","content":"지금"}],"type":"pronunciation"},{"start_time":"172.49","end_time":"173.39","alternatives":[{"confidence":"0.6886","content":"말씀드린"}],"type":"pronunciation"},{"start_time":"173.42","end_time":"174.56","alternatives":[{"confidence":"0.46349999999999997","content":"거제"}],"type":"pronunciation"},{"start_time":"174.83","end_time":"175.29","alternatives":[{"confidence":"0.9953","content":"상황을"}],"type":"pronunciation"},{"start_time":"175.29","end_time":"176.3","alternatives":[{"confidence":"0.9423","content":"말했던"}],"type":"pronunciation"},{"start_time":"176.3","end_time":"176.74","alternatives":[{"confidence":"0.61885","content":"이유예요"}],"type":"pronunciation"},{"alternatives":[{"confidence":"0.0","content":"."}],"type":"punctuation"},{"start_time":"177.5","end_time":"177.87","alternatives":[{"confidence":"1.0","content":"그렇죠"}],"type":"pronunciation"},{"alternatives":[{"confidence":"0.0","content":"."}],"type":"punctuation"},{"start_time":"177.87","end_time":"178.13","alternatives":[{"confidence":"0.9997","content":"그렇죠"}],"type":"pronunciation"},{"alternatives":[{"confidence":"0.0","content":"."}],"type":"punctuation"},{"start_time":"178.14","end_time":"178.52","alternatives":[{"confidence":"1.0","content":"정확한"}],"type":"pronunciation"},{"start_time":"178.52","end_time":"178.85","alternatives":[{"confidence":"0.7307","content":"내용"}],"type":"pronunciation"},{"start_time":"182.82","end_time":"183.93","alternatives":[{"confidence":"0.8732","content":"확인하시는"}],"type":"pronunciation"},{"start_time":"183.93","end_time":"184.53","alternatives":[{"confidence":"0.9983500000000001","content":"부분인데"}],"type":"pronunciation"},{"start_time":"184.53","end_time":"184.68","alternatives":[{"confidence":"0.9996","content":"이게"}],"type":"pronunciation"},{"start_time":"184.68","end_time":"185.18","alternatives":[{"confidence":"0.8498","content":"뭐냐면"}],"type":"pronunciation"},{"start_time":"185.19","end_time":"185.36","alternatives":[{"confidence":"0.8967","content":"이제"}],"type":"pronunciation"},{"start_time":"186.14","end_time":"186.39","alternatives":[{"confidence":"0.9998","content":"제가"}],"type":"pronunciation"},{"start_time":"186.39","end_time":"186.5","alternatives":[{"confidence":"0.8154","content":"이제"}],"type":"pronunciation"},{"start_time":"186.51","end_time":"187.67","alternatives":[{"confidence":"0.8306666666666667","content":"계좌추적이라는"}],"type":"pronunciation"},{"start_time":"187.67","end_time":"187.92","alternatives":[{"confidence":"0.9913","content":"어떤"}],"type":"pronunciation"},{"start_time":"187.92","end_time":"188.17","alternatives":[{"confidence":"0.7814","content":"조사가"}],"type":"pronunciation"},{"start_time":"188.17","end_time":"188.29","alternatives":[{"confidence":"0.8815","content":"좀"}],"type":"pronunciation"},{"start_time":"188.29","end_time":"188.63","alternatives":[{"confidence":"0.99545","content":"진행이"}],"type":"pronunciation"},{"start_time":"188.63","end_time":"189.53","alternatives":[{"confidence":"0.921","content":"돼요"}],"type":"pronunciation"},{"alternatives":[{"confidence":"0.0","content":"."}],"type":"punctuation"},{"start_time":"190.4","end_time":"191.22","alternatives":[{"confidence":"0.7791","content":"계좌추적을"}],"type":"pronunciation"},{"start_time":"191.22","end_time":"191.38","alternatives":[{"confidence":"0.9723","content":"하게"}],"type":"pronunciation"},{"start_time":"191.38","end_time":"191.71","alternatives":[{"confidence":"0.61545","content":"되면은"}],"type":"pronunciation"},{"start_time":"191.71","end_time":"192.27","alternatives":[{"confidence":"0.9787","content":"제가"}],"type":"pronunciation"},{"start_time":"192.27","end_time":"192.5","alternatives":[{"confidence":"1.0","content":"일단"}],"type":"pronunciation"},{"start_time":"192.5","end_time":"192.88","alternatives":[{"confidence":"0.9227","content":"기본적인"}],"type":"pronunciation"},{"start_time":"192.88","end_time":"192.94","alternatives":[{"confidence":"0.4261","content":"일"}],"type":"pronunciation"},{"start_time":"192.94","end_time":"193.12","alternatives":[{"confidence":"0.9985","content":"년"}],"type":"pronunciation"},{"start_time":"193.12","end_time":"193.27","alternatives":[{"confidence":"0.5608","content":"육"}],"type":"pronunciation"},{"start_time":"193.27","end_time":"194.24","alternatives":[{"confidence":"0.96655","content":"개월에서"}],"type":"pronunciation"},{"start_time":"195.39","end_time":"195.51","alternatives":[{"confidence":"0.6733","content":"이"}],"type":"pronunciation"},{"start_time":"195.51","end_time":"195.67","alternatives":[{"confidence":"0.883","content":"년"}],"type":"pronunciation"},{"start_time":"195.67","end_time":"195.92","alternatives":[{"confidence":"0.988","content":"정도"}],"type":"pronunciation"},{"start_time":"195.92","end_time":"196.46","alternatives":[{"confidence":"0.9961","content":"되는"}],"type":"pronunciation"},{"start_time":"196.46","end_time":"196.8","alternatives":[{"confidence":"0.8854","content":"어떤"}],"type":"pronunciation"},{"start_time":"197.33","end_time":"197.8","alternatives":[{"confidence":"0.74395","content":"거래내역"}],"type":"pronunciation"},{"start_time":"197.8","end_time":"198.02","alternatives":[{"confidence":"0.9962","content":"같은"}],"type":"pronunciation"},{"start_time":"198.02","end_time":"198.3","alternatives":[{"confidence":"0.7298","content":"부분을"}],"type":"pronunciation"},{"start_time":"198.3","end_time":"198.56","alternatives":[{"confidence":"0.8344","content":"열어서"}],"type":"pronunciation"},{"start_time":"198.56","end_time":"198.91","alternatives":[{"confidence":"0.9968","content":"확인을"}],"type":"pronunciation"},{"start_time":"198.91","end_time":"199.04","alternatives":[{"confidence":"0.997","content":"좀"}],"type":"pronunciation"},{"start_time":"199.04","end_time":"199.17","alternatives":[{"confidence":"0.7555","content":"할"}],"type":"pronunciation"},{"start_time":"199.17","end_time":"200.19","alternatives":[{"confidence":"1.0","content":"거예요"}],"type":"pronunciation"},{"alternatives":[{"confidence":"0.0","content":"."}],"type":"punctuation"},{"start_time":"201.21","end_time":"201.32","alternatives":[{"confidence":"0.9974","content":"이"}],"type":"pronunciation"},{"start_time":"201.32","end_time":"201.99","alternatives":[{"confidence":"1.0","content":"과정에서"}],"type":"pronunciation"},{"start_time":"201.99","end_time":"202.2","alternatives":[{"confidence":"0.9981","content":"이제"}],"type":"pronunciation"},{"start_time":"202.23","end_time":"202.95","alternatives":[{"confidence":"0.9984","content":"앞서"}],"type":"pronunciation"},{"start_time":"202.95","end_time":"203.42","alternatives":[{"confidence":"0.8702","content":"말씀드린"}],"type":"pronunciation"},{"start_time":"203.42","end_time":"204.17","alternatives":[{"confidence":"0.9994","content":"것처럼"}],"type":"pronunciation"},{"start_time":"204.56","end_time":"205.47","alternatives":[{"confidence":"0.9556","content":"내용처럼"}],"type":"pronunciation"},{"start_time":"205.85","end_time":"206.09","alternatives":[{"confidence":"0.7543","content":"께서"}],"type":"pronunciation"},{"start_time":"206.09","end_time":"206.59","alternatives":[{"confidence":"0.9995","content":"모르시는"}],"type":"pronunciation"},{"start_time":"206.59","end_time":"206.83","alternatives":[{"confidence":"0.992","content":"그런"}],"type":"pronunciation"},{"start_time":"206.83","end_time":"207.35","alternatives":[{"confidence":"0.8779666666666666","content":"부분발견될"}],"type":"pronunciation"},{"start_time":"207.35","end_time":"207.53","alternatives":[{"confidence":"1.0","content":"수도"}],"type":"pronunciation"},{"start_time":"207.53","end_time":"207.97","alternatives":[{"confidence":"1.0","content":"있고"}],"type":"pronunciation"},{"start_time":"207.97","end_time":"208.45","alternatives":[{"confidence":"0.9650000000000001","content":"그죠"}],"type":"pronunciation"},{"alternatives":[{"confidence":"0.0","content":"."}],"type":"punctuation"},{"start_time":"209.49","end_time":"209.88","alternatives":[{"confidence":"0.9998","content":"그러니까"}],"type":"pronunciation"},{"start_time":"209.88","end_time":"210.02","alternatives":[{"confidence":"0.5629","content":"이"}],"type":"pronunciation"},{"start_time":"210.02","end_time":"210.31","alternatives":[{"confidence":"0.391","content":"차피"}],"type":"pronunciation"},{"start_time":"210.31","end_time":"210.52","alternatives":[{"confidence":"0.8653","content":"같은"}],"type":"pronunciation"},{"start_time":"210.52","end_time":"210.6","alternatives":[{"confidence":"0.8475","content":"게"}],"type":"pronunciation"},{"start_time":"210.6","end_time":"210.92","alternatives":[{"confidence":"0.7248","content":"발생할"}],"type":"pronunciation"},{"start_time":"210.92","end_time":"210.99","alternatives":[{"confidence":"0.9987","content":"수"}],"type":"pronunciation"},{"start_time":"210.99","end_time":"211.17","alternatives":[{"confidence":"0.9985","content":"있는"}],"type":"pronunciation"},{"start_time":"211.17","end_time":"211.43","alternatives":[{"confidence":"1.0","content":"부분이"}],"type":"pronunciation"},{"start_time":"211.43","end_time":"211.6","alternatives":[{"confidence":"0.9975","content":"있기"}],"type":"pronunciation"},{"start_time":"211.6","end_time":"212.13","alternatives":[{"confidence":"0.9995","content":"때문에"}],"type":"pronunciation"},{"start_time":"212.25","end_time":"212.6","alternatives":[{"confidence":"0.9997","content":"확인을"}],"type":"pronunciation"},{"start_time":"212.6","end_time":"212.74","alternatives":[{"confidence":"0.9562","content":"할"}],"type":"pronunciation"},{"start_time":"212.74","end_time":"213.29","alternatives":[{"confidence":"0.9564","content":"거고"}],"type":"pronunciation"},{"start_time":"214.59","end_time":"214.73","alternatives":[{"confidence":"0.9975","content":"또"}],"type":"pronunciation"},{"start_time":"214.73","end_time":"214.93","alternatives":[{"confidence":"0.9973","content":"이제"}],"type":"pronunciation"},{"start_time":"214.96","end_time":"215.32","alternatives":[{"confidence":"0.5423","content":"본인"}],"type":"pronunciation"},{"start_time":"215.32","end_time":"215.78","alternatives":[{"confidence":"0.83205","content":"자금에"}],"type":"pronunciation"},{"start_time":"215.78","end_time":"216.29","alternatives":[{"confidence":"0.8671","content":"대해서"}],"type":"pronunciation"},{"start_time":"217.38","end_time":"217.81","alternatives":[{"confidence":"0.9523","content":"소득에"}],"type":"pronunciation"},{"start_time":"217.81","end_time":"218.02","alternatives":[{"confidence":"0.9674","content":"의해서"}],"type":"pronunciation"},{"start_time":"218.02","end_time":"218.45","alternatives":[{"confidence":"0.9979","content":"합법적인"}],"type":"pronunciation"},{"start_time":"218.45","end_time":"219.08","alternatives":[{"confidence":"0.8774000000000001","content":"자금인지에"}],"type":"pronunciation"},{"start_time":"219.08","end_time":"219.27","alternatives":[{"confidence":"0.9983","content":"대한"}],"type":"pronunciation"},{"start_time":"219.27","end_time":"219.55","alternatives":[{"confidence":"0.9269","content":"내용을"}],"type":"pronunciation"},{"start_time":"219.55","end_time":"219.78","alternatives":[{"confidence":"1.0","content":"저희가"}],"type":"pronunciation"},{"start_time":"219.78","end_time":"220.15","alternatives":[{"confidence":"0.9996","content":"확인을"}],"type":"pronunciation"},{"start_time":"220.15","end_time":"220.28","alternatives":[{"confidence":"0.9763","content":"할"}],"type":"pronunciation"},{"start_time":"220.28","end_time":"221.1","alternatives":[{"confidence":"0.6158","content":"거예요"}],"type":"pronunciation"},{"alternatives":[{"confidence":"0.0","content":"."}],"type":"punctuation"},{"start_time":"221.93","end_time":"222.26","alternatives":[{"confidence":"0.4988","content":"그런데"}],"type":"pronunciation"},{"start_time":"222.26","end_time":"222.43","alternatives":[{"confidence":"0.9993","content":"이게"}],"type":"pronunciation"},{"start_time":"222.43","end_time":"222.71","alternatives":[{"confidence":"0.475","content":"본인"}],"type":"pronunciation"},{"start_time":"222.71","end_time":"222.8","alternatives":[{"confidence":"0.8967","content":"게"}],"type":"pronunciation"},{"start_time":"222.8","end_time":"223.67","alternatives":[{"confidence":"0.9949","content":"맞다면"}],"type":"pronunciation"},{"start_time":"224.97","end_time":"225.18","alternatives":[{"confidence":"0.9317","content":"저희"}],"type":"pronunciation"},{"start_time":"225.18","end_time":"225.4","alternatives":[{"confidence":"0.9512","content":"쪽에"}],"type":"pronunciation"},{"start_time":"225.43","end_time":"225.61","alternatives":[{"confidence":"0.9774","content":"이제"}],"type":"pronunciation"},{"start_time":"225.61","end_time":"226.47","alternatives":[{"confidence":"0.9943","content":"금융감독원에서"}],"type":"pronunciation"},{"start_time":"226.5","end_time":"227.54","alternatives":[{"confidence":"0.9811500000000001","content":"내용증명확인서를"}],"type":"pronunciation"},{"start_time":"227.54","end_time":"227.71","alternatives":[{"confidence":"0.5021","content":"저희"}],"type":"pronunciation"},{"start_time":"227.71","end_time":"227.9","alternatives":[{"confidence":"0.9906","content":"쪽에"}],"type":"pronunciation"},{"start_time":"227.9","end_time":"228.31","alternatives":[{"confidence":"0.9238999999999999","content":"보내줄"}],"type":"pronunciation"},{"start_time":"228.31","end_time":"228.87","alternatives":[{"confidence":"0.9986","content":"거고"}],"type":"pronunciation"},{"start_time":"230.41","end_time":"230.53","alternatives":[{"confidence":"0.3835","content":"이"}],"type":"pronunciation"},{"start_time":"230.53","end_time":"231.24","alternatives":[{"confidence":"0.9831666666666666","content":"내용증명서를"}],"type":"pronunciation"},{"start_time":"231.24","end_time":"231.43","alternatives":[{"confidence":"0.8717","content":"제가"}],"type":"pronunciation"},{"start_time":"231.43","end_time":"231.68","alternatives":[{"confidence":"0.9642","content":"받게"}],"type":"pronunciation"},{"start_time":"231.68","end_time":"232.04","alternatives":[{"confidence":"0.44235","content":"되면은"}],"type":"pronunciation"},{"start_time":"232.04","end_time":"232.18","alternatives":[{"confidence":"0.261","content":"이제"}],"type":"pronunciation"},{"start_time":"232.21","end_time":"232.77","alternatives":[{"confidence":"0.9475","content":"본인이"}],"type":"pronunciation"},{"start_time":"232.77","end_time":"233.12","alternatives":[{"confidence":"0.9718","content":"자산이"}],"type":"pronunciation"},{"start_time":"233.12","end_time":"233.64","alternatives":[{"confidence":"0.8425333333333334","content":"맞다라는"}],"type":"pronunciation"},{"start_time":"233.64","end_time":"234.01","alternatives":[{"confidence":"0.9995","content":"부분이기"}],"type":"pronunciation"},{"start_time":"234.01","end_time":"234.6","alternatives":[{"confidence":"0.9979","content":"때문에"}],"type":"pronunciation"},{"start_time":"235.92","end_time":"236.19","alternatives":[{"confidence":"0.5703","content":"제가"}],"type":"pronunciation"},{"start_time":"236.25","end_time":"237.05","alternatives":[{"confidence":"0.7456499999999999","content":"피해자혐의"}],"type":"pronunciation"},{"start_time":"237.05","end_time":"237.45","alternatives":[{"confidence":"0.63245","content":"입증서를"}],"type":"pronunciation"},{"start_time":"237.45","end_time":"237.72","alternatives":[{"confidence":"0.88395","content":"완료를"}],"type":"pronunciation"},{"start_time":"237.72","end_time":"237.95","alternatives":[{"confidence":"0.7532","content":"해드릴"}],"type":"pronunciation"},{"start_time":"237.95","end_time":"238.65","alternatives":[{"confidence":"0.96845","content":"거고요"}],"type":"pronunciation"},{"alternatives":[{"confidence":"0.0","content":"."}],"type":"punctuation"},{"start_time":"240.06","end_time":"240.67","alternatives":[{"confidence":"0.9902666666666667","content":"이해되시겠죠"}],"type":"pronunciation"},{"start_time":"240.67","end_time":"240.95","alternatives":[{"confidence":"0.8457","content":"그렇게"}],"type":"pronunciation"},{"start_time":"240.95","end_time":"241.29","alternatives":[{"confidence":"0.9713","content":"되시게"}],"type":"pronunciation"},{"start_time":"241.29","end_time":"241.96","alternatives":[{"confidence":"0.69545","content":"되면은"}],"type":"pronunciation"},{"start_time":"241.96","end_time":"242.35","alternatives":[{"confidence":"0.5269","content":"본인이"}],"type":"pronunciation"},{"start_time":"242.35","end_time":"243.04","alternatives":[{"confidence":"0.7889999999999999","content":"피해자혐의로"}],"type":"pronunciation"},{"start_time":"243.04","end_time":"243.11","alternatives":[{"confidence":"0.9301","content":"이"}],"type":"pronunciation"},{"start_time":"243.11","end_time":"243.47","alternatives":[{"confidence":"0.9728","content":"사건에서"}],"type":"pronunciation"},{"start_time":"243.47","end_time":"243.8","alternatives":[{"confidence":"0.4177","content":"종교를"}],"type":"pronunciation"},{"start_time":"243.8","end_time":"244.14","alternatives":[{"confidence":"0.9525","content":"하시는"}],"type":"pronunciation"},{"start_time":"244.14","end_time":"244.43","alternatives":[{"confidence":"0.83245","content":"부분인"}],"type":"pronunciation"},{"start_time":"244.43","end_time":"244.97","alternatives":[{"confidence":"1.0","content":"거고"}],"type":"pronunciation"},{"start_time":"245.51","end_time":"245.9","alternatives":[{"confidence":"0.99025","content":"차후에"}],"type":"pronunciation"},{"start_time":"245.9","end_time":"246.46","alternatives":[{"confidence":"0.9944","content":"본인께서"}],"type":"pronunciation"},{"start_time":"246.46","end_time":"246.61","alternatives":[{"confidence":"0.9849","content":"이제"}],"type":"pronunciation"},{"start_time":"246.64","end_time":"247.16","alternatives":[{"confidence":"0.9902","content":"이용됐던"}],"type":"pronunciation"},{"start_time":"247.16","end_time":"247.56","alternatives":[{"confidence":"0.2587","content":"명의"}],"type":"pronunciation"},{"start_time":"248.29","end_time":"248.38","alternatives":[{"confidence":"0.9168","content":"이"}],"type":"pronunciation"},{"start_time":"248.38","end_time":"248.7","alternatives":[{"confidence":"1.0","content":"부분에"}],"type":"pronunciation"},{"start_time":"248.7","end_time":"249.03","alternatives":[{"confidence":"0.9993","content":"대해서"}],"type":"pronunciation"},{"start_time":"249.03","end_time":"249.8","alternatives":[{"confidence":"0.9968","content":"어떤"}],"type":"pronunciation"},{"start_time":"249.8","end_time":"251.39","alternatives":[{"confidence":"0.6759333333333334","content":"피해보상그런걸"}],"type":"pronunciation"},{"start_time":"251.39","end_time":"251.89","alternatives":[{"confidence":"0.99865","content":"원하시면"}],"type":"pronunciation"},{"start_time":"251.89","end_time":"252.18","alternatives":[{"confidence":"1.0","content":"저희가"}],"type":"pronunciation"},{"start_time":"252.18","end_time":"252.3","alternatives":[{"confidence":"0.9887","content":"또"}],"type":"pronunciation"},{"start_time":"252.3","end_time":"252.56","alternatives":[{"confidence":"0.9906","content":"이제"}],"type":"pronunciation"},{"start_time":"252.78","end_time":"253.2","alternatives":[{"confidence":"0.9818","content":"식당들에"}],"type":"pronunciation"},{"start_time":"253.2","end_time":"253.46","alternatives":[{"confidence":"0.9967","content":"대해서"}],"type":"pronunciation"},{"start_time":"253.49","end_time":"253.96","alternatives":[{"confidence":"0.85665","content":"보수하는"}],"type":"pronunciation"},{"start_time":"253.96","end_time":"254.28","alternatives":[{"confidence":"0.9973","content":"부분은"}],"type":"pronunciation"},{"start_time":"254.28","end_time":"254.52","alternatives":[{"confidence":"1.0","content":"저희가"}],"type":"pronunciation"},{"start_time":"254.52","end_time":"254.62","alternatives":[{"confidence":"0.4907","content":"좀"}],"type":"pronunciation"},{"start_time":"254.62","end_time":"254.85","alternatives":[{"confidence":"0.87835","content":"해드릴"}],"type":"pronunciation"},{"start_time":"254.85","end_time":"254.92","alternatives":[{"confidence":"1.0","content":"수"}],"type":"pronunciation"},{"start_time":"254.92","end_time":"255.08","alternatives":[{"confidence":"0.9998","content":"있는"}],"type":"pronunciation"},{"start_time":"255.08","end_time":"255.35","alternatives":[{"confidence":"1.0","content":"부분이"}],"type":"pronunciation"},{"start_time":"255.35","end_time":"255.76","alternatives":[{"confidence":"0.6762","content":"생기시는"}],"type":"pronunciation"},{"start_time":"255.76","end_time":"256.34","alternatives":[{"confidence":"0.9997","content":"거고"}],"type":"pronunciation"},{"start_time":"257.54","end_time":"257.97","alternatives":[{"confidence":"0.9063","content":"앞서"}],"type":"pronunciation"},{"start_time":"257.97","end_time":"258.17","alternatives":[{"confidence":"0.9824","content":"이제"}],"type":"pronunciation"},{"start_time":"258.18","end_time":"259.87","alternatives":[{"confidence":"0.9044","content":"구매자들에게"}],"type":"pronunciation"},{"start_time":"259.97","end_time":"260.25","alternatives":[{"confidence":"0.6677","content":"피해"}],"type":"pronunciation"},{"start_time":"260.25","end_time":"260.5","alternatives":[{"confidence":"0.9028","content":"받게"}],"type":"pronunciation"},{"start_time":"260.5","end_time":"260.8","alternatives":[{"confidence":"0.9991","content":"되면서"}],"type":"pronunciation"},{"start_time":"260.8","end_time":"261.39","alternatives":[{"confidence":"0.9556","content":"발생되었던"}],"type":"pronunciation"},{"start_time":"261.42","end_time":"262.13","alternatives":[{"confidence":"0.9960333333333334","content":"고소고발건에"}],"type":"pronunciation"},{"start_time":"262.13","end_time":"262.67","alternatives":[{"confidence":"1.0","content":"대해서도"}],"type":"pronunciation"},{"start_time":"262.9","end_time":"263.14","alternatives":[{"confidence":"0.964","content":"저희가"}],"type":"pronunciation"},{"start_time":"263.14","end_time":"263.53","alternatives":[{"confidence":"1.0","content":"당연히"}],"type":"pronunciation"},{"start_time":"263.53","end_time":"263.68","alternatives":[{"confidence":"0.9203","content":"다"}],"type":"pronunciation"},{"start_time":"263.68","end_time":"264.08","alternatives":[{"confidence":"0.9213666666666667","content":"취하가"}],"type":"pronunciation"},{"start_time":"264.08","end_time":"264.44","alternatives":[{"confidence":"0.9949","content":"되시는"}],"type":"pronunciation"},{"start_time":"264.44","end_time":"264.68","alternatives":[{"confidence":"1.0","content":"부분이"}],"type":"pronunciation"},{"start_time":"264.68","end_time":"265.03","alternatives":[{"confidence":"0.9644999999999999","content":"생기실"}],"type":"pronunciation"},{"start_time":"265.03","end_time":"265.96","alternatives":[{"confidence":"0.9993","content":"거예요"}],"type":"pronunciation"},{"alternatives":[{"confidence":"0.0","content":"."}],"type":"punctuation"},{"start_time":"266.91","end_time":"267.6","alternatives":[{"confidence":"0.9385","content":"이해되시죠"}],"type":"pronunciation"},{"start_time":"267.97","end_time":"268.29","alternatives":[{"confidence":"1.0","content":"저희가"}],"type":"pronunciation"},{"start_time":"268.29","end_time":"268.41","alternatives":[{"confidence":"0.9233","content":"뭐"}],"type":"pronunciation"},{"start_time":"268.44","end_time":"269.28","alternatives":[{"confidence":"1.0","content":"아무렇게나"}],"type":"pronunciation"},{"start_time":"269.28","end_time":"269.75","alternatives":[{"confidence":"0.9995","content":"확인하고"}],"type":"pronunciation"},{"start_time":"269.75","end_time":"270.17","alternatives":[{"confidence":"0.9632","content":"진행되는"}],"type":"pronunciation"},{"start_time":"270.17","end_time":"270.46","alternatives":[{"confidence":"1.0","content":"부분이"}],"type":"pronunciation"},{"start_time":"270.46","end_time":"271.12","alternatives":[{"confidence":"1.0","content":"아니고"}],"type":"pronunciation"},{"start_time":"271.48","end_time":"271.94","alternatives":[{"confidence":"0.8698","content":"실질적으로"}],"type":"pronunciation"},{"start_time":"271.94","end_time":"272.64","alternatives":[{"confidence":"0.9698500000000001","content":"이행되는"}],"type":"pronunciation"},{"start_time":"273.19","end_time":"273.67","alternatives":[{"confidence":"0.9628","content":"이용되는"}],"type":"pronunciation"},{"start_time":"273.67","end_time":"274.71","alternatives":[{"confidence":"1.0","content":"부분에서"}],"type":"pronunciation"},{"start_time":"275.15","end_time":"275.4","alternatives":[{"confidence":"0.6693","content":"제가"}],"type":"pronunciation"},{"start_time":"275.4","end_time":"275.52","alternatives":[{"confidence":"0.9915","content":"이제"}],"type":"pronunciation"},{"start_time":"275.52","end_time":"276.14","alternatives":[{"confidence":"0.9932","content":"안전하다고"}],"type":"pronunciation"},{"start_time":"276.14","end_time":"276.91","alternatives":[{"confidence":"0.99985","content":"판단되는"}],"type":"pronunciation"},{"start_time":"276.91","end_time":"277.65","alternatives":[{"confidence":"0.7108333333333333","content":"한계계좌도"}],"type":"pronunciation"},{"start_time":"277.65","end_time":"277.92","alternatives":[{"confidence":"0.793","content":"신고"}],"type":"pronunciation"},{"start_time":"277.92","end_time":"278.21","alternatives":[{"confidence":"1.0","content":"절차를"}],"type":"pronunciation"},{"start_time":"278.21","end_time":"278.47","alternatives":[{"confidence":"0.9877","content":"받을"}],"type":"pronunciation"},{"start_time":"278.47","end_time":"279.3","alternatives":[{"confidence":"0.9968","content":"거예요"}],"type":"pronunciation"},{"alternatives":[{"confidence":"0.0","content":"."}],"type":"punctuation"},{"start_time":"280.08","end_time":"280.22","alternatives":[{"confidence":"0.7304","content":"이"}],"type":"pronunciation"},{"start_time":"280.22","end_time":"280.47","alternatives":[{"confidence":"0.6611","content":"신고"}],"type":"pronunciation"},{"start_time":"280.47","end_time":"280.84","alternatives":[{"confidence":"0.748","content":"절차를"}],"type":"pronunciation"},{"start_time":"280.84","end_time":"281.88","alternatives":[{"confidence":"0.5163500000000001","content":"뭐냐면은"}],"type":"pronunciation"},{"start_time":"281.88","end_time":"283.15","alternatives":[{"confidence":"0.6931666666666666","content":"본인강화조치"}],"type":"pronunciation"},{"start_time":"283.15","end_time":"283.68","alternatives":[{"confidence":"0.9667","content":"및"}],"type":"pronunciation"},{"start_time":"284.48","end_time":"285.12","alternatives":[{"confidence":"0.97755","content":"안전조치가"}],"type":"pronunciation"},{"start_time":"285.12","end_time":"286.21","alternatives":[{"confidence":"0.9119666666666667","content":"들어가시면서"}],"type":"pronunciation"},{"alternatives":[{"confidence":"0.0","content":"?"}],"type":"punctuation"},{"start_time":"287.1","end_time":"287.62","alternatives":[{"confidence":"0.5537","content":"예"}],"type":"pronunciation"},{"alternatives":[{"confidence":"0.0","content":"."}],"type":"punctuation"},{"start_time":"287.89","end_time":"288.08","alternatives":[{"confidence":"0.8532","content":"저희"}],"type":"pronunciation"},{"start_time":"288.08","end_time":"288.35","alternatives":[{"confidence":"0.9993","content":"쪽에서"}],"type":"pronunciation"},{"start_time":"288.38","end_time":"289.04","alternatives":[{"confidence":"0.7836666666666666","content":"본인자금에"}],"type":"pronunciation"},{"start_time":"289.04","end_time":"289.26","alternatives":[{"confidence":"0.9977","content":"대한"}],"type":"pronunciation"},{"start_time":"289.26","end_time":"289.59","alternatives":[{"confidence":"0.8315999999999999","content":"확인이"}],"type":"pronunciation"},{"start_time":"289.59","end_time":"289.74","alternatives":[{"confidence":"0.9522","content":"좀"}],"type":"pronunciation"},{"start_time":"289.74","end_time":"289.96","alternatives":[{"confidence":"0.9199","content":"있을"}],"type":"pronunciation"},{"start_time":"289.96","end_time":"290.61","alternatives":[{"confidence":"0.9838","content":"건데"}],"type":"pronunciation"},{"start_time":"291.63","end_time":"291.9","alternatives":[{"confidence":"0.7319","content":"전부"}],"type":"pronunciation"},{"start_time":"291.9","end_time":"292.01","alternatives":[{"confidence":"0.9934","content":"다"}],"type":"pronunciation"},{"start_time":"292.01","end_time":"292.3","alternatives":[{"confidence":"0.9997","content":"신고를"}],"type":"pronunciation"},{"start_time":"292.3","end_time":"292.53","alternatives":[{"confidence":"0.9899","content":"받을"}],"type":"pronunciation"},{"start_time":"292.53","end_time":"292.65","alternatives":[{"confidence":"0.9991","content":"수"}],"type":"pronunciation"},{"start_time":"292.65","end_time":"293.32","alternatives":[{"confidence":"0.9857","content":"없는"}],"type":"pronunciation"},{"start_time":"293.32","end_time":"293.45","alternatives":[{"confidence":"0.4603","content":"좀"}],"type":"pronunciation"},{"start_time":"293.6","end_time":"293.93","alternatives":[{"confidence":"0.9062","content":"말씀을"}],"type":"pronunciation"},{"start_time":"293.93","end_time":"294.58","alternatives":[{"confidence":"0.9512","content":"드리면"}],"type":"pronunciation"},{"start_time":"295.59","end_time":"295.8","alternatives":[{"confidence":"0.9828","content":"제가"}],"type":"pronunciation"},{"start_time":"295.8","end_time":"296.16","alternatives":[{"confidence":"1.0","content":"신고를"}],"type":"pronunciation"},{"start_time":"296.16","end_time":"296.45","alternatives":[{"confidence":"0.9352","content":"받게"}],"type":"pronunciation"},{"start_time":"296.45","end_time":"296.88","alternatives":[{"confidence":"0.7335","content":"되면"}],"type":"pronunciation"},{"start_time":"296.88","end_time":"297.19","alternatives":[{"confidence":"1.0","content":"향후"}],"type":"pronunciation"},{"start_time":"297.19","end_time":"297.33","alternatives":[{"confidence":"0.6028","content":"오"}],"type":"pronunciation"},{"start_time":"297.33","end_time":"297.54","alternatives":[{"confidence":"0.9174","content":"년"}],"type":"pronunciation"},{"start_time":"297.54","end_time":"298.07","alternatives":[{"confidence":"0.8907","content":"동안"}],"type":"pronunciation"},{"start_time":"298.1","end_time":"298.49","alternatives":[{"confidence":"0.7597","content":"강화도"}],"type":"pronunciation"},{"start_time":"298.49","end_time":"298.74","alternatives":[{"confidence":"0.7778","content":"치면"}],"type":"pronunciation"},{"start_time":"298.74","end_time":"299.27","alternatives":[{"confidence":"0.98075","content":"안전조치가"}],"type":"pronunciation"},{"start_time":"299.27","end_time":"300.47","alternatives":[{"confidence":"0.9554","content":"들어가시는데"}],"type":"pronunciation"},{"start_time":"300.88","end_time":"301.03","alternatives":[{"confidence":"0.5511","content":"이"}],"type":"pronunciation"},{"start_time":"301.03","end_time":"301.99","alternatives":[{"confidence":"0.75825","content":"오년에"}],"type":"pronunciation"},{"start_time":"301.99","end_time":"302.49","alternatives":[{"confidence":"0.521","content":"발생한"}],"type":"pronunciation"},{"start_time":"302.49","end_time":"302.66","alternatives":[{"confidence":"0.9859","content":"어떤"}],"type":"pronunciation"},{"start_time":"302.66","end_time":"302.93","alternatives":[{"confidence":"0.7998","content":"피해"}],"type":"pronunciation"},{"start_time":"302.93","end_time":"303.17","alternatives":[{"confidence":"0.9812","content":"같은"}],"type":"pronunciation"},{"start_time":"303.17","end_time":"303.49","alternatives":[{"confidence":"0.9996","content":"부분에"}],"type":"pronunciation"},{"start_time":"303.49","end_time":"304.28","alternatives":[{"confidence":"0.9318","content":"대해서"}],"type":"pronunciation"},{"start_time":"304.8","end_time":"305.07","alternatives":[{"confidence":"0.739","content":"차원의"}],"type":"pronunciation"},{"start_time":"305.07","end_time":"305.4","alternatives":[{"confidence":"0.9889","content":"공문을"}],"type":"pronunciation"},{"start_time":"305.4","end_time":"305.66","alternatives":[{"confidence":"0.9858","content":"확인해"}],"type":"pronunciation"},{"start_time":"305.66","end_time":"306.05","alternatives":[{"confidence":"0.9962","content":"보시면"}],"type":"pronunciation"},{"start_time":"306.05","end_time":"306.87","alternatives":[{"confidence":"1.0","content":"아시겠지만"}],"type":"pronunciation"},{"start_time":"306.9","end_time":"307.13","alternatives":[{"confidence":"0.9213","content":"뭐"}],"type":"pronunciation"},{"start_time":"307.48","end_time":"307.59","alternatives":[{"confidence":"0.9338","content":"이"}],"type":"pronunciation"},{"start_time":"307.59","end_time":"307.95","alternatives":[{"confidence":"0.998","content":"사건에"}],"type":"pronunciation"},{"start_time":"307.95","end_time":"308.09","alternatives":[{"confidence":"0.7953","content":"대해"}],"type":"pronunciation"},{"start_time":"308.09","end_time":"308.37","alternatives":[{"confidence":"0.8952","content":"접속"}],"type":"pronunciation"},{"start_time":"308.37","end_time":"308.59","alternatives":[{"confidence":"0.9727","content":"하실"}],"type":"pronunciation"},{"start_time":"308.59","end_time":"308.74","alternatives":[{"confidence":"0.3685","content":"때는"}],"type":"pronunciation"},{"start_time":"308.74","end_time":"309.5","alternatives":[{"confidence":"0.8008333333333333","content":"접속자라든가"}],"type":"pronunciation"},{"start_time":"309.5","end_time":"310.23","alternatives":[{"confidence":"0.75275","content":"보호자분들"}],"type":"pronunciation"},{"start_time":"310.23","end_time":"310.92","alternatives":[{"confidence":"0.9089","content":"외에"}],"type":"pronunciation"},{"start_time":"311.96","end_time":"312.24","alternatives":[{"confidence":"0.9961","content":"보니까"}],"type":"pronunciation"},{"start_time":"312.24","end_time":"312.57","alternatives":[{"confidence":"0.9921","content":"연락할"}],"type":"pronunciation"},{"start_time":"312.57","end_time":"312.66","alternatives":[{"confidence":"1.0","content":"수"}],"type":"pronunciation"},{"start_time":"312.66","end_time":"312.95","alternatives":[{"confidence":"0.9959","content":"없게끔"}],"type":"pronunciation"},{"start_time":"312.95","end_time":"313.17","alternatives":[{"confidence":"1.0","content":"저희가"}],"type":"pronunciation"},{"start_time":"313.17","end_time":"313.51","alternatives":[{"confidence":"0.6934","content":"진행해"}],"type":"pronunciation"},{"start_time":"313.51","end_time":"314.09","alternatives":[{"confidence":"0.7979","content":"드리는데"}],"type":"pronunciation"},{"start_time":"314.09","end_time":"314.35","alternatives":[{"confidence":"0.9999","content":"피해가"}],"type":"pronunciation"},{"start_time":"314.35","end_time":"314.81","alternatives":[{"confidence":"0.9995499999999999","content":"발생하게"}],"type":"pronunciation"},{"start_time":"314.81","end_time":"315.57","alternatives":[{"confidence":"0.5451","content":"되면"}],"type":"pronunciation"},{"start_time":"315.87","end_time":"316.1","alternatives":[{"confidence":"0.9885","content":"제가"}],"type":"pronunciation"},{"start_time":"316.1","end_time":"316.37","alternatives":[{"confidence":"0.7694","content":"본인"}],"type":"pronunciation"},{"start_time":"316.37","end_time":"316.82","alternatives":[{"confidence":"0.9772","content":"자산에"}],"type":"pronunciation"},{"start_time":"316.82","end_time":"317.7","alternatives":[{"confidence":"0.9999","content":"맞춰서"}],"type":"pronunciation"},{"start_time":"318.14","end_time":"318.32","alternatives":[{"confidence":"0.8104","content":"저희"}],"type":"pronunciation"},{"start_time":"318.32","end_time":"318.53","alternatives":[{"confidence":"0.9927","content":"쪽에서"}],"type":"pronunciation"},{"start_time":"318.53","end_time":"319.09","alternatives":[{"confidence":"0.8194","content":"피해보상을"}],"type":"pronunciation"},{"start_time":"319.09","end_time":"319.47","alternatives":[{"confidence":"0.7725","content":"해드려야"}],"type":"pronunciation"},{"start_time":"319.47","end_time":"319.91","alternatives":[{"confidence":"0.8012","content":"돼요"}],"type":"pronunciation"},{"alternatives":[{"confidence":"0.0","content":"."}],"type":"punctuation"},{"start_time":"322.18","end_time":"322.42","alternatives":[{"confidence":"0.8757","content":"이거"}],"type":"pronunciation"},{"start_time":"322.68","end_time":"323.08","alternatives":[{"confidence":"0.9309","content":"전부"}],"type":"pronunciation"},{"start_time":"323.08","end_time":"323.19","alternatives":[{"confidence":"0.9935","content":"다"}],"type":"pronunciation"},{"start_time":"323.19","end_time":"324.16","alternatives":[{"confidence":"0.8353","content":"기재받아놓고"}],"type":"pronunciation"},{"start_time":"324.16","end_time":"324.36","alternatives":[{"confidence":"0.98","content":"제가"}],"type":"pronunciation"},{"start_time":"324.36","end_time":"324.62","alternatives":[{"confidence":"0.7362","content":"전부"}],"type":"pronunciation"},{"start_time":"324.62","end_time":"324.73","alternatives":[{"confidence":"0.976","content":"다"}],"type":"pronunciation"},{"start_time":"324.73","end_time":"325.02","alternatives":[{"confidence":"0.79405","content":"보호해"}],"type":"pronunciation"},{"start_time":"325.02","end_time":"325.19","alternatives":[{"confidence":"0.9575","content":"드릴"}],"type":"pronunciation"},{"start_time":"325.19","end_time":"325.38","alternatives":[{"confidence":"1.0","content":"수가"}],"type":"pronunciation"},{"start_time":"325.38","end_time":"326.65","alternatives":[{"confidence":"1.0","content":"없어요"}],"type":"pronunciation"},{"alternatives":[{"confidence":"0.0","content":"."}],"type":"punctuation"},{"start_time":"327.62","end_time":"327.86","alternatives":[{"confidence":"0.9687","content":"같은"}],"type":"pronunciation"},{"start_time":"327.86","end_time":"328.35","alternatives":[{"confidence":"0.6949","content":"분만"}],"type":"pronunciation"},{"start_time":"328.35","end_time":"328.75","alternatives":[{"confidence":"0.8412","content":"발견된"}],"type":"pronunciation"},{"start_time":"329.14","end_time":"329.63","alternatives":[{"confidence":"0.9881","content":"전국적으로"}],"type":"pronunciation"},{"start_time":"329.95","end_time":"330.19","alternatives":[{"confidence":"0.8704","content":"이백"}],"type":"pronunciation"},{"start_time":"330.19","end_time":"330.3","alternatives":[{"confidence":"0.9529","content":"명"}],"type":"pronunciation"},{"start_time":"330.3","end_time":"330.46","alternatives":[{"confidence":"0.8456","content":"이상"}],"type":"pronunciation"},{"start_time":"330.46","end_time":"330.71","alternatives":[{"confidence":"0.6485","content":"관련"}],"type":"pronunciation"},{"start_time":"330.71","end_time":"331.7","alternatives":[{"confidence":"0.92355","content":"되셨는데"}],"type":"pronunciation"},{"start_time":"332.1","end_time":"332.48","alternatives":[{"confidence":"0.8688","content":"이분들이"}],"type":"pronunciation"},{"start_time":"332.48","end_time":"333.22","alternatives":[{"confidence":"1.0","content":"가해자혐의가"}],"type":"pronunciation"},{"start_time":"333.22","end_time":"333.37","alternatives":[{"confidence":"0.9986","content":"있는"}],"type":"pronunciation"},{"start_time":"333.37","end_time":"333.62","alternatives":[{"confidence":"1.0","content":"분들도"}],"type":"pronunciation"},{"start_time":"333.62","end_time":"334.1","alternatives":[{"confidence":"1.0","content":"있지만"}],"type":"pronunciation"},{"start_time":"334.58","end_time":"335.14","alternatives":[{"confidence":"0.7470000000000001","content":"피해자혐의가"}],"type":"pronunciation"},{"start_time":"335.14","end_time":"335.36","alternatives":[{"confidence":"1.0","content":"있다고"}],"type":"pronunciation"},{"start_time":"335.36","end_time":"335.79","alternatives":[{"confidence":"0.9991000000000001","content":"판단되는"}],"type":"pronunciation"},{"start_time":"335.79","end_time":"337.14","alternatives":[{"confidence":"0.7555000000000001","content":"그분들저보다"}],"type":"pronunciation"},{"start_time":"337.94","end_time":"338.49","alternatives":[{"confidence":"0.80635","content":"보호하게"}],"type":"pronunciation"},{"start_time":"338.49","end_time":"339.5","alternatives":[{"confidence":"0.9966","content":"되면"}],"type":"pronunciation"},{"start_time":"339.56","end_time":"340.09","alternatives":[{"confidence":"0.9968","content":"아시잖아요"}],"type":"pronunciation"},{"alternatives":[{"confidence":"0.0","content":","}],"type":"punctuation"},{"start_time":"340.09","end_time":"340.25","alternatives":[{"confidence":"0.3549","content":"이거"}],"type":"pronunciation"},{"start_time":"340.28","end_time":"340.58","alternatives":[{"confidence":"0.5916","content":"뭐"}],"type":"pronunciation"},{"start_time":"341.12","end_time":"341.31","alternatives":[{"confidence":"0.4923","content":"적인"}],"type":"pronunciation"},{"start_time":"341.31","end_time":"341.64","alternatives":[{"confidence":"0.998","content":"부분에서"}],"type":"pronunciation"},{"start_time":"341.64","end_time":"341.84","alternatives":[{"confidence":"0.8043","content":"저희"}],"type":"pronunciation"},{"start_time":"341.84","end_time":"342.18","alternatives":[{"confidence":"1.0","content":"쪽에서"}],"type":"pronunciation"},{"start_time":"342.18","end_time":"342.41","alternatives":[{"confidence":"0.8924","content":"그런"}],"type":"pronunciation"},{"start_time":"342.47","end_time":"342.66","alternatives":[{"confidence":"0.4064","content":"부분이"}],"type":"pronunciation"},{"start_time":"342.66","end_time":"342.94","alternatives":[{"confidence":"0.9969","content":"생기기"}],"type":"pronunciation"},{"start_time":"342.94","end_time":"343.5","alternatives":[{"confidence":"1.0","content":"때문에"}],"type":"pronunciation"},{"start_time":"343.8","end_time":"344.04","alternatives":[{"confidence":"0.9991","content":"제가"}],"type":"pronunciation"},{"start_time":"344.04","end_time":"344.63","alternatives":[{"confidence":"0.9979","content":"안전하다고"}],"type":"pronunciation"},{"start_time":"344.63","end_time":"345.47","alternatives":[{"confidence":"0.99965","content":"판단되는"}],"type":"pronunciation"},{"start_time":"345.47","end_time":"345.57","alternatives":[{"confidence":"0.4676","content":"이"}],"type":"pronunciation"},{"start_time":"345.57","end_time":"346.01","alternatives":[{"confidence":"0.99895","content":"계좌에"}],"type":"pronunciation"},{"start_time":"346.01","end_time":"346.42","alternatives":[{"confidence":"0.7194","content":"대해서만"}],"type":"pronunciation"},{"start_time":"346.42","end_time":"346.56","alternatives":[{"confidence":"0.9415","content":"제가"}],"type":"pronunciation"},{"start_time":"346.56","end_time":"346.66","alternatives":[{"confidence":"0.4407","content":"좀"}],"type":"pronunciation"},{"start_time":"346.66","end_time":"346.97","alternatives":[{"confidence":"0.9945","content":"확인을"}],"type":"pronunciation"},{"start_time":"346.97","end_time":"347.1","alternatives":[{"confidence":"0.9733","content":"할"}],"type":"pronunciation"},{"start_time":"347.1","end_time":"348.01","alternatives":[{"confidence":"0.997","content":"거예요"}],"type":"pronunciation"},{"alternatives":[{"confidence":"0.0","content":"."}],"type":"punctuation"},{"start_time":"348.92","end_time":"349.33","alternatives":[{"confidence":"0.9513","content":"예"}],"type":"pronunciation"},{"alternatives":[{"confidence":"0.0","content":"."}],"type":"punctuation"},{"start_time":"349.39","end_time":"349.72","alternatives":[{"confidence":"0.6071","content":"그런데"}],"type":"pronunciation"},{"start_time":"349.72","end_time":"350.24","alternatives":[{"confidence":"1.0","content":"아시다시피"}],"type":"pronunciation"},{"start_time":"350.24","end_time":"350.4","alternatives":[{"confidence":"0.3629","content":"뭐"}],"type":"pronunciation"},{"start_time":"350.43","end_time":"351.49","alternatives":[{"confidence":"0.6447500000000002","content":"미래이라든가"}],"type":"pronunciation"},{"start_time":"351.49","end_time":"351.78","alternatives":[{"confidence":"0.9191","content":"이런"}],"type":"pronunciation"},{"start_time":"351.78","end_time":"352.12","alternatives":[{"confidence":"0.6277","content":"증권"}],"type":"pronunciation"},{"start_time":"352.12","end_time":"353.53","alternatives":[{"confidence":"0.97255","content":"내용들있잖아요"}],"type":"pronunciation"},{"alternatives":[{"confidence":"0.0","content":"."}],"type":"punctuation"},{"start_time":"354.02","end_time":"354.29","alternatives":[{"confidence":"0.5473","content":"근데"}],"type":"pronunciation"},{"start_time":"354.29","end_time":"354.71","alternatives":[{"confidence":"0.9995","content":"이거는"}],"type":"pronunciation"},{"start_time":"354.71","end_time":"355.16","alternatives":[{"confidence":"0.8517","content":"증권은"}],"type":"pronunciation"},{"start_time":"355.31","end_time":"355.98","alternatives":[{"confidence":"0.9901500000000001","content":"본인께서"}],"type":"pronunciation"},{"start_time":"355.98","end_time":"356.64","alternatives":[{"confidence":"1.0","content":"아시잖아요"}],"type":"pronunciation"},{"alternatives":[{"confidence":"0.0","content":"."}],"type":"punctuation"},{"start_time":"357.09","end_time":"357.54","alternatives":[{"confidence":"0.9139","content":"원래"}],"type":"pronunciation"},{"start_time":"357.77","end_time":"357.92","alternatives":[{"confidence":"0.7055","content":"이제"}],"type":"pronunciation"},{"start_time":"357.93","end_time":"358.44","alternatives":[{"confidence":"0.9817","content":"약간"}],"type":"pronunciation"},{"start_time":"358.44","end_time":"358.7","alternatives":[{"confidence":"0.404","content":"같은거"}],"type":"pronunciation"},{"start_time":"358.7","end_time":"359.01","alternatives":[{"confidence":"1.0","content":"보시게"}],"type":"pronunciation"},{"start_time":"359.01","end_time":"359.59","alternatives":[{"confidence":"0.9962","content":"되면"}],"type":"pronunciation"},{"start_time":"360.05","end_time":"361.07","alternatives":[{"confidence":"0.9995333333333334","content":"원금원금에"}],"type":"pronunciation"},{"start_time":"361.07","end_time":"361.57","alternatives":[{"confidence":"0.8947","content":"대해서"}],"type":"pronunciation"},{"start_time":"362.18","end_time":"362.57","alternatives":[{"confidence":"0.9964","content":"손해볼"}],"type":"pronunciation"},{"start_time":"362.57","end_time":"362.65","alternatives":[{"confidence":"0.9802","content":"수"}],"type":"pronunciation"},{"start_time":"362.65","end_time":"362.83","alternatives":[{"confidence":"0.9839","content":"있는"}],"type":"pronunciation"},{"start_time":"362.83","end_time":"363.14","alternatives":[{"confidence":"0.7954","content":"내용은"}],"type":"pronunciation"},{"start_time":"363.14","end_time":"363.73","alternatives":[{"confidence":"0.9964","content":"있으시잖아요"}],"type":"pronunciation"},{"alternatives":[{"confidence":"0.0","content":"."}],"type":"punctuation"},{"start_time":"363.73","end_time":"364.55","alternatives":[{"confidence":"0.7637499999999999","content":"그죠"}],"type":"pronunciation"},{"alternatives":[{"confidence":"0.0","content":"?"}],"type":"punctuation"},{"start_time":"365.33","end_time":"365.56","alternatives":[{"confidence":"0.9999","content":"그렇기"}],"type":"pronunciation"},{"start_time":"365.56","end_time":"365.85","alternatives":[{"confidence":"0.9997","content":"때문에"}],"type":"pronunciation"},{"start_time":"365.85","end_time":"366.13","alternatives":[{"confidence":"0.998","content":"이거는"}],"type":"pronunciation"},{"start_time":"366.13","end_time":"366.75","alternatives":[{"confidence":"0.9946","content":"뭐"}],"type":"pronunciation"},{"start_time":"366.78","end_time":"367.11","alternatives":[{"confidence":"1.0","content":"손해를"}],"type":"pronunciation"},{"start_time":"367.11","end_time":"367.3","alternatives":[{"confidence":"0.9826","content":"보게"}],"type":"pronunciation"},{"start_time":"367.3","end_time":"367.55","alternatives":[{"confidence":"0.9739","content":"된다"}],"type":"pronunciation"},{"start_time":"367.55","end_time":"368.42","alternatives":[{"confidence":"1.0","content":"하더라도"}],"type":"pronunciation"},{"start_time":"369.51","end_time":"369.89","alternatives":[{"confidence":"1.0","content":"저희가"}],"type":"pronunciation"},{"start_time":"369.89","end_time":"370.76","alternatives":[{"confidence":"0.5151333333333333","content":"아말그대로"}],"type":"pronunciation"},{"start_time":"371.09","end_time":"371.49","alternatives":[{"confidence":"0.9983500000000001","content":"원금에"}],"type":"pronunciation"},{"start_time":"371.49","end_time":"371.76","alternatives":[{"confidence":"0.9887","content":"대한"}],"type":"pronunciation"},{"start_time":"371.76","end_time":"372.08","alternatives":[{"confidence":"0.9895","content":"걸"}],"type":"pronunciation"},{"start_time":"372.11","end_time":"372.58","alternatives":[{"confidence":"1.0","content":"확인할"}],"type":"pronunciation"},{"start_time":"372.58","end_time":"373.05","alternatives":[{"confidence":"1.0","content":"방법도"}],"type":"pronunciation"},{"start_time":"373.05","end_time":"373.72","alternatives":[{"confidence":"0.9989","content":"없고"}],"type":"pronunciation"},{"start_time":"376.74","end_time":"377.07","alternatives":[{"confidence":"0.9946","content":"그래요"}],"type":"pronunciation"},{"alternatives":[{"confidence":"0.0","content":"."}],"type":"punctuation"},{"start_time":"382.42","end_time":"383.19","alternatives":[{"confidence":"0.8793500000000001","content":"들리네요"}],"type":"pronunciation"},{"alternatives":[{"confidence":"0.0","content":"."}],"type":"punctuation"},{"start_time":"383.39","end_time":"383.66","alternatives":[{"confidence":"0.5541","content":"지금"}],"type":"pronunciation"},{"start_time":"385.64","end_time":"386.05","alternatives":[{"confidence":"0.9998","content":"잠시만요"}],"type":"pronunciation"},{"alternatives":[{"confidence":"0.0","content":","}],"type":"punctuation"},{"start_time":"386.05","end_time":"386.24","alternatives":[{"confidence":"0.9987","content":"제가"}],"type":"pronunciation"},{"start_time":"386.24","end_time":"386.44","alternatives":[{"confidence":"0.9777","content":"바로"}],"type":"pronunciation"},{"start_time":"386.44","end_time":"386.94","alternatives":[{"confidence":"0.7256499999999999","content":"통화드릴게요"}],"type":"pronunciation"},{"start_time":"386.94","end_time":"388.18","alternatives":[{"confidence":"1.0","content":"잠시만요"}],"type":"pronunciation"},{"alternatives":[{"confidence":"0.0","content":"."}],"type":"punctuation"}]},"status":"COMPLETED"}