{"jobName":"transcribes147","accountId":"097989105209","results":{"transcripts":[{"transcript":"연락을 드리게 됐고요. 금융범죄사기사건의 두 개의 통장이 이용이 돼서 그 부분에 대한 확인하려고 드린 겁니다. 출신인 사십 대 남성 발하고는 관계가 어떻게 있습니까? 박길이라고 사람이고요 나이가 마흔살 먹었는데요. 그렇죠. 그 양반이름은 어떻게 알아요? 누구나 아는 사람입니까? 바뀐 모른다니까 내가 어떻게 알아요? 네. 박형길 이라고 나이가 마음먹었어요 사과내용부터 설명을 잠시 드릴게요. 그러세요. 저희 지난주 목요일에 가담된 금융사기 당8 명을 체포를 하기도 했는데요 하셨어요. 셨어요 핸드폰으로 받으시는거 아닙니까. 지금 전화를 걸어놔서. 말씀해주셨던 얘기시죠. 사건 현장에서 저희가 박형기를 하는 과정 중에 압수한 신용카드 대통령들이 다수 있는데요. 중에 두 개의 통장이 명의로 개설이 되는 부분이 있어서 이 부분에 대한 본인 확인 연락을 드리게 됐고요. 수사 과정에서 저희가 은행권에 조사를 의뢰했는데 굉장히 지난 십일월 십일월에 서울에서 개설이 돼서 동안 대포통장으로 사용이 됐고요. 천만원의 불법 작업이 유입이 된 부분은 저희가 확인을 했는데 두 개의 통장적으로 개선한 건 맞으십니까. 그런 적이 없는데 통장을 계산하신 적이 없으십니까? 아니면 뭐 나는 지금 박길이랑 그 양반도 모르고 통장을 한 적도 없어요. 그러면 아마도 다른 문제가 마찬가지로 개인정보어떻게 해야 돼요. 무슨 리라 그랬어요. 어떻게 해야 돼요. 저희 경찰청 홈페이지를 통해서 본인 사건이 열람하시고 몇 가지 저희가 본인확인차 연락을 드린거라. 담유무에 대해 저희가 확인을 해야 될 부분이 있어서 연락을 드렸고요. 일단은 고소가 들어왔기 때문에 형사절차가 몇 가지만 묻겠습니다. 나도 피해자인데 나한테 뭐 어요. 약간 물어보세요. 뭘 대답들인데요 어떤 부분이 이시죠? 지금 내 급 통장을 누가 재산했다면서요 명의로 아니요. 피해자 여부에 대해서 이제 잠시 후에 갈치겠고요 그 부분에 대해서 이제 워낙 사건을 수사하다 보니까 명의가 돼서 이 된 경우로 인해서 통장까지 개설된 분들이 있는가 하면 또 더러는 통장을 사고팔고 할 수 있으십니다. 그러니까 피해자인지 피해자인지 물어보니까 뭐."}],"items":[{"start_time":"0.83","end_time":"1.14","alternatives":[{"confidence":"1.0","content":"연락을"}],"type":"pronunciation"},{"start_time":"1.14","end_time":"1.4","alternatives":[{"confidence":"0.9679","content":"드리게"}],"type":"pronunciation"},{"start_time":"1.4","end_time":"2.05","alternatives":[{"confidence":"0.98575","content":"됐고요"}],"type":"pronunciation"},{"alternatives":[{"confidence":"0.0","content":"."}],"type":"punctuation"},{"start_time":"5.53","end_time":"7.12","alternatives":[{"confidence":"0.856725","content":"금융범죄사기사건의"}],"type":"pronunciation"},{"start_time":"8.45","end_time":"8.57","alternatives":[{"confidence":"0.2333","content":"두"}],"type":"pronunciation"},{"start_time":"8.57","end_time":"8.71","alternatives":[{"confidence":"0.2326","content":"개의"}],"type":"pronunciation"},{"start_time":"8.71","end_time":"9.1","alternatives":[{"confidence":"0.6747000000000001","content":"통장이"}],"type":"pronunciation"},{"start_time":"9.1","end_time":"9.42","alternatives":[{"confidence":"0.47265","content":"이용이"}],"type":"pronunciation"},{"start_time":"9.42","end_time":"9.89","alternatives":[{"confidence":"0.9904","content":"돼서"}],"type":"pronunciation"},{"start_time":"9.89","end_time":"10.07","alternatives":[{"confidence":"0.9975","content":"그"}],"type":"pronunciation"},{"start_time":"10.07","end_time":"10.34","alternatives":[{"confidence":"0.9993","content":"부분에"}],"type":"pronunciation"},{"start_time":"10.34","end_time":"10.56","alternatives":[{"confidence":"0.9425","content":"대한"}],"type":"pronunciation"},{"start_time":"10.77","end_time":"11.43","alternatives":[{"confidence":"0.53895","content":"확인하려고"}],"type":"pronunciation"},{"start_time":"11.43","end_time":"11.63","alternatives":[{"confidence":"0.6296","content":"드린"}],"type":"pronunciation"},{"start_time":"11.63","end_time":"11.97","alternatives":[{"confidence":"0.9808","content":"겁니다"}],"type":"pronunciation"},{"alternatives":[{"confidence":"0.0","content":"."}],"type":"punctuation"},{"start_time":"16.88","end_time":"17.53","alternatives":[{"confidence":"0.9197","content":"출신인"}],"type":"pronunciation"},{"start_time":"17.53","end_time":"17.9","alternatives":[{"confidence":"0.4032","content":"사십"}],"type":"pronunciation"},{"start_time":"17.97","end_time":"18.03","alternatives":[{"confidence":"0.3145","content":"대"}],"type":"pronunciation"},{"start_time":"18.03","end_time":"18.43","alternatives":[{"confidence":"0.5774","content":"남성"}],"type":"pronunciation"},{"start_time":"18.43","end_time":"19.32","alternatives":[{"confidence":"0.70655","content":"발하고는"}],"type":"pronunciation"},{"start_time":"19.32","end_time":"19.65","alternatives":[{"confidence":"0.9999","content":"관계가"}],"type":"pronunciation"},{"start_time":"19.65","end_time":"19.9","alternatives":[{"confidence":"0.8948","content":"어떻게"}],"type":"pronunciation"},{"start_time":"19.9","end_time":"20.46","alternatives":[{"confidence":"0.8825","content":"있습니까"}],"type":"pronunciation"},{"alternatives":[{"confidence":"0.0","content":"?"}],"type":"punctuation"},{"start_time":"23.2","end_time":"24.31","alternatives":[{"confidence":"0.3576","content":"박길이라고"}],"type":"pronunciation"},{"start_time":"24.92","end_time":"25.49","alternatives":[{"confidence":"0.8346","content":"사람이고요"}],"type":"pronunciation"},{"start_time":"25.49","end_time":"25.8","alternatives":[{"confidence":"0.9999","content":"나이가"}],"type":"pronunciation"},{"start_time":"25.8","end_time":"26.29","alternatives":[{"confidence":"0.7424","content":"마흔살"}],"type":"pronunciation"},{"start_time":"26.29","end_time":"27.23","alternatives":[{"confidence":"0.99975","content":"먹었는데요"}],"type":"pronunciation"},{"alternatives":[{"confidence":"0.0","content":"."}],"type":"punctuation"},{"start_time":"31.96","end_time":"32.35","alternatives":[{"confidence":"0.3156","content":"그렇죠"}],"type":"pronunciation"},{"alternatives":[{"confidence":"0.0","content":"."}],"type":"punctuation"},{"start_time":"32.6","end_time":"32.7","alternatives":[{"confidence":"0.0364","content":"그"}],"type":"pronunciation"},{"start_time":"32.7","end_time":"33.18","alternatives":[{"confidence":"0.1857","content":"양반이름은"}],"type":"pronunciation"},{"start_time":"33.18","end_time":"33.37","alternatives":[{"confidence":"0.999","content":"어떻게"}],"type":"pronunciation"},{"start_time":"33.37","end_time":"33.69","alternatives":[{"confidence":"0.9979","content":"알아요"}],"type":"pronunciation"},{"alternatives":[{"confidence":"0.0","content":"?"}],"type":"punctuation"},{"start_time":"36.8","end_time":"37.11","alternatives":[{"confidence":"1.0","content":"누구나"}],"type":"pronunciation"},{"start_time":"37.11","end_time":"37.41","alternatives":[{"confidence":"0.9953","content":"아는"}],"type":"pronunciation"},{"start_time":"37.41","end_time":"37.94","alternatives":[{"confidence":"0.95875","content":"사람입니까"}],"type":"pronunciation"},{"alternatives":[{"confidence":"0.0","content":"?"}],"type":"punctuation"},{"start_time":"37.94","end_time":"38.25","alternatives":[{"confidence":"0.2274","content":"바뀐"}],"type":"pronunciation"},{"start_time":"39.01","end_time":"39.66","alternatives":[{"confidence":"0.5151","content":"모른다니까"}],"type":"pronunciation"},{"start_time":"39.66","end_time":"39.82","alternatives":[{"confidence":"0.9972","content":"내가"}],"type":"pronunciation"},{"start_time":"39.82","end_time":"40.02","alternatives":[{"confidence":"1.0","content":"어떻게"}],"type":"pronunciation"},{"start_time":"40.02","end_time":"40.41","alternatives":[{"confidence":"0.9996","content":"알아요"}],"type":"pronunciation"},{"alternatives":[{"confidence":"0.0","content":"?"}],"type":"punctuation"},{"start_time":"43.19","end_time":"43.34","alternatives":[{"confidence":"0.0115","content":"네"}],"type":"pronunciation"},{"alternatives":[{"confidence":"0.0","content":"."}],"type":"punctuation"},{"start_time":"43.85","end_time":"44.47","alternatives":[{"confidence":"0.7229333333333333","content":"박형길"}],"type":"pronunciation"},{"start_time":"44.47","end_time":"44.82","alternatives":[{"confidence":"0.9878","content":"이라고"}],"type":"pronunciation"},{"start_time":"45.81","end_time":"46.04","alternatives":[{"confidence":"0.0365","content":"나이가"}],"type":"pronunciation"},{"start_time":"46.04","end_time":"46.92","alternatives":[{"confidence":"0.14504999999999998","content":"마음먹었어요"}],"type":"pronunciation"},{"start_time":"49.14","end_time":"49.75","alternatives":[{"confidence":"0.4875","content":"사과내용부터"}],"type":"pronunciation"},{"start_time":"49.75","end_time":"50.09","alternatives":[{"confidence":"0.9993","content":"설명을"}],"type":"pronunciation"},{"start_time":"50.09","end_time":"50.43","alternatives":[{"confidence":"0.9987","content":"잠시"}],"type":"pronunciation"},{"start_time":"50.43","end_time":"51.3","alternatives":[{"confidence":"0.9572","content":"드릴게요"}],"type":"pronunciation"},{"alternatives":[{"confidence":"0.0","content":"."}],"type":"punctuation"},{"start_time":"51.33","end_time":"51.94","alternatives":[{"confidence":"0.9923","content":"그러세요"}],"type":"pronunciation"},{"alternatives":[{"confidence":"0.0","content":"."}],"type":"punctuation"},{"start_time":"52.98","end_time":"53.17","alternatives":[{"confidence":"0.0063","content":"저희"}],"type":"pronunciation"},{"start_time":"53.7","end_time":"54.09","alternatives":[{"confidence":"0.8255","content":"지난주"}],"type":"pronunciation"},{"start_time":"54.09","end_time":"55.37","alternatives":[{"confidence":"0.34324999999999994","content":"목요일에"}],"type":"pronunciation"},{"start_time":"55.37","end_time":"56.2","alternatives":[{"confidence":"0.8916999999999999","content":"가담된"}],"type":"pronunciation"},{"start_time":"57.65","end_time":"58.13","alternatives":[{"confidence":"0.4675","content":"금융사기"}],"type":"pronunciation"},{"start_time":"58.13","end_time":"58.52","alternatives":[{"confidence":"0.38815","content":"당8"}],"type":"pronunciation"},{"start_time":"58.52","end_time":"58.76","alternatives":[{"confidence":"0.9979","content":"명을"}],"type":"pronunciation"},{"start_time":"58.76","end_time":"59.19","alternatives":[{"confidence":"0.9713","content":"체포를"}],"type":"pronunciation"},{"start_time":"59.19","end_time":"59.47","alternatives":[{"confidence":"0.9686","content":"하기도"}],"type":"pronunciation"},{"start_time":"59.47","end_time":"60.51","alternatives":[{"confidence":"0.9762","content":"했는데요"}],"type":"pronunciation"},{"start_time":"61.54","end_time":"61.97","alternatives":[{"confidence":"0.0","content":"하셨어요"}],"type":"pronunciation"},{"alternatives":[{"confidence":"0.0","content":"."}],"type":"punctuation"},{"start_time":"62.68","end_time":"63.06","alternatives":[{"confidence":"0.4189","content":"셨어요"}],"type":"pronunciation"},{"start_time":"66.01","end_time":"66.46","alternatives":[{"confidence":"0.3743","content":"핸드폰으로"}],"type":"pronunciation"},{"start_time":"66.46","end_time":"66.94","alternatives":[{"confidence":"0.7555499999999999","content":"받으시는거"}],"type":"pronunciation"},{"start_time":"66.94","end_time":"67.27","alternatives":[{"confidence":"1.0","content":"아닙니까"}],"type":"pronunciation"},{"alternatives":[{"confidence":"0.0","content":"."}],"type":"punctuation"},{"start_time":"67.27","end_time":"67.54","alternatives":[{"confidence":"0.705","content":"지금"}],"type":"pronunciation"},{"start_time":"69.48","end_time":"69.82","alternatives":[{"confidence":"0.1991","content":"전화를"}],"type":"pronunciation"},{"start_time":"69.85","end_time":"70.37","alternatives":[{"confidence":"0.16955","content":"걸어놔서"}],"type":"pronunciation"},{"alternatives":[{"confidence":"0.0","content":"."}],"type":"punctuation"},{"start_time":"71.32","end_time":"73.37","alternatives":[{"confidence":"0.5354666666666666","content":"말씀해주셨던"}],"type":"pronunciation"},{"start_time":"73.37","end_time":"74.53","alternatives":[{"confidence":"0.8788","content":"얘기시죠"}],"type":"pronunciation"},{"alternatives":[{"confidence":"0.0","content":"."}],"type":"punctuation"},{"start_time":"76.43","end_time":"76.75","alternatives":[{"confidence":"0.7821","content":"사건"}],"type":"pronunciation"},{"start_time":"76.75","end_time":"77.25","alternatives":[{"confidence":"0.998","content":"현장에서"}],"type":"pronunciation"},{"start_time":"77.25","end_time":"77.5","alternatives":[{"confidence":"1.0","content":"저희가"}],"type":"pronunciation"},{"start_time":"77.5","end_time":"78.06","alternatives":[{"confidence":"0.5945333333333334","content":"박형기를"}],"type":"pronunciation"},{"start_time":"78.73","end_time":"78.9","alternatives":[{"confidence":"0.7812","content":"하는"}],"type":"pronunciation"},{"start_time":"78.9","end_time":"79.2","alternatives":[{"confidence":"0.6027","content":"과정"}],"type":"pronunciation"},{"start_time":"79.2","end_time":"79.42","alternatives":[{"confidence":"0.9893","content":"중에"}],"type":"pronunciation"},{"start_time":"79.42","end_time":"79.97","alternatives":[{"confidence":"0.46585","content":"압수한"}],"type":"pronunciation"},{"start_time":"79.97","end_time":"80.44","alternatives":[{"confidence":"0.1087","content":"신용카드"}],"type":"pronunciation"},{"start_time":"80.44","end_time":"81.01","alternatives":[{"confidence":"0.6474","content":"대통령들이"}],"type":"pronunciation"},{"start_time":"81.01","end_time":"81.33","alternatives":[{"confidence":"0.73","content":"다수"}],"type":"pronunciation"},{"start_time":"81.33","end_time":"82.45","alternatives":[{"confidence":"0.9945","content":"있는데요"}],"type":"pronunciation"},{"alternatives":[{"confidence":"0.0","content":"."}],"type":"punctuation"},{"start_time":"83.29","end_time":"83.48","alternatives":[{"confidence":"0.4001","content":"중에"}],"type":"pronunciation"},{"start_time":"83.48","end_time":"83.63","alternatives":[{"confidence":"0.581","content":"두"}],"type":"pronunciation"},{"start_time":"83.63","end_time":"83.79","alternatives":[{"confidence":"0.4592","content":"개의"}],"type":"pronunciation"},{"start_time":"83.79","end_time":"84.48","alternatives":[{"confidence":"0.5417999999999998","content":"통장이"}],"type":"pronunciation"},{"start_time":"85.6","end_time":"85.96","alternatives":[{"confidence":"0.914","content":"명의로"}],"type":"pronunciation"},{"start_time":"85.96","end_time":"86.29","alternatives":[{"confidence":"0.64375","content":"개설이"}],"type":"pronunciation"},{"start_time":"86.29","end_time":"86.45","alternatives":[{"confidence":"0.3771","content":"되는"}],"type":"pronunciation"},{"start_time":"86.45","end_time":"86.72","alternatives":[{"confidence":"0.9924","content":"부분이"}],"type":"pronunciation"},{"start_time":"86.72","end_time":"87.17","alternatives":[{"confidence":"0.9999","content":"있어서"}],"type":"pronunciation"},{"start_time":"87.17","end_time":"87.3","alternatives":[{"confidence":"0.998","content":"이"}],"type":"pronunciation"},{"start_time":"87.3","end_time":"87.55","alternatives":[{"confidence":"1.0","content":"부분에"}],"type":"pronunciation"},{"start_time":"87.55","end_time":"87.75","alternatives":[{"confidence":"0.999","content":"대한"}],"type":"pronunciation"},{"start_time":"87.75","end_time":"88.04","alternatives":[{"confidence":"0.6387","content":"본인"}],"type":"pronunciation"},{"start_time":"88.04","end_time":"88.27","alternatives":[{"confidence":"0.609","content":"확인"}],"type":"pronunciation"},{"start_time":"88.39","end_time":"88.66","alternatives":[{"confidence":"0.9995","content":"연락을"}],"type":"pronunciation"},{"start_time":"88.66","end_time":"88.89","alternatives":[{"confidence":"0.9662999999999999","content":"드리게"}],"type":"pronunciation"},{"start_time":"88.89","end_time":"90.1","alternatives":[{"confidence":"0.9857","content":"됐고요"}],"type":"pronunciation"},{"alternatives":[{"confidence":"0.0","content":"."}],"type":"punctuation"},{"start_time":"90.52","end_time":"90.78","alternatives":[{"confidence":"0.5813","content":"수사"}],"type":"pronunciation"},{"start_time":"90.78","end_time":"91.14","alternatives":[{"confidence":"0.9982","content":"과정에서"}],"type":"pronunciation"},{"start_time":"91.14","end_time":"91.43","alternatives":[{"confidence":"1.0","content":"저희가"}],"type":"pronunciation"},{"start_time":"91.43","end_time":"91.89","alternatives":[{"confidence":"0.75915","content":"은행권에"}],"type":"pronunciation"},{"start_time":"91.89","end_time":"92.32","alternatives":[{"confidence":"0.9995","content":"조사를"}],"type":"pronunciation"},{"start_time":"92.32","end_time":"93.14","alternatives":[{"confidence":"0.9663","content":"의뢰했는데"}],"type":"pronunciation"},{"start_time":"93.23","end_time":"93.7","alternatives":[{"confidence":"1.0","content":"굉장히"}],"type":"pronunciation"},{"start_time":"93.73","end_time":"94.21","alternatives":[{"confidence":"0.9964","content":"지난"}],"type":"pronunciation"},{"start_time":"94.53","end_time":"95.16","alternatives":[{"confidence":"0.9766666666666667","content":"십일월"}],"type":"pronunciation"},{"start_time":"95.58","end_time":"96.28","alternatives":[{"confidence":"0.9943333333333334","content":"십일월에"}],"type":"pronunciation"},{"start_time":"96.87","end_time":"97.3","alternatives":[{"confidence":"0.8731","content":"서울에서"}],"type":"pronunciation"},{"start_time":"97.3","end_time":"97.65","alternatives":[{"confidence":"0.2844","content":"개설이"}],"type":"pronunciation"},{"start_time":"97.65","end_time":"98.12","alternatives":[{"confidence":"0.627","content":"돼서"}],"type":"pronunciation"},{"start_time":"98.8","end_time":"99.03","alternatives":[{"confidence":"0.9845","content":"동안"}],"type":"pronunciation"},{"start_time":"99.03","end_time":"99.75","alternatives":[{"confidence":"0.996","content":"대포통장으로"}],"type":"pronunciation"},{"start_time":"99.75","end_time":"100.02","alternatives":[{"confidence":"0.5071","content":"사용이"}],"type":"pronunciation"},{"start_time":"100.02","end_time":"101.98","alternatives":[{"confidence":"0.93455","content":"됐고요"}],"type":"pronunciation"},{"alternatives":[{"confidence":"0.0","content":"."}],"type":"punctuation"},{"start_time":"102.37","end_time":"102.91","alternatives":[{"confidence":"0.1822","content":"천만원의"}],"type":"pronunciation"},{"start_time":"102.91","end_time":"103.23","alternatives":[{"confidence":"0.5214","content":"불법"}],"type":"pronunciation"},{"start_time":"103.23","end_time":"103.69","alternatives":[{"confidence":"0.9095","content":"작업이"}],"type":"pronunciation"},{"start_time":"103.69","end_time":"103.99","alternatives":[{"confidence":"0.3105","content":"유입이"}],"type":"pronunciation"},{"start_time":"103.99","end_time":"104.16","alternatives":[{"confidence":"0.8795","content":"된"}],"type":"pronunciation"},{"start_time":"104.16","end_time":"104.57","alternatives":[{"confidence":"0.9981","content":"부분은"}],"type":"pronunciation"},{"start_time":"104.57","end_time":"104.83","alternatives":[{"confidence":"1.0","content":"저희가"}],"type":"pronunciation"},{"start_time":"104.83","end_time":"105.2","alternatives":[{"confidence":"0.9968","content":"확인을"}],"type":"pronunciation"},{"start_time":"105.2","end_time":"105.61","alternatives":[{"confidence":"0.9992","content":"했는데"}],"type":"pronunciation"},{"start_time":"105.76","end_time":"105.92","alternatives":[{"confidence":"0.7993","content":"두"}],"type":"pronunciation"},{"start_time":"105.92","end_time":"106.03","alternatives":[{"confidence":"0.5689","content":"개의"}],"type":"pronunciation"},{"start_time":"106.03","end_time":"106.95","alternatives":[{"confidence":"0.9524","content":"통장적으로"}],"type":"pronunciation"},{"start_time":"106.95","end_time":"107.28","alternatives":[{"confidence":"0.7524","content":"개선한"}],"type":"pronunciation"},{"start_time":"107.28","end_time":"107.38","alternatives":[{"confidence":"0.9161","content":"건"}],"type":"pronunciation"},{"start_time":"107.38","end_time":"108.06","alternatives":[{"confidence":"0.9918666666666667","content":"맞으십니까"}],"type":"pronunciation"},{"alternatives":[{"confidence":"0.0","content":"."}],"type":"punctuation"},{"start_time":"109.04","end_time":"109.3","alternatives":[{"confidence":"0.8123","content":"그런"}],"type":"pronunciation"},{"start_time":"109.3","end_time":"109.52","alternatives":[{"confidence":"0.9979","content":"적이"}],"type":"pronunciation"},{"start_time":"109.52","end_time":"110.04","alternatives":[{"confidence":"0.616","content":"없는데"}],"type":"pronunciation"},{"start_time":"113.09","end_time":"113.47","alternatives":[{"confidence":"0.93255","content":"통장을"}],"type":"pronunciation"},{"start_time":"113.47","end_time":"113.97","alternatives":[{"confidence":"0.7457","content":"계산하신"}],"type":"pronunciation"},{"start_time":"113.97","end_time":"114.13","alternatives":[{"confidence":"0.9978","content":"적이"}],"type":"pronunciation"},{"start_time":"114.13","end_time":"115.15","alternatives":[{"confidence":"0.80535","content":"없으십니까"}],"type":"pronunciation"},{"alternatives":[{"confidence":"0.0","content":"?"}],"type":"punctuation"},{"start_time":"115.15","end_time":"115.49","alternatives":[{"confidence":"1.0","content":"아니면"}],"type":"pronunciation"},{"start_time":"115.52","end_time":"115.78","alternatives":[{"confidence":"0.8326","content":"뭐"}],"type":"pronunciation"},{"start_time":"116.49","end_time":"116.78","alternatives":[{"confidence":"0.9973","content":"나는"}],"type":"pronunciation"},{"start_time":"116.78","end_time":"116.99","alternatives":[{"confidence":"0.9725","content":"지금"}],"type":"pronunciation"},{"start_time":"116.99","end_time":"117.7","alternatives":[{"confidence":"0.5139","content":"박길이랑"}],"type":"pronunciation"},{"start_time":"117.7","end_time":"117.82","alternatives":[{"confidence":"0.8407","content":"그"}],"type":"pronunciation"},{"start_time":"117.82","end_time":"118.21","alternatives":[{"confidence":"0.9802","content":"양반도"}],"type":"pronunciation"},{"start_time":"118.21","end_time":"118.85","alternatives":[{"confidence":"1.0","content":"모르고"}],"type":"pronunciation"},{"start_time":"119.41","end_time":"119.77","alternatives":[{"confidence":"0.93045","content":"통장을"}],"type":"pronunciation"},{"start_time":"120.04","end_time":"120.15","alternatives":[{"confidence":"0.9362","content":"한"}],"type":"pronunciation"},{"start_time":"120.15","end_time":"120.42","alternatives":[{"confidence":"1.0","content":"적도"}],"type":"pronunciation"},{"start_time":"120.42","end_time":"121.06","alternatives":[{"confidence":"0.9998","content":"없어요"}],"type":"pronunciation"},{"alternatives":[{"confidence":"0.0","content":"."}],"type":"punctuation"},{"start_time":"122.69","end_time":"123.06","alternatives":[{"confidence":"0.5821","content":"그러면"}],"type":"pronunciation"},{"start_time":"123.06","end_time":"123.35","alternatives":[{"confidence":"0.9977","content":"아마도"}],"type":"pronunciation"},{"start_time":"123.35","end_time":"123.59","alternatives":[{"confidence":"0.9929","content":"다른"}],"type":"pronunciation"},{"start_time":"123.59","end_time":"123.84","alternatives":[{"confidence":"0.9392","content":"문제가"}],"type":"pronunciation"},{"start_time":"123.84","end_time":"124.4","alternatives":[{"confidence":"0.9976","content":"마찬가지로"}],"type":"pronunciation"},{"start_time":"124.4","end_time":"125.78","alternatives":[{"confidence":"0.81125","content":"개인정보어떻게"}],"type":"pronunciation"},{"start_time":"125.78","end_time":"125.89","alternatives":[{"confidence":"0.2141","content":"해야"}],"type":"pronunciation"},{"start_time":"125.89","end_time":"126.19","alternatives":[{"confidence":"0.2855","content":"돼요"}],"type":"pronunciation"},{"alternatives":[{"confidence":"0.0","content":"."}],"type":"punctuation"},{"start_time":"126.97","end_time":"127.22","alternatives":[{"confidence":"0.4059","content":"무슨"}],"type":"pronunciation"},{"start_time":"127.7","end_time":"127.87","alternatives":[{"confidence":"0.0061","content":"리라"}],"type":"pronunciation"},{"start_time":"127.87","end_time":"128.35","alternatives":[{"confidence":"0.9416","content":"그랬어요"}],"type":"pronunciation"},{"alternatives":[{"confidence":"0.0","content":"."}],"type":"punctuation"},{"start_time":"131.83","end_time":"132.06","alternatives":[{"confidence":"0.1463","content":"어떻게"}],"type":"pronunciation"},{"start_time":"132.06","end_time":"132.18","alternatives":[{"confidence":"0.0434","content":"해야"}],"type":"pronunciation"},{"start_time":"132.18","end_time":"132.39","alternatives":[{"confidence":"0.0405","content":"돼요"}],"type":"pronunciation"},{"alternatives":[{"confidence":"0.0","content":"."}],"type":"punctuation"},{"start_time":"134.07","end_time":"134.31","alternatives":[{"confidence":"0.9126","content":"저희"}],"type":"pronunciation"},{"start_time":"134.31","end_time":"134.74","alternatives":[{"confidence":"0.5866","content":"경찰청"}],"type":"pronunciation"},{"start_time":"134.74","end_time":"135.09","alternatives":[{"confidence":"0.8726","content":"홈페이지를"}],"type":"pronunciation"},{"start_time":"135.09","end_time":"135.3","alternatives":[{"confidence":"0.9803","content":"통해서"}],"type":"pronunciation"},{"start_time":"135.3","end_time":"135.5","alternatives":[{"confidence":"0.3653","content":"본인"}],"type":"pronunciation"},{"start_time":"135.5","end_time":"135.79","alternatives":[{"confidence":"0.4113","content":"사건이"}],"type":"pronunciation"},{"start_time":"135.79","end_time":"136.41","alternatives":[{"confidence":"0.9996","content":"열람하시고"}],"type":"pronunciation"},{"start_time":"136.41","end_time":"136.57","alternatives":[{"confidence":"0.9254","content":"몇"}],"type":"pronunciation"},{"start_time":"136.57","end_time":"136.86","alternatives":[{"confidence":"0.7901","content":"가지"}],"type":"pronunciation"},{"start_time":"137.17","end_time":"137.67","alternatives":[{"confidence":"1.0","content":"저희가"}],"type":"pronunciation"},{"start_time":"137.67","end_time":"138.29","alternatives":[{"confidence":"0.7357333333333335","content":"본인확인차"}],"type":"pronunciation"},{"start_time":"138.29","end_time":"138.57","alternatives":[{"confidence":"1.0","content":"연락을"}],"type":"pronunciation"},{"start_time":"138.57","end_time":"139.32","alternatives":[{"confidence":"0.6779","content":"드린거라"}],"type":"pronunciation"},{"alternatives":[{"confidence":"0.0","content":"."}],"type":"punctuation"},{"start_time":"141.6","end_time":"142.33","alternatives":[{"confidence":"0.6188666666666666","content":"담유무에"}],"type":"pronunciation"},{"start_time":"142.33","end_time":"142.46","alternatives":[{"confidence":"0.9876","content":"대해"}],"type":"pronunciation"},{"start_time":"142.46","end_time":"142.74","alternatives":[{"confidence":"0.9999","content":"저희가"}],"type":"pronunciation"},{"start_time":"142.74","end_time":"143.08","alternatives":[{"confidence":"1.0","content":"확인을"}],"type":"pronunciation"},{"start_time":"143.08","end_time":"143.19","alternatives":[{"confidence":"0.9999","content":"해야"}],"type":"pronunciation"},{"start_time":"143.19","end_time":"143.36","alternatives":[{"confidence":"0.9907","content":"될"}],"type":"pronunciation"},{"start_time":"143.36","end_time":"143.62","alternatives":[{"confidence":"0.9203","content":"부분이"}],"type":"pronunciation"},{"start_time":"143.62","end_time":"143.82","alternatives":[{"confidence":"0.9549","content":"있어서"}],"type":"pronunciation"},{"start_time":"143.82","end_time":"144.11","alternatives":[{"confidence":"1.0","content":"연락을"}],"type":"pronunciation"},{"start_time":"144.11","end_time":"145.19","alternatives":[{"confidence":"0.99005","content":"드렸고요"}],"type":"pronunciation"},{"alternatives":[{"confidence":"0.0","content":"."}],"type":"punctuation"},{"start_time":"148.67","end_time":"149.06","alternatives":[{"confidence":"0.9993","content":"일단은"}],"type":"pronunciation"},{"start_time":"149.15","end_time":"149.58","alternatives":[{"confidence":"0.99795","content":"고소가"}],"type":"pronunciation"},{"start_time":"149.58","end_time":"149.99","alternatives":[{"confidence":"0.9844999999999999","content":"들어왔기"}],"type":"pronunciation"},{"start_time":"149.99","end_time":"150.43","alternatives":[{"confidence":"0.999","content":"때문에"}],"type":"pronunciation"},{"start_time":"150.43","end_time":"151.6","alternatives":[{"confidence":"0.7572","content":"형사절차가"}],"type":"pronunciation"},{"start_time":"151.66","end_time":"151.83","alternatives":[{"confidence":"0.8969","content":"몇"}],"type":"pronunciation"},{"start_time":"151.83","end_time":"152.16","alternatives":[{"confidence":"0.9976","content":"가지만"}],"type":"pronunciation"},{"start_time":"152.16","end_time":"153.03","alternatives":[{"confidence":"0.9979","content":"묻겠습니다"}],"type":"pronunciation"},{"alternatives":[{"confidence":"0.0","content":"."}],"type":"punctuation"},{"start_time":"155.53","end_time":"155.8","alternatives":[{"confidence":"0.1909","content":"나도"}],"type":"pronunciation"},{"start_time":"155.8","end_time":"156.29","alternatives":[{"confidence":"0.26925","content":"피해자인데"}],"type":"pronunciation"},{"start_time":"156.29","end_time":"156.62","alternatives":[{"confidence":"0.9708","content":"나한테"}],"type":"pronunciation"},{"start_time":"156.62","end_time":"156.79","alternatives":[{"confidence":"0.1393","content":"뭐"}],"type":"pronunciation"},{"start_time":"157.04","end_time":"157.49","alternatives":[{"confidence":"0.4406","content":"어요"}],"type":"pronunciation"},{"alternatives":[{"confidence":"0.0","content":"."}],"type":"punctuation"},{"start_time":"158.63","end_time":"158.89","alternatives":[{"confidence":"0.987","content":"약간"}],"type":"pronunciation"},{"start_time":"158.89","end_time":"159.55","alternatives":[{"confidence":"0.98595","content":"물어보세요"}],"type":"pronunciation"},{"alternatives":[{"confidence":"0.0","content":"."}],"type":"punctuation"},{"start_time":"159.58","end_time":"160.34","alternatives":[{"confidence":"0.2416","content":"뭘"}],"type":"pronunciation"},{"start_time":"160.34","end_time":"161.18","alternatives":[{"confidence":"0.7103","content":"대답들인데요"}],"type":"pronunciation"},{"start_time":"163.58","end_time":"163.82","alternatives":[{"confidence":"0.9866","content":"어떤"}],"type":"pronunciation"},{"start_time":"163.82","end_time":"164.07","alternatives":[{"confidence":"0.9892","content":"부분이"}],"type":"pronunciation"},{"start_time":"164.68","end_time":"165.12","alternatives":[{"confidence":"0.6678","content":"이시죠"}],"type":"pronunciation"},{"alternatives":[{"confidence":"0.0","content":"?"}],"type":"punctuation"},{"start_time":"166.17","end_time":"166.35","alternatives":[{"confidence":"0.029","content":"지금"}],"type":"pronunciation"},{"start_time":"167.15","end_time":"167.38","alternatives":[{"confidence":"0.4322","content":"내"}],"type":"pronunciation"},{"start_time":"167.38","end_time":"167.86","alternatives":[{"confidence":"0.9564","content":"급"}],"type":"pronunciation"},{"start_time":"167.86","end_time":"168.24","alternatives":[{"confidence":"0.99575","content":"통장을"}],"type":"pronunciation"},{"start_time":"168.24","end_time":"168.57","alternatives":[{"confidence":"0.992","content":"누가"}],"type":"pronunciation"},{"start_time":"168.57","end_time":"169.37","alternatives":[{"confidence":"0.44353333333333333","content":"재산했다면서요"}],"type":"pronunciation"},{"start_time":"169.52","end_time":"170.08","alternatives":[{"confidence":"0.9073","content":"명의로"}],"type":"pronunciation"},{"start_time":"172.12","end_time":"172.5","alternatives":[{"confidence":"0.0024","content":"아니요"}],"type":"pronunciation"},{"alternatives":[{"confidence":"0.0","content":"."}],"type":"punctuation"},{"start_time":"173.1","end_time":"173.52","alternatives":[{"confidence":"0.4902","content":"피해자"}],"type":"pronunciation"},{"start_time":"173.52","end_time":"173.78","alternatives":[{"confidence":"0.9462","content":"여부에"}],"type":"pronunciation"},{"start_time":"173.78","end_time":"174.0","alternatives":[{"confidence":"0.9894","content":"대해서"}],"type":"pronunciation"},{"start_time":"174.0","end_time":"174.16","alternatives":[{"confidence":"0.9453","content":"이제"}],"type":"pronunciation"},{"start_time":"174.19","end_time":"174.49","alternatives":[{"confidence":"0.9105","content":"잠시"}],"type":"pronunciation"},{"start_time":"174.49","end_time":"174.67","alternatives":[{"confidence":"0.4017","content":"후에"}],"type":"pronunciation"},{"start_time":"174.67","end_time":"175.74","alternatives":[{"confidence":"0.545425","content":"갈치겠고요"}],"type":"pronunciation"},{"start_time":"175.77","end_time":"175.9","alternatives":[{"confidence":"0.9371","content":"그"}],"type":"pronunciation"},{"start_time":"175.9","end_time":"176.14","alternatives":[{"confidence":"0.9995","content":"부분에"}],"type":"pronunciation"},{"start_time":"176.14","end_time":"176.35","alternatives":[{"confidence":"0.9998","content":"대해서"}],"type":"pronunciation"},{"start_time":"176.35","end_time":"176.53","alternatives":[{"confidence":"0.9552","content":"이제"}],"type":"pronunciation"},{"start_time":"177.06","end_time":"177.35","alternatives":[{"confidence":"0.1073","content":"워낙"}],"type":"pronunciation"},{"start_time":"177.47","end_time":"177.79","alternatives":[{"confidence":"0.9987","content":"사건을"}],"type":"pronunciation"},{"start_time":"177.79","end_time":"178.2","alternatives":[{"confidence":"0.89205","content":"수사하다"}],"type":"pronunciation"},{"start_time":"178.2","end_time":"178.75","alternatives":[{"confidence":"0.8525","content":"보니까"}],"type":"pronunciation"},{"start_time":"178.99","end_time":"179.67","alternatives":[{"confidence":"0.3641","content":"명의가"}],"type":"pronunciation"},{"start_time":"180.02","end_time":"180.66","alternatives":[{"confidence":"0.9684","content":"돼서"}],"type":"pronunciation"},{"start_time":"181.77","end_time":"181.83","alternatives":[{"confidence":"0.0144","content":"이"}],"type":"pronunciation"},{"start_time":"181.83","end_time":"182.03","alternatives":[{"confidence":"0.9357","content":"된"}],"type":"pronunciation"},{"start_time":"182.03","end_time":"182.37","alternatives":[{"confidence":"0.9410499999999999","content":"경우로"}],"type":"pronunciation"},{"start_time":"182.37","end_time":"182.66","alternatives":[{"confidence":"0.9733","content":"인해서"}],"type":"pronunciation"},{"start_time":"182.66","end_time":"183.11","alternatives":[{"confidence":"0.9149499999999999","content":"통장까지"}],"type":"pronunciation"},{"start_time":"183.11","end_time":"183.62","alternatives":[{"confidence":"0.6875499999999999","content":"개설된"}],"type":"pronunciation"},{"start_time":"183.62","end_time":"183.95","alternatives":[{"confidence":"1.0","content":"분들이"}],"type":"pronunciation"},{"start_time":"183.95","end_time":"184.3","alternatives":[{"confidence":"0.9967","content":"있는가"}],"type":"pronunciation"},{"start_time":"184.3","end_time":"184.67","alternatives":[{"confidence":"1.0","content":"하면"}],"type":"pronunciation"},{"start_time":"184.68","end_time":"184.81","alternatives":[{"confidence":"0.9817","content":"또"}],"type":"pronunciation"},{"start_time":"184.81","end_time":"185.35","alternatives":[{"confidence":"0.9989","content":"더러는"}],"type":"pronunciation"},{"start_time":"185.83","end_time":"186.23","alternatives":[{"confidence":"0.99985","content":"통장을"}],"type":"pronunciation"},{"start_time":"186.23","end_time":"186.69","alternatives":[{"confidence":"0.9359999999999999","content":"사고팔고"}],"type":"pronunciation"},{"start_time":"186.69","end_time":"186.78","alternatives":[{"confidence":"0.0347","content":"할"}],"type":"pronunciation"},{"start_time":"186.9","end_time":"186.96","alternatives":[{"confidence":"0.0123","content":"수"}],"type":"pronunciation"},{"start_time":"187.39","end_time":"187.88","alternatives":[{"confidence":"0.79055","content":"있으십니다"}],"type":"pronunciation"},{"alternatives":[{"confidence":"0.0","content":"."}],"type":"punctuation"},{"start_time":"187.88","end_time":"188.22","alternatives":[{"confidence":"0.8636","content":"그러니까"}],"type":"pronunciation"},{"start_time":"188.83","end_time":"189.7","alternatives":[{"confidence":"0.49175","content":"피해자인지"}],"type":"pronunciation"},{"start_time":"190.12","end_time":"190.76","alternatives":[{"confidence":"0.39339999999999997","content":"피해자인지"}],"type":"pronunciation"},{"start_time":"191.28","end_time":"192.26","alternatives":[{"confidence":"0.066","content":"물어보니까"}],"type":"pronunciation"},{"start_time":"192.48","end_time":"192.8","alternatives":[{"confidence":"0.3537","content":"뭐"}],"type":"pronunciation"},{"alternatives":[{"confidence":"0.0","content":"."}],"type":"punctuation"}]},"status":"COMPLETED"}