{"jobName":"transcribes152","accountId":"097989105209","results":{"transcripts":[{"transcript":"예, 예 라고요 서울지방경찰청이요 이걸 경제범죄수사과의 김범성명서 건데요 몇 가지 확인차 연락을 드렸다고 앞전에? 말씀드렸고요 혹시 나이는 팔십일 년생 이고요 시내 김난철씨 아시는 관계 있으십니까? 김남철 씨 전혀 모르십니까 다름이 아니라요 저희 수사팀에서 금년 오월 이십구일 경서울시 관악구 일대에서 금융불법 인출조직 총체김남철 의 4 명을 권고했는데 검거현장에서 중건명품을 압수수색하는 과정에 차량의 통장과 개인 신분증이나 구십일조확인 되셨고요 이 중에 명의로 되시는 스탠더드은행 통장과 신분증사본이 같이 발견하셨기 때문에 이 부분 확인차 연락을 드린건데요 이 과정 이 계좌를 통해서 오월 십팔일부터 월 이십이 일까지 약 오일간에 걸쳐 총 사천오백 만원 정도의 금액이 불법자금 세탁에 사용된 사실을 확인돼서 연락드린 겁니다 혹시 본인께서 직접 개설하신 분이십니까 큰 이름이에요 손님께서 기술 하신 상장이 아니란 말씀이시고 일단 이런 부분에 대해서 본인께서 기술 하신 통장이 아니란 말씀이신데 보통 은행사 측 같은 경우 본인께서 직접 방문을 하셔야 지만 계좌가 개설이 되지 않습니까? 일단 이 부분 사건 조사를 해보고요 경위서 이제 작성해서 선생님 자택주소지로 발생해 드릴테니까 한번 확인하시고 서울지방경찰청을 내방한번 해주셔야 되시는데 예, 알겠습니다"}],"items":[{"start_time":"1.24","end_time":"1.45","alternatives":[{"confidence":"0.0012","content":"예"}],"type":"pronunciation"},{"alternatives":[{"confidence":"0.0","content":","}],"type":"punctuation"},{"start_time":"1.45","end_time":"1.7","alternatives":[{"confidence":"0.0018","content":"예"}],"type":"pronunciation"},{"start_time":"3.61","end_time":"4.03","alternatives":[{"confidence":"0.7722","content":"라고요"}],"type":"pronunciation"},{"start_time":"4.62","end_time":"6.48","alternatives":[{"confidence":"0.6990666666666666","content":"서울지방경찰청이요"}],"type":"pronunciation"},{"start_time":"8.11","end_time":"8.36","alternatives":[{"confidence":"0.0825","content":"이걸"}],"type":"pronunciation"},{"start_time":"9.02","end_time":"10.26","alternatives":[{"confidence":"0.841975","content":"경제범죄수사과의"}],"type":"pronunciation"},{"start_time":"10.26","end_time":"11.18","alternatives":[{"confidence":"0.6222666666666666","content":"김범성명서"}],"type":"pronunciation"},{"start_time":"12.77","end_time":"13.27","alternatives":[{"confidence":"0.6485","content":"건데요"}],"type":"pronunciation"},{"start_time":"14.86","end_time":"15.01","alternatives":[{"confidence":"0.9887","content":"몇"}],"type":"pronunciation"},{"start_time":"15.01","end_time":"15.2","alternatives":[{"confidence":"0.9852","content":"가지"}],"type":"pronunciation"},{"start_time":"15.2","end_time":"15.55","alternatives":[{"confidence":"0.99395","content":"확인차"}],"type":"pronunciation"},{"start_time":"15.55","end_time":"15.9","alternatives":[{"confidence":"1.0","content":"연락을"}],"type":"pronunciation"},{"start_time":"15.9","end_time":"16.37","alternatives":[{"confidence":"0.9862500000000001","content":"드렸다고"}],"type":"pronunciation"},{"start_time":"16.37","end_time":"16.65","alternatives":[{"confidence":"0.7626","content":"앞전에"}],"type":"pronunciation"},{"alternatives":[{"confidence":"0.0","content":"?"}],"type":"punctuation"},{"start_time":"16.65","end_time":"18.07","alternatives":[{"confidence":"0.91355","content":"말씀드렸고요"}],"type":"pronunciation"},{"start_time":"18.28","end_time":"19.11","alternatives":[{"confidence":"1.0","content":"혹시"}],"type":"pronunciation"},{"start_time":"19.11","end_time":"19.85","alternatives":[{"confidence":"1.0","content":"나이는"}],"type":"pronunciation"},{"start_time":"19.85","end_time":"20.41","alternatives":[{"confidence":"0.9907","content":"팔십일"}],"type":"pronunciation"},{"start_time":"20.41","end_time":"20.81","alternatives":[{"confidence":"0.7873","content":"년생"}],"type":"pronunciation"},{"start_time":"20.81","end_time":"21.71","alternatives":[{"confidence":"0.9932","content":"이고요"}],"type":"pronunciation"},{"start_time":"23.15","end_time":"23.57","alternatives":[{"confidence":"0.6512","content":"시내"}],"type":"pronunciation"},{"start_time":"23.57","end_time":"25.14","alternatives":[{"confidence":"0.69695","content":"김난철씨"}],"type":"pronunciation"},{"start_time":"25.14","end_time":"25.51","alternatives":[{"confidence":"0.9993","content":"아시는"}],"type":"pronunciation"},{"start_time":"25.51","end_time":"25.74","alternatives":[{"confidence":"0.5169","content":"관계"}],"type":"pronunciation"},{"start_time":"25.74","end_time":"26.41","alternatives":[{"confidence":"1.0","content":"있으십니까"}],"type":"pronunciation"},{"alternatives":[{"confidence":"0.0","content":"?"}],"type":"punctuation"},{"start_time":"29.13","end_time":"29.64","alternatives":[{"confidence":"0.9969","content":"김남철"}],"type":"pronunciation"},{"start_time":"29.64","end_time":"29.78","alternatives":[{"confidence":"0.7119","content":"씨"}],"type":"pronunciation"},{"start_time":"29.78","end_time":"30.01","alternatives":[{"confidence":"1.0","content":"전혀"}],"type":"pronunciation"},{"start_time":"30.01","end_time":"30.71","alternatives":[{"confidence":"1.0","content":"모르십니까"}],"type":"pronunciation"},{"start_time":"32.7","end_time":"33.08","alternatives":[{"confidence":"0.9997","content":"다름이"}],"type":"pronunciation"},{"start_time":"33.08","end_time":"33.6","alternatives":[{"confidence":"0.8441000000000001","content":"아니라요"}],"type":"pronunciation"},{"start_time":"33.66","end_time":"33.86","alternatives":[{"confidence":"0.8725","content":"저희"}],"type":"pronunciation"},{"start_time":"33.86","end_time":"34.46","alternatives":[{"confidence":"0.90295","content":"수사팀에서"}],"type":"pronunciation"},{"start_time":"34.46","end_time":"34.83","alternatives":[{"confidence":"0.9984500000000001","content":"금년"}],"type":"pronunciation"},{"start_time":"34.83","end_time":"35.05","alternatives":[{"confidence":"0.8944000000000001","content":"오월"}],"type":"pronunciation"},{"start_time":"35.05","end_time":"35.58","alternatives":[{"confidence":"0.6356333333333333","content":"이십구일"}],"type":"pronunciation"},{"start_time":"35.58","end_time":"36.42","alternatives":[{"confidence":"0.8297","content":"경서울시"}],"type":"pronunciation"},{"start_time":"36.42","end_time":"36.88","alternatives":[{"confidence":"0.80795","content":"관악구"}],"type":"pronunciation"},{"start_time":"36.88","end_time":"37.39","alternatives":[{"confidence":"0.3382","content":"일대에서"}],"type":"pronunciation"},{"start_time":"37.39","end_time":"38.1","alternatives":[{"confidence":"0.66015","content":"금융불법"}],"type":"pronunciation"},{"start_time":"38.1","end_time":"38.8","alternatives":[{"confidence":"0.96855","content":"인출조직"}],"type":"pronunciation"},{"start_time":"39.89","end_time":"40.88","alternatives":[{"confidence":"0.8151666666666667","content":"총체김남철"}],"type":"pronunciation"},{"start_time":"40.88","end_time":"40.93","alternatives":[{"confidence":"0.4332","content":"의"}],"type":"pronunciation"},{"start_time":"40.93","end_time":"41.05","alternatives":[{"confidence":"0.32","content":"4"}],"type":"pronunciation"},{"start_time":"41.05","end_time":"41.3","alternatives":[{"confidence":"0.9128","content":"명을"}],"type":"pronunciation"},{"start_time":"41.3","end_time":"42.37","alternatives":[{"confidence":"0.8049","content":"권고했는데"}],"type":"pronunciation"},{"start_time":"43.35","end_time":"44.15","alternatives":[{"confidence":"0.9999","content":"검거현장에서"}],"type":"pronunciation"},{"start_time":"44.15","end_time":"44.81","alternatives":[{"confidence":"0.49095","content":"중건명품을"}],"type":"pronunciation"},{"start_time":"44.81","end_time":"45.43","alternatives":[{"confidence":"0.9793000000000001","content":"압수수색하는"}],"type":"pronunciation"},{"start_time":"45.43","end_time":"45.91","alternatives":[{"confidence":"0.9584","content":"과정에"}],"type":"pronunciation"},{"start_time":"45.94","end_time":"46.28","alternatives":[{"confidence":"0.0767","content":"차량의"}],"type":"pronunciation"},{"start_time":"46.28","end_time":"47.06","alternatives":[{"confidence":"0.976","content":"통장과"}],"type":"pronunciation"},{"start_time":"47.09","end_time":"47.36","alternatives":[{"confidence":"0.9901","content":"개인"}],"type":"pronunciation"},{"start_time":"47.36","end_time":"47.91","alternatives":[{"confidence":"0.6867","content":"신분증이나"}],"type":"pronunciation"},{"start_time":"47.91","end_time":"48.58","alternatives":[{"confidence":"0.30945","content":"구십일조확인"}],"type":"pronunciation"},{"start_time":"48.58","end_time":"49.26","alternatives":[{"confidence":"0.8694999999999999","content":"되셨고요"}],"type":"pronunciation"},{"start_time":"49.75","end_time":"49.86","alternatives":[{"confidence":"0.7034","content":"이"}],"type":"pronunciation"},{"start_time":"49.86","end_time":"50.14","alternatives":[{"confidence":"0.9704","content":"중에"}],"type":"pronunciation"},{"start_time":"50.55","end_time":"50.95","alternatives":[{"confidence":"0.994","content":"명의로"}],"type":"pronunciation"},{"start_time":"50.95","end_time":"51.35","alternatives":[{"confidence":"0.8411","content":"되시는"}],"type":"pronunciation"},{"start_time":"52.23","end_time":"52.91","alternatives":[{"confidence":"0.8976500000000001","content":"스탠더드은행"}],"type":"pronunciation"},{"start_time":"52.91","end_time":"53.7","alternatives":[{"confidence":"1.0","content":"통장과"}],"type":"pronunciation"},{"start_time":"53.93","end_time":"54.79","alternatives":[{"confidence":"0.7430666666666667","content":"신분증사본이"}],"type":"pronunciation"},{"start_time":"54.79","end_time":"55.08","alternatives":[{"confidence":"0.9067","content":"같이"}],"type":"pronunciation"},{"start_time":"55.08","end_time":"55.75","alternatives":[{"confidence":"0.8755666666666667","content":"발견하셨기"}],"type":"pronunciation"},{"start_time":"55.75","end_time":"56.36","alternatives":[{"confidence":"0.9967","content":"때문에"}],"type":"pronunciation"},{"start_time":"57.14","end_time":"57.25","alternatives":[{"confidence":"0.9959","content":"이"}],"type":"pronunciation"},{"start_time":"57.25","end_time":"57.53","alternatives":[{"confidence":"0.9099","content":"부분"}],"type":"pronunciation"},{"start_time":"57.53","end_time":"57.86","alternatives":[{"confidence":"0.99215","content":"확인차"}],"type":"pronunciation"},{"start_time":"57.86","end_time":"58.18","alternatives":[{"confidence":"0.9881","content":"연락을"}],"type":"pronunciation"},{"start_time":"58.22","end_time":"58.99","alternatives":[{"confidence":"0.8793","content":"드린건데요"}],"type":"pronunciation"},{"start_time":"59.4","end_time":"59.54","alternatives":[{"confidence":"0.905","content":"이"}],"type":"pronunciation"},{"start_time":"59.54","end_time":"59.92","alternatives":[{"confidence":"0.6225","content":"과정"}],"type":"pronunciation"},{"start_time":"59.95","end_time":"60.08","alternatives":[{"confidence":"0.7032","content":"이"}],"type":"pronunciation"},{"start_time":"60.08","end_time":"60.49","alternatives":[{"confidence":"0.9996","content":"계좌를"}],"type":"pronunciation"},{"start_time":"60.49","end_time":"61.26","alternatives":[{"confidence":"0.9951","content":"통해서"}],"type":"pronunciation"},{"start_time":"61.26","end_time":"61.57","alternatives":[{"confidence":"0.9056","content":"오월"}],"type":"pronunciation"},{"start_time":"61.57","end_time":"62.16","alternatives":[{"confidence":"0.7904","content":"십팔일부터"}],"type":"pronunciation"},{"start_time":"62.16","end_time":"62.37","alternatives":[{"confidence":"0.9985","content":"월"}],"type":"pronunciation"},{"start_time":"62.37","end_time":"62.69","alternatives":[{"confidence":"0.9175","content":"이십이"}],"type":"pronunciation"},{"start_time":"62.69","end_time":"63.05","alternatives":[{"confidence":"0.9794","content":"일까지"}],"type":"pronunciation"},{"start_time":"63.05","end_time":"63.23","alternatives":[{"confidence":"0.9914","content":"약"}],"type":"pronunciation"},{"start_time":"63.23","end_time":"63.63","alternatives":[{"confidence":"0.6885","content":"오일간에"}],"type":"pronunciation"},{"start_time":"63.63","end_time":"64.09","alternatives":[{"confidence":"0.9997","content":"걸쳐"}],"type":"pronunciation"},{"start_time":"64.39","end_time":"64.84","alternatives":[{"confidence":"0.9947","content":"총"}],"type":"pronunciation"},{"start_time":"65.12","end_time":"65.73","alternatives":[{"confidence":"0.6319","content":"사천오백"}],"type":"pronunciation"},{"start_time":"65.73","end_time":"65.95","alternatives":[{"confidence":"0.8885","content":"만원"}],"type":"pronunciation"},{"start_time":"65.95","end_time":"66.28","alternatives":[{"confidence":"0.9269","content":"정도의"}],"type":"pronunciation"},{"start_time":"66.28","end_time":"66.73","alternatives":[{"confidence":"0.7637","content":"금액이"}],"type":"pronunciation"},{"start_time":"66.73","end_time":"67.4","alternatives":[{"confidence":"0.68735","content":"불법자금"}],"type":"pronunciation"},{"start_time":"67.4","end_time":"67.84","alternatives":[{"confidence":"0.9062","content":"세탁에"}],"type":"pronunciation"},{"start_time":"68.23","end_time":"68.66","alternatives":[{"confidence":"0.9995","content":"사용된"}],"type":"pronunciation"},{"start_time":"68.66","end_time":"68.99","alternatives":[{"confidence":"0.9434","content":"사실을"}],"type":"pronunciation"},{"start_time":"68.99","end_time":"69.46","alternatives":[{"confidence":"0.7955000000000001","content":"확인돼서"}],"type":"pronunciation"},{"start_time":"69.46","end_time":"69.92","alternatives":[{"confidence":"0.9976499999999999","content":"연락드린"}],"type":"pronunciation"},{"start_time":"69.92","end_time":"70.46","alternatives":[{"confidence":"0.998","content":"겁니다"}],"type":"pronunciation"},{"start_time":"70.6","end_time":"71.23","alternatives":[{"confidence":"1.0","content":"혹시"}],"type":"pronunciation"},{"start_time":"71.23","end_time":"71.72","alternatives":[{"confidence":"0.99315","content":"본인께서"}],"type":"pronunciation"},{"start_time":"71.72","end_time":"71.96","alternatives":[{"confidence":"0.9951","content":"직접"}],"type":"pronunciation"},{"start_time":"71.96","end_time":"72.43","alternatives":[{"confidence":"0.79945","content":"개설하신"}],"type":"pronunciation"},{"start_time":"72.43","end_time":"73.21","alternatives":[{"confidence":"0.8562333333333333","content":"분이십니까"}],"type":"pronunciation"},{"start_time":"74.39","end_time":"74.64","alternatives":[{"confidence":"0.5005","content":"큰"}],"type":"pronunciation"},{"start_time":"74.64","end_time":"75.16","alternatives":[{"confidence":"0.5569","content":"이름이에요"}],"type":"pronunciation"},{"start_time":"79.68","end_time":"80.21","alternatives":[{"confidence":"0.8525499999999999","content":"손님께서"}],"type":"pronunciation"},{"start_time":"80.21","end_time":"80.46","alternatives":[{"confidence":"0.6179","content":"기술"}],"type":"pronunciation"},{"start_time":"80.46","end_time":"80.68","alternatives":[{"confidence":"0.7647","content":"하신"}],"type":"pronunciation"},{"start_time":"80.68","end_time":"81.03","alternatives":[{"confidence":"0.8859","content":"상장이"}],"type":"pronunciation"},{"start_time":"81.03","end_time":"81.37","alternatives":[{"confidence":"0.5324","content":"아니란"}],"type":"pronunciation"},{"start_time":"81.37","end_time":"82.08","alternatives":[{"confidence":"1.0","content":"말씀이시고"}],"type":"pronunciation"},{"start_time":"84.22","end_time":"84.62","alternatives":[{"confidence":"1.0","content":"일단"}],"type":"pronunciation"},{"start_time":"84.62","end_time":"84.83","alternatives":[{"confidence":"0.9992","content":"이런"}],"type":"pronunciation"},{"start_time":"84.83","end_time":"85.17","alternatives":[{"confidence":"1.0","content":"부분에"}],"type":"pronunciation"},{"start_time":"85.17","end_time":"85.41","alternatives":[{"confidence":"0.9918","content":"대해서"}],"type":"pronunciation"},{"start_time":"85.41","end_time":"85.93","alternatives":[{"confidence":"0.9982500000000001","content":"본인께서"}],"type":"pronunciation"},{"start_time":"85.93","end_time":"86.16","alternatives":[{"confidence":"0.3501","content":"기술"}],"type":"pronunciation"},{"start_time":"86.16","end_time":"86.37","alternatives":[{"confidence":"0.7651","content":"하신"}],"type":"pronunciation"},{"start_time":"86.37","end_time":"86.72","alternatives":[{"confidence":"0.9978","content":"통장이"}],"type":"pronunciation"},{"start_time":"86.72","end_time":"87.09","alternatives":[{"confidence":"0.506","content":"아니란"}],"type":"pronunciation"},{"start_time":"87.09","end_time":"88.22","alternatives":[{"confidence":"0.9992666666666666","content":"말씀이신데"}],"type":"pronunciation"},{"start_time":"88.25","end_time":"88.62","alternatives":[{"confidence":"0.9642","content":"보통"}],"type":"pronunciation"},{"start_time":"88.63","end_time":"89.08","alternatives":[{"confidence":"0.7154","content":"은행사"}],"type":"pronunciation"},{"start_time":"89.08","end_time":"89.25","alternatives":[{"confidence":"0.7483","content":"측"}],"type":"pronunciation"},{"start_time":"89.25","end_time":"89.53","alternatives":[{"confidence":"0.9968","content":"같은"}],"type":"pronunciation"},{"start_time":"89.53","end_time":"89.67","alternatives":[{"confidence":"0.7644","content":"경우"}],"type":"pronunciation"},{"start_time":"89.67","end_time":"90.12","alternatives":[{"confidence":"0.9934499999999999","content":"본인께서"}],"type":"pronunciation"},{"start_time":"90.12","end_time":"90.48","alternatives":[{"confidence":"0.9984","content":"직접"}],"type":"pronunciation"},{"start_time":"90.49","end_time":"90.89","alternatives":[{"confidence":"0.9993","content":"방문을"}],"type":"pronunciation"},{"start_time":"90.89","end_time":"91.22","alternatives":[{"confidence":"0.9626","content":"하셔야"}],"type":"pronunciation"},{"start_time":"91.22","end_time":"91.55","alternatives":[{"confidence":"0.9096","content":"지만"}],"type":"pronunciation"},{"start_time":"91.81","end_time":"92.22","alternatives":[{"confidence":"1.0","content":"계좌가"}],"type":"pronunciation"},{"start_time":"92.22","end_time":"92.58","alternatives":[{"confidence":"0.82035","content":"개설이"}],"type":"pronunciation"},{"start_time":"92.58","end_time":"92.83","alternatives":[{"confidence":"1.0","content":"되지"}],"type":"pronunciation"},{"start_time":"92.83","end_time":"93.64","alternatives":[{"confidence":"1.0","content":"않습니까"}],"type":"pronunciation"},{"alternatives":[{"confidence":"0.0","content":"?"}],"type":"punctuation"},{"start_time":"97.18","end_time":"97.64","alternatives":[{"confidence":"1.0","content":"일단"}],"type":"pronunciation"},{"start_time":"97.64","end_time":"97.73","alternatives":[{"confidence":"0.9368","content":"이"}],"type":"pronunciation"},{"start_time":"97.73","end_time":"98.23","alternatives":[{"confidence":"0.6182","content":"부분"}],"type":"pronunciation"},{"start_time":"98.23","end_time":"98.66","alternatives":[{"confidence":"0.8844","content":"사건"}],"type":"pronunciation"},{"start_time":"98.66","end_time":"99.1","alternatives":[{"confidence":"1.0","content":"조사를"}],"type":"pronunciation"},{"start_time":"99.1","end_time":"100.28","alternatives":[{"confidence":"0.9157500000000001","content":"해보고요"}],"type":"pronunciation"},{"start_time":"100.34","end_time":"100.92","alternatives":[{"confidence":"0.9335","content":"경위서"}],"type":"pronunciation"},{"start_time":"100.92","end_time":"101.08","alternatives":[{"confidence":"0.9977","content":"이제"}],"type":"pronunciation"},{"start_time":"101.11","end_time":"101.83","alternatives":[{"confidence":"0.9941","content":"작성해서"}],"type":"pronunciation"},{"start_time":"101.83","end_time":"102.28","alternatives":[{"confidence":"0.9201","content":"선생님"}],"type":"pronunciation"},{"start_time":"102.28","end_time":"102.98","alternatives":[{"confidence":"0.9948666666666667","content":"자택주소지로"}],"type":"pronunciation"},{"start_time":"102.98","end_time":"103.37","alternatives":[{"confidence":"0.2921","content":"발생해"}],"type":"pronunciation"},{"start_time":"103.37","end_time":"104.12","alternatives":[{"confidence":"0.78545","content":"드릴테니까"}],"type":"pronunciation"},{"start_time":"105.01","end_time":"105.46","alternatives":[{"confidence":"0.8988","content":"한번"}],"type":"pronunciation"},{"start_time":"105.46","end_time":"106.35","alternatives":[{"confidence":"0.96925","content":"확인하시고"}],"type":"pronunciation"},{"start_time":"106.35","end_time":"107.61","alternatives":[{"confidence":"0.6754000000000001","content":"서울지방경찰청을"}],"type":"pronunciation"},{"start_time":"107.61","end_time":"108.13","alternatives":[{"confidence":"0.6135666666666667","content":"내방한번"}],"type":"pronunciation"},{"start_time":"108.13","end_time":"108.55","alternatives":[{"confidence":"0.7926","content":"해주셔야"}],"type":"pronunciation"},{"start_time":"108.55","end_time":"109.48","alternatives":[{"confidence":"0.9898","content":"되시는데"}],"type":"pronunciation"},{"start_time":"112.22","end_time":"112.52","alternatives":[{"confidence":"0.1411","content":"예"}],"type":"pronunciation"},{"alternatives":[{"confidence":"0.0","content":","}],"type":"punctuation"},{"start_time":"112.52","end_time":"113.27","alternatives":[{"confidence":"0.9954","content":"알겠습니다"}],"type":"pronunciation"}]},"status":"COMPLETED"}