{"jobName":"transcribes178","accountId":"097989105209","results":{"transcripts":[{"transcript":"때문에 몇 가지 확인차 연락드렸는데요 본인께서는. 전라도 광주 출신인 사십이 세 여성 이현주 씨라고 아십니까? 왜냐하면 저희가 얼마전에 이현주 로 인한 금융범죄사기입단을 검거했는데요 이들을 검 건현장에서 대량의 신용카드와 대포통장을 압수하는 과정에서 본인 명의로 된 우리은행과 하나원의 대포통장이 압수가 돼가지고 본인앞서 전해드린 겁니다. 본인께서 의도개사 개설내용에 대해서 마신 내용이 십니까."}],"items":[{"start_time":"0.0","end_time":"0.34","alternatives":[{"confidence":"0.9977","content":"때문에"}],"type":"pronunciation"},{"start_time":"0.34","end_time":"0.51","alternatives":[{"confidence":"0.9992","content":"몇"}],"type":"pronunciation"},{"start_time":"0.51","end_time":"0.73","alternatives":[{"confidence":"0.9931","content":"가지"}],"type":"pronunciation"},{"start_time":"0.73","end_time":"1.25","alternatives":[{"confidence":"0.96855","content":"확인차"}],"type":"pronunciation"},{"start_time":"1.25","end_time":"2.35","alternatives":[{"confidence":"0.9811666666666667","content":"연락드렸는데요"}],"type":"pronunciation"},{"start_time":"3.01","end_time":"3.83","alternatives":[{"confidence":"0.8415999999999999","content":"본인께서는"}],"type":"pronunciation"},{"alternatives":[{"confidence":"0.0","content":"."}],"type":"punctuation"},{"start_time":"3.83","end_time":"4.27","alternatives":[{"confidence":"0.9951","content":"전라도"}],"type":"pronunciation"},{"start_time":"4.27","end_time":"4.62","alternatives":[{"confidence":"0.6738","content":"광주"}],"type":"pronunciation"},{"start_time":"4.62","end_time":"5.26","alternatives":[{"confidence":"1.0","content":"출신인"}],"type":"pronunciation"},{"start_time":"5.53","end_time":"6.04","alternatives":[{"confidence":"0.975","content":"사십이"}],"type":"pronunciation"},{"start_time":"6.04","end_time":"6.21","alternatives":[{"confidence":"0.9426","content":"세"}],"type":"pronunciation"},{"start_time":"6.21","end_time":"6.53","alternatives":[{"confidence":"0.9824","content":"여성"}],"type":"pronunciation"},{"start_time":"6.53","end_time":"7.14","alternatives":[{"confidence":"0.92225","content":"이현주"}],"type":"pronunciation"},{"start_time":"7.14","end_time":"7.57","alternatives":[{"confidence":"0.9282","content":"씨라고"}],"type":"pronunciation"},{"start_time":"7.57","end_time":"8.25","alternatives":[{"confidence":"1.0","content":"아십니까"}],"type":"pronunciation"},{"alternatives":[{"confidence":"0.0","content":"?"}],"type":"punctuation"},{"start_time":"10.4","end_time":"11.29","alternatives":[{"confidence":"0.9998","content":"왜냐하면"}],"type":"pronunciation"},{"start_time":"11.32","end_time":"11.55","alternatives":[{"confidence":"0.8079","content":"저희가"}],"type":"pronunciation"},{"start_time":"11.55","end_time":"12.03","alternatives":[{"confidence":"0.5368","content":"얼마전에"}],"type":"pronunciation"},{"start_time":"12.03","end_time":"12.54","alternatives":[{"confidence":"0.85015","content":"이현주"}],"type":"pronunciation"},{"start_time":"12.54","end_time":"12.71","alternatives":[{"confidence":"0.8723","content":"로"}],"type":"pronunciation"},{"start_time":"12.71","end_time":"13.08","alternatives":[{"confidence":"1.0","content":"인한"}],"type":"pronunciation"},{"start_time":"13.08","end_time":"14.58","alternatives":[{"confidence":"0.95996","content":"금융범죄사기입단을"}],"type":"pronunciation"},{"start_time":"14.58","end_time":"15.64","alternatives":[{"confidence":"1.0","content":"검거했는데요"}],"type":"pronunciation"},{"start_time":"16.25","end_time":"16.61","alternatives":[{"confidence":"1.0","content":"이들을"}],"type":"pronunciation"},{"start_time":"16.61","end_time":"16.8","alternatives":[{"confidence":"0.5061","content":"검"}],"type":"pronunciation"},{"start_time":"16.8","end_time":"17.68","alternatives":[{"confidence":"0.74075","content":"건현장에서"}],"type":"pronunciation"},{"start_time":"17.68","end_time":"18.1","alternatives":[{"confidence":"1.0","content":"대량의"}],"type":"pronunciation"},{"start_time":"18.13","end_time":"19.03","alternatives":[{"confidence":"1.0","content":"신용카드와"}],"type":"pronunciation"},{"start_time":"19.06","end_time":"19.96","alternatives":[{"confidence":"0.9991666666666666","content":"대포통장을"}],"type":"pronunciation"},{"start_time":"19.96","end_time":"20.4","alternatives":[{"confidence":"0.99995","content":"압수하는"}],"type":"pronunciation"},{"start_time":"20.4","end_time":"21.09","alternatives":[{"confidence":"1.0","content":"과정에서"}],"type":"pronunciation"},{"start_time":"22.05","end_time":"22.96","alternatives":[{"confidence":"0.8238","content":"본인"}],"type":"pronunciation"},{"start_time":"22.96","end_time":"23.49","alternatives":[{"confidence":"1.0","content":"명의로"}],"type":"pronunciation"},{"start_time":"23.49","end_time":"23.75","alternatives":[{"confidence":"0.9995","content":"된"}],"type":"pronunciation"},{"start_time":"23.75","end_time":"24.58","alternatives":[{"confidence":"0.9637","content":"우리은행과"}],"type":"pronunciation"},{"start_time":"24.86","end_time":"25.35","alternatives":[{"confidence":"0.9575","content":"하나원의"}],"type":"pronunciation"},{"start_time":"25.35","end_time":"26.19","alternatives":[{"confidence":"0.9147666666666666","content":"대포통장이"}],"type":"pronunciation"},{"start_time":"26.19","end_time":"26.6","alternatives":[{"confidence":"0.9914000000000001","content":"압수가"}],"type":"pronunciation"},{"start_time":"26.6","end_time":"27.25","alternatives":[{"confidence":"0.8188","content":"돼가지고"}],"type":"pronunciation"},{"start_time":"27.25","end_time":"27.81","alternatives":[{"confidence":"0.7322500000000001","content":"본인앞서"}],"type":"pronunciation"},{"start_time":"27.81","end_time":"28.27","alternatives":[{"confidence":"0.7825","content":"전해드린"}],"type":"pronunciation"},{"start_time":"28.27","end_time":"28.72","alternatives":[{"confidence":"0.9946","content":"겁니다"}],"type":"pronunciation"},{"alternatives":[{"confidence":"0.0","content":"."}],"type":"punctuation"},{"start_time":"30.58","end_time":"31.2","alternatives":[{"confidence":"0.99","content":"본인께서"}],"type":"pronunciation"},{"start_time":"31.2","end_time":"31.86","alternatives":[{"confidence":"0.44306666666666666","content":"의도개사"}],"type":"pronunciation"},{"start_time":"31.86","end_time":"32.58","alternatives":[{"confidence":"0.9012","content":"개설내용에"}],"type":"pronunciation"},{"start_time":"32.58","end_time":"32.83","alternatives":[{"confidence":"0.9997","content":"대해서"}],"type":"pronunciation"},{"start_time":"32.83","end_time":"33.21","alternatives":[{"confidence":"0.7455","content":"마신"}],"type":"pronunciation"},{"start_time":"33.21","end_time":"33.47","alternatives":[{"confidence":"0.7729","content":"내용이"}],"type":"pronunciation"},{"start_time":"33.47","end_time":"34.08","alternatives":[{"confidence":"1.0","content":"십니까"}],"type":"pronunciation"},{"alternatives":[{"confidence":"0.0","content":"."}],"type":"punctuation"}]},"status":"COMPLETED"}