{"jobName":"transcribes..73","accountId":"097989105209","results":{"transcripts":[{"transcript":"몇 가지 확인하는 상황에 있어서 연락되신 게요. 지금 통화 가능하겠습니까 단순한 상황 때문에 연락드린 거 아니고요. 개인 정보 유출 사건 때문에 몇가지 여쭤볼 게 해주십니다. 저 혹시 최고 일 년 사이에 주민등록증이나 운전면허증, 여권 등을 탄이 양도하거나 분실한 적이 있으십니까? 그럼 요즘 이 가구내용이나 카드사의 개인정보 유출이 많이 되었죠. 그걸로 인해 피해를 본 사례가 있으십니까? 네, 이거 여쭤보는요 저희가 이천십오 년 사 월 일 날에 불법 도박금융사기단 일당일부 근거했습니다 금강현장에서요 증명이라도 된 부상은행 통장이 지금 발견되었고요 9 산통장불법 도박자금이 팔 천 육백만원쯤 들어 있어서 동결시켰는데 본인께서 이 기사에 대해 하는 부분이 있으십니까? 그러시다면 혹시 인데요. 사람들 지금 전혀 모른다는 말씀이시죠? 왜냐면 진술에 따르면 김 명의로 된 통장을 그 돈을 주고 샀다고 합니다. 도 잘 아시다시피 통장을 개설하려면. 본인이 직접 은행을 가셔야 많이 통장을 발급 서로 보시게 되면 또 부산에 개설된 부산은행 통장이십니다 부산을 놓는 거예요. 지금 뭐 하세요? 된 사건이 아니십니다. 그 사람은 아니십니까 서로 보세요. 나오셨는데요 평안이십니까"}],"items":[{"start_time":"1.43","end_time":"1.6","alternatives":[{"confidence":"0.4397","content":"몇"}],"type":"pronunciation"},{"start_time":"1.6","end_time":"1.83","alternatives":[{"confidence":"0.4288","content":"가지"}],"type":"pronunciation"},{"start_time":"1.83","end_time":"2.3","alternatives":[{"confidence":"0.9797","content":"확인하는"}],"type":"pronunciation"},{"start_time":"2.3","end_time":"2.6","alternatives":[{"confidence":"0.9014","content":"상황에"}],"type":"pronunciation"},{"start_time":"2.6","end_time":"2.89","alternatives":[{"confidence":"0.9775","content":"있어서"}],"type":"pronunciation"},{"start_time":"2.89","end_time":"3.65","alternatives":[{"confidence":"0.7479","content":"연락되신"}],"type":"pronunciation"},{"start_time":"3.65","end_time":"3.89","alternatives":[{"confidence":"0.4898","content":"게요"}],"type":"pronunciation"},{"alternatives":[{"confidence":"0.0","content":"."}],"type":"punctuation"},{"start_time":"3.92","end_time":"4.16","alternatives":[{"confidence":"0.9715","content":"지금"}],"type":"pronunciation"},{"start_time":"4.16","end_time":"4.46","alternatives":[{"confidence":"0.8648","content":"통화"}],"type":"pronunciation"},{"start_time":"4.46","end_time":"5.42","alternatives":[{"confidence":"0.99465","content":"가능하겠습니까"}],"type":"pronunciation"},{"start_time":"7.8","end_time":"8.33","alternatives":[{"confidence":"1.0","content":"단순한"}],"type":"pronunciation"},{"start_time":"8.33","end_time":"8.66","alternatives":[{"confidence":"0.8948","content":"상황"}],"type":"pronunciation"},{"start_time":"8.66","end_time":"8.93","alternatives":[{"confidence":"0.9991","content":"때문에"}],"type":"pronunciation"},{"start_time":"8.93","end_time":"9.49","alternatives":[{"confidence":"0.9834","content":"연락드린"}],"type":"pronunciation"},{"start_time":"9.49","end_time":"9.61","alternatives":[{"confidence":"0.8878","content":"거"}],"type":"pronunciation"},{"start_time":"9.61","end_time":"10.16","alternatives":[{"confidence":"0.9992","content":"아니고요"}],"type":"pronunciation"},{"alternatives":[{"confidence":"0.0","content":"."}],"type":"punctuation"},{"start_time":"10.28","end_time":"10.61","alternatives":[{"confidence":"0.8185","content":"개인"}],"type":"pronunciation"},{"start_time":"10.61","end_time":"11.01","alternatives":[{"confidence":"0.8162","content":"정보"}],"type":"pronunciation"},{"start_time":"11.01","end_time":"11.3","alternatives":[{"confidence":"0.8303","content":"유출"}],"type":"pronunciation"},{"start_time":"11.3","end_time":"11.68","alternatives":[{"confidence":"0.9672","content":"사건"}],"type":"pronunciation"},{"start_time":"11.68","end_time":"12.18","alternatives":[{"confidence":"0.9953","content":"때문에"}],"type":"pronunciation"},{"start_time":"12.27","end_time":"12.68","alternatives":[{"confidence":"0.4153","content":"몇가지"}],"type":"pronunciation"},{"start_time":"12.68","end_time":"13.06","alternatives":[{"confidence":"0.9515","content":"여쭤볼"}],"type":"pronunciation"},{"start_time":"13.06","end_time":"13.16","alternatives":[{"confidence":"0.903","content":"게"}],"type":"pronunciation"},{"start_time":"13.16","end_time":"13.87","alternatives":[{"confidence":"0.85285","content":"해주십니다"}],"type":"pronunciation"},{"alternatives":[{"confidence":"0.0","content":"."}],"type":"punctuation"},{"start_time":"14.62","end_time":"14.72","alternatives":[{"confidence":"0.2783","content":"저"}],"type":"pronunciation"},{"start_time":"14.72","end_time":"15.43","alternatives":[{"confidence":"1.0","content":"혹시"}],"type":"pronunciation"},{"start_time":"15.46","end_time":"15.79","alternatives":[{"confidence":"0.7441","content":"최고"}],"type":"pronunciation"},{"start_time":"15.79","end_time":"15.96","alternatives":[{"confidence":"0.5782","content":"일"}],"type":"pronunciation"},{"start_time":"15.96","end_time":"16.15","alternatives":[{"confidence":"0.9143","content":"년"}],"type":"pronunciation"},{"start_time":"16.15","end_time":"16.65","alternatives":[{"confidence":"0.6739","content":"사이에"}],"type":"pronunciation"},{"start_time":"19.0","end_time":"20.26","alternatives":[{"confidence":"1.0","content":"주민등록증이나"}],"type":"pronunciation"},{"start_time":"20.29","end_time":"21.14","alternatives":[{"confidence":"0.97775","content":"운전면허증"}],"type":"pronunciation"},{"alternatives":[{"confidence":"0.0","content":","}],"type":"punctuation"},{"start_time":"21.26","end_time":"21.54","alternatives":[{"confidence":"0.997","content":"여권"}],"type":"pronunciation"},{"start_time":"21.54","end_time":"21.84","alternatives":[{"confidence":"0.9968","content":"등을"}],"type":"pronunciation"},{"start_time":"21.84","end_time":"22.23","alternatives":[{"confidence":"0.6633","content":"탄이"}],"type":"pronunciation"},{"start_time":"22.23","end_time":"22.89","alternatives":[{"confidence":"0.99515","content":"양도하거나"}],"type":"pronunciation"},{"start_time":"22.89","end_time":"23.33","alternatives":[{"confidence":"0.9034500000000001","content":"분실한"}],"type":"pronunciation"},{"start_time":"23.33","end_time":"23.49","alternatives":[{"confidence":"0.7278","content":"적이"}],"type":"pronunciation"},{"start_time":"23.49","end_time":"24.16","alternatives":[{"confidence":"1.0","content":"있으십니까"}],"type":"pronunciation"},{"alternatives":[{"confidence":"0.0","content":"?"}],"type":"punctuation"},{"start_time":"26.35","end_time":"26.64","alternatives":[{"confidence":"0.9872","content":"그럼"}],"type":"pronunciation"},{"start_time":"26.64","end_time":"26.96","alternatives":[{"confidence":"0.8796","content":"요즘"}],"type":"pronunciation"},{"start_time":"26.96","end_time":"27.15","alternatives":[{"confidence":"0.235","content":"이"}],"type":"pronunciation"},{"start_time":"27.27","end_time":"27.99","alternatives":[{"confidence":"0.21706666666666666","content":"가구내용이나"}],"type":"pronunciation"},{"start_time":"28.02","end_time":"28.53","alternatives":[{"confidence":"0.6970000000000001","content":"카드사의"}],"type":"pronunciation"},{"start_time":"28.71","end_time":"29.39","alternatives":[{"confidence":"0.5364","content":"개인정보"}],"type":"pronunciation"},{"start_time":"29.39","end_time":"29.71","alternatives":[{"confidence":"0.94765","content":"유출이"}],"type":"pronunciation"},{"start_time":"29.71","end_time":"30.08","alternatives":[{"confidence":"0.9822","content":"많이"}],"type":"pronunciation"},{"start_time":"30.08","end_time":"30.66","alternatives":[{"confidence":"0.6019","content":"되었죠"}],"type":"pronunciation"},{"alternatives":[{"confidence":"0.0","content":"."}],"type":"punctuation"},{"start_time":"31.09","end_time":"31.43","alternatives":[{"confidence":"0.864","content":"그걸로"}],"type":"pronunciation"},{"start_time":"31.43","end_time":"31.65","alternatives":[{"confidence":"0.9985","content":"인해"}],"type":"pronunciation"},{"start_time":"31.65","end_time":"32.02","alternatives":[{"confidence":"1.0","content":"피해를"}],"type":"pronunciation"},{"start_time":"32.02","end_time":"32.18","alternatives":[{"confidence":"0.5997","content":"본"}],"type":"pronunciation"},{"start_time":"32.21","end_time":"32.57","alternatives":[{"confidence":"1.0","content":"사례가"}],"type":"pronunciation"},{"start_time":"32.57","end_time":"33.27","alternatives":[{"confidence":"1.0","content":"있으십니까"}],"type":"pronunciation"},{"alternatives":[{"confidence":"0.0","content":"?"}],"type":"punctuation"},{"start_time":"34.84","end_time":"35.16","alternatives":[{"confidence":"0.9402","content":"네"}],"type":"pronunciation"},{"alternatives":[{"confidence":"0.0","content":","}],"type":"punctuation"},{"start_time":"35.5","end_time":"35.78","alternatives":[{"confidence":"0.9024","content":"이거"}],"type":"pronunciation"},{"start_time":"35.78","end_time":"36.7","alternatives":[{"confidence":"0.7953666666666667","content":"여쭤보는요"}],"type":"pronunciation"},{"start_time":"36.73","end_time":"37.07","alternatives":[{"confidence":"0.9991","content":"저희가"}],"type":"pronunciation"},{"start_time":"37.16","end_time":"37.84","alternatives":[{"confidence":"0.7135","content":"이천십오"}],"type":"pronunciation"},{"start_time":"37.84","end_time":"38.08","alternatives":[{"confidence":"0.9981","content":"년"}],"type":"pronunciation"},{"start_time":"38.17","end_time":"38.4","alternatives":[{"confidence":"0.4875","content":"사"}],"type":"pronunciation"},{"start_time":"38.4","end_time":"38.57","alternatives":[{"confidence":"0.9969","content":"월"}],"type":"pronunciation"},{"start_time":"38.57","end_time":"38.7","alternatives":[{"confidence":"0.5854","content":"일"}],"type":"pronunciation"},{"start_time":"38.7","end_time":"39.08","alternatives":[{"confidence":"0.9219","content":"날에"}],"type":"pronunciation"},{"start_time":"39.2","end_time":"39.67","alternatives":[{"confidence":"0.7337","content":"불법"}],"type":"pronunciation"},{"start_time":"39.67","end_time":"40.9","alternatives":[{"confidence":"0.898725","content":"도박금융사기단"}],"type":"pronunciation"},{"start_time":"40.9","end_time":"41.46","alternatives":[{"confidence":"0.8266","content":"일당일부"}],"type":"pronunciation"},{"start_time":"41.46","end_time":"42.3","alternatives":[{"confidence":"0.6346499999999999","content":"근거했습니다"}],"type":"pronunciation"},{"start_time":"43.07","end_time":"44.29","alternatives":[{"confidence":"0.7085","content":"금강현장에서요"}],"type":"pronunciation"},{"start_time":"45.38","end_time":"45.89","alternatives":[{"confidence":"0.6111","content":"증명이라도"}],"type":"pronunciation"},{"start_time":"45.89","end_time":"46.11","alternatives":[{"confidence":"0.681","content":"된"}],"type":"pronunciation"},{"start_time":"46.21","end_time":"46.86","alternatives":[{"confidence":"0.7041999999999999","content":"부상은행"}],"type":"pronunciation"},{"start_time":"46.86","end_time":"47.28","alternatives":[{"confidence":"0.9693","content":"통장이"}],"type":"pronunciation"},{"start_time":"47.28","end_time":"47.45","alternatives":[{"confidence":"0.8841","content":"지금"}],"type":"pronunciation"},{"start_time":"47.45","end_time":"48.55","alternatives":[{"confidence":"0.9892666666666666","content":"발견되었고요"}],"type":"pronunciation"},{"start_time":"48.92","end_time":"49.16","alternatives":[{"confidence":"0.1885","content":"9"}],"type":"pronunciation"},{"start_time":"49.16","end_time":"50.65","alternatives":[{"confidence":"0.6607","content":"산통장불법"}],"type":"pronunciation"},{"start_time":"50.65","end_time":"51.4","alternatives":[{"confidence":"0.9964","content":"도박자금이"}],"type":"pronunciation"},{"start_time":"51.49","end_time":"51.99","alternatives":[{"confidence":"0.5702","content":"팔"}],"type":"pronunciation"},{"start_time":"51.99","end_time":"52.24","alternatives":[{"confidence":"0.5741","content":"천"}],"type":"pronunciation"},{"start_time":"52.24","end_time":"53.11","alternatives":[{"confidence":"0.6599666666666667","content":"육백만원쯤"}],"type":"pronunciation"},{"start_time":"53.12","end_time":"53.35","alternatives":[{"confidence":"0.7239","content":"들어"}],"type":"pronunciation"},{"start_time":"53.35","end_time":"53.72","alternatives":[{"confidence":"0.9904","content":"있어서"}],"type":"pronunciation"},{"start_time":"53.72","end_time":"54.77","alternatives":[{"confidence":"0.9181999999999999","content":"동결시켰는데"}],"type":"pronunciation"},{"start_time":"55.26","end_time":"55.81","alternatives":[{"confidence":"0.9336500000000001","content":"본인께서"}],"type":"pronunciation"},{"start_time":"55.81","end_time":"55.93","alternatives":[{"confidence":"0.9608","content":"이"}],"type":"pronunciation"},{"start_time":"55.93","end_time":"56.29","alternatives":[{"confidence":"0.7957","content":"기사에"}],"type":"pronunciation"},{"start_time":"56.29","end_time":"56.44","alternatives":[{"confidence":"0.4429","content":"대해"}],"type":"pronunciation"},{"start_time":"56.44","end_time":"56.7","alternatives":[{"confidence":"0.574","content":"하는"}],"type":"pronunciation"},{"start_time":"56.7","end_time":"57.02","alternatives":[{"confidence":"0.9997","content":"부분이"}],"type":"pronunciation"},{"start_time":"57.02","end_time":"57.74","alternatives":[{"confidence":"1.0","content":"있으십니까"}],"type":"pronunciation"},{"alternatives":[{"confidence":"0.0","content":"?"}],"type":"punctuation"},{"start_time":"60.01","end_time":"60.63","alternatives":[{"confidence":"0.97595","content":"그러시다면"}],"type":"pronunciation"},{"start_time":"60.63","end_time":"61.06","alternatives":[{"confidence":"1.0","content":"혹시"}],"type":"pronunciation"},{"start_time":"63.52","end_time":"64.06","alternatives":[{"confidence":"0.9522","content":"인데요"}],"type":"pronunciation"},{"alternatives":[{"confidence":"0.0","content":"."}],"type":"punctuation"},{"start_time":"65.04","end_time":"65.47","alternatives":[{"confidence":"0.4395","content":"사람들"}],"type":"pronunciation"},{"start_time":"65.47","end_time":"65.64","alternatives":[{"confidence":"0.9738","content":"지금"}],"type":"pronunciation"},{"start_time":"65.64","end_time":"65.88","alternatives":[{"confidence":"0.999","content":"전혀"}],"type":"pronunciation"},{"start_time":"65.88","end_time":"66.34","alternatives":[{"confidence":"0.9979","content":"모른다는"}],"type":"pronunciation"},{"start_time":"66.34","end_time":"67.1","alternatives":[{"confidence":"0.5384","content":"말씀이시죠"}],"type":"pronunciation"},{"alternatives":[{"confidence":"0.0","content":"?"}],"type":"punctuation"},{"start_time":"69.41","end_time":"69.85","alternatives":[{"confidence":"0.866","content":"왜냐면"}],"type":"pronunciation"},{"start_time":"70.75","end_time":"71.13","alternatives":[{"confidence":"0.9871","content":"진술에"}],"type":"pronunciation"},{"start_time":"71.13","end_time":"71.72","alternatives":[{"confidence":"1.0","content":"따르면"}],"type":"pronunciation"},{"start_time":"72.22","end_time":"72.39","alternatives":[{"confidence":"0.9316","content":"김"}],"type":"pronunciation"},{"start_time":"72.39","end_time":"72.73","alternatives":[{"confidence":"0.9908","content":"명의로"}],"type":"pronunciation"},{"start_time":"72.73","end_time":"72.98","alternatives":[{"confidence":"1.0","content":"된"}],"type":"pronunciation"},{"start_time":"72.98","end_time":"73.49","alternatives":[{"confidence":"0.95355","content":"통장을"}],"type":"pronunciation"},{"start_time":"73.61","end_time":"73.73","alternatives":[{"confidence":"0.6035","content":"그"}],"type":"pronunciation"},{"start_time":"73.76","end_time":"74.11","alternatives":[{"confidence":"1.0","content":"돈을"}],"type":"pronunciation"},{"start_time":"74.11","end_time":"74.28","alternatives":[{"confidence":"0.9996","content":"주고"}],"type":"pronunciation"},{"start_time":"74.28","end_time":"74.69","alternatives":[{"confidence":"0.8954","content":"샀다고"}],"type":"pronunciation"},{"start_time":"74.69","end_time":"75.19","alternatives":[{"confidence":"1.0","content":"합니다"}],"type":"pronunciation"},{"alternatives":[{"confidence":"0.0","content":"."}],"type":"punctuation"},{"start_time":"79.83","end_time":"79.96","alternatives":[{"confidence":"0.9834","content":"도"}],"type":"pronunciation"},{"start_time":"79.96","end_time":"80.19","alternatives":[{"confidence":"0.9994","content":"잘"}],"type":"pronunciation"},{"start_time":"80.19","end_time":"80.88","alternatives":[{"confidence":"1.0","content":"아시다시피"}],"type":"pronunciation"},{"start_time":"80.97","end_time":"81.52","alternatives":[{"confidence":"1.0","content":"통장을"}],"type":"pronunciation"},{"start_time":"81.52","end_time":"82.4","alternatives":[{"confidence":"0.9976","content":"개설하려면"}],"type":"pronunciation"},{"alternatives":[{"confidence":"0.0","content":"."}],"type":"punctuation"},{"start_time":"82.43","end_time":"82.86","alternatives":[{"confidence":"1.0","content":"본인이"}],"type":"pronunciation"},{"start_time":"82.86","end_time":"83.24","alternatives":[{"confidence":"0.9221","content":"직접"}],"type":"pronunciation"},{"start_time":"83.27","end_time":"83.79","alternatives":[{"confidence":"0.9837","content":"은행을"}],"type":"pronunciation"},{"start_time":"83.79","end_time":"84.12","alternatives":[{"confidence":"0.8938999999999999","content":"가셔야"}],"type":"pronunciation"},{"start_time":"84.12","end_time":"84.39","alternatives":[{"confidence":"0.7949","content":"많이"}],"type":"pronunciation"},{"start_time":"84.39","end_time":"84.77","alternatives":[{"confidence":"0.96545","content":"통장을"}],"type":"pronunciation"},{"start_time":"84.77","end_time":"85.06","alternatives":[{"confidence":"0.9967","content":"발급"}],"type":"pronunciation"},{"start_time":"90.42","end_time":"90.75","alternatives":[{"confidence":"0.0051","content":"서로"}],"type":"pronunciation"},{"start_time":"90.75","end_time":"91.03","alternatives":[{"confidence":"0.0091","content":"보시게"}],"type":"pronunciation"},{"start_time":"91.03","end_time":"91.34","alternatives":[{"confidence":"0.5376","content":"되면"}],"type":"pronunciation"},{"start_time":"91.34","end_time":"91.45","alternatives":[{"confidence":"0.1636","content":"또"}],"type":"pronunciation"},{"start_time":"91.45","end_time":"91.88","alternatives":[{"confidence":"0.4215","content":"부산에"}],"type":"pronunciation"},{"start_time":"91.88","end_time":"92.55","alternatives":[{"confidence":"0.54035","content":"개설된"}],"type":"pronunciation"},{"start_time":"92.64","end_time":"93.18","alternatives":[{"confidence":"0.18375","content":"부산은행"}],"type":"pronunciation"},{"start_time":"93.18","end_time":"94.08","alternatives":[{"confidence":"0.9626","content":"통장이십니다"}],"type":"pronunciation"},{"start_time":"94.4","end_time":"95.56","alternatives":[{"confidence":"0.2008","content":"부산을"}],"type":"pronunciation"},{"start_time":"95.56","end_time":"95.86","alternatives":[{"confidence":"0.0416","content":"놓는"}],"type":"pronunciation"},{"start_time":"95.86","end_time":"96.07","alternatives":[{"confidence":"0.1535","content":"거예요"}],"type":"pronunciation"},{"alternatives":[{"confidence":"0.0","content":"."}],"type":"punctuation"},{"start_time":"97.74","end_time":"97.98","alternatives":[{"confidence":"0.9616","content":"지금"}],"type":"pronunciation"},{"start_time":"98.25","end_time":"98.4","alternatives":[{"confidence":"0.1966","content":"뭐"}],"type":"pronunciation"},{"start_time":"98.7","end_time":"99.28","alternatives":[{"confidence":"0.5133","content":"하세요"}],"type":"pronunciation"},{"alternatives":[{"confidence":"0.0","content":"?"}],"type":"punctuation"},{"start_time":"99.84","end_time":"100.0","alternatives":[{"confidence":"0.8533","content":"된"}],"type":"pronunciation"},{"start_time":"100.0","end_time":"100.4","alternatives":[{"confidence":"0.9883","content":"사건이"}],"type":"pronunciation"},{"start_time":"100.4","end_time":"101.08","alternatives":[{"confidence":"0.8618","content":"아니십니다"}],"type":"pronunciation"},{"alternatives":[{"confidence":"0.0","content":"."}],"type":"punctuation"},{"start_time":"104.64","end_time":"104.77","alternatives":[{"confidence":"0.97","content":"그"}],"type":"pronunciation"},{"start_time":"104.77","end_time":"105.09","alternatives":[{"confidence":"0.5245","content":"사람은"}],"type":"pronunciation"},{"start_time":"105.09","end_time":"105.78","alternatives":[{"confidence":"0.9973000000000001","content":"아니십니까"}],"type":"pronunciation"},{"start_time":"108.82","end_time":"109.11","alternatives":[{"confidence":"0.2694","content":"서로"}],"type":"pronunciation"},{"start_time":"109.11","end_time":"109.47","alternatives":[{"confidence":"0.7302","content":"보세요"}],"type":"pronunciation"},{"alternatives":[{"confidence":"0.0","content":"."}],"type":"punctuation"},{"start_time":"109.84","end_time":"110.7","alternatives":[{"confidence":"0.9965","content":"나오셨는데요"}],"type":"pronunciation"},{"start_time":"115.87","end_time":"116.73","alternatives":[{"confidence":"0.5103333333333334","content":"평안이십니까"}],"type":"pronunciation"}]},"status":"COMPLETED"}