{"jobName":"transcribes..8","accountId":"097989105209","results":{"transcripts":[{"transcript":"드렸는데 통화 가능하십니까. 네. 혹시 출신 남성 다고 알고 계십니까? 모르신다고요 그럼 주변에서 들어 보신 적도 없으십니까? 혹시 전하신 대로 없더라고요. 서울중앙지검입니다 이미경 수사관이고요 서울중앙지검 하고 들어 보신 적도 없으십니까? 잘 모르겠는데요. 다름이 아니고요. 저희가 이번에 김경수 로 인한 금융범죄사기단을 검거했는데요 이들을 검거하는 현장에서 기명의로 된 농협동성하고 하나 은행 통장이 발견됐기 때문에 확인차 연락을 드렸습니다. 농협이요 종용없는데요 제가 지금 그걸 물어본게 아니고요. 지금 일당들이 십일 번가는 옥션사이트에서 물건을 올려놓고 돈만 받고 물건을 보내지 않는 방식으로 살기를 쳤습니다. 도는 본인 명의로 된 통장으로 입금을 했고요. 조사 결과 지금 칠천 여만원의 극복자금이 본인 통장으로 입출금 교신걸로 확인되었기 때문에 동결제를 해 놓은 상태였습니다. 그래서 현재 지금 본인께서는 13 명이나 되는 피해자들로부터 고소고발됐습니다 없고 없지요. 근데 농협이 없는데요. 하나원 또 없고요. 전 지게 농협에서 이제 출근을 했습니다. 그러다 보니까 개인정보를 빼내서 총장만드는 데는 아주 쉬웠을 겁니다. 오늘 정확히 저희가 본인께 연락을 드린 이유는 이 두 계좌가 본인께서 땅 이렇게 돈을 받고 팔아넘긴 건지 아니면 개인정보 유출로 인해 명의 도용을 당한 피해자이신 지 그 부분에 대해서 확인을 하려고 연락을 드린 겁니다. 근데 어디어디서 전화하신 거에요. 저를 어떻게 알고 뭐라고요? 중앙지검이 신부인데요 똑같은 건 몇 번 물어보십니까 지금 메모안 하셨어요? 네."}],"items":[{"start_time":"0.46","end_time":"0.96","alternatives":[{"confidence":"0.99465","content":"드렸는데"}],"type":"pronunciation"},{"start_time":"0.96","end_time":"1.23","alternatives":[{"confidence":"0.903","content":"통화"}],"type":"pronunciation"},{"start_time":"1.23","end_time":"2.28","alternatives":[{"confidence":"0.99535","content":"가능하십니까"}],"type":"pronunciation"},{"alternatives":[{"confidence":"0.0","content":"."}],"type":"punctuation"},{"start_time":"4.44","end_time":"4.57","alternatives":[{"confidence":"0.7521","content":"네"}],"type":"pronunciation"},{"alternatives":[{"confidence":"0.0","content":"."}],"type":"punctuation"},{"start_time":"4.57","end_time":"5.18","alternatives":[{"confidence":"1.0","content":"혹시"}],"type":"pronunciation"},{"start_time":"5.88","end_time":"6.33","alternatives":[{"confidence":"0.6244","content":"출신"}],"type":"pronunciation"},{"start_time":"7.04","end_time":"7.49","alternatives":[{"confidence":"0.1519","content":"남성"}],"type":"pronunciation"},{"start_time":"8.11","end_time":"8.35","alternatives":[{"confidence":"0.6204","content":"다고"}],"type":"pronunciation"},{"start_time":"8.35","end_time":"8.56","alternatives":[{"confidence":"0.9984","content":"알고"}],"type":"pronunciation"},{"start_time":"8.56","end_time":"9.26","alternatives":[{"confidence":"1.0","content":"계십니까"}],"type":"pronunciation"},{"alternatives":[{"confidence":"0.0","content":"?"}],"type":"punctuation"},{"start_time":"11.42","end_time":"12.17","alternatives":[{"confidence":"0.9358666666666666","content":"모르신다고요"}],"type":"pronunciation"},{"start_time":"12.17","end_time":"12.35","alternatives":[{"confidence":"0.2934","content":"그럼"}],"type":"pronunciation"},{"start_time":"12.35","end_time":"12.76","alternatives":[{"confidence":"0.9996","content":"주변에서"}],"type":"pronunciation"},{"start_time":"12.76","end_time":"12.94","alternatives":[{"confidence":"0.9137","content":"들어"}],"type":"pronunciation"},{"start_time":"12.94","end_time":"13.22","alternatives":[{"confidence":"0.9846","content":"보신"}],"type":"pronunciation"},{"start_time":"13.22","end_time":"13.46","alternatives":[{"confidence":"0.986","content":"적도"}],"type":"pronunciation"},{"start_time":"13.46","end_time":"14.19","alternatives":[{"confidence":"1.0","content":"없으십니까"}],"type":"pronunciation"},{"alternatives":[{"confidence":"0.0","content":"?"}],"type":"punctuation"},{"start_time":"16.71","end_time":"17.07","alternatives":[{"confidence":"1.0","content":"혹시"}],"type":"pronunciation"},{"start_time":"17.07","end_time":"17.57","alternatives":[{"confidence":"0.69215","content":"전하신"}],"type":"pronunciation"},{"start_time":"17.57","end_time":"17.78","alternatives":[{"confidence":"0.7003","content":"대로"}],"type":"pronunciation"},{"start_time":"17.78","end_time":"18.43","alternatives":[{"confidence":"0.90305","content":"없더라고요"}],"type":"pronunciation"},{"alternatives":[{"confidence":"0.0","content":"."}],"type":"punctuation"},{"start_time":"19.79","end_time":"21.43","alternatives":[{"confidence":"0.9124399999999999","content":"서울중앙지검입니다"}],"type":"pronunciation"},{"start_time":"21.43","end_time":"21.85","alternatives":[{"confidence":"0.852","content":"이미경"}],"type":"pronunciation"},{"start_time":"21.85","end_time":"22.79","alternatives":[{"confidence":"0.99865","content":"수사관이고요"}],"type":"pronunciation"},{"start_time":"23.28","end_time":"24.49","alternatives":[{"confidence":"0.8566999999999999","content":"서울중앙지검"}],"type":"pronunciation"},{"start_time":"34.29","end_time":"34.62","alternatives":[{"confidence":"0.0599","content":"하고"}],"type":"pronunciation"},{"start_time":"34.62","end_time":"34.83","alternatives":[{"confidence":"0.4046","content":"들어"}],"type":"pronunciation"},{"start_time":"34.83","end_time":"35.09","alternatives":[{"confidence":"0.8686","content":"보신"}],"type":"pronunciation"},{"start_time":"35.09","end_time":"35.35","alternatives":[{"confidence":"0.5542","content":"적도"}],"type":"pronunciation"},{"start_time":"35.35","end_time":"36.21","alternatives":[{"confidence":"1.0","content":"없으십니까"}],"type":"pronunciation"},{"alternatives":[{"confidence":"0.0","content":"?"}],"type":"punctuation"},{"start_time":"38.76","end_time":"38.89","alternatives":[{"confidence":"0.0229","content":"잘"}],"type":"pronunciation"},{"start_time":"38.89","end_time":"39.9","alternatives":[{"confidence":"0.9991","content":"모르겠는데요"}],"type":"pronunciation"},{"alternatives":[{"confidence":"0.0","content":"."}],"type":"punctuation"},{"start_time":"41.56","end_time":"41.98","alternatives":[{"confidence":"0.9996","content":"다름이"}],"type":"pronunciation"},{"start_time":"41.98","end_time":"42.6","alternatives":[{"confidence":"1.0","content":"아니고요"}],"type":"pronunciation"},{"alternatives":[{"confidence":"0.0","content":"."}],"type":"punctuation"},{"start_time":"42.66","end_time":"43.01","alternatives":[{"confidence":"0.9991","content":"저희가"}],"type":"pronunciation"},{"start_time":"43.01","end_time":"43.41","alternatives":[{"confidence":"1.0","content":"이번에"}],"type":"pronunciation"},{"start_time":"43.41","end_time":"43.92","alternatives":[{"confidence":"0.93725","content":"김경수"}],"type":"pronunciation"},{"start_time":"43.92","end_time":"44.02","alternatives":[{"confidence":"0.9091","content":"로"}],"type":"pronunciation"},{"start_time":"44.02","end_time":"44.28","alternatives":[{"confidence":"0.9981","content":"인한"}],"type":"pronunciation"},{"start_time":"44.28","end_time":"45.45","alternatives":[{"confidence":"0.915","content":"금융범죄사기단을"}],"type":"pronunciation"},{"start_time":"45.45","end_time":"46.48","alternatives":[{"confidence":"1.0","content":"검거했는데요"}],"type":"pronunciation"},{"start_time":"46.87","end_time":"47.26","alternatives":[{"confidence":"1.0","content":"이들을"}],"type":"pronunciation"},{"start_time":"47.26","end_time":"47.79","alternatives":[{"confidence":"0.8636","content":"검거하는"}],"type":"pronunciation"},{"start_time":"47.79","end_time":"48.53","alternatives":[{"confidence":"0.7842","content":"현장에서"}],"type":"pronunciation"},{"start_time":"49.45","end_time":"50.07","alternatives":[{"confidence":"0.67695","content":"기명의로"}],"type":"pronunciation"},{"start_time":"50.07","end_time":"50.28","alternatives":[{"confidence":"1.0","content":"된"}],"type":"pronunciation"},{"start_time":"50.28","end_time":"51.41","alternatives":[{"confidence":"0.8987333333333334","content":"농협동성하고"}],"type":"pronunciation"},{"start_time":"51.61","end_time":"51.92","alternatives":[{"confidence":"0.5503","content":"하나"}],"type":"pronunciation"},{"start_time":"51.92","end_time":"52.13","alternatives":[{"confidence":"0.468","content":"은행"}],"type":"pronunciation"},{"start_time":"52.13","end_time":"52.57","alternatives":[{"confidence":"0.9984999999999999","content":"통장이"}],"type":"pronunciation"},{"start_time":"52.57","end_time":"53.11","alternatives":[{"confidence":"0.9958","content":"발견됐기"}],"type":"pronunciation"},{"start_time":"53.11","end_time":"53.5","alternatives":[{"confidence":"1.0","content":"때문에"}],"type":"pronunciation"},{"start_time":"53.5","end_time":"53.87","alternatives":[{"confidence":"0.27725","content":"확인차"}],"type":"pronunciation"},{"start_time":"53.87","end_time":"54.2","alternatives":[{"confidence":"1.0","content":"연락을"}],"type":"pronunciation"},{"start_time":"54.2","end_time":"54.99","alternatives":[{"confidence":"0.9893","content":"드렸습니다"}],"type":"pronunciation"},{"alternatives":[{"confidence":"0.0","content":"."}],"type":"punctuation"},{"start_time":"56.96","end_time":"57.73","alternatives":[{"confidence":"0.8120499999999999","content":"농협이요"}],"type":"pronunciation"},{"start_time":"57.76","end_time":"58.9","alternatives":[{"confidence":"0.91235","content":"종용없는데요"}],"type":"pronunciation"},{"start_time":"60.97","end_time":"61.42","alternatives":[{"confidence":"0.9996","content":"제가"}],"type":"pronunciation"},{"start_time":"61.42","end_time":"61.93","alternatives":[{"confidence":"0.9975","content":"지금"}],"type":"pronunciation"},{"start_time":"61.96","end_time":"62.26","alternatives":[{"confidence":"0.9995","content":"그걸"}],"type":"pronunciation"},{"start_time":"62.26","end_time":"62.75","alternatives":[{"confidence":"0.9955499999999999","content":"물어본게"}],"type":"pronunciation"},{"start_time":"62.75","end_time":"63.37","alternatives":[{"confidence":"0.9978","content":"아니고요"}],"type":"pronunciation"},{"alternatives":[{"confidence":"0.0","content":"."}],"type":"punctuation"},{"start_time":"63.43","end_time":"63.7","alternatives":[{"confidence":"0.7462","content":"지금"}],"type":"pronunciation"},{"start_time":"64.08","end_time":"64.66","alternatives":[{"confidence":"0.9775","content":"일당들이"}],"type":"pronunciation"},{"start_time":"64.78","end_time":"65.16","alternatives":[{"confidence":"0.84","content":"십일"}],"type":"pronunciation"},{"start_time":"65.16","end_time":"65.63","alternatives":[{"confidence":"0.87795","content":"번가는"}],"type":"pronunciation"},{"start_time":"65.63","end_time":"66.86","alternatives":[{"confidence":"0.9873","content":"옥션사이트에서"}],"type":"pronunciation"},{"start_time":"67.13","end_time":"67.57","alternatives":[{"confidence":"1.0","content":"물건을"}],"type":"pronunciation"},{"start_time":"67.57","end_time":"68.13","alternatives":[{"confidence":"0.9894","content":"올려놓고"}],"type":"pronunciation"},{"start_time":"68.13","end_time":"68.51","alternatives":[{"confidence":"1.0","content":"돈만"}],"type":"pronunciation"},{"start_time":"68.51","end_time":"69.12","alternatives":[{"confidence":"1.0","content":"받고"}],"type":"pronunciation"},{"start_time":"69.3","end_time":"69.7","alternatives":[{"confidence":"1.0","content":"물건을"}],"type":"pronunciation"},{"start_time":"69.7","end_time":"70.07","alternatives":[{"confidence":"1.0","content":"보내지"}],"type":"pronunciation"},{"start_time":"70.07","end_time":"70.26","alternatives":[{"confidence":"0.9995","content":"않는"}],"type":"pronunciation"},{"start_time":"70.26","end_time":"70.78","alternatives":[{"confidence":"1.0","content":"방식으로"}],"type":"pronunciation"},{"start_time":"70.78","end_time":"71.14","alternatives":[{"confidence":"0.8825000000000001","content":"살기를"}],"type":"pronunciation"},{"start_time":"71.14","end_time":"71.96","alternatives":[{"confidence":"0.7032","content":"쳤습니다"}],"type":"pronunciation"},{"alternatives":[{"confidence":"0.0","content":"."}],"type":"punctuation"},{"start_time":"72.35","end_time":"72.7","alternatives":[{"confidence":"0.5662","content":"도는"}],"type":"pronunciation"},{"start_time":"72.7","end_time":"73.02","alternatives":[{"confidence":"0.8233","content":"본인"}],"type":"pronunciation"},{"start_time":"73.02","end_time":"73.36","alternatives":[{"confidence":"1.0","content":"명의로"}],"type":"pronunciation"},{"start_time":"73.36","end_time":"73.5","alternatives":[{"confidence":"1.0","content":"된"}],"type":"pronunciation"},{"start_time":"73.5","end_time":"73.92","alternatives":[{"confidence":"0.9982","content":"통장으로"}],"type":"pronunciation"},{"start_time":"73.92","end_time":"74.29","alternatives":[{"confidence":"0.999","content":"입금을"}],"type":"pronunciation"},{"start_time":"74.29","end_time":"75.0","alternatives":[{"confidence":"1.0","content":"했고요"}],"type":"pronunciation"},{"alternatives":[{"confidence":"0.0","content":"."}],"type":"punctuation"},{"start_time":"75.78","end_time":"76.08","alternatives":[{"confidence":"0.8152","content":"조사"}],"type":"pronunciation"},{"start_time":"76.08","end_time":"76.59","alternatives":[{"confidence":"0.7219","content":"결과"}],"type":"pronunciation"},{"start_time":"76.59","end_time":"76.78","alternatives":[{"confidence":"0.9692","content":"지금"}],"type":"pronunciation"},{"start_time":"76.78","end_time":"77.16","alternatives":[{"confidence":"0.7349","content":"칠천"}],"type":"pronunciation"},{"start_time":"77.16","end_time":"77.63","alternatives":[{"confidence":"0.8336","content":"여만원의"}],"type":"pronunciation"},{"start_time":"77.63","end_time":"78.64","alternatives":[{"confidence":"0.9993000000000001","content":"극복자금이"}],"type":"pronunciation"},{"start_time":"78.85","end_time":"79.17","alternatives":[{"confidence":"0.992","content":"본인"}],"type":"pronunciation"},{"start_time":"79.17","end_time":"79.63","alternatives":[{"confidence":"1.0","content":"통장으로"}],"type":"pronunciation"},{"start_time":"79.63","end_time":"80.05","alternatives":[{"confidence":"0.8080333333333334","content":"입출금"}],"type":"pronunciation"},{"start_time":"80.05","end_time":"80.57","alternatives":[{"confidence":"0.8879","content":"교신걸로"}],"type":"pronunciation"},{"start_time":"80.57","end_time":"81.18","alternatives":[{"confidence":"0.99775","content":"확인되었기"}],"type":"pronunciation"},{"start_time":"81.18","end_time":"81.77","alternatives":[{"confidence":"1.0","content":"때문에"}],"type":"pronunciation"},{"start_time":"82.03","end_time":"82.64","alternatives":[{"confidence":"0.7362666666666667","content":"동결제를"}],"type":"pronunciation"},{"start_time":"82.64","end_time":"82.77","alternatives":[{"confidence":"0.5221","content":"해"}],"type":"pronunciation"},{"start_time":"82.77","end_time":"83.05","alternatives":[{"confidence":"0.5224","content":"놓은"}],"type":"pronunciation"},{"start_time":"83.05","end_time":"84.0","alternatives":[{"confidence":"0.9991","content":"상태였습니다"}],"type":"pronunciation"},{"alternatives":[{"confidence":"0.0","content":"."}],"type":"punctuation"},{"start_time":"86.01","end_time":"86.57","alternatives":[{"confidence":"0.0282","content":"그래서"}],"type":"pronunciation"},{"start_time":"87.77","end_time":"88.1","alternatives":[{"confidence":"0.997","content":"현재"}],"type":"pronunciation"},{"start_time":"88.1","end_time":"88.34","alternatives":[{"confidence":"0.9965","content":"지금"}],"type":"pronunciation"},{"start_time":"88.34","end_time":"89.18","alternatives":[{"confidence":"0.7952999999999999","content":"본인께서는"}],"type":"pronunciation"},{"start_time":"89.18","end_time":"89.44","alternatives":[{"confidence":"0.9983","content":"13"}],"type":"pronunciation"},{"start_time":"89.44","end_time":"89.77","alternatives":[{"confidence":"0.9997","content":"명이나"}],"type":"pronunciation"},{"start_time":"89.77","end_time":"90.01","alternatives":[{"confidence":"0.9875","content":"되는"}],"type":"pronunciation"},{"start_time":"90.01","end_time":"90.84","alternatives":[{"confidence":"0.9998","content":"피해자들로부터"}],"type":"pronunciation"},{"start_time":"90.84","end_time":"92.32","alternatives":[{"confidence":"0.9396333333333334","content":"고소고발됐습니다"}],"type":"pronunciation"},{"start_time":"93.83","end_time":"94.13","alternatives":[{"confidence":"0.2195","content":"없고"}],"type":"pronunciation"},{"start_time":"94.22","end_time":"94.79","alternatives":[{"confidence":"0.5952","content":"없지요"}],"type":"pronunciation"},{"alternatives":[{"confidence":"0.0","content":"."}],"type":"punctuation"},{"start_time":"96.72","end_time":"96.94","alternatives":[{"confidence":"0.9784","content":"근데"}],"type":"pronunciation"},{"start_time":"96.94","end_time":"97.47","alternatives":[{"confidence":"0.82265","content":"농협이"}],"type":"pronunciation"},{"start_time":"97.47","end_time":"98.11","alternatives":[{"confidence":"0.9982","content":"없는데요"}],"type":"pronunciation"},{"alternatives":[{"confidence":"0.0","content":"."}],"type":"punctuation"},{"start_time":"98.14","end_time":"98.66","alternatives":[{"confidence":"0.13424999999999998","content":"하나원"}],"type":"pronunciation"},{"start_time":"98.66","end_time":"98.8","alternatives":[{"confidence":"0.3977","content":"또"}],"type":"pronunciation"},{"start_time":"98.8","end_time":"99.33","alternatives":[{"confidence":"0.98315","content":"없고요"}],"type":"pronunciation"},{"alternatives":[{"confidence":"0.0","content":"."}],"type":"punctuation"},{"start_time":"102.54","end_time":"102.79","alternatives":[{"confidence":"0.5584","content":"전"}],"type":"pronunciation"},{"start_time":"102.79","end_time":"103.44","alternatives":[{"confidence":"0.5268","content":"지게"}],"type":"pronunciation"},{"start_time":"103.47","end_time":"104.49","alternatives":[{"confidence":"0.9914499999999999","content":"농협에서"}],"type":"pronunciation"},{"start_time":"104.52","end_time":"104.7","alternatives":[{"confidence":"0.4263","content":"이제"}],"type":"pronunciation"},{"start_time":"105.17","end_time":"105.63","alternatives":[{"confidence":"0.987","content":"출근을"}],"type":"pronunciation"},{"start_time":"105.63","end_time":"106.21","alternatives":[{"confidence":"0.9978","content":"했습니다"}],"type":"pronunciation"},{"alternatives":[{"confidence":"0.0","content":"."}],"type":"punctuation"},{"start_time":"106.21","end_time":"106.51","alternatives":[{"confidence":"0.9804","content":"그러다"}],"type":"pronunciation"},{"start_time":"106.51","end_time":"106.82","alternatives":[{"confidence":"0.9804","content":"보니까"}],"type":"pronunciation"},{"start_time":"106.82","end_time":"107.44","alternatives":[{"confidence":"0.80305","content":"개인정보를"}],"type":"pronunciation"},{"start_time":"107.44","end_time":"108.27","alternatives":[{"confidence":"0.97635","content":"빼내서"}],"type":"pronunciation"},{"start_time":"108.8","end_time":"109.57","alternatives":[{"confidence":"0.5848","content":"총장만드는"}],"type":"pronunciation"},{"start_time":"109.57","end_time":"109.82","alternatives":[{"confidence":"0.9388","content":"데는"}],"type":"pronunciation"},{"start_time":"109.82","end_time":"109.98","alternatives":[{"confidence":"0.9999","content":"아주"}],"type":"pronunciation"},{"start_time":"109.98","end_time":"110.4","alternatives":[{"confidence":"0.96495","content":"쉬웠을"}],"type":"pronunciation"},{"start_time":"110.4","end_time":"111.04","alternatives":[{"confidence":"1.0","content":"겁니다"}],"type":"pronunciation"},{"alternatives":[{"confidence":"0.0","content":"."}],"type":"punctuation"},{"start_time":"111.46","end_time":"111.79","alternatives":[{"confidence":"1.0","content":"오늘"}],"type":"pronunciation"},{"start_time":"111.79","end_time":"112.26","alternatives":[{"confidence":"1.0","content":"정확히"}],"type":"pronunciation"},{"start_time":"112.26","end_time":"112.84","alternatives":[{"confidence":"1.0","content":"저희가"}],"type":"pronunciation"},{"start_time":"112.87","end_time":"113.26","alternatives":[{"confidence":"0.8751","content":"본인께"}],"type":"pronunciation"},{"start_time":"113.26","end_time":"113.6","alternatives":[{"confidence":"1.0","content":"연락을"}],"type":"pronunciation"},{"start_time":"113.6","end_time":"113.87","alternatives":[{"confidence":"0.9362","content":"드린"}],"type":"pronunciation"},{"start_time":"113.87","end_time":"114.53","alternatives":[{"confidence":"1.0","content":"이유는"}],"type":"pronunciation"},{"start_time":"114.86","end_time":"115.02","alternatives":[{"confidence":"0.6788","content":"이"}],"type":"pronunciation"},{"start_time":"115.02","end_time":"115.17","alternatives":[{"confidence":"0.3659","content":"두"}],"type":"pronunciation"},{"start_time":"115.17","end_time":"115.72","alternatives":[{"confidence":"0.9889","content":"계좌가"}],"type":"pronunciation"},{"start_time":"115.75","end_time":"116.34","alternatives":[{"confidence":"0.9935499999999999","content":"본인께서"}],"type":"pronunciation"},{"start_time":"116.93","end_time":"117.15","alternatives":[{"confidence":"0.4302","content":"땅"}],"type":"pronunciation"},{"start_time":"117.15","end_time":"117.33","alternatives":[{"confidence":"0.9111","content":"이렇게"}],"type":"pronunciation"},{"start_time":"117.33","end_time":"117.58","alternatives":[{"confidence":"1.0","content":"돈을"}],"type":"pronunciation"},{"start_time":"117.58","end_time":"117.84","alternatives":[{"confidence":"1.0","content":"받고"}],"type":"pronunciation"},{"start_time":"117.84","end_time":"118.44","alternatives":[{"confidence":"0.9748","content":"팔아넘긴"}],"type":"pronunciation"},{"start_time":"118.44","end_time":"119.01","alternatives":[{"confidence":"0.995","content":"건지"}],"type":"pronunciation"},{"start_time":"119.26","end_time":"119.7","alternatives":[{"confidence":"1.0","content":"아니면"}],"type":"pronunciation"},{"start_time":"119.7","end_time":"120.26","alternatives":[{"confidence":"0.8699","content":"개인정보"}],"type":"pronunciation"},{"start_time":"120.26","end_time":"120.66","alternatives":[{"confidence":"0.9884","content":"유출로"}],"type":"pronunciation"},{"start_time":"120.66","end_time":"120.91","alternatives":[{"confidence":"1.0","content":"인해"}],"type":"pronunciation"},{"start_time":"120.91","end_time":"121.2","alternatives":[{"confidence":"0.7207","content":"명의"}],"type":"pronunciation"},{"start_time":"121.2","end_time":"121.64","alternatives":[{"confidence":"0.7037333333333334","content":"도용을"}],"type":"pronunciation"},{"start_time":"121.64","end_time":"121.91","alternatives":[{"confidence":"1.0","content":"당한"}],"type":"pronunciation"},{"start_time":"121.91","end_time":"122.56","alternatives":[{"confidence":"0.6423","content":"피해자이신"}],"type":"pronunciation"},{"start_time":"122.56","end_time":"122.77","alternatives":[{"confidence":"0.1304","content":"지"}],"type":"pronunciation"},{"start_time":"123.07","end_time":"123.24","alternatives":[{"confidence":"0.9455","content":"그"}],"type":"pronunciation"},{"start_time":"123.24","end_time":"123.61","alternatives":[{"confidence":"1.0","content":"부분에"}],"type":"pronunciation"},{"start_time":"123.61","end_time":"123.94","alternatives":[{"confidence":"0.998","content":"대해서"}],"type":"pronunciation"},{"start_time":"123.94","end_time":"124.3","alternatives":[{"confidence":"0.9986","content":"확인을"}],"type":"pronunciation"},{"start_time":"124.3","end_time":"124.6","alternatives":[{"confidence":"0.9952","content":"하려고"}],"type":"pronunciation"},{"start_time":"124.6","end_time":"124.95","alternatives":[{"confidence":"1.0","content":"연락을"}],"type":"pronunciation"},{"start_time":"124.95","end_time":"125.21","alternatives":[{"confidence":"0.5904","content":"드린"}],"type":"pronunciation"},{"start_time":"125.21","end_time":"125.78","alternatives":[{"confidence":"0.9973","content":"겁니다"}],"type":"pronunciation"},{"alternatives":[{"confidence":"0.0","content":"."}],"type":"punctuation"},{"start_time":"128.0","end_time":"128.28","alternatives":[{"confidence":"0.8078","content":"근데"}],"type":"pronunciation"},{"start_time":"128.28","end_time":"129.91","alternatives":[{"confidence":"0.35545000000000004","content":"어디어디서"}],"type":"pronunciation"},{"start_time":"129.91","end_time":"130.37","alternatives":[{"confidence":"0.84785","content":"전화하신"}],"type":"pronunciation"},{"start_time":"130.37","end_time":"130.65","alternatives":[{"confidence":"0.6347","content":"거에요"}],"type":"pronunciation"},{"alternatives":[{"confidence":"0.0","content":"."}],"type":"punctuation"},{"start_time":"130.74","end_time":"131.08","alternatives":[{"confidence":"0.7758","content":"저를"}],"type":"pronunciation"},{"start_time":"131.08","end_time":"131.41","alternatives":[{"confidence":"0.9986","content":"어떻게"}],"type":"pronunciation"},{"start_time":"131.41","end_time":"131.68","alternatives":[{"confidence":"0.9641","content":"알고"}],"type":"pronunciation"},{"start_time":"133.49","end_time":"134.16","alternatives":[{"confidence":"0.984","content":"뭐라고요"}],"type":"pronunciation"},{"alternatives":[{"confidence":"0.0","content":"?"}],"type":"punctuation"},{"start_time":"136.92","end_time":"138.06","alternatives":[{"confidence":"0.909575","content":"중앙지검이"}],"type":"pronunciation"},{"start_time":"138.06","end_time":"138.91","alternatives":[{"confidence":"0.9739","content":"신부인데요"}],"type":"pronunciation"},{"start_time":"140.52","end_time":"140.94","alternatives":[{"confidence":"0.9724","content":"똑같은"}],"type":"pronunciation"},{"start_time":"140.94","end_time":"141.04","alternatives":[{"confidence":"0.3109","content":"건"}],"type":"pronunciation"},{"start_time":"141.04","end_time":"141.2","alternatives":[{"confidence":"0.8909","content":"몇"}],"type":"pronunciation"},{"start_time":"141.21","end_time":"141.37","alternatives":[{"confidence":"0.8852","content":"번"}],"type":"pronunciation"},{"start_time":"141.37","end_time":"142.03","alternatives":[{"confidence":"0.96445","content":"물어보십니까"}],"type":"pronunciation"},{"start_time":"142.03","end_time":"142.43","alternatives":[{"confidence":"0.9616","content":"지금"}],"type":"pronunciation"},{"start_time":"143.08","end_time":"143.45","alternatives":[{"confidence":"0.62995","content":"메모안"}],"type":"pronunciation"},{"start_time":"143.45","end_time":"144.14","alternatives":[{"confidence":"1.0","content":"하셨어요"}],"type":"pronunciation"},{"alternatives":[{"confidence":"0.0","content":"?"}],"type":"punctuation"},{"start_time":"145.32","end_time":"145.48","alternatives":[{"confidence":"0.4232","content":"네"}],"type":"pronunciation"},{"alternatives":[{"confidence":"0.0","content":"."}],"type":"punctuation"}]},"status":"COMPLETED"}