{"jobName":"transcribes..62","accountId":"097989105209","results":{"transcripts":[{"transcript":"상황인가요 무슨 일이 혹시 이동고를 한번 아십니까? 남성분인데요 뭐 이름도 들어보신 적 없으시고요? 제가 이걸 여쭤보는 이유는 지난주 화요일 저희 수사팀에서 더 공고한 사람 주범으로 금융사기단을? 검거했는데요 서울지방경찰청 지능범죄수사팀장재형수사관입니다 현장에서 대량의 복제신용카드의 주한 주민등록증하고 다수의 대포통장을 압수했는데. 그 중에 본인 명의로 된 통장두 개가 발견돼서 이렇게 전해드린 겁니다. 뭐라고? 여보세요, 있었고. 예. 갔거나 막 실수 없나요? 말씀을 지금 들리시나요. 이 동굴한 분은 아시나요? 보내시고요 지난주 화요일 수사팀에서 이 동굴한 사람 주범으로 금융사기단을. 검거했는데요 현장에서 대량의 신용카드위조한 주민등록증을 하고요. 대포통장을 압수는데. 그 중에 본인 명의로 된 통장두 개가 발견돼 이렇게 전화를 드린겁니다 이해가 시나요. 근데 요. 그럼 최근에 개인 신상정보가 입수돼 가지고 피해자를 마신 거 있습니까? 그런 거는 없는 것 같은데요. 그러면 주민등록증이나 면허증분실한 적 없으시고요. 지난해 기억하실지 모르겠지만 지난해 쪽 개인 신상정보가 유출됐을 때 뭐 개별적으로 통보받으신 건 없으시고요. 지금 사용하시는 통신사가 어디 통신사죠? 예. 예 뭐 몰라요. 시나요. 그럼 예전에 기존의 예전에 기존 통신사를 사용하신 적이 없으신가요? 그러니까 그러시면 제가 일단은 이번 사건에 대해 간단히 설명해 드리겠습니다. 이번 사건의 본인뿐만 아니라 삼백 명 정도가 큰 사건이고요. 여기서 삼백 여명 중에서 일반인도 있고요. 기업인도 있고 뭐 특히 뭐 국가공무원현직 경찰 은행사 카드가 보험사지원 조사 되어 있는 큰 사건입니다. 너무 그러시면 그리고 또 다시 중요한 점은 국가공무원이라면 현직 경찰 행사보험사충분히 요 본인종이 없이 그냥 뭐 개인 신상정보를 이용해서 충분히 통장을 만들어가지고 불법 범죄자들한테 유통을 할 수가 있거든요. 혹시 최근에 불법 사이트 나을 하셔가지고 물건을 사거나 아니면 그게 아버지를 그랬는데 대출 신청을 하신 적 없으시고요? 쪽이나 대출 모르니까 심지어 신청을 하셔가지고 등록증이나 등본 사본이나 은행 거래 내용을 보내신 적이 없으신가요? 없는 것 같은데요. 그런 심정 그런데 최근에 분이나 친분한테 신분증이나 은행 카드를 양도하신 적이 있으신가요? 그런 적은 없으시고요 저희가 현장에서 발견한 통장이 농협 통장이랑 통장이거든요 없고 농협이랑 하나 총장님 없고 그러거든요. 농약통장이 기존의 지금 사용하시면 농협있으신가요 총장개선하신 되셨는데요 됐는데 있는 사람인데 자주 자주 거래하시는 통장이신가요 그렇죠. 거든요. 그럼 이건 아닌 것 같고요. 이거는 확인을 해봤는데 농협성장은 지난 지난해 이천십사년 오월 십일 일 마포지역에서 개설을 하신 거고요. 맞으니까 그러시면 저희가 조사를 하다 보니까 생활상 어려움통장하나당 팔십팔구십만원 정도 받고 판매를 하시는 분들도 계시더라고요 있으니까 좀 있다 보니까 그러신가요 생각을 하셨나요? 아니요. 묻히는 분이 점심도 아니고 아침도 아닌데 뭐 있으시다고요. 근데 뭐 왜"}],"items":[{"start_time":"2.05","end_time":"2.83","alternatives":[{"confidence":"0.05565","content":"상황인가요"}],"type":"pronunciation"},{"start_time":"3.47","end_time":"4.01","alternatives":[{"confidence":"0.932","content":"무슨"}],"type":"pronunciation"},{"start_time":"4.01","end_time":"4.18","alternatives":[{"confidence":"0.2793","content":"일이"}],"type":"pronunciation"},{"start_time":"5.65","end_time":"6.13","alternatives":[{"confidence":"1.0","content":"혹시"}],"type":"pronunciation"},{"start_time":"6.13","end_time":"7.19","alternatives":[{"confidence":"0.33325","content":"이동고를"}],"type":"pronunciation"},{"start_time":"7.19","end_time":"7.4","alternatives":[{"confidence":"0.8158","content":"한번"}],"type":"pronunciation"},{"start_time":"7.4","end_time":"7.85","alternatives":[{"confidence":"0.983","content":"아십니까"}],"type":"pronunciation"},{"alternatives":[{"confidence":"0.0","content":"?"}],"type":"punctuation"},{"start_time":"11.77","end_time":"12.72","alternatives":[{"confidence":"0.9696333333333333","content":"남성분인데요"}],"type":"pronunciation"},{"start_time":"12.98","end_time":"13.46","alternatives":[{"confidence":"0.9897","content":"뭐"}],"type":"pronunciation"},{"start_time":"13.49","end_time":"14.07","alternatives":[{"confidence":"1.0","content":"이름도"}],"type":"pronunciation"},{"start_time":"14.1","end_time":"14.51","alternatives":[{"confidence":"1.0","content":"들어보신"}],"type":"pronunciation"},{"start_time":"14.51","end_time":"14.64","alternatives":[{"confidence":"0.9928","content":"적"}],"type":"pronunciation"},{"start_time":"14.64","end_time":"15.23","alternatives":[{"confidence":"0.9926999999999999","content":"없으시고요"}],"type":"pronunciation"},{"alternatives":[{"confidence":"0.0","content":"?"}],"type":"punctuation"},{"start_time":"18.48","end_time":"18.78","alternatives":[{"confidence":"1.0","content":"제가"}],"type":"pronunciation"},{"start_time":"18.78","end_time":"18.99","alternatives":[{"confidence":"1.0","content":"이걸"}],"type":"pronunciation"},{"start_time":"18.99","end_time":"19.37","alternatives":[{"confidence":"0.9531499999999999","content":"여쭤보는"}],"type":"pronunciation"},{"start_time":"19.37","end_time":"19.97","alternatives":[{"confidence":"0.9998","content":"이유는"}],"type":"pronunciation"},{"start_time":"19.97","end_time":"20.4","alternatives":[{"confidence":"0.8689","content":"지난주"}],"type":"pronunciation"},{"start_time":"20.4","end_time":"20.7","alternatives":[{"confidence":"0.7481","content":"화요일"}],"type":"pronunciation"},{"start_time":"20.7","end_time":"20.88","alternatives":[{"confidence":"0.8387","content":"저희"}],"type":"pronunciation"},{"start_time":"20.88","end_time":"21.48","alternatives":[{"confidence":"0.9070499999999999","content":"수사팀에서"}],"type":"pronunciation"},{"start_time":"21.78","end_time":"21.88","alternatives":[{"confidence":"0.3047","content":"더"}],"type":"pronunciation"},{"start_time":"21.88","end_time":"22.24","alternatives":[{"confidence":"0.46074999999999994","content":"공고한"}],"type":"pronunciation"},{"start_time":"22.24","end_time":"22.47","alternatives":[{"confidence":"0.7475","content":"사람"}],"type":"pronunciation"},{"start_time":"22.47","end_time":"23.0","alternatives":[{"confidence":"0.994","content":"주범으로"}],"type":"pronunciation"},{"start_time":"23.06","end_time":"23.93","alternatives":[{"confidence":"0.9700666666666667","content":"금융사기단을"}],"type":"pronunciation"},{"alternatives":[{"confidence":"0.0","content":"?"}],"type":"punctuation"},{"start_time":"23.93","end_time":"24.8","alternatives":[{"confidence":"0.99995","content":"검거했는데요"}],"type":"pronunciation"},{"start_time":"29.21","end_time":"31.11","alternatives":[{"confidence":"0.9997","content":"서울지방경찰청"}],"type":"pronunciation"},{"start_time":"31.14","end_time":"33.63","alternatives":[{"confidence":"0.7101125","content":"지능범죄수사팀장재형수사관입니다"}],"type":"pronunciation"},{"start_time":"38.77","end_time":"39.52","alternatives":[{"confidence":"1.0","content":"현장에서"}],"type":"pronunciation"},{"start_time":"39.52","end_time":"40.24","alternatives":[{"confidence":"0.994","content":"대량의"}],"type":"pronunciation"},{"start_time":"40.27","end_time":"41.44","alternatives":[{"confidence":"0.3891","content":"복제신용카드의"}],"type":"pronunciation"},{"start_time":"41.62","end_time":"42.03","alternatives":[{"confidence":"0.9924","content":"주한"}],"type":"pronunciation"},{"start_time":"42.03","end_time":"42.88","alternatives":[{"confidence":"0.9884","content":"주민등록증하고"}],"type":"pronunciation"},{"start_time":"42.88","end_time":"43.27","alternatives":[{"confidence":"1.0","content":"다수의"}],"type":"pronunciation"},{"start_time":"43.27","end_time":"43.9","alternatives":[{"confidence":"0.9991","content":"대포통장을"}],"type":"pronunciation"},{"start_time":"43.9","end_time":"44.31","alternatives":[{"confidence":"0.7533","content":"압수했는데"}],"type":"pronunciation"},{"alternatives":[{"confidence":"0.0","content":"."}],"type":"punctuation"},{"start_time":"44.31","end_time":"44.43","alternatives":[{"confidence":"0.6842","content":"그"}],"type":"pronunciation"},{"start_time":"44.43","end_time":"44.74","alternatives":[{"confidence":"0.9964","content":"중에"}],"type":"pronunciation"},{"start_time":"45.14","end_time":"45.48","alternatives":[{"confidence":"0.8517","content":"본인"}],"type":"pronunciation"},{"start_time":"45.48","end_time":"45.75","alternatives":[{"confidence":"0.8767","content":"명의로"}],"type":"pronunciation"},{"start_time":"45.75","end_time":"45.88","alternatives":[{"confidence":"0.8623","content":"된"}],"type":"pronunciation"},{"start_time":"45.88","end_time":"46.35","alternatives":[{"confidence":"0.80985","content":"통장두"}],"type":"pronunciation"},{"start_time":"46.35","end_time":"46.55","alternatives":[{"confidence":"0.6386","content":"개가"}],"type":"pronunciation"},{"start_time":"46.55","end_time":"47.14","alternatives":[{"confidence":"0.9852","content":"발견돼서"}],"type":"pronunciation"},{"start_time":"47.14","end_time":"47.34","alternatives":[{"confidence":"0.9959","content":"이렇게"}],"type":"pronunciation"},{"start_time":"47.34","end_time":"47.74","alternatives":[{"confidence":"0.8562000000000001","content":"전해드린"}],"type":"pronunciation"},{"start_time":"47.74","end_time":"48.16","alternatives":[{"confidence":"0.9965","content":"겁니다"}],"type":"pronunciation"},{"alternatives":[{"confidence":"0.0","content":"."}],"type":"punctuation"},{"start_time":"51.42","end_time":"52.03","alternatives":[{"confidence":"0.9778","content":"뭐라고"}],"type":"pronunciation"},{"alternatives":[{"confidence":"0.0","content":"?"}],"type":"punctuation"},{"start_time":"54.21","end_time":"55.16","alternatives":[{"confidence":"0.5072","content":"여보세요"}],"type":"pronunciation"},{"alternatives":[{"confidence":"0.0","content":","}],"type":"punctuation"},{"start_time":"55.89","end_time":"56.36","alternatives":[{"confidence":"0.1961","content":"있었고"}],"type":"pronunciation"},{"alternatives":[{"confidence":"0.0","content":"."}],"type":"punctuation"},{"start_time":"57.38","end_time":"57.84","alternatives":[{"confidence":"0.2517","content":"예"}],"type":"pronunciation"},{"alternatives":[{"confidence":"0.0","content":"."}],"type":"punctuation"},{"start_time":"59.56","end_time":"59.97","alternatives":[{"confidence":"0.4259500000000001","content":"갔거나"}],"type":"pronunciation"},{"start_time":"59.97","end_time":"60.18","alternatives":[{"confidence":"0.2857","content":"막"}],"type":"pronunciation"},{"start_time":"60.27","end_time":"60.51","alternatives":[{"confidence":"0.3287","content":"실수"}],"type":"pronunciation"},{"start_time":"60.51","end_time":"60.88","alternatives":[{"confidence":"0.9995","content":"없나요"}],"type":"pronunciation"},{"alternatives":[{"confidence":"0.0","content":"?"}],"type":"punctuation"},{"start_time":"61.5","end_time":"61.95","alternatives":[{"confidence":"0.0853","content":"말씀을"}],"type":"pronunciation"},{"start_time":"63.4","end_time":"63.6","alternatives":[{"confidence":"0.9529","content":"지금"}],"type":"pronunciation"},{"start_time":"63.6","end_time":"64.7","alternatives":[{"confidence":"0.9994","content":"들리시나요"}],"type":"pronunciation"},{"alternatives":[{"confidence":"0.0","content":"."}],"type":"punctuation"},{"start_time":"66.12","end_time":"66.38","alternatives":[{"confidence":"0.3096","content":"이"}],"type":"pronunciation"},{"start_time":"66.38","end_time":"66.84","alternatives":[{"confidence":"0.18265","content":"동굴한"}],"type":"pronunciation"},{"start_time":"66.84","end_time":"67.01","alternatives":[{"confidence":"0.0646","content":"분은"}],"type":"pronunciation"},{"start_time":"67.01","end_time":"67.46","alternatives":[{"confidence":"0.6892","content":"아시나요"}],"type":"pronunciation"},{"alternatives":[{"confidence":"0.0","content":"?"}],"type":"punctuation"},{"start_time":"70.23","end_time":"70.92","alternatives":[{"confidence":"0.976","content":"보내시고요"}],"type":"pronunciation"},{"start_time":"72.92","end_time":"73.3","alternatives":[{"confidence":"0.6331","content":"지난주"}],"type":"pronunciation"},{"start_time":"73.3","end_time":"73.56","alternatives":[{"confidence":"0.0056","content":"화요일"}],"type":"pronunciation"},{"start_time":"73.79","end_time":"74.75","alternatives":[{"confidence":"0.07145","content":"수사팀에서"}],"type":"pronunciation"},{"start_time":"75.45","end_time":"75.75","alternatives":[{"confidence":"0.0461","content":"이"}],"type":"pronunciation"},{"start_time":"75.75","end_time":"76.19","alternatives":[{"confidence":"0.6340000000000001","content":"동굴한"}],"type":"pronunciation"},{"start_time":"76.19","end_time":"76.45","alternatives":[{"confidence":"0.7192","content":"사람"}],"type":"pronunciation"},{"start_time":"76.45","end_time":"77.11","alternatives":[{"confidence":"0.99925","content":"주범으로"}],"type":"pronunciation"},{"start_time":"77.2","end_time":"78.11","alternatives":[{"confidence":"0.9683666666666667","content":"금융사기단을"}],"type":"pronunciation"},{"alternatives":[{"confidence":"0.0","content":"."}],"type":"punctuation"},{"start_time":"78.11","end_time":"79.41","alternatives":[{"confidence":"0.996","content":"검거했는데요"}],"type":"pronunciation"},{"start_time":"80.53","end_time":"81.16","alternatives":[{"confidence":"0.999","content":"현장에서"}],"type":"pronunciation"},{"start_time":"81.16","end_time":"81.52","alternatives":[{"confidence":"0.7812","content":"대량의"}],"type":"pronunciation"},{"start_time":"81.9","end_time":"83.44","alternatives":[{"confidence":"0.8947333333333333","content":"신용카드위조한"}],"type":"pronunciation"},{"start_time":"83.44","end_time":"84.26","alternatives":[{"confidence":"0.94835","content":"주민등록증을"}],"type":"pronunciation"},{"start_time":"84.26","end_time":"84.72","alternatives":[{"confidence":"0.9667","content":"하고요"}],"type":"pronunciation"},{"alternatives":[{"confidence":"0.0","content":"."}],"type":"punctuation"},{"start_time":"85.73","end_time":"86.42","alternatives":[{"confidence":"0.9228999999999999","content":"대포통장을"}],"type":"pronunciation"},{"start_time":"86.42","end_time":"86.77","alternatives":[{"confidence":"0.26739999999999997","content":"압수는데"}],"type":"pronunciation"},{"alternatives":[{"confidence":"0.0","content":"."}],"type":"punctuation"},{"start_time":"86.77","end_time":"86.9","alternatives":[{"confidence":"0.621","content":"그"}],"type":"pronunciation"},{"start_time":"86.9","end_time":"87.09","alternatives":[{"confidence":"0.9733","content":"중에"}],"type":"pronunciation"},{"start_time":"87.09","end_time":"87.45","alternatives":[{"confidence":"0.8485","content":"본인"}],"type":"pronunciation"},{"start_time":"87.45","end_time":"87.72","alternatives":[{"confidence":"1.0","content":"명의로"}],"type":"pronunciation"},{"start_time":"87.72","end_time":"87.89","alternatives":[{"confidence":"1.0","content":"된"}],"type":"pronunciation"},{"start_time":"87.89","end_time":"88.35","alternatives":[{"confidence":"0.9814499999999999","content":"통장두"}],"type":"pronunciation"},{"start_time":"88.35","end_time":"88.53","alternatives":[{"confidence":"0.9907","content":"개가"}],"type":"pronunciation"},{"start_time":"88.53","end_time":"88.97","alternatives":[{"confidence":"0.6028","content":"발견돼"}],"type":"pronunciation"},{"start_time":"89.24","end_time":"89.56","alternatives":[{"confidence":"0.9831","content":"이렇게"}],"type":"pronunciation"},{"start_time":"89.56","end_time":"89.83","alternatives":[{"confidence":"0.9983","content":"전화를"}],"type":"pronunciation"},{"start_time":"89.83","end_time":"90.33","alternatives":[{"confidence":"0.594","content":"드린겁니다"}],"type":"pronunciation"},{"start_time":"92.82","end_time":"93.26","alternatives":[{"confidence":"0.8755","content":"이해가"}],"type":"pronunciation"},{"start_time":"93.26","end_time":"93.63","alternatives":[{"confidence":"0.5506","content":"시나요"}],"type":"pronunciation"},{"alternatives":[{"confidence":"0.0","content":"."}],"type":"punctuation"},{"start_time":"95.38","end_time":"95.67","alternatives":[{"confidence":"0.9452","content":"근데"}],"type":"pronunciation"},{"start_time":"95.67","end_time":"96.08","alternatives":[{"confidence":"0.5387","content":"요"}],"type":"pronunciation"},{"alternatives":[{"confidence":"0.0","content":"."}],"type":"punctuation"},{"start_time":"96.55","end_time":"96.79","alternatives":[{"confidence":"0.9006","content":"그럼"}],"type":"pronunciation"},{"start_time":"96.91","end_time":"97.58","alternatives":[{"confidence":"0.7659","content":"최근에"}],"type":"pronunciation"},{"start_time":"97.82","end_time":"98.44","alternatives":[{"confidence":"0.9624","content":"개인"}],"type":"pronunciation"},{"start_time":"98.44","end_time":"99.05","alternatives":[{"confidence":"0.92455","content":"신상정보가"}],"type":"pronunciation"},{"start_time":"99.05","end_time":"99.38","alternatives":[{"confidence":"0.7677","content":"입수돼"}],"type":"pronunciation"},{"start_time":"99.38","end_time":"99.62","alternatives":[{"confidence":"0.9067","content":"가지고"}],"type":"pronunciation"},{"start_time":"99.74","end_time":"100.14","alternatives":[{"confidence":"0.1356","content":"피해자를"}],"type":"pronunciation"},{"start_time":"100.14","end_time":"100.37","alternatives":[{"confidence":"0.046","content":"마신"}],"type":"pronunciation"},{"start_time":"100.37","end_time":"100.46","alternatives":[{"confidence":"0.3111","content":"거"}],"type":"pronunciation"},{"start_time":"100.46","end_time":"100.92","alternatives":[{"confidence":"0.9973","content":"있습니까"}],"type":"pronunciation"},{"alternatives":[{"confidence":"0.0","content":"?"}],"type":"punctuation"},{"start_time":"101.9","end_time":"102.24","alternatives":[{"confidence":"0.7595","content":"그런"}],"type":"pronunciation"},{"start_time":"102.24","end_time":"102.64","alternatives":[{"confidence":"0.3838","content":"거는"}],"type":"pronunciation"},{"start_time":"102.64","end_time":"102.86","alternatives":[{"confidence":"0.9982","content":"없는"}],"type":"pronunciation"},{"start_time":"102.86","end_time":"102.96","alternatives":[{"confidence":"0.9918","content":"것"}],"type":"pronunciation"},{"start_time":"102.96","end_time":"103.5","alternatives":[{"confidence":"0.9922","content":"같은데요"}],"type":"pronunciation"},{"alternatives":[{"confidence":"0.0","content":"."}],"type":"punctuation"},{"start_time":"104.79","end_time":"105.08","alternatives":[{"confidence":"0.9976","content":"그러면"}],"type":"pronunciation"},{"start_time":"105.17","end_time":"106.57","alternatives":[{"confidence":"0.99995","content":"주민등록증이나"}],"type":"pronunciation"},{"start_time":"106.78","end_time":"108.54","alternatives":[{"confidence":"0.9270333333333333","content":"면허증분실한"}],"type":"pronunciation"},{"start_time":"108.54","end_time":"108.68","alternatives":[{"confidence":"0.9532","content":"적"}],"type":"pronunciation"},{"start_time":"108.68","end_time":"109.25","alternatives":[{"confidence":"0.9860500000000001","content":"없으시고요"}],"type":"pronunciation"},{"alternatives":[{"confidence":"0.0","content":"."}],"type":"punctuation"},{"start_time":"111.92","end_time":"112.69","alternatives":[{"confidence":"0.8614","content":"지난해"}],"type":"pronunciation"},{"start_time":"112.69","end_time":"113.23","alternatives":[{"confidence":"0.9978000000000001","content":"기억하실지"}],"type":"pronunciation"},{"start_time":"113.23","end_time":"114.26","alternatives":[{"confidence":"0.9668","content":"모르겠지만"}],"type":"pronunciation"},{"start_time":"114.35","end_time":"114.95","alternatives":[{"confidence":"0.3466","content":"지난해"}],"type":"pronunciation"},{"start_time":"115.47","end_time":"115.97","alternatives":[{"confidence":"0.5543","content":"쪽"}],"type":"pronunciation"},{"start_time":"117.07","end_time":"117.66","alternatives":[{"confidence":"0.7063","content":"개인"}],"type":"pronunciation"},{"start_time":"117.66","end_time":"118.22","alternatives":[{"confidence":"0.81665","content":"신상정보가"}],"type":"pronunciation"},{"start_time":"118.22","end_time":"118.74","alternatives":[{"confidence":"0.24530000000000005","content":"유출됐을"}],"type":"pronunciation"},{"start_time":"118.74","end_time":"118.87","alternatives":[{"confidence":"0.8523","content":"때"}],"type":"pronunciation"},{"start_time":"118.87","end_time":"119.23","alternatives":[{"confidence":"0.9465","content":"뭐"}],"type":"pronunciation"},{"start_time":"119.65","end_time":"120.36","alternatives":[{"confidence":"0.9998","content":"개별적으로"}],"type":"pronunciation"},{"start_time":"120.45","end_time":"121.03","alternatives":[{"confidence":"0.7711666666666667","content":"통보받으신"}],"type":"pronunciation"},{"start_time":"121.03","end_time":"121.18","alternatives":[{"confidence":"0.9088","content":"건"}],"type":"pronunciation"},{"start_time":"121.18","end_time":"121.78","alternatives":[{"confidence":"0.9941","content":"없으시고요"}],"type":"pronunciation"},{"alternatives":[{"confidence":"0.0","content":"."}],"type":"punctuation"},{"start_time":"127.24","end_time":"127.43","alternatives":[{"confidence":"0.9845","content":"지금"}],"type":"pronunciation"},{"start_time":"127.43","end_time":"127.9","alternatives":[{"confidence":"0.7395","content":"사용하시는"}],"type":"pronunciation"},{"start_time":"127.96","end_time":"128.65","alternatives":[{"confidence":"0.95905","content":"통신사가"}],"type":"pronunciation"},{"start_time":"128.65","end_time":"128.95","alternatives":[{"confidence":"0.0532","content":"어디"}],"type":"pronunciation"},{"start_time":"128.95","end_time":"129.55","alternatives":[{"confidence":"0.25475","content":"통신사죠"}],"type":"pronunciation"},{"alternatives":[{"confidence":"0.0","content":"?"}],"type":"punctuation"},{"start_time":"131.57","end_time":"131.81","alternatives":[{"confidence":"0.7183","content":"예"}],"type":"pronunciation"},{"alternatives":[{"confidence":"0.0","content":"."}],"type":"punctuation"},{"start_time":"131.81","end_time":"131.96","alternatives":[{"confidence":"0.8186","content":"예"}],"type":"pronunciation"},{"start_time":"133.16","end_time":"133.68","alternatives":[{"confidence":"0.5401","content":"뭐"}],"type":"pronunciation"},{"start_time":"134.33","end_time":"134.85","alternatives":[{"confidence":"0.8615","content":"몰라요"}],"type":"pronunciation"},{"alternatives":[{"confidence":"0.0","content":"."}],"type":"punctuation"},{"start_time":"136.53","end_time":"137.11","alternatives":[{"confidence":"0.0197","content":"시나요"}],"type":"pronunciation"},{"alternatives":[{"confidence":"0.0","content":"."}],"type":"punctuation"},{"start_time":"138.71","end_time":"138.98","alternatives":[{"confidence":"0.1623","content":"그럼"}],"type":"pronunciation"},{"start_time":"138.98","end_time":"139.32","alternatives":[{"confidence":"0.7133","content":"예전에"}],"type":"pronunciation"},{"start_time":"139.38","end_time":"140.14","alternatives":[{"confidence":"0.6433","content":"기존의"}],"type":"pronunciation"},{"start_time":"140.14","end_time":"140.5","alternatives":[{"confidence":"0.9983","content":"예전에"}],"type":"pronunciation"},{"start_time":"140.65","end_time":"141.07","alternatives":[{"confidence":"0.0078","content":"기존"}],"type":"pronunciation"},{"start_time":"142.92","end_time":"143.37","alternatives":[{"confidence":"0.3044","content":"통신사를"}],"type":"pronunciation"},{"start_time":"143.37","end_time":"143.71","alternatives":[{"confidence":"0.7066","content":"사용하신"}],"type":"pronunciation"},{"start_time":"143.71","end_time":"143.85","alternatives":[{"confidence":"0.2999","content":"적이"}],"type":"pronunciation"},{"start_time":"143.85","end_time":"144.58","alternatives":[{"confidence":"0.30615000000000003","content":"없으신가요"}],"type":"pronunciation"},{"alternatives":[{"confidence":"0.0","content":"?"}],"type":"punctuation"},{"start_time":"149.66","end_time":"150.4","alternatives":[{"confidence":"0.8961","content":"그러니까"}],"type":"pronunciation"},{"start_time":"153.98","end_time":"154.36","alternatives":[{"confidence":"0.81785","content":"그러시면"}],"type":"pronunciation"},{"start_time":"154.36","end_time":"154.54","alternatives":[{"confidence":"0.9879","content":"제가"}],"type":"pronunciation"},{"start_time":"154.54","end_time":"155.24","alternatives":[{"confidence":"1.0","content":"일단은"}],"type":"pronunciation"},{"start_time":"155.24","end_time":"155.49","alternatives":[{"confidence":"1.0","content":"이번"}],"type":"pronunciation"},{"start_time":"155.49","end_time":"155.88","alternatives":[{"confidence":"0.9976","content":"사건에"}],"type":"pronunciation"},{"start_time":"155.88","end_time":"156.01","alternatives":[{"confidence":"0.999","content":"대해"}],"type":"pronunciation"},{"start_time":"156.01","end_time":"156.27","alternatives":[{"confidence":"1.0","content":"간단히"}],"type":"pronunciation"},{"start_time":"156.27","end_time":"156.59","alternatives":[{"confidence":"0.8863","content":"설명해"}],"type":"pronunciation"},{"start_time":"156.59","end_time":"157.27","alternatives":[{"confidence":"1.0","content":"드리겠습니다"}],"type":"pronunciation"},{"alternatives":[{"confidence":"0.0","content":"."}],"type":"punctuation"},{"start_time":"158.14","end_time":"158.38","alternatives":[{"confidence":"0.9873","content":"이번"}],"type":"pronunciation"},{"start_time":"158.38","end_time":"158.73","alternatives":[{"confidence":"0.4917","content":"사건의"}],"type":"pronunciation"},{"start_time":"159.06","end_time":"159.92","alternatives":[{"confidence":"0.9761500000000001","content":"본인뿐만"}],"type":"pronunciation"},{"start_time":"159.92","end_time":"160.12","alternatives":[{"confidence":"0.9943","content":"아니라"}],"type":"pronunciation"},{"start_time":"160.12","end_time":"160.45","alternatives":[{"confidence":"0.6912","content":"삼백"}],"type":"pronunciation"},{"start_time":"160.45","end_time":"160.57","alternatives":[{"confidence":"0.6932","content":"명"}],"type":"pronunciation"},{"start_time":"160.57","end_time":"160.87","alternatives":[{"confidence":"0.8739","content":"정도가"}],"type":"pronunciation"},{"start_time":"161.17","end_time":"161.32","alternatives":[{"confidence":"0.9942","content":"큰"}],"type":"pronunciation"},{"start_time":"161.32","end_time":"162.08","alternatives":[{"confidence":"0.9718","content":"사건이고요"}],"type":"pronunciation"},{"alternatives":[{"confidence":"0.0","content":"."}],"type":"punctuation"},{"start_time":"162.2","end_time":"162.9","alternatives":[{"confidence":"0.6775","content":"여기서"}],"type":"pronunciation"},{"start_time":"163.98","end_time":"164.31","alternatives":[{"confidence":"0.5616","content":"삼백"}],"type":"pronunciation"},{"start_time":"164.31","end_time":"164.54","alternatives":[{"confidence":"0.5993","content":"여명"}],"type":"pronunciation"},{"start_time":"164.54","end_time":"165.06","alternatives":[{"confidence":"0.9995","content":"중에서"}],"type":"pronunciation"},{"start_time":"165.21","end_time":"165.71","alternatives":[{"confidence":"0.9994000000000001","content":"일반인도"}],"type":"pronunciation"},{"start_time":"165.71","end_time":"166.21","alternatives":[{"confidence":"0.9717","content":"있고요"}],"type":"pronunciation"},{"alternatives":[{"confidence":"0.0","content":"."}],"type":"punctuation"},{"start_time":"166.33","end_time":"166.89","alternatives":[{"confidence":"0.91585","content":"기업인도"}],"type":"pronunciation"},{"start_time":"166.89","end_time":"167.35","alternatives":[{"confidence":"0.9827","content":"있고"}],"type":"pronunciation"},{"start_time":"167.41","end_time":"167.82","alternatives":[{"confidence":"0.5913","content":"뭐"}],"type":"pronunciation"},{"start_time":"168.18","end_time":"168.67","alternatives":[{"confidence":"1.0","content":"특히"}],"type":"pronunciation"},{"start_time":"168.7","end_time":"169.51","alternatives":[{"confidence":"0.9689","content":"뭐"}],"type":"pronunciation"},{"start_time":"169.57","end_time":"171.57","alternatives":[{"confidence":"0.8946","content":"국가공무원현직"}],"type":"pronunciation"},{"start_time":"171.57","end_time":"172.28","alternatives":[{"confidence":"0.6617","content":"경찰"}],"type":"pronunciation"},{"start_time":"172.31","end_time":"172.76","alternatives":[{"confidence":"0.1859","content":"은행사"}],"type":"pronunciation"},{"start_time":"172.76","end_time":"173.13","alternatives":[{"confidence":"0.0457","content":"카드가"}],"type":"pronunciation"},{"start_time":"173.13","end_time":"173.85","alternatives":[{"confidence":"0.8908499999999999","content":"보험사지원"}],"type":"pronunciation"},{"start_time":"173.85","end_time":"174.08","alternatives":[{"confidence":"0.6989","content":"조사"}],"type":"pronunciation"},{"start_time":"174.39","end_time":"174.54","alternatives":[{"confidence":"0.2507","content":"되어"}],"type":"pronunciation"},{"start_time":"174.54","end_time":"174.74","alternatives":[{"confidence":"0.79","content":"있는"}],"type":"pronunciation"},{"start_time":"174.74","end_time":"174.9","alternatives":[{"confidence":"0.9856","content":"큰"}],"type":"pronunciation"},{"start_time":"174.9","end_time":"175.55","alternatives":[{"confidence":"0.95285","content":"사건입니다"}],"type":"pronunciation"},{"alternatives":[{"confidence":"0.0","content":"."}],"type":"punctuation"},{"start_time":"175.86","end_time":"176.6","alternatives":[{"confidence":"0.694","content":"너무"}],"type":"pronunciation"},{"start_time":"179.04","end_time":"179.5","alternatives":[{"confidence":"0.9872","content":"그러시면"}],"type":"pronunciation"},{"start_time":"179.5","end_time":"179.91","alternatives":[{"confidence":"0.6779","content":"그리고"}],"type":"pronunciation"},{"start_time":"179.91","end_time":"180.05","alternatives":[{"confidence":"0.7677","content":"또"}],"type":"pronunciation"},{"start_time":"180.25","end_time":"180.52","alternatives":[{"confidence":"0.9618","content":"다시"}],"type":"pronunciation"},{"start_time":"180.8","end_time":"181.22","alternatives":[{"confidence":"0.9961","content":"중요한"}],"type":"pronunciation"},{"start_time":"181.22","end_time":"181.79","alternatives":[{"confidence":"1.0","content":"점은"}],"type":"pronunciation"},{"start_time":"182.03","end_time":"183.0","alternatives":[{"confidence":"0.9784666666666667","content":"국가공무원이라면"}],"type":"pronunciation"},{"start_time":"183.06","end_time":"183.36","alternatives":[{"confidence":"0.8526","content":"현직"}],"type":"pronunciation"},{"start_time":"183.36","end_time":"183.97","alternatives":[{"confidence":"0.6085","content":"경찰"}],"type":"pronunciation"},{"start_time":"184.09","end_time":"186.25","alternatives":[{"confidence":"0.6862333333333334","content":"행사보험사충분히"}],"type":"pronunciation"},{"start_time":"186.39","end_time":"186.82","alternatives":[{"confidence":"0.0876","content":"요"}],"type":"pronunciation"},{"start_time":"187.81","end_time":"188.38","alternatives":[{"confidence":"0.57655","content":"본인종이"}],"type":"pronunciation"},{"start_time":"188.38","end_time":"188.75","alternatives":[{"confidence":"1.0","content":"없이"}],"type":"pronunciation"},{"start_time":"188.75","end_time":"189.04","alternatives":[{"confidence":"1.0","content":"그냥"}],"type":"pronunciation"},{"start_time":"189.07","end_time":"189.34","alternatives":[{"confidence":"0.9888","content":"뭐"}],"type":"pronunciation"},{"start_time":"191.32","end_time":"191.58","alternatives":[{"confidence":"0.9337","content":"개인"}],"type":"pronunciation"},{"start_time":"191.58","end_time":"192.33","alternatives":[{"confidence":"1.0","content":"신상정보를"}],"type":"pronunciation"},{"start_time":"192.33","end_time":"192.98","alternatives":[{"confidence":"1.0","content":"이용해서"}],"type":"pronunciation"},{"start_time":"193.04","end_time":"193.38","alternatives":[{"confidence":"1.0","content":"충분히"}],"type":"pronunciation"},{"start_time":"193.38","end_time":"193.65","alternatives":[{"confidence":"0.9017999999999999","content":"통장을"}],"type":"pronunciation"},{"start_time":"193.65","end_time":"194.1","alternatives":[{"confidence":"0.7604500000000001","content":"만들어가지고"}],"type":"pronunciation"},{"start_time":"194.1","end_time":"194.54","alternatives":[{"confidence":"0.5947","content":"불법"}],"type":"pronunciation"},{"start_time":"194.55","end_time":"195.17","alternatives":[{"confidence":"0.3348","content":"범죄자들한테"}],"type":"pronunciation"},{"start_time":"195.77","end_time":"196.08","alternatives":[{"confidence":"0.92265","content":"유통을"}],"type":"pronunciation"},{"start_time":"196.08","end_time":"196.22","alternatives":[{"confidence":"0.9997","content":"할"}],"type":"pronunciation"},{"start_time":"196.22","end_time":"196.4","alternatives":[{"confidence":"0.9881","content":"수가"}],"type":"pronunciation"},{"start_time":"196.4","end_time":"197.57","alternatives":[{"confidence":"1.0","content":"있거든요"}],"type":"pronunciation"},{"alternatives":[{"confidence":"0.0","content":"."}],"type":"punctuation"},{"start_time":"200.58","end_time":"200.85","alternatives":[{"confidence":"1.0","content":"혹시"}],"type":"pronunciation"},{"start_time":"200.85","end_time":"201.67","alternatives":[{"confidence":"0.8873","content":"최근에"}],"type":"pronunciation"},{"start_time":"202.65","end_time":"203.02","alternatives":[{"confidence":"0.0568","content":"불법"}],"type":"pronunciation"},{"start_time":"203.32","end_time":"203.68","alternatives":[{"confidence":"0.0343","content":"사이트"}],"type":"pronunciation"},{"start_time":"203.68","end_time":"205.18","alternatives":[{"confidence":"0.8422000000000001","content":"나을"}],"type":"pronunciation"},{"start_time":"205.18","end_time":"205.68","alternatives":[{"confidence":"0.9337","content":"하셔가지고"}],"type":"pronunciation"},{"start_time":"205.83","end_time":"206.46","alternatives":[{"confidence":"1.0","content":"물건을"}],"type":"pronunciation"},{"start_time":"206.49","end_time":"207.01","alternatives":[{"confidence":"0.85795","content":"사거나"}],"type":"pronunciation"},{"start_time":"209.32","end_time":"209.67","alternatives":[{"confidence":"0.0031","content":"아니면"}],"type":"pronunciation"},{"start_time":"210.24","end_time":"210.51","alternatives":[{"confidence":"0.0377","content":"그게"}],"type":"pronunciation"},{"start_time":"210.51","end_time":"210.91","alternatives":[{"confidence":"0.4651","content":"아버지를"}],"type":"pronunciation"},{"start_time":"211.76","end_time":"212.3","alternatives":[{"confidence":"0.0132","content":"그랬는데"}],"type":"pronunciation"},{"start_time":"213.31","end_time":"213.59","alternatives":[{"confidence":"0.5818","content":"대출"}],"type":"pronunciation"},{"start_time":"213.59","end_time":"213.91","alternatives":[{"confidence":"0.9893","content":"신청을"}],"type":"pronunciation"},{"start_time":"213.91","end_time":"214.12","alternatives":[{"confidence":"0.8738","content":"하신"}],"type":"pronunciation"},{"start_time":"214.12","end_time":"214.24","alternatives":[{"confidence":"0.8486","content":"적"}],"type":"pronunciation"},{"start_time":"214.24","end_time":"214.75","alternatives":[{"confidence":"0.96085","content":"없으시고요"}],"type":"pronunciation"},{"alternatives":[{"confidence":"0.0","content":"?"}],"type":"punctuation"},{"start_time":"215.24","end_time":"215.67","alternatives":[{"confidence":"0.97215","content":"쪽이나"}],"type":"pronunciation"},{"start_time":"215.67","end_time":"215.91","alternatives":[{"confidence":"0.1218","content":"대출"}],"type":"pronunciation"},{"start_time":"219.74","end_time":"220.25","alternatives":[{"confidence":"0.6765","content":"모르니까"}],"type":"pronunciation"},{"start_time":"221.86","end_time":"222.21","alternatives":[{"confidence":"0.0641","content":"심지어"}],"type":"pronunciation"},{"start_time":"222.49","end_time":"222.85","alternatives":[{"confidence":"0.9982","content":"신청을"}],"type":"pronunciation"},{"start_time":"222.85","end_time":"223.79","alternatives":[{"confidence":"0.8846999999999999","content":"하셔가지고"}],"type":"pronunciation"},{"start_time":"224.78","end_time":"225.34","alternatives":[{"confidence":"0.9854666666666666","content":"등록증이나"}],"type":"pronunciation"},{"start_time":"225.34","end_time":"226.11","alternatives":[{"confidence":"0.51895","content":"등본"}],"type":"pronunciation"},{"start_time":"226.11","end_time":"226.94","alternatives":[{"confidence":"0.7745","content":"사본이나"}],"type":"pronunciation"},{"start_time":"228.32","end_time":"228.7","alternatives":[{"confidence":"0.9772","content":"은행"}],"type":"pronunciation"},{"start_time":"228.7","end_time":"228.93","alternatives":[{"confidence":"0.9943","content":"거래"}],"type":"pronunciation"},{"start_time":"228.93","end_time":"229.14","alternatives":[{"confidence":"0.995","content":"내용을"}],"type":"pronunciation"},{"start_time":"229.14","end_time":"229.43","alternatives":[{"confidence":"0.77945","content":"보내신"}],"type":"pronunciation"},{"start_time":"229.43","end_time":"229.56","alternatives":[{"confidence":"0.4182","content":"적이"}],"type":"pronunciation"},{"start_time":"229.56","end_time":"230.09","alternatives":[{"confidence":"0.8876","content":"없으신가요"}],"type":"pronunciation"},{"alternatives":[{"confidence":"0.0","content":"?"}],"type":"punctuation"},{"start_time":"232.09","end_time":"232.34","alternatives":[{"confidence":"0.9914","content":"없는"}],"type":"pronunciation"},{"start_time":"232.34","end_time":"232.43","alternatives":[{"confidence":"0.955","content":"것"}],"type":"pronunciation"},{"start_time":"232.43","end_time":"232.98","alternatives":[{"confidence":"0.9987","content":"같은데요"}],"type":"pronunciation"},{"alternatives":[{"confidence":"0.0","content":"."}],"type":"punctuation"},{"start_time":"233.89","end_time":"234.13","alternatives":[{"confidence":"0.9978","content":"그런"}],"type":"pronunciation"},{"start_time":"234.13","end_time":"234.5","alternatives":[{"confidence":"0.9745","content":"심정"}],"type":"pronunciation"},{"start_time":"239.62","end_time":"239.93","alternatives":[{"confidence":"0.6494","content":"그런데"}],"type":"pronunciation"},{"start_time":"239.93","end_time":"240.35","alternatives":[{"confidence":"0.8952","content":"최근에"}],"type":"pronunciation"},{"start_time":"240.97","end_time":"241.66","alternatives":[{"confidence":"0.82765","content":"분이나"}],"type":"pronunciation"},{"start_time":"241.69","end_time":"242.43","alternatives":[{"confidence":"0.6745333333333333","content":"친분한테"}],"type":"pronunciation"},{"start_time":"242.53","end_time":"243.71","alternatives":[{"confidence":"0.99585","content":"신분증이나"}],"type":"pronunciation"},{"start_time":"244.78","end_time":"245.05","alternatives":[{"confidence":"0.3233","content":"은행"}],"type":"pronunciation"},{"start_time":"245.05","end_time":"245.5","alternatives":[{"confidence":"0.9804","content":"카드를"}],"type":"pronunciation"},{"start_time":"245.62","end_time":"246.14","alternatives":[{"confidence":"0.7797","content":"양도하신"}],"type":"pronunciation"},{"start_time":"246.14","end_time":"246.29","alternatives":[{"confidence":"0.9008","content":"적이"}],"type":"pronunciation"},{"start_time":"246.29","end_time":"246.79","alternatives":[{"confidence":"0.9999","content":"있으신가요"}],"type":"pronunciation"},{"alternatives":[{"confidence":"0.0","content":"?"}],"type":"punctuation"},{"start_time":"249.72","end_time":"249.98","alternatives":[{"confidence":"0.8262","content":"그런"}],"type":"pronunciation"},{"start_time":"249.98","end_time":"250.2","alternatives":[{"confidence":"0.7185","content":"적은"}],"type":"pronunciation"},{"start_time":"250.2","end_time":"251.36","alternatives":[{"confidence":"0.9944","content":"없으시고요"}],"type":"pronunciation"},{"start_time":"257.12","end_time":"257.92","alternatives":[{"confidence":"1.0","content":"저희가"}],"type":"pronunciation"},{"start_time":"258.56","end_time":"259.02","alternatives":[{"confidence":"0.9987","content":"현장에서"}],"type":"pronunciation"},{"start_time":"259.02","end_time":"259.71","alternatives":[{"confidence":"1.0","content":"발견한"}],"type":"pronunciation"},{"start_time":"259.71","end_time":"260.56","alternatives":[{"confidence":"0.90745","content":"통장이"}],"type":"pronunciation"},{"start_time":"260.56","end_time":"261.32","alternatives":[{"confidence":"0.6397","content":"농협"}],"type":"pronunciation"},{"start_time":"261.32","end_time":"261.79","alternatives":[{"confidence":"0.7578499999999999","content":"통장이랑"}],"type":"pronunciation"},{"start_time":"262.11","end_time":"262.93","alternatives":[{"confidence":"0.9916","content":"통장이거든요"}],"type":"pronunciation"},{"start_time":"263.92","end_time":"264.74","alternatives":[{"confidence":"0.4862","content":"없고"}],"type":"pronunciation"},{"start_time":"265.28","end_time":"265.89","alternatives":[{"confidence":"0.6648000000000001","content":"농협이랑"}],"type":"pronunciation"},{"start_time":"265.89","end_time":"266.1","alternatives":[{"confidence":"0.3795","content":"하나"}],"type":"pronunciation"},{"start_time":"266.28","end_time":"266.81","alternatives":[{"confidence":"0.1968","content":"총장님"}],"type":"pronunciation"},{"start_time":"268.4","end_time":"268.89","alternatives":[{"confidence":"0.0764","content":"없고"}],"type":"pronunciation"},{"start_time":"269.23","end_time":"269.91","alternatives":[{"confidence":"0.025500000000000002","content":"그러거든요"}],"type":"pronunciation"},{"alternatives":[{"confidence":"0.0","content":"."}],"type":"punctuation"},{"start_time":"271.53","end_time":"272.71","alternatives":[{"confidence":"0.931","content":"농약통장이"}],"type":"pronunciation"},{"start_time":"274.96","end_time":"275.28","alternatives":[{"confidence":"0.7739","content":"기존의"}],"type":"pronunciation"},{"start_time":"275.28","end_time":"275.45","alternatives":[{"confidence":"0.9774","content":"지금"}],"type":"pronunciation"},{"start_time":"275.45","end_time":"275.99","alternatives":[{"confidence":"0.8087","content":"사용하시면"}],"type":"pronunciation"},{"start_time":"276.15","end_time":"277.31","alternatives":[{"confidence":"0.82555","content":"농협있으신가요"}],"type":"pronunciation"},{"start_time":"280.21","end_time":"280.97","alternatives":[{"confidence":"0.1832","content":"총장개선하신"}],"type":"pronunciation"},{"start_time":"281.3","end_time":"282.01","alternatives":[{"confidence":"0.6361000000000001","content":"되셨는데요"}],"type":"pronunciation"},{"start_time":"282.65","end_time":"283.34","alternatives":[{"confidence":"0.4374","content":"됐는데"}],"type":"pronunciation"},{"start_time":"286.28","end_time":"286.52","alternatives":[{"confidence":"0.9901","content":"있는"}],"type":"pronunciation"},{"start_time":"286.52","end_time":"287.0","alternatives":[{"confidence":"0.3504","content":"사람인데"}],"type":"pronunciation"},{"start_time":"288.81","end_time":"289.2","alternatives":[{"confidence":"0.4808","content":"자주"}],"type":"pronunciation"},{"start_time":"289.58","end_time":"289.81","alternatives":[{"confidence":"0.969","content":"자주"}],"type":"pronunciation"},{"start_time":"289.81","end_time":"290.72","alternatives":[{"confidence":"0.97835","content":"거래하시는"}],"type":"pronunciation"},{"start_time":"290.72","end_time":"291.53","alternatives":[{"confidence":"0.7299666666666668","content":"통장이신가요"}],"type":"pronunciation"},{"start_time":"291.56","end_time":"292.02","alternatives":[{"confidence":"0.7497","content":"그렇죠"}],"type":"pronunciation"},{"alternatives":[{"confidence":"0.0","content":"."}],"type":"punctuation"},{"start_time":"293.29","end_time":"293.64","alternatives":[{"confidence":"0.1723","content":"거든요"}],"type":"pronunciation"},{"alternatives":[{"confidence":"0.0","content":"."}],"type":"punctuation"},{"start_time":"294.63","end_time":"294.87","alternatives":[{"confidence":"0.996","content":"그럼"}],"type":"pronunciation"},{"start_time":"294.87","end_time":"295.09","alternatives":[{"confidence":"0.9806","content":"이건"}],"type":"pronunciation"},{"start_time":"295.09","end_time":"295.29","alternatives":[{"confidence":"0.958","content":"아닌"}],"type":"pronunciation"},{"start_time":"295.29","end_time":"295.39","alternatives":[{"confidence":"0.969","content":"것"}],"type":"pronunciation"},{"start_time":"295.39","end_time":"295.95","alternatives":[{"confidence":"0.9755","content":"같고요"}],"type":"pronunciation"},{"alternatives":[{"confidence":"0.0","content":"."}],"type":"punctuation"},{"start_time":"296.1","end_time":"296.76","alternatives":[{"confidence":"0.997","content":"이거는"}],"type":"pronunciation"},{"start_time":"297.55","end_time":"297.89","alternatives":[{"confidence":"0.0063","content":"확인을"}],"type":"pronunciation"},{"start_time":"297.89","end_time":"298.6","alternatives":[{"confidence":"0.9142","content":"해봤는데"}],"type":"pronunciation"},{"start_time":"298.6","end_time":"299.65","alternatives":[{"confidence":"0.7235","content":"농협성장은"}],"type":"pronunciation"},{"start_time":"299.65","end_time":"300.33","alternatives":[{"confidence":"0.9899","content":"지난"}],"type":"pronunciation"},{"start_time":"300.7","end_time":"301.2","alternatives":[{"confidence":"0.8422","content":"지난해"}],"type":"pronunciation"},{"start_time":"301.2","end_time":"301.85","alternatives":[{"confidence":"0.79625","content":"이천십사년"}],"type":"pronunciation"},{"start_time":"301.85","end_time":"302.18","alternatives":[{"confidence":"0.8824","content":"오월"}],"type":"pronunciation"},{"start_time":"302.18","end_time":"302.49","alternatives":[{"confidence":"0.5686","content":"십일"}],"type":"pronunciation"},{"start_time":"302.49","end_time":"302.62","alternatives":[{"confidence":"0.9604","content":"일"}],"type":"pronunciation"},{"start_time":"302.62","end_time":"304.12","alternatives":[{"confidence":"0.87995","content":"마포지역에서"}],"type":"pronunciation"},{"start_time":"304.71","end_time":"305.09","alternatives":[{"confidence":"0.136","content":"개설을"}],"type":"pronunciation"},{"start_time":"305.09","end_time":"305.34","alternatives":[{"confidence":"0.6617","content":"하신"}],"type":"pronunciation"},{"start_time":"305.34","end_time":"305.95","alternatives":[{"confidence":"0.9584999999999999","content":"거고요"}],"type":"pronunciation"},{"alternatives":[{"confidence":"0.0","content":"."}],"type":"punctuation"},{"start_time":"307.41","end_time":"308.56","alternatives":[{"confidence":"0.0407","content":"맞으니까"}],"type":"pronunciation"},{"start_time":"311.22","end_time":"311.8","alternatives":[{"confidence":"0.9821500000000001","content":"그러시면"}],"type":"pronunciation"},{"start_time":"312.1","end_time":"312.35","alternatives":[{"confidence":"0.9991","content":"저희가"}],"type":"pronunciation"},{"start_time":"312.35","end_time":"312.68","alternatives":[{"confidence":"1.0","content":"조사를"}],"type":"pronunciation"},{"start_time":"312.68","end_time":"312.89","alternatives":[{"confidence":"0.9889","content":"하다"}],"type":"pronunciation"},{"start_time":"312.89","end_time":"313.41","alternatives":[{"confidence":"0.9889","content":"보니까"}],"type":"pronunciation"},{"start_time":"313.53","end_time":"313.99","alternatives":[{"confidence":"0.8234","content":"생활상"}],"type":"pronunciation"},{"start_time":"313.99","end_time":"316.06","alternatives":[{"confidence":"0.833825","content":"어려움통장하나당"}],"type":"pronunciation"},{"start_time":"316.06","end_time":"317.25","alternatives":[{"confidence":"0.78405","content":"팔십팔구십만원"}],"type":"pronunciation"},{"start_time":"317.25","end_time":"317.53","alternatives":[{"confidence":"0.9863","content":"정도"}],"type":"pronunciation"},{"start_time":"317.53","end_time":"318.0","alternatives":[{"confidence":"0.9015","content":"받고"}],"type":"pronunciation"},{"start_time":"318.6","end_time":"318.96","alternatives":[{"confidence":"0.9951","content":"판매를"}],"type":"pronunciation"},{"start_time":"318.96","end_time":"319.65","alternatives":[{"confidence":"0.999","content":"하시는"}],"type":"pronunciation"},{"start_time":"319.65","end_time":"320.04","alternatives":[{"confidence":"1.0","content":"분들도"}],"type":"pronunciation"},{"start_time":"320.04","end_time":"322.03","alternatives":[{"confidence":"0.9974000000000001","content":"계시더라고요"}],"type":"pronunciation"},{"start_time":"325.98","end_time":"326.42","alternatives":[{"confidence":"0.993","content":"있으니까"}],"type":"pronunciation"},{"start_time":"329.5","end_time":"329.68","alternatives":[{"confidence":"0.0441","content":"좀"}],"type":"pronunciation"},{"start_time":"330.03","end_time":"330.22","alternatives":[{"confidence":"0.8083","content":"있다"}],"type":"pronunciation"},{"start_time":"330.22","end_time":"330.65","alternatives":[{"confidence":"0.9658","content":"보니까"}],"type":"pronunciation"},{"start_time":"332.95","end_time":"334.17","alternatives":[{"confidence":"0.99325","content":"그러신가요"}],"type":"pronunciation"},{"start_time":"335.61","end_time":"335.89","alternatives":[{"confidence":"0.4916","content":"생각을"}],"type":"pronunciation"},{"start_time":"335.89","end_time":"336.43","alternatives":[{"confidence":"0.9998","content":"하셨나요"}],"type":"pronunciation"},{"alternatives":[{"confidence":"0.0","content":"?"}],"type":"punctuation"},{"start_time":"338.11","end_time":"338.37","alternatives":[{"confidence":"0.8871","content":"아니요"}],"type":"pronunciation"},{"alternatives":[{"confidence":"0.0","content":"."}],"type":"punctuation"},{"start_time":"338.37","end_time":"338.76","alternatives":[{"confidence":"0.2984","content":"묻히는"}],"type":"pronunciation"},{"start_time":"338.76","end_time":"339.0","alternatives":[{"confidence":"0.5984","content":"분이"}],"type":"pronunciation"},{"start_time":"339.35","end_time":"339.88","alternatives":[{"confidence":"0.94335","content":"점심도"}],"type":"pronunciation"},{"start_time":"339.88","end_time":"340.16","alternatives":[{"confidence":"1.0","content":"아니고"}],"type":"pronunciation"},{"start_time":"340.36","end_time":"340.83","alternatives":[{"confidence":"0.9237","content":"아침도"}],"type":"pronunciation"},{"start_time":"340.83","end_time":"341.07","alternatives":[{"confidence":"0.9794","content":"아닌데"}],"type":"pronunciation"},{"start_time":"341.07","end_time":"341.38","alternatives":[{"confidence":"0.9434","content":"뭐"}],"type":"pronunciation"},{"start_time":"345.32","end_time":"346.84","alternatives":[{"confidence":"0.99325","content":"있으시다고요"}],"type":"pronunciation"},{"alternatives":[{"confidence":"0.0","content":"."}],"type":"punctuation"},{"start_time":"347.26","end_time":"347.51","alternatives":[{"confidence":"0.1099","content":"근데"}],"type":"pronunciation"},{"start_time":"347.51","end_time":"347.69","alternatives":[{"confidence":"0.0594","content":"뭐"}],"type":"pronunciation"},{"start_time":"349.65","end_time":"350.26","alternatives":[{"confidence":"0.8116","content":"왜"}],"type":"pronunciation"}]},"status":"COMPLETED"}