{"jobName":"transcribes220","accountId":"097989105209","results":{"transcripts":[{"transcript":"여기는 서울중앙지검 이고요. 저는 첨단범죄수사 일 팀에 이진호 수사관이라고 합니다. 다름이 아니라 본인개인정보 유출 사건 관련해서 몇 가지 확인찰나들었습니다. 통화 괜찮으십니까? 네. 제가 몇 가지만 여쭤보겠습니다. 혹시 혹시 문희경 이라는 사람 알고 계십니까? 아니요. 그렇게 모르는데 을 통해서 들어보신 적 또 없으십니까? 전혀 모르시고. 제가 일단 사건부터 좀 간략하게 말씀을 드리겠습니다. 얼마 전에 저희 수사과 에서 문 기경을 중심으로 한 금융범죄사기단을 검거했습니다 검거당시 현장에서 대량의 체크카드 대포통장이 발견이 됐는데요. 그 중에 김은정 씨 명의로 된 통장도 두부를 저희가 압수를 했습니다. 저희가 확인했을 때는 경기도 광명시에서 한 시간 간격으로 발급이 됐네요. 본인은 두 계좌에서 자신이 있으십니까? 본인이 직접 개설하신 거 아니세요? 우리은행과 하나은행통장입니다 수사일 팀에서 문희경 을 중심으로 한 금융범죄사기단을 검거했습니다. 이제 검거당시 현장에서 대단히 체크카드와 대포통장그리고 복사된 신분증등을 압수를 했는데 압수물품중에 씨 명의로 된 통장도 저희가 지금 두부를 압수를 한 상태예요. 저희가 확인했을 때는 경기도 광명시에서 발급이 되었고, 이천십오 년도 8 월 14 일 날 개설이 됐네요. 우리는 하나의 통장입니다 통상 본인이 직접 개설하신 겁니까? 모르겠네. 작년에 개설하신 겁니까? 제가 경찰에서 확인을 해볼게요. 경찰이 아니고요. 검찰 쪽으로 전화 해주세요. 저희 쪽에서 전반적인 내용을 조사해 본 결과 로는 일단 같은 경우에는 동일 전 가 도 없으시고 신문또한 확실하시고 일차적인 혐의점이 이렇게 보이지 않으세요? 근데 저희 검찰 수사라는 게 저희가 심층하나만으로는. 피해자나 가해자다 이렇게 분류를 할 수 없는 상황입니다. 그렇기 때문에 일단 피해자일주일 조사가 좀 진행이 될 거예요. 피해자 입증조사는 본인에게 일차적인 혐의점이 없었기 때문에 진행이 되는 거고, 추후에 혐의점이 발견이 된다면 그때는 직접 출석을 하셔서 저희 직업적으로 출석하셔서 그때 조사를 받아 주셔야 되는게 현실입니다. 이해하셨고요. 그리고 피해자 입증조사 전반적인 과정은 녹취로서 진행됩니다. 이 녹취는 본인을 대신해서 법원에 제출될 증거자료이기 때문에 주의자분이나 본인이 아닌 제 삼 자의 목소리가 섞이게 될 경우에는 증거자료로서 효력이 발생이 어려운 부분이 있고요. 그리고 녹취 라고 해서 뭐 크게 별다른 건 없고 아까 제가 드렸던 질문을 그대로 녹취에 담을 겁니다. 내게 수산절차상 하는 거니까 좀 잘해주시고. 녹취 라고 해서 별다른 게 없고 아까 제가 어떤 질문들을 다시 한 녹취에도 함을 겁니다. 녹취담을 거고, 전화 그친 하게 되면 담당 검사님 내선연기를 좀 해드릴 거예요. 본인앞으로도 본인앞으로 나와 있는 공무원장도 확인 하셔야 될거고, 사건에 대해서 좀 더 상세하게 설명해주실 겁니다. 어떤 식으로 됐고 어떻게 대처하실지 좀 이해하셨습니까. 지금 네네네. 그러니까 잠깐만 뭐 잘 좀 해주셔서 뭐 직장 이신 것 같은데 제가 좀 받아주십시오. 그럼 빠르게 우선 녹취먼저 들어가겠습니다. 아니요. 같이 저희 녹취전하기 때문에 이제 수확에 좀 이상이 생길 수도 있어요. 크게 제가 뭐 그런 여쭤보는 게 아닙니까. 녹취먼저 들어가겠습니다."}],"items":[{"start_time":"1.14","end_time":"1.37","alternatives":[{"confidence":"0.058","content":"여기는"}],"type":"pronunciation"},{"start_time":"1.37","end_time":"2.25","alternatives":[{"confidence":"0.876325","content":"서울중앙지검"}],"type":"pronunciation"},{"start_time":"2.25","end_time":"2.67","alternatives":[{"confidence":"0.8903","content":"이고요"}],"type":"pronunciation"},{"alternatives":[{"confidence":"0.0","content":"."}],"type":"punctuation"},{"start_time":"3.42","end_time":"3.71","alternatives":[{"confidence":"0.9796","content":"저는"}],"type":"pronunciation"},{"start_time":"3.71","end_time":"4.63","alternatives":[{"confidence":"0.9983","content":"첨단범죄수사"}],"type":"pronunciation"},{"start_time":"4.63","end_time":"4.8","alternatives":[{"confidence":"0.582","content":"일"}],"type":"pronunciation"},{"start_time":"4.8","end_time":"5.38","alternatives":[{"confidence":"0.8298","content":"팀에"}],"type":"pronunciation"},{"start_time":"5.38","end_time":"5.98","alternatives":[{"confidence":"0.99775","content":"이진호"}],"type":"pronunciation"},{"start_time":"5.98","end_time":"6.6","alternatives":[{"confidence":"0.9997","content":"수사관이라고"}],"type":"pronunciation"},{"start_time":"6.6","end_time":"6.97","alternatives":[{"confidence":"1.0","content":"합니다"}],"type":"pronunciation"},{"alternatives":[{"confidence":"0.0","content":"."}],"type":"punctuation"},{"start_time":"8.51","end_time":"8.88","alternatives":[{"confidence":"0.9992","content":"다름이"}],"type":"pronunciation"},{"start_time":"8.88","end_time":"9.14","alternatives":[{"confidence":"0.9905","content":"아니라"}],"type":"pronunciation"},{"start_time":"9.14","end_time":"10.03","alternatives":[{"confidence":"0.6118","content":"본인개인정보"}],"type":"pronunciation"},{"start_time":"10.03","end_time":"10.26","alternatives":[{"confidence":"0.8395","content":"유출"}],"type":"pronunciation"},{"start_time":"10.26","end_time":"10.51","alternatives":[{"confidence":"0.9984","content":"사건"}],"type":"pronunciation"},{"start_time":"10.51","end_time":"11.14","alternatives":[{"confidence":"1.0","content":"관련해서"}],"type":"pronunciation"},{"start_time":"11.14","end_time":"11.29","alternatives":[{"confidence":"0.9605","content":"몇"}],"type":"pronunciation"},{"start_time":"11.29","end_time":"11.46","alternatives":[{"confidence":"0.9568","content":"가지"}],"type":"pronunciation"},{"start_time":"11.46","end_time":"12.58","alternatives":[{"confidence":"0.7149000000000001","content":"확인찰나들었습니다"}],"type":"pronunciation"},{"alternatives":[{"confidence":"0.0","content":"."}],"type":"punctuation"},{"start_time":"14.58","end_time":"14.79","alternatives":[{"confidence":"0.9989","content":"통화"}],"type":"pronunciation"},{"start_time":"14.79","end_time":"15.57","alternatives":[{"confidence":"1.0","content":"괜찮으십니까"}],"type":"pronunciation"},{"alternatives":[{"confidence":"0.0","content":"?"}],"type":"punctuation"},{"start_time":"16.51","end_time":"16.88","alternatives":[{"confidence":"0.8451","content":"네"}],"type":"pronunciation"},{"alternatives":[{"confidence":"0.0","content":"."}],"type":"punctuation"},{"start_time":"18.45","end_time":"18.65","alternatives":[{"confidence":"0.9995","content":"제가"}],"type":"pronunciation"},{"start_time":"18.65","end_time":"18.82","alternatives":[{"confidence":"0.9632","content":"몇"}],"type":"pronunciation"},{"start_time":"18.82","end_time":"19.45","alternatives":[{"confidence":"1.0","content":"가지만"}],"type":"pronunciation"},{"start_time":"19.65","end_time":"20.52","alternatives":[{"confidence":"1.0","content":"여쭤보겠습니다"}],"type":"pronunciation"},{"alternatives":[{"confidence":"0.0","content":"."}],"type":"punctuation"},{"start_time":"22.02","end_time":"22.52","alternatives":[{"confidence":"0.431","content":"혹시"}],"type":"pronunciation"},{"start_time":"22.52","end_time":"23.38","alternatives":[{"confidence":"1.0","content":"혹시"}],"type":"pronunciation"},{"start_time":"23.48","end_time":"24.08","alternatives":[{"confidence":"0.50955","content":"문희경"}],"type":"pronunciation"},{"start_time":"24.08","end_time":"24.33","alternatives":[{"confidence":"0.9847","content":"이라는"}],"type":"pronunciation"},{"start_time":"24.33","end_time":"24.55","alternatives":[{"confidence":"0.783","content":"사람"}],"type":"pronunciation"},{"start_time":"24.55","end_time":"24.78","alternatives":[{"confidence":"0.9967","content":"알고"}],"type":"pronunciation"},{"start_time":"24.78","end_time":"25.39","alternatives":[{"confidence":"1.0","content":"계십니까"}],"type":"pronunciation"},{"alternatives":[{"confidence":"0.0","content":"?"}],"type":"punctuation"},{"start_time":"26.32","end_time":"26.66","alternatives":[{"confidence":"0.9969","content":"아니요"}],"type":"pronunciation"},{"alternatives":[{"confidence":"0.0","content":"."}],"type":"punctuation"},{"start_time":"26.72","end_time":"26.94","alternatives":[{"confidence":"0.5002","content":"그렇게"}],"type":"pronunciation"},{"start_time":"26.94","end_time":"27.36","alternatives":[{"confidence":"0.9987","content":"모르는데"}],"type":"pronunciation"},{"start_time":"28.87","end_time":"28.98","alternatives":[{"confidence":"0.9749","content":"을"}],"type":"pronunciation"},{"start_time":"28.98","end_time":"29.31","alternatives":[{"confidence":"0.9986","content":"통해서"}],"type":"pronunciation"},{"start_time":"29.31","end_time":"29.7","alternatives":[{"confidence":"0.9637500000000001","content":"들어보신"}],"type":"pronunciation"},{"start_time":"29.7","end_time":"29.83","alternatives":[{"confidence":"0.6591","content":"적"}],"type":"pronunciation"},{"start_time":"29.83","end_time":"29.92","alternatives":[{"confidence":"0.3009","content":"또"}],"type":"pronunciation"},{"start_time":"29.92","end_time":"30.52","alternatives":[{"confidence":"1.0","content":"없으십니까"}],"type":"pronunciation"},{"alternatives":[{"confidence":"0.0","content":"?"}],"type":"punctuation"},{"start_time":"32.82","end_time":"33.05","alternatives":[{"confidence":"1.0","content":"전혀"}],"type":"pronunciation"},{"start_time":"33.05","end_time":"33.64","alternatives":[{"confidence":"0.8665","content":"모르시고"}],"type":"pronunciation"},{"alternatives":[{"confidence":"0.0","content":"."}],"type":"punctuation"},{"start_time":"35.22","end_time":"35.47","alternatives":[{"confidence":"0.9988","content":"제가"}],"type":"pronunciation"},{"start_time":"35.47","end_time":"35.87","alternatives":[{"confidence":"1.0","content":"일단"}],"type":"pronunciation"},{"start_time":"35.87","end_time":"36.6","alternatives":[{"confidence":"0.80975","content":"사건부터"}],"type":"pronunciation"},{"start_time":"36.63","end_time":"36.78","alternatives":[{"confidence":"0.9992","content":"좀"}],"type":"pronunciation"},{"start_time":"36.78","end_time":"37.23","alternatives":[{"confidence":"1.0","content":"간략하게"}],"type":"pronunciation"},{"start_time":"37.23","end_time":"37.56","alternatives":[{"confidence":"0.5904","content":"말씀을"}],"type":"pronunciation"},{"start_time":"37.56","end_time":"38.27","alternatives":[{"confidence":"0.5945","content":"드리겠습니다"}],"type":"pronunciation"},{"alternatives":[{"confidence":"0.0","content":"."}],"type":"punctuation"},{"start_time":"39.63","end_time":"39.93","alternatives":[{"confidence":"0.8357","content":"얼마"}],"type":"pronunciation"},{"start_time":"39.93","end_time":"40.17","alternatives":[{"confidence":"0.8358","content":"전에"}],"type":"pronunciation"},{"start_time":"40.17","end_time":"40.36","alternatives":[{"confidence":"0.9422","content":"저희"}],"type":"pronunciation"},{"start_time":"40.36","end_time":"40.8","alternatives":[{"confidence":"0.5066999999999999","content":"수사과"}],"type":"pronunciation"},{"start_time":"40.8","end_time":"41.29","alternatives":[{"confidence":"0.9793","content":"에서"}],"type":"pronunciation"},{"start_time":"41.29","end_time":"41.62","alternatives":[{"confidence":"0.4198","content":"문"}],"type":"pronunciation"},{"start_time":"41.62","end_time":"42.06","alternatives":[{"confidence":"0.7241333333333334","content":"기경을"}],"type":"pronunciation"},{"start_time":"42.06","end_time":"42.58","alternatives":[{"confidence":"1.0","content":"중심으로"}],"type":"pronunciation"},{"start_time":"42.58","end_time":"42.73","alternatives":[{"confidence":"0.9999","content":"한"}],"type":"pronunciation"},{"start_time":"42.76","end_time":"43.8","alternatives":[{"confidence":"0.9999","content":"금융범죄사기단을"}],"type":"pronunciation"},{"start_time":"43.8","end_time":"44.64","alternatives":[{"confidence":"1.0","content":"검거했습니다"}],"type":"pronunciation"},{"start_time":"45.74","end_time":"46.41","alternatives":[{"confidence":"0.99265","content":"검거당시"}],"type":"pronunciation"},{"start_time":"46.41","end_time":"46.9","alternatives":[{"confidence":"0.9994","content":"현장에서"}],"type":"pronunciation"},{"start_time":"46.9","end_time":"47.29","alternatives":[{"confidence":"0.9871","content":"대량의"}],"type":"pronunciation"},{"start_time":"47.29","end_time":"47.93","alternatives":[{"confidence":"0.82855","content":"체크카드"}],"type":"pronunciation"},{"start_time":"47.96","end_time":"48.57","alternatives":[{"confidence":"0.9997333333333334","content":"대포통장이"}],"type":"pronunciation"},{"start_time":"48.57","end_time":"48.89","alternatives":[{"confidence":"1.0","content":"발견이"}],"type":"pronunciation"},{"start_time":"48.89","end_time":"49.84","alternatives":[{"confidence":"0.9991","content":"됐는데요"}],"type":"pronunciation"},{"alternatives":[{"confidence":"0.0","content":"."}],"type":"punctuation"},{"start_time":"50.26","end_time":"50.39","alternatives":[{"confidence":"0.7161","content":"그"}],"type":"pronunciation"},{"start_time":"50.39","end_time":"50.87","alternatives":[{"confidence":"0.9973","content":"중에"}],"type":"pronunciation"},{"start_time":"50.9","end_time":"51.38","alternatives":[{"confidence":"0.95945","content":"김은정"}],"type":"pronunciation"},{"start_time":"51.38","end_time":"51.5","alternatives":[{"confidence":"0.9977","content":"씨"}],"type":"pronunciation"},{"start_time":"51.5","end_time":"51.81","alternatives":[{"confidence":"1.0","content":"명의로"}],"type":"pronunciation"},{"start_time":"51.81","end_time":"52.07","alternatives":[{"confidence":"1.0","content":"된"}],"type":"pronunciation"},{"start_time":"52.28","end_time":"53.15","alternatives":[{"confidence":"0.94625","content":"통장도"}],"type":"pronunciation"},{"start_time":"53.47","end_time":"53.8","alternatives":[{"confidence":"0.9655499999999999","content":"두부를"}],"type":"pronunciation"},{"start_time":"53.8","end_time":"54.08","alternatives":[{"confidence":"1.0","content":"저희가"}],"type":"pronunciation"},{"start_time":"54.08","end_time":"54.44","alternatives":[{"confidence":"0.94425","content":"압수를"}],"type":"pronunciation"},{"start_time":"54.44","end_time":"55.04","alternatives":[{"confidence":"0.9817","content":"했습니다"}],"type":"pronunciation"},{"alternatives":[{"confidence":"0.0","content":"."}],"type":"punctuation"},{"start_time":"56.79","end_time":"57.1","alternatives":[{"confidence":"1.0","content":"저희가"}],"type":"pronunciation"},{"start_time":"57.1","end_time":"57.54","alternatives":[{"confidence":"0.9884999999999999","content":"확인했을"}],"type":"pronunciation"},{"start_time":"57.54","end_time":"57.76","alternatives":[{"confidence":"0.9961","content":"때는"}],"type":"pronunciation"},{"start_time":"57.76","end_time":"58.12","alternatives":[{"confidence":"0.9908","content":"경기도"}],"type":"pronunciation"},{"start_time":"58.12","end_time":"59.14","alternatives":[{"confidence":"1.0","content":"광명시에서"}],"type":"pronunciation"},{"start_time":"59.17","end_time":"59.37","alternatives":[{"confidence":"0.961","content":"한"}],"type":"pronunciation"},{"start_time":"59.37","end_time":"59.61","alternatives":[{"confidence":"0.9429","content":"시간"}],"type":"pronunciation"},{"start_time":"59.61","end_time":"59.95","alternatives":[{"confidence":"1.0","content":"간격으로"}],"type":"pronunciation"},{"start_time":"59.95","end_time":"60.28","alternatives":[{"confidence":"0.9265","content":"발급이"}],"type":"pronunciation"},{"start_time":"60.28","end_time":"60.87","alternatives":[{"confidence":"0.9918","content":"됐네요"}],"type":"pronunciation"},{"alternatives":[{"confidence":"0.0","content":"."}],"type":"punctuation"},{"start_time":"62.64","end_time":"63.27","alternatives":[{"confidence":"0.9999","content":"본인은"}],"type":"pronunciation"},{"start_time":"63.7","end_time":"63.92","alternatives":[{"confidence":"0.3563","content":"두"}],"type":"pronunciation"},{"start_time":"63.92","end_time":"64.32","alternatives":[{"confidence":"0.96825","content":"계좌에서"}],"type":"pronunciation"},{"start_time":"64.32","end_time":"64.75","alternatives":[{"confidence":"0.7917","content":"자신이"}],"type":"pronunciation"},{"start_time":"64.81","end_time":"65.35","alternatives":[{"confidence":"0.9933000000000001","content":"있으십니까"}],"type":"pronunciation"},{"alternatives":[{"confidence":"0.0","content":"?"}],"type":"punctuation"},{"start_time":"67.35","end_time":"67.64","alternatives":[{"confidence":"0.9876","content":"본인이"}],"type":"pronunciation"},{"start_time":"67.64","end_time":"67.94","alternatives":[{"confidence":"0.9972","content":"직접"}],"type":"pronunciation"},{"start_time":"67.94","end_time":"68.38","alternatives":[{"confidence":"0.7958000000000001","content":"개설하신"}],"type":"pronunciation"},{"start_time":"68.38","end_time":"68.45","alternatives":[{"confidence":"0.4704","content":"거"}],"type":"pronunciation"},{"start_time":"68.45","end_time":"69.02","alternatives":[{"confidence":"0.9819500000000001","content":"아니세요"}],"type":"pronunciation"},{"alternatives":[{"confidence":"0.0","content":"?"}],"type":"punctuation"},{"start_time":"70.25","end_time":"70.81","alternatives":[{"confidence":"0.9998","content":"우리은행과"}],"type":"pronunciation"},{"start_time":"70.81","end_time":"71.96","alternatives":[{"confidence":"0.9990666666666667","content":"하나은행통장입니다"}],"type":"pronunciation"},{"start_time":"75.49","end_time":"75.91","alternatives":[{"confidence":"0.67535","content":"수사일"}],"type":"pronunciation"},{"start_time":"75.91","end_time":"76.37","alternatives":[{"confidence":"0.9994","content":"팀에서"}],"type":"pronunciation"},{"start_time":"76.37","end_time":"77.01","alternatives":[{"confidence":"0.8563999999999999","content":"문희경"}],"type":"pronunciation"},{"start_time":"77.01","end_time":"77.12","alternatives":[{"confidence":"0.9608","content":"을"}],"type":"pronunciation"},{"start_time":"77.12","end_time":"77.66","alternatives":[{"confidence":"1.0","content":"중심으로"}],"type":"pronunciation"},{"start_time":"77.66","end_time":"77.86","alternatives":[{"confidence":"0.9999","content":"한"}],"type":"pronunciation"},{"start_time":"77.86","end_time":"78.93","alternatives":[{"confidence":"0.997275","content":"금융범죄사기단을"}],"type":"pronunciation"},{"start_time":"78.93","end_time":"79.83","alternatives":[{"confidence":"0.99785","content":"검거했습니다"}],"type":"pronunciation"},{"alternatives":[{"confidence":"0.0","content":"."}],"type":"punctuation"},{"start_time":"80.59","end_time":"80.75","alternatives":[{"confidence":"0.3476","content":"이제"}],"type":"pronunciation"},{"start_time":"80.86","end_time":"81.51","alternatives":[{"confidence":"0.9904","content":"검거당시"}],"type":"pronunciation"},{"start_time":"81.51","end_time":"82.27","alternatives":[{"confidence":"0.9973","content":"현장에서"}],"type":"pronunciation"},{"start_time":"82.3","end_time":"82.66","alternatives":[{"confidence":"0.9997","content":"대단히"}],"type":"pronunciation"},{"start_time":"82.66","end_time":"83.34","alternatives":[{"confidence":"0.9581666666666666","content":"체크카드와"}],"type":"pronunciation"},{"start_time":"83.88","end_time":"85.24","alternatives":[{"confidence":"0.9971","content":"대포통장그리고"}],"type":"pronunciation"},{"start_time":"85.27","end_time":"85.76","alternatives":[{"confidence":"0.9824999999999999","content":"복사된"}],"type":"pronunciation"},{"start_time":"85.76","end_time":"86.84","alternatives":[{"confidence":"0.9994000000000001","content":"신분증등을"}],"type":"pronunciation"},{"start_time":"86.84","end_time":"87.14","alternatives":[{"confidence":"0.68225","content":"압수를"}],"type":"pronunciation"},{"start_time":"87.14","end_time":"87.68","alternatives":[{"confidence":"0.7061","content":"했는데"}],"type":"pronunciation"},{"start_time":"88.78","end_time":"89.7","alternatives":[{"confidence":"0.9245666666666666","content":"압수물품중에"}],"type":"pronunciation"},{"start_time":"90.09","end_time":"90.32","alternatives":[{"confidence":"0.1295","content":"씨"}],"type":"pronunciation"},{"start_time":"90.32","end_time":"90.69","alternatives":[{"confidence":"1.0","content":"명의로"}],"type":"pronunciation"},{"start_time":"90.69","end_time":"90.86","alternatives":[{"confidence":"1.0","content":"된"}],"type":"pronunciation"},{"start_time":"90.86","end_time":"91.75","alternatives":[{"confidence":"0.9934000000000001","content":"통장도"}],"type":"pronunciation"},{"start_time":"91.78","end_time":"92.08","alternatives":[{"confidence":"1.0","content":"저희가"}],"type":"pronunciation"},{"start_time":"92.08","end_time":"92.52","alternatives":[{"confidence":"0.9898","content":"지금"}],"type":"pronunciation"},{"start_time":"92.55","end_time":"93.06","alternatives":[{"confidence":"0.9999","content":"두부를"}],"type":"pronunciation"},{"start_time":"93.06","end_time":"93.45","alternatives":[{"confidence":"0.982","content":"압수를"}],"type":"pronunciation"},{"start_time":"93.45","end_time":"93.6","alternatives":[{"confidence":"0.9939","content":"한"}],"type":"pronunciation"},{"start_time":"93.6","end_time":"94.38","alternatives":[{"confidence":"0.9921","content":"상태예요"}],"type":"pronunciation"},{"alternatives":[{"confidence":"0.0","content":"."}],"type":"punctuation"},{"start_time":"95.77","end_time":"96.11","alternatives":[{"confidence":"1.0","content":"저희가"}],"type":"pronunciation"},{"start_time":"96.11","end_time":"96.61","alternatives":[{"confidence":"0.98845","content":"확인했을"}],"type":"pronunciation"},{"start_time":"96.61","end_time":"97.13","alternatives":[{"confidence":"0.9983","content":"때는"}],"type":"pronunciation"},{"start_time":"97.13","end_time":"97.55","alternatives":[{"confidence":"0.9908","content":"경기도"}],"type":"pronunciation"},{"start_time":"97.55","end_time":"98.59","alternatives":[{"confidence":"1.0","content":"광명시에서"}],"type":"pronunciation"},{"start_time":"98.98","end_time":"99.33","alternatives":[{"confidence":"0.9783","content":"발급이"}],"type":"pronunciation"},{"start_time":"99.33","end_time":"99.96","alternatives":[{"confidence":"1.0","content":"되었고"}],"type":"pronunciation"},{"alternatives":[{"confidence":"0.0","content":","}],"type":"punctuation"},{"start_time":"99.99","end_time":"100.57","alternatives":[{"confidence":"0.9975","content":"이천십오"}],"type":"pronunciation"},{"start_time":"100.57","end_time":"100.78","alternatives":[{"confidence":"0.8234","content":"년도"}],"type":"pronunciation"},{"start_time":"100.78","end_time":"100.97","alternatives":[{"confidence":"0.4842","content":"8"}],"type":"pronunciation"},{"start_time":"100.97","end_time":"101.03","alternatives":[{"confidence":"0.9967","content":"월"}],"type":"pronunciation"},{"start_time":"101.03","end_time":"101.31","alternatives":[{"confidence":"0.2341","content":"14"}],"type":"pronunciation"},{"start_time":"101.31","end_time":"101.41","alternatives":[{"confidence":"0.6884","content":"일"}],"type":"pronunciation"},{"start_time":"101.41","end_time":"101.62","alternatives":[{"confidence":"0.8908","content":"날"}],"type":"pronunciation"},{"start_time":"102.13","end_time":"102.42","alternatives":[{"confidence":"0.70425","content":"개설이"}],"type":"pronunciation"},{"start_time":"102.42","end_time":"102.95","alternatives":[{"confidence":"0.9783","content":"됐네요"}],"type":"pronunciation"},{"alternatives":[{"confidence":"0.0","content":"."}],"type":"punctuation"},{"start_time":"103.42","end_time":"103.85","alternatives":[{"confidence":"0.9942","content":"우리는"}],"type":"pronunciation"},{"start_time":"103.94","end_time":"104.37","alternatives":[{"confidence":"0.9208","content":"하나의"}],"type":"pronunciation"},{"start_time":"104.37","end_time":"105.1","alternatives":[{"confidence":"0.9993000000000001","content":"통장입니다"}],"type":"pronunciation"},{"start_time":"106.6","end_time":"106.92","alternatives":[{"confidence":"0.9318","content":"통상"}],"type":"pronunciation"},{"start_time":"106.92","end_time":"107.58","alternatives":[{"confidence":"1.0","content":"본인이"}],"type":"pronunciation"},{"start_time":"107.61","end_time":"107.92","alternatives":[{"confidence":"0.994","content":"직접"}],"type":"pronunciation"},{"start_time":"107.92","end_time":"108.35","alternatives":[{"confidence":"0.9134","content":"개설하신"}],"type":"pronunciation"},{"start_time":"108.35","end_time":"108.88","alternatives":[{"confidence":"1.0","content":"겁니까"}],"type":"pronunciation"},{"alternatives":[{"confidence":"0.0","content":"?"}],"type":"punctuation"},{"start_time":"110.15","end_time":"110.69","alternatives":[{"confidence":"0.817","content":"모르겠네"}],"type":"pronunciation"},{"alternatives":[{"confidence":"0.0","content":"."}],"type":"punctuation"},{"start_time":"112.17","end_time":"112.55","alternatives":[{"confidence":"0.9987","content":"작년에"}],"type":"pronunciation"},{"start_time":"112.55","end_time":"113.02","alternatives":[{"confidence":"0.7735","content":"개설하신"}],"type":"pronunciation"},{"start_time":"113.02","end_time":"113.46","alternatives":[{"confidence":"0.9922","content":"겁니까"}],"type":"pronunciation"},{"alternatives":[{"confidence":"0.0","content":"?"}],"type":"punctuation"},{"start_time":"115.02","end_time":"115.24","alternatives":[{"confidence":"0.5789","content":"제가"}],"type":"pronunciation"},{"start_time":"115.24","end_time":"115.92","alternatives":[{"confidence":"0.17675000000000002","content":"경찰에서"}],"type":"pronunciation"},{"start_time":"115.92","end_time":"116.22","alternatives":[{"confidence":"0.8234","content":"확인을"}],"type":"pronunciation"},{"start_time":"116.22","end_time":"116.79","alternatives":[{"confidence":"0.81705","content":"해볼게요"}],"type":"pronunciation"},{"alternatives":[{"confidence":"0.0","content":"."}],"type":"punctuation"},{"start_time":"117.29","end_time":"117.7","alternatives":[{"confidence":"0.9986","content":"경찰이"}],"type":"pronunciation"},{"start_time":"117.7","end_time":"118.03","alternatives":[{"confidence":"0.9676","content":"아니고요"}],"type":"pronunciation"},{"alternatives":[{"confidence":"0.0","content":"."}],"type":"punctuation"},{"start_time":"118.03","end_time":"118.35","alternatives":[{"confidence":"0.9342","content":"검찰"}],"type":"pronunciation"},{"start_time":"118.35","end_time":"118.59","alternatives":[{"confidence":"0.9567","content":"쪽으로"}],"type":"pronunciation"},{"start_time":"118.59","end_time":"118.78","alternatives":[{"confidence":"0.5732","content":"전화"}],"type":"pronunciation"},{"start_time":"118.78","end_time":"119.97","alternatives":[{"confidence":"0.8233","content":"해주세요"}],"type":"pronunciation"},{"alternatives":[{"confidence":"0.0","content":"."}],"type":"punctuation"},{"start_time":"123.68","end_time":"123.89","alternatives":[{"confidence":"0.8622","content":"저희"}],"type":"pronunciation"},{"start_time":"123.89","end_time":"124.36","alternatives":[{"confidence":"1.0","content":"쪽에서"}],"type":"pronunciation"},{"start_time":"124.36","end_time":"124.84","alternatives":[{"confidence":"1.0","content":"전반적인"}],"type":"pronunciation"},{"start_time":"124.84","end_time":"125.08","alternatives":[{"confidence":"0.9973","content":"내용을"}],"type":"pronunciation"},{"start_time":"125.08","end_time":"125.37","alternatives":[{"confidence":"0.4888","content":"조사해"}],"type":"pronunciation"},{"start_time":"125.37","end_time":"125.47","alternatives":[{"confidence":"0.4892","content":"본"}],"type":"pronunciation"},{"start_time":"125.47","end_time":"125.75","alternatives":[{"confidence":"0.6131","content":"결과"}],"type":"pronunciation"},{"start_time":"125.75","end_time":"126.5","alternatives":[{"confidence":"0.9414","content":"로는"}],"type":"pronunciation"},{"start_time":"126.5","end_time":"126.74","alternatives":[{"confidence":"1.0","content":"일단"}],"type":"pronunciation"},{"start_time":"127.16","end_time":"127.37","alternatives":[{"confidence":"0.9959","content":"같은"}],"type":"pronunciation"},{"start_time":"127.37","end_time":"127.76","alternatives":[{"confidence":"0.9996","content":"경우에는"}],"type":"pronunciation"},{"start_time":"127.76","end_time":"128.03","alternatives":[{"confidence":"0.8519","content":"동일"}],"type":"pronunciation"},{"start_time":"128.03","end_time":"128.18","alternatives":[{"confidence":"0.4722","content":"전"}],"type":"pronunciation"},{"start_time":"128.18","end_time":"128.3","alternatives":[{"confidence":"0.2556","content":"가"}],"type":"pronunciation"},{"start_time":"128.3","end_time":"128.39","alternatives":[{"confidence":"0.7217","content":"도"}],"type":"pronunciation"},{"start_time":"128.39","end_time":"128.99","alternatives":[{"confidence":"0.9924999999999999","content":"없으시고"}],"type":"pronunciation"},{"start_time":"129.39","end_time":"129.93","alternatives":[{"confidence":"0.7763","content":"신문또한"}],"type":"pronunciation"},{"start_time":"129.93","end_time":"130.66","alternatives":[{"confidence":"0.98695","content":"확실하시고"}],"type":"pronunciation"},{"start_time":"131.12","end_time":"131.53","alternatives":[{"confidence":"0.9082","content":"일차적인"}],"type":"pronunciation"},{"start_time":"131.53","end_time":"132.41","alternatives":[{"confidence":"0.9939","content":"혐의점이"}],"type":"pronunciation"},{"start_time":"132.59","end_time":"132.83","alternatives":[{"confidence":"0.9559","content":"이렇게"}],"type":"pronunciation"},{"start_time":"132.83","end_time":"133.13","alternatives":[{"confidence":"1.0","content":"보이지"}],"type":"pronunciation"},{"start_time":"133.13","end_time":"133.83","alternatives":[{"confidence":"0.99575","content":"않으세요"}],"type":"pronunciation"},{"alternatives":[{"confidence":"0.0","content":"?"}],"type":"punctuation"},{"start_time":"135.16","end_time":"135.45","alternatives":[{"confidence":"0.6022","content":"근데"}],"type":"pronunciation"},{"start_time":"135.45","end_time":"135.75","alternatives":[{"confidence":"0.9132","content":"저희"}],"type":"pronunciation"},{"start_time":"135.75","end_time":"136.03","alternatives":[{"confidence":"0.7028","content":"검찰"}],"type":"pronunciation"},{"start_time":"136.03","end_time":"136.47","alternatives":[{"confidence":"0.67445","content":"수사라는"}],"type":"pronunciation"},{"start_time":"136.47","end_time":"136.84","alternatives":[{"confidence":"0.5995","content":"게"}],"type":"pronunciation"},{"start_time":"136.84","end_time":"137.17","alternatives":[{"confidence":"1.0","content":"저희가"}],"type":"pronunciation"},{"start_time":"137.26","end_time":"138.72","alternatives":[{"confidence":"0.9795666666666666","content":"심층하나만으로는"}],"type":"pronunciation"},{"alternatives":[{"confidence":"0.0","content":"."}],"type":"punctuation"},{"start_time":"139.17","end_time":"139.74","alternatives":[{"confidence":"0.7953","content":"피해자나"}],"type":"pronunciation"},{"start_time":"139.74","end_time":"140.25","alternatives":[{"confidence":"0.9895499999999999","content":"가해자다"}],"type":"pronunciation"},{"start_time":"140.25","end_time":"140.54","alternatives":[{"confidence":"0.9996","content":"이렇게"}],"type":"pronunciation"},{"start_time":"140.57","end_time":"140.93","alternatives":[{"confidence":"0.9897","content":"분류를"}],"type":"pronunciation"},{"start_time":"140.93","end_time":"141.04","alternatives":[{"confidence":"0.9998","content":"할"}],"type":"pronunciation"},{"start_time":"141.04","end_time":"141.15","alternatives":[{"confidence":"0.9992","content":"수"}],"type":"pronunciation"},{"start_time":"141.15","end_time":"141.36","alternatives":[{"confidence":"1.0","content":"없는"}],"type":"pronunciation"},{"start_time":"141.36","end_time":"142.09","alternatives":[{"confidence":"1.0","content":"상황입니다"}],"type":"pronunciation"},{"alternatives":[{"confidence":"0.0","content":"."}],"type":"punctuation"},{"start_time":"143.39","end_time":"143.72","alternatives":[{"confidence":"0.9999","content":"그렇기"}],"type":"pronunciation"},{"start_time":"143.72","end_time":"144.23","alternatives":[{"confidence":"0.9987","content":"때문에"}],"type":"pronunciation"},{"start_time":"144.54","end_time":"144.76","alternatives":[{"confidence":"1.0","content":"일단"}],"type":"pronunciation"},{"start_time":"144.76","end_time":"145.31","alternatives":[{"confidence":"0.5343","content":"피해자일주일"}],"type":"pronunciation"},{"start_time":"145.31","end_time":"145.62","alternatives":[{"confidence":"1.0","content":"조사가"}],"type":"pronunciation"},{"start_time":"145.62","end_time":"145.76","alternatives":[{"confidence":"0.4306","content":"좀"}],"type":"pronunciation"},{"start_time":"145.79","end_time":"146.07","alternatives":[{"confidence":"0.63635","content":"진행이"}],"type":"pronunciation"},{"start_time":"146.07","end_time":"146.2","alternatives":[{"confidence":"0.6004","content":"될"}],"type":"pronunciation"},{"start_time":"146.2","end_time":"147.27","alternatives":[{"confidence":"1.0","content":"거예요"}],"type":"pronunciation"},{"alternatives":[{"confidence":"0.0","content":"."}],"type":"punctuation"},{"start_time":"147.93","end_time":"148.25","alternatives":[{"confidence":"0.6129","content":"피해자"}],"type":"pronunciation"},{"start_time":"148.25","end_time":"148.77","alternatives":[{"confidence":"0.97675","content":"입증조사는"}],"type":"pronunciation"},{"start_time":"148.77","end_time":"149.28","alternatives":[{"confidence":"0.9898499999999999","content":"본인에게"}],"type":"pronunciation"},{"start_time":"149.28","end_time":"149.94","alternatives":[{"confidence":"0.9275","content":"일차적인"}],"type":"pronunciation"},{"start_time":"149.97","end_time":"150.47","alternatives":[{"confidence":"0.98925","content":"혐의점이"}],"type":"pronunciation"},{"start_time":"150.47","end_time":"150.8","alternatives":[{"confidence":"0.9997","content":"없었기"}],"type":"pronunciation"},{"start_time":"150.8","end_time":"151.53","alternatives":[{"confidence":"0.9975","content":"때문에"}],"type":"pronunciation"},{"start_time":"151.56","end_time":"151.89","alternatives":[{"confidence":"0.8729","content":"진행이"}],"type":"pronunciation"},{"start_time":"151.89","end_time":"152.09","alternatives":[{"confidence":"0.8848","content":"되는"}],"type":"pronunciation"},{"start_time":"152.09","end_time":"152.68","alternatives":[{"confidence":"0.9969","content":"거고"}],"type":"pronunciation"},{"alternatives":[{"confidence":"0.0","content":","}],"type":"punctuation"},{"start_time":"154.03","end_time":"154.65","alternatives":[{"confidence":"0.99995","content":"추후에"}],"type":"pronunciation"},{"start_time":"155.0","end_time":"155.56","alternatives":[{"confidence":"0.9971","content":"혐의점이"}],"type":"pronunciation"},{"start_time":"155.56","end_time":"155.92","alternatives":[{"confidence":"0.9964","content":"발견이"}],"type":"pronunciation"},{"start_time":"155.92","end_time":"156.46","alternatives":[{"confidence":"0.9995","content":"된다면"}],"type":"pronunciation"},{"start_time":"156.52","end_time":"156.86","alternatives":[{"confidence":"0.856","content":"그때는"}],"type":"pronunciation"},{"start_time":"156.86","end_time":"157.24","alternatives":[{"confidence":"0.9821","content":"직접"}],"type":"pronunciation"},{"start_time":"157.24","end_time":"157.61","alternatives":[{"confidence":"0.999","content":"출석을"}],"type":"pronunciation"},{"start_time":"157.61","end_time":"158.26","alternatives":[{"confidence":"1.0","content":"하셔서"}],"type":"pronunciation"},{"start_time":"158.29","end_time":"158.49","alternatives":[{"confidence":"0.9658","content":"저희"}],"type":"pronunciation"},{"start_time":"158.49","end_time":"159.27","alternatives":[{"confidence":"0.43394999999999995","content":"직업적으로"}],"type":"pronunciation"},{"start_time":"159.72","end_time":"160.57","alternatives":[{"confidence":"0.999","content":"출석하셔서"}],"type":"pronunciation"},{"start_time":"160.6","end_time":"160.88","alternatives":[{"confidence":"0.7728","content":"그때"}],"type":"pronunciation"},{"start_time":"160.91","end_time":"161.34","alternatives":[{"confidence":"1.0","content":"조사를"}],"type":"pronunciation"},{"start_time":"161.34","end_time":"161.56","alternatives":[{"confidence":"0.7696","content":"받아"}],"type":"pronunciation"},{"start_time":"161.56","end_time":"161.82","alternatives":[{"confidence":"0.95105","content":"주셔야"}],"type":"pronunciation"},{"start_time":"161.82","end_time":"162.25","alternatives":[{"confidence":"0.756","content":"되는게"}],"type":"pronunciation"},{"start_time":"162.34","end_time":"162.99","alternatives":[{"confidence":"0.9898","content":"현실입니다"}],"type":"pronunciation"},{"alternatives":[{"confidence":"0.0","content":"."}],"type":"punctuation"},{"start_time":"163.81","end_time":"164.55","alternatives":[{"confidence":"0.7276666666666666","content":"이해하셨고요"}],"type":"pronunciation"},{"alternatives":[{"confidence":"0.0","content":"."}],"type":"punctuation"},{"start_time":"165.1","end_time":"165.34","alternatives":[{"confidence":"0.9997","content":"그리고"}],"type":"pronunciation"},{"start_time":"165.34","end_time":"165.63","alternatives":[{"confidence":"0.648","content":"피해자"}],"type":"pronunciation"},{"start_time":"165.63","end_time":"166.13","alternatives":[{"confidence":"0.8220000000000001","content":"입증조사"}],"type":"pronunciation"},{"start_time":"166.13","end_time":"166.68","alternatives":[{"confidence":"0.9999","content":"전반적인"}],"type":"pronunciation"},{"start_time":"166.68","end_time":"167.31","alternatives":[{"confidence":"0.9952","content":"과정은"}],"type":"pronunciation"},{"start_time":"167.31","end_time":"167.98","alternatives":[{"confidence":"0.8531666666666666","content":"녹취로서"}],"type":"pronunciation"},{"start_time":"168.01","end_time":"168.83","alternatives":[{"confidence":"0.99715","content":"진행됩니다"}],"type":"pronunciation"},{"alternatives":[{"confidence":"0.0","content":"."}],"type":"punctuation"},{"start_time":"169.66","end_time":"169.79","alternatives":[{"confidence":"0.922","content":"이"}],"type":"pronunciation"},{"start_time":"169.79","end_time":"170.54","alternatives":[{"confidence":"0.9680666666666666","content":"녹취는"}],"type":"pronunciation"},{"start_time":"170.54","end_time":"170.91","alternatives":[{"confidence":"0.9012","content":"본인을"}],"type":"pronunciation"},{"start_time":"170.91","end_time":"171.57","alternatives":[{"confidence":"1.0","content":"대신해서"}],"type":"pronunciation"},{"start_time":"171.6","end_time":"171.93","alternatives":[{"confidence":"0.9955","content":"법원에"}],"type":"pronunciation"},{"start_time":"171.93","end_time":"172.53","alternatives":[{"confidence":"0.9997","content":"제출될"}],"type":"pronunciation"},{"start_time":"172.56","end_time":"173.15","alternatives":[{"confidence":"0.9404666666666667","content":"증거자료이기"}],"type":"pronunciation"},{"start_time":"173.15","end_time":"173.74","alternatives":[{"confidence":"0.9995","content":"때문에"}],"type":"pronunciation"},{"start_time":"173.77","end_time":"174.61","alternatives":[{"confidence":"0.6292","content":"주의자분이나"}],"type":"pronunciation"},{"start_time":"174.64","end_time":"174.94","alternatives":[{"confidence":"0.822","content":"본인이"}],"type":"pronunciation"},{"start_time":"174.94","end_time":"175.22","alternatives":[{"confidence":"0.9969","content":"아닌"}],"type":"pronunciation"},{"start_time":"175.66","end_time":"175.83","alternatives":[{"confidence":"0.9738","content":"제"}],"type":"pronunciation"},{"start_time":"175.83","end_time":"176.0","alternatives":[{"confidence":"0.6312","content":"삼"}],"type":"pronunciation"},{"start_time":"176.0","end_time":"176.14","alternatives":[{"confidence":"0.9694","content":"자의"}],"type":"pronunciation"},{"start_time":"176.14","end_time":"176.55","alternatives":[{"confidence":"1.0","content":"목소리가"}],"type":"pronunciation"},{"start_time":"176.55","end_time":"176.86","alternatives":[{"confidence":"0.9956","content":"섞이게"}],"type":"pronunciation"},{"start_time":"176.86","end_time":"177.01","alternatives":[{"confidence":"0.999","content":"될"}],"type":"pronunciation"},{"start_time":"177.01","end_time":"177.61","alternatives":[{"confidence":"0.999","content":"경우에는"}],"type":"pronunciation"},{"start_time":"177.61","end_time":"178.54","alternatives":[{"confidence":"0.9801333333333333","content":"증거자료로서"}],"type":"pronunciation"},{"start_time":"178.6","end_time":"178.98","alternatives":[{"confidence":"0.9976","content":"효력이"}],"type":"pronunciation"},{"start_time":"179.86","end_time":"180.16","alternatives":[{"confidence":"0.8182499999999999","content":"발생이"}],"type":"pronunciation"},{"start_time":"180.16","end_time":"180.4","alternatives":[{"confidence":"0.9991","content":"어려운"}],"type":"pronunciation"},{"start_time":"180.4","end_time":"180.64","alternatives":[{"confidence":"0.9936","content":"부분이"}],"type":"pronunciation"},{"start_time":"180.64","end_time":"181.15","alternatives":[{"confidence":"0.9721","content":"있고요"}],"type":"pronunciation"},{"alternatives":[{"confidence":"0.0","content":"."}],"type":"punctuation"},{"start_time":"182.41","end_time":"182.62","alternatives":[{"confidence":"0.997","content":"그리고"}],"type":"pronunciation"},{"start_time":"182.62","end_time":"182.83","alternatives":[{"confidence":"0.78145","content":"녹취"}],"type":"pronunciation"},{"start_time":"182.83","end_time":"183.02","alternatives":[{"confidence":"0.966","content":"라고"}],"type":"pronunciation"},{"start_time":"183.02","end_time":"183.3","alternatives":[{"confidence":"1.0","content":"해서"}],"type":"pronunciation"},{"start_time":"183.3","end_time":"183.41","alternatives":[{"confidence":"0.8414","content":"뭐"}],"type":"pronunciation"},{"start_time":"183.42","end_time":"183.99","alternatives":[{"confidence":"0.9923","content":"크게"}],"type":"pronunciation"},{"start_time":"184.27","end_time":"184.63","alternatives":[{"confidence":"0.9873","content":"별다른"}],"type":"pronunciation"},{"start_time":"184.63","end_time":"184.74","alternatives":[{"confidence":"0.6928","content":"건"}],"type":"pronunciation"},{"start_time":"184.74","end_time":"185.32","alternatives":[{"confidence":"0.7833","content":"없고"}],"type":"pronunciation"},{"start_time":"185.32","end_time":"185.53","alternatives":[{"confidence":"0.9969","content":"아까"}],"type":"pronunciation"},{"start_time":"185.53","end_time":"185.68","alternatives":[{"confidence":"1.0","content":"제가"}],"type":"pronunciation"},{"start_time":"185.68","end_time":"186.0","alternatives":[{"confidence":"0.9936","content":"드렸던"}],"type":"pronunciation"},{"start_time":"186.0","end_time":"186.89","alternatives":[{"confidence":"1.0","content":"질문을"}],"type":"pronunciation"},{"start_time":"186.98","end_time":"187.3","alternatives":[{"confidence":"0.9764","content":"그대로"}],"type":"pronunciation"},{"start_time":"187.3","end_time":"187.56","alternatives":[{"confidence":"0.8534","content":"녹취에"}],"type":"pronunciation"},{"start_time":"187.56","end_time":"187.79","alternatives":[{"confidence":"0.9776","content":"담을"}],"type":"pronunciation"},{"start_time":"187.79","end_time":"188.22","alternatives":[{"confidence":"1.0","content":"겁니다"}],"type":"pronunciation"},{"alternatives":[{"confidence":"0.0","content":"."}],"type":"punctuation"},{"start_time":"189.17","end_time":"189.42","alternatives":[{"confidence":"0.5951","content":"내게"}],"type":"pronunciation"},{"start_time":"189.42","end_time":"190.24","alternatives":[{"confidence":"0.5898333333333333","content":"수산절차상"}],"type":"pronunciation"},{"start_time":"190.24","end_time":"190.46","alternatives":[{"confidence":"0.9533","content":"하는"}],"type":"pronunciation"},{"start_time":"190.46","end_time":"190.99","alternatives":[{"confidence":"0.9549","content":"거니까"}],"type":"pronunciation"},{"start_time":"191.4","end_time":"191.53","alternatives":[{"confidence":"0.9629","content":"좀"}],"type":"pronunciation"},{"start_time":"191.53","end_time":"192.42","alternatives":[{"confidence":"0.7798","content":"잘해주시고"}],"type":"pronunciation"},{"alternatives":[{"confidence":"0.0","content":"."}],"type":"punctuation"},{"start_time":"195.87","end_time":"196.14","alternatives":[{"confidence":"0.8271999999999999","content":"녹취"}],"type":"pronunciation"},{"start_time":"196.14","end_time":"196.31","alternatives":[{"confidence":"0.9513","content":"라고"}],"type":"pronunciation"},{"start_time":"196.31","end_time":"196.48","alternatives":[{"confidence":"0.9992","content":"해서"}],"type":"pronunciation"},{"start_time":"196.54","end_time":"196.96","alternatives":[{"confidence":"0.9827","content":"별다른"}],"type":"pronunciation"},{"start_time":"196.96","end_time":"197.05","alternatives":[{"confidence":"0.9994","content":"게"}],"type":"pronunciation"},{"start_time":"197.05","end_time":"197.73","alternatives":[{"confidence":"0.9998","content":"없고"}],"type":"pronunciation"},{"start_time":"197.73","end_time":"197.95","alternatives":[{"confidence":"0.997","content":"아까"}],"type":"pronunciation"},{"start_time":"197.95","end_time":"198.38","alternatives":[{"confidence":"0.9992","content":"제가"}],"type":"pronunciation"},{"start_time":"198.65","end_time":"198.82","alternatives":[{"confidence":"0.5565","content":"어떤"}],"type":"pronunciation"},{"start_time":"198.82","end_time":"199.29","alternatives":[{"confidence":"1.0","content":"질문들을"}],"type":"pronunciation"},{"start_time":"199.29","end_time":"199.46","alternatives":[{"confidence":"0.9811","content":"다시"}],"type":"pronunciation"},{"start_time":"199.46","end_time":"199.55","alternatives":[{"confidence":"0.3421","content":"한"}],"type":"pronunciation"},{"start_time":"199.58","end_time":"199.96","alternatives":[{"confidence":"0.6644","content":"녹취에도"}],"type":"pronunciation"},{"start_time":"199.96","end_time":"200.11","alternatives":[{"confidence":"0.9063","content":"함을"}],"type":"pronunciation"},{"start_time":"200.11","end_time":"200.51","alternatives":[{"confidence":"0.9985","content":"겁니다"}],"type":"pronunciation"},{"alternatives":[{"confidence":"0.0","content":"."}],"type":"punctuation"},{"start_time":"200.67","end_time":"201.14","alternatives":[{"confidence":"0.775","content":"녹취담을"}],"type":"pronunciation"},{"start_time":"201.14","end_time":"201.62","alternatives":[{"confidence":"0.9998","content":"거고"}],"type":"pronunciation"},{"alternatives":[{"confidence":"0.0","content":","}],"type":"punctuation"},{"start_time":"202.23","end_time":"202.48","alternatives":[{"confidence":"0.4087","content":"전화"}],"type":"pronunciation"},{"start_time":"202.48","end_time":"202.76","alternatives":[{"confidence":"0.2442","content":"그친"}],"type":"pronunciation"},{"start_time":"202.76","end_time":"202.9","alternatives":[{"confidence":"0.8342","content":"하게"}],"type":"pronunciation"},{"start_time":"202.9","end_time":"203.24","alternatives":[{"confidence":"0.9979","content":"되면"}],"type":"pronunciation"},{"start_time":"203.24","end_time":"203.59","alternatives":[{"confidence":"0.9548","content":"담당"}],"type":"pronunciation"},{"start_time":"203.59","end_time":"204.11","alternatives":[{"confidence":"0.9559","content":"검사님"}],"type":"pronunciation"},{"start_time":"204.14","end_time":"204.76","alternatives":[{"confidence":"0.7903333333333333","content":"내선연기를"}],"type":"pronunciation"},{"start_time":"204.76","end_time":"204.88","alternatives":[{"confidence":"0.9991","content":"좀"}],"type":"pronunciation"},{"start_time":"204.88","end_time":"205.15","alternatives":[{"confidence":"0.7758","content":"해드릴"}],"type":"pronunciation"},{"start_time":"205.15","end_time":"205.6","alternatives":[{"confidence":"0.7596","content":"거예요"}],"type":"pronunciation"},{"alternatives":[{"confidence":"0.0","content":"."}],"type":"punctuation"},{"start_time":"206.1","end_time":"206.61","alternatives":[{"confidence":"0.7711","content":"본인앞으로도"}],"type":"pronunciation"},{"start_time":"207.25","end_time":"207.78","alternatives":[{"confidence":"0.7701","content":"본인앞으로"}],"type":"pronunciation"},{"start_time":"207.78","end_time":"207.92","alternatives":[{"confidence":"0.5477","content":"나와"}],"type":"pronunciation"},{"start_time":"207.92","end_time":"208.08","alternatives":[{"confidence":"0.9966","content":"있는"}],"type":"pronunciation"},{"start_time":"208.08","end_time":"208.72","alternatives":[{"confidence":"0.8337666666666667","content":"공무원장도"}],"type":"pronunciation"},{"start_time":"208.96","end_time":"209.21","alternatives":[{"confidence":"0.8819","content":"확인"}],"type":"pronunciation"},{"start_time":"209.21","end_time":"209.46","alternatives":[{"confidence":"0.9732","content":"하셔야"}],"type":"pronunciation"},{"start_time":"209.46","end_time":"210.07","alternatives":[{"confidence":"0.8275","content":"될거고"}],"type":"pronunciation"},{"alternatives":[{"confidence":"0.0","content":","}],"type":"punctuation"},{"start_time":"210.52","end_time":"210.96","alternatives":[{"confidence":"0.9988","content":"사건에"}],"type":"pronunciation"},{"start_time":"210.96","end_time":"211.32","alternatives":[{"confidence":"0.9999","content":"대해서"}],"type":"pronunciation"},{"start_time":"211.32","end_time":"211.48","alternatives":[{"confidence":"0.9953","content":"좀"}],"type":"pronunciation"},{"start_time":"211.48","end_time":"211.57","alternatives":[{"confidence":"0.9959","content":"더"}],"type":"pronunciation"},{"start_time":"211.57","end_time":"212.03","alternatives":[{"confidence":"1.0","content":"상세하게"}],"type":"pronunciation"},{"start_time":"212.06","end_time":"212.64","alternatives":[{"confidence":"0.96885","content":"설명해주실"}],"type":"pronunciation"},{"start_time":"212.64","end_time":"212.98","alternatives":[{"confidence":"1.0","content":"겁니다"}],"type":"pronunciation"},{"alternatives":[{"confidence":"0.0","content":"."}],"type":"punctuation"},{"start_time":"212.98","end_time":"213.33","alternatives":[{"confidence":"0.8638","content":"어떤"}],"type":"pronunciation"},{"start_time":"213.33","end_time":"213.64","alternatives":[{"confidence":"1.0","content":"식으로"}],"type":"pronunciation"},{"start_time":"213.64","end_time":"214.15","alternatives":[{"confidence":"0.9904","content":"됐고"}],"type":"pronunciation"},{"start_time":"214.93","end_time":"215.18","alternatives":[{"confidence":"1.0","content":"어떻게"}],"type":"pronunciation"},{"start_time":"215.18","end_time":"215.96","alternatives":[{"confidence":"0.8675333333333333","content":"대처하실지"}],"type":"pronunciation"},{"start_time":"218.25","end_time":"218.45","alternatives":[{"confidence":"0.9769","content":"좀"}],"type":"pronunciation"},{"start_time":"218.45","end_time":"219.24","alternatives":[{"confidence":"0.9817666666666667","content":"이해하셨습니까"}],"type":"pronunciation"},{"alternatives":[{"confidence":"0.0","content":"."}],"type":"punctuation"},{"start_time":"219.73","end_time":"219.99","alternatives":[{"confidence":"0.0256","content":"지금"}],"type":"pronunciation"},{"start_time":"221.37","end_time":"221.79","alternatives":[{"confidence":"0.8043","content":"네네네"}],"type":"pronunciation"},{"alternatives":[{"confidence":"0.0","content":"."}],"type":"punctuation"},{"start_time":"222.19","end_time":"222.79","alternatives":[{"confidence":"0.2835","content":"그러니까"}],"type":"pronunciation"},{"start_time":"222.98","end_time":"223.59","alternatives":[{"confidence":"0.9998","content":"잠깐만"}],"type":"pronunciation"},{"start_time":"223.62","end_time":"223.86","alternatives":[{"confidence":"0.9059","content":"뭐"}],"type":"pronunciation"},{"start_time":"224.02","end_time":"224.21","alternatives":[{"confidence":"0.7374","content":"잘"}],"type":"pronunciation"},{"start_time":"224.21","end_time":"224.34","alternatives":[{"confidence":"0.6694","content":"좀"}],"type":"pronunciation"},{"start_time":"224.44","end_time":"225.12","alternatives":[{"confidence":"0.8126","content":"해주셔서"}],"type":"pronunciation"},{"start_time":"225.22","end_time":"225.41","alternatives":[{"confidence":"0.8534","content":"뭐"}],"type":"pronunciation"},{"start_time":"225.44","end_time":"225.74","alternatives":[{"confidence":"0.6463","content":"직장"}],"type":"pronunciation"},{"start_time":"225.74","end_time":"225.92","alternatives":[{"confidence":"0.8465","content":"이신"}],"type":"pronunciation"},{"start_time":"225.92","end_time":"226.01","alternatives":[{"confidence":"0.9768","content":"것"}],"type":"pronunciation"},{"start_time":"226.01","end_time":"226.54","alternatives":[{"confidence":"0.9849","content":"같은데"}],"type":"pronunciation"},{"start_time":"226.8","end_time":"227.01","alternatives":[{"confidence":"0.4949","content":"제가"}],"type":"pronunciation"},{"start_time":"227.01","end_time":"227.14","alternatives":[{"confidence":"0.9816","content":"좀"}],"type":"pronunciation"},{"start_time":"227.14","end_time":"227.92","alternatives":[{"confidence":"0.9781500000000001","content":"받아주십시오"}],"type":"pronunciation"},{"alternatives":[{"confidence":"0.0","content":"."}],"type":"punctuation"},{"start_time":"229.54","end_time":"229.72","alternatives":[{"confidence":"0.0451","content":"그럼"}],"type":"pronunciation"},{"start_time":"229.72","end_time":"230.39","alternatives":[{"confidence":"1.0","content":"빠르게"}],"type":"pronunciation"},{"start_time":"230.39","end_time":"230.89","alternatives":[{"confidence":"0.7167","content":"우선"}],"type":"pronunciation"},{"start_time":"230.89","end_time":"231.48","alternatives":[{"confidence":"0.8858666666666667","content":"녹취먼저"}],"type":"pronunciation"},{"start_time":"231.48","end_time":"232.15","alternatives":[{"confidence":"0.9972","content":"들어가겠습니다"}],"type":"pronunciation"},{"alternatives":[{"confidence":"0.0","content":"."}],"type":"punctuation"},{"start_time":"233.52","end_time":"233.91","alternatives":[{"confidence":"0.9995","content":"아니요"}],"type":"pronunciation"},{"alternatives":[{"confidence":"0.0","content":"."}],"type":"punctuation"},{"start_time":"233.94","end_time":"234.26","alternatives":[{"confidence":"0.6955","content":"같이"}],"type":"pronunciation"},{"start_time":"234.32","end_time":"234.48","alternatives":[{"confidence":"0.2606","content":"저희"}],"type":"pronunciation"},{"start_time":"234.48","end_time":"235.01","alternatives":[{"confidence":"0.86415","content":"녹취전하기"}],"type":"pronunciation"},{"start_time":"235.01","end_time":"235.79","alternatives":[{"confidence":"0.984","content":"때문에"}],"type":"pronunciation"},{"start_time":"236.24","end_time":"236.39","alternatives":[{"confidence":"0.219","content":"이제"}],"type":"pronunciation"},{"start_time":"236.4","end_time":"236.78","alternatives":[{"confidence":"0.63645","content":"수확에"}],"type":"pronunciation"},{"start_time":"236.78","end_time":"236.94","alternatives":[{"confidence":"0.8861","content":"좀"}],"type":"pronunciation"},{"start_time":"236.94","end_time":"237.15","alternatives":[{"confidence":"0.9836","content":"이상이"}],"type":"pronunciation"},{"start_time":"237.15","end_time":"237.34","alternatives":[{"confidence":"0.9876","content":"생길"}],"type":"pronunciation"},{"start_time":"237.34","end_time":"237.5","alternatives":[{"confidence":"1.0","content":"수도"}],"type":"pronunciation"},{"start_time":"237.5","end_time":"238.26","alternatives":[{"confidence":"0.9933","content":"있어요"}],"type":"pronunciation"},{"alternatives":[{"confidence":"0.0","content":"."}],"type":"punctuation"},{"start_time":"239.65","end_time":"239.94","alternatives":[{"confidence":"0.9879","content":"크게"}],"type":"pronunciation"},{"start_time":"239.94","end_time":"240.16","alternatives":[{"confidence":"0.9809","content":"제가"}],"type":"pronunciation"},{"start_time":"240.16","end_time":"240.29","alternatives":[{"confidence":"0.8163","content":"뭐"}],"type":"pronunciation"},{"start_time":"240.3","end_time":"240.48","alternatives":[{"confidence":"0.7571","content":"그런"}],"type":"pronunciation"},{"start_time":"240.48","end_time":"240.79","alternatives":[{"confidence":"0.9742","content":"여쭤보는"}],"type":"pronunciation"},{"start_time":"240.79","end_time":"240.87","alternatives":[{"confidence":"0.9218","content":"게"}],"type":"pronunciation"},{"start_time":"240.87","end_time":"241.25","alternatives":[{"confidence":"0.7836","content":"아닙니까"}],"type":"pronunciation"},{"alternatives":[{"confidence":"0.0","content":"."}],"type":"punctuation"},{"start_time":"242.29","end_time":"242.67","alternatives":[{"confidence":"0.6066333333333334","content":"녹취먼저"}],"type":"pronunciation"},{"start_time":"242.67","end_time":"243.27","alternatives":[{"confidence":"0.99525","content":"들어가겠습니다"}],"type":"pronunciation"},{"alternatives":[{"confidence":"0.0","content":"."}],"type":"punctuation"}]},"status":"COMPLETED"}