{"jobName":"transcribes..10","accountId":"097989105209","results":{"transcripts":[{"transcript":"네, 우선은 제가 이번 사건에 연루된 혐의가 있기 때문에요 저희 검찰로 오셔서 간단한 조사를 받으셔야 하는데 혹시 오시는데 시간이 얼마나 걸리시죠 오늘요 네, 제가 지금 일하고 있어 가지고 오신다는 말씀이세요? 가야 되는데 부산광역시 연제구 법원도 있습니다 그러네요 네, 네, 제가 하는데 아시는데요 지금 근무중이십니까 알겠습니다 그럼 일단 사건 조사를 진행해야 되니까 제가 사실 여부를 판단하기 위해서 몇 가지 기본적인 질문을 하겠습니다 부분들은 본인이 일차 피해자라는 것을 밝히는 질문들이고요 질문에 전반조사과정은 녹취 상태로 진행이 될 것입니다 수사 과정에서 저희가 강압수사는 있었는지 유도신문을 하는지 그리고 본인께서 허위 진술을 하시는 부분에서는 다른 기관에서 심사가 들어갈 거고요 재판에 증거물로 사용되기 때문에요 본인 께서는 거짓말을 하시거나 숨기시며 절대 안 되시고요 네, 잠시만요 네 여보세요? 저는 부산고검 형사 일 부 김나영 수사관입니다 지금 이천십오 형제 일삼칠월 팔억금융사건에 대한 일문일답 조사과정입니다 당사자 본인이 맞으십니까 선생 남성을 전혀 모르십니까 2015 년 6 월 구일에 무산강서구 명지동 지점에서 부산은행 통장개설한 사실은 있습니까? 아니요, 부장간 적도 없어요 그러시면 2015 년 6 월 구일에 어디서 뭐 하고 계셨는지 기억하십니까? 이걸 화요일입니다? 제가 일하고 있었겠죠 동료들이 증명하실 수 있다는 말씀이세요? 현재 한진씨 명의로 통장들이 강성호명의 도용 사건의 불법적으로 사용하고 있다는 것을 제가 말하기 전엔 알고 계셨습니까? 현재 본인께서 부산은행 통장전혀 사용하지 않는다고 말씀하셨죠 본인께서 합법적으로 그래 하셨던 그냥 은행이니까 대구은행 하나만 그러하십니까 국민은행있어요 그러니까 본인 명의로 된 합법적으로 국민 은행 대구은행 두개란 말씀 주시죠 이 세 개만 거래하신다 말씀 하시죠 만약에 저희가 조사를 했을 때 본인이 진술하지만은 개사가 나왔을 경우 모두 불법 자들이 개설을 해서 이용한 것으로 간주가 되기 때문에요 모두 동결처리해 드릴 것입니다 동의하시죠 만약에 본인께서 진술하지 않은 은행계좌가 나왔을 경우 모두 불법 자들이 개설을 해서 이용한 걸로 간주가 되기 때문에요 모두 동결처리해 드릴 것입니다 농협도 있으시고 더 없으시죠 본인제 삼 재산보고 신청서에 신청등록해 드려야 되거든요 그러니까 대부분의 국민 농협 화재 증권 이세요 알겠습니다 그러시면 네 개 그래 하신다고 하시는데요 마지막으로 그래 하신 날짜는 기억하십니까? 운행이면 항상 그렇죠 하셨다면 어제까지도 사용하셨다고요 그럼 이 은행 대로 그래 하시면서 인터넷 모바일을 사용하십니까 하고 있어요 알겠습니다 그러시면 마지막 날짜까지 이라고 하셨는데 잔액이 들어오거나 빠지거나 전혀 없었고요 대북 은행은 통장몇 개 계절하셨습니까 하나 있습니다 대략적으로 얘기해주시면 될 것이니까 국민은행은요 농협은요 근데 하나 있는데 오늘 사용 안 했지만 오래됐어요 사용하지 않은 지 오래됐다고요 그럼 정권 은요 2관계가 하나 있고 이제 그러니까 입증음식도 안 했고요 두 개 있어요? 두 개 있어요 알겠습니다 그러면 일반 다 일반 통장이라는 말씀받으시죠 대구은행 국민은행요 개인 변화말고 저기 경찰서 내부에 있는 그 산하로 전화질 수도 있는데요 지금 있습니다 그런데 알겠습니다 그러시면 제가 다시 연락드리겠습니다"}],"items":[{"start_time":"4.35","end_time":"4.54","alternatives":[{"confidence":"0.9749","content":"네"}],"type":"pronunciation"},{"alternatives":[{"confidence":"0.0","content":","}],"type":"punctuation"},{"start_time":"4.54","end_time":"5.37","alternatives":[{"confidence":"0.86055","content":"우선은"}],"type":"pronunciation"},{"start_time":"5.81","end_time":"5.98","alternatives":[{"confidence":"0.1945","content":"제가"}],"type":"pronunciation"},{"start_time":"5.98","end_time":"6.18","alternatives":[{"confidence":"1.0","content":"이번"}],"type":"pronunciation"},{"start_time":"6.18","end_time":"6.62","alternatives":[{"confidence":"0.9995","content":"사건에"}],"type":"pronunciation"},{"start_time":"6.62","end_time":"7.0","alternatives":[{"confidence":"0.9987","content":"연루된"}],"type":"pronunciation"},{"start_time":"7.0","end_time":"7.42","alternatives":[{"confidence":"1.0","content":"혐의가"}],"type":"pronunciation"},{"start_time":"7.42","end_time":"7.66","alternatives":[{"confidence":"0.9999","content":"있기"}],"type":"pronunciation"},{"start_time":"7.66","end_time":"8.47","alternatives":[{"confidence":"0.9994","content":"때문에요"}],"type":"pronunciation"},{"start_time":"8.81","end_time":"8.98","alternatives":[{"confidence":"0.8996","content":"저희"}],"type":"pronunciation"},{"start_time":"8.98","end_time":"9.46","alternatives":[{"confidence":"0.97455","content":"검찰로"}],"type":"pronunciation"},{"start_time":"9.46","end_time":"10.0","alternatives":[{"confidence":"1.0","content":"오셔서"}],"type":"pronunciation"},{"start_time":"10.0","end_time":"10.45","alternatives":[{"confidence":"1.0","content":"간단한"}],"type":"pronunciation"},{"start_time":"10.45","end_time":"10.79","alternatives":[{"confidence":"1.0","content":"조사를"}],"type":"pronunciation"},{"start_time":"10.79","end_time":"11.23","alternatives":[{"confidence":"0.9989","content":"받으셔야"}],"type":"pronunciation"},{"start_time":"11.23","end_time":"11.54","alternatives":[{"confidence":"0.9999","content":"하는데"}],"type":"pronunciation"},{"start_time":"11.54","end_time":"11.78","alternatives":[{"confidence":"1.0","content":"혹시"}],"type":"pronunciation"},{"start_time":"11.78","end_time":"12.21","alternatives":[{"confidence":"0.9798","content":"오시는데"}],"type":"pronunciation"},{"start_time":"12.21","end_time":"12.51","alternatives":[{"confidence":"0.732","content":"시간이"}],"type":"pronunciation"},{"start_time":"12.51","end_time":"12.84","alternatives":[{"confidence":"0.9998","content":"얼마나"}],"type":"pronunciation"},{"start_time":"12.84","end_time":"13.51","alternatives":[{"confidence":"0.99995","content":"걸리시죠"}],"type":"pronunciation"},{"start_time":"15.19","end_time":"15.71","alternatives":[{"confidence":"0.4844000000000001","content":"오늘요"}],"type":"pronunciation"},{"start_time":"16.73","end_time":"16.86","alternatives":[{"confidence":"0.0889","content":"네"}],"type":"pronunciation"},{"alternatives":[{"confidence":"0.0","content":","}],"type":"punctuation"},{"start_time":"17.93","end_time":"18.18","alternatives":[{"confidence":"0.9242","content":"제가"}],"type":"pronunciation"},{"start_time":"18.18","end_time":"18.39","alternatives":[{"confidence":"0.9721","content":"지금"}],"type":"pronunciation"},{"start_time":"18.39","end_time":"18.72","alternatives":[{"confidence":"0.9994","content":"일하고"}],"type":"pronunciation"},{"start_time":"18.72","end_time":"18.93","alternatives":[{"confidence":"0.807","content":"있어"}],"type":"pronunciation"},{"start_time":"18.93","end_time":"19.56","alternatives":[{"confidence":"0.9577","content":"가지고"}],"type":"pronunciation"},{"start_time":"21.84","end_time":"22.22","alternatives":[{"confidence":"0.27585","content":"오신다는"}],"type":"pronunciation"},{"start_time":"22.22","end_time":"22.93","alternatives":[{"confidence":"0.99865","content":"말씀이세요"}],"type":"pronunciation"},{"alternatives":[{"confidence":"0.0","content":"?"}],"type":"punctuation"},{"start_time":"24.33","end_time":"24.54","alternatives":[{"confidence":"0.3654","content":"가야"}],"type":"pronunciation"},{"start_time":"24.54","end_time":"24.91","alternatives":[{"confidence":"0.5138","content":"되는데"}],"type":"pronunciation"},{"start_time":"25.68","end_time":"26.67","alternatives":[{"confidence":"0.3743","content":"부산광역시"}],"type":"pronunciation"},{"start_time":"26.67","end_time":"27.12","alternatives":[{"confidence":"0.0992","content":"연제구"}],"type":"pronunciation"},{"start_time":"27.12","end_time":"27.5","alternatives":[{"confidence":"0.08474999999999999","content":"법원도"}],"type":"pronunciation"},{"start_time":"27.57","end_time":"28.18","alternatives":[{"confidence":"0.9867","content":"있습니다"}],"type":"pronunciation"},{"start_time":"29.34","end_time":"29.83","alternatives":[{"confidence":"0.85785","content":"그러네요"}],"type":"pronunciation"},{"start_time":"30.51","end_time":"30.74","alternatives":[{"confidence":"0.9853","content":"네"}],"type":"pronunciation"},{"alternatives":[{"confidence":"0.0","content":","}],"type":"punctuation"},{"start_time":"30.74","end_time":"31.03","alternatives":[{"confidence":"0.9793","content":"네"}],"type":"pronunciation"},{"alternatives":[{"confidence":"0.0","content":","}],"type":"punctuation"},{"start_time":"34.46","end_time":"34.75","alternatives":[{"confidence":"0.4804","content":"제가"}],"type":"pronunciation"},{"start_time":"35.34","end_time":"36.01","alternatives":[{"confidence":"0.7104","content":"하는데"}],"type":"pronunciation"},{"start_time":"37.38","end_time":"38.32","alternatives":[{"confidence":"0.79175","content":"아시는데요"}],"type":"pronunciation"},{"start_time":"38.38","end_time":"38.61","alternatives":[{"confidence":"0.9804","content":"지금"}],"type":"pronunciation"},{"start_time":"38.61","end_time":"39.77","alternatives":[{"confidence":"0.5418999999999999","content":"근무중이십니까"}],"type":"pronunciation"},{"start_time":"43.5","end_time":"44.03","alternatives":[{"confidence":"1.0","content":"알겠습니다"}],"type":"pronunciation"},{"start_time":"44.03","end_time":"44.45","alternatives":[{"confidence":"1.0","content":"그럼"}],"type":"pronunciation"},{"start_time":"44.45","end_time":"44.8","alternatives":[{"confidence":"1.0","content":"일단"}],"type":"pronunciation"},{"start_time":"44.8","end_time":"45.09","alternatives":[{"confidence":"0.9349","content":"사건"}],"type":"pronunciation"},{"start_time":"45.09","end_time":"45.44","alternatives":[{"confidence":"0.9999","content":"조사를"}],"type":"pronunciation"},{"start_time":"45.44","end_time":"45.9","alternatives":[{"confidence":"0.99095","content":"진행해야"}],"type":"pronunciation"},{"start_time":"45.9","end_time":"46.69","alternatives":[{"confidence":"0.9952","content":"되니까"}],"type":"pronunciation"},{"start_time":"46.69","end_time":"46.9","alternatives":[{"confidence":"0.9994","content":"제가"}],"type":"pronunciation"},{"start_time":"46.9","end_time":"47.2","alternatives":[{"confidence":"0.9571","content":"사실"}],"type":"pronunciation"},{"start_time":"47.2","end_time":"47.56","alternatives":[{"confidence":"1.0","content":"여부를"}],"type":"pronunciation"},{"start_time":"47.56","end_time":"48.15","alternatives":[{"confidence":"0.99335","content":"판단하기"}],"type":"pronunciation"},{"start_time":"48.15","end_time":"48.95","alternatives":[{"confidence":"0.7562","content":"위해서"}],"type":"pronunciation"},{"start_time":"49.88","end_time":"50.3","alternatives":[{"confidence":"0.9621","content":"몇"}],"type":"pronunciation"},{"start_time":"50.3","end_time":"50.51","alternatives":[{"confidence":"0.9616","content":"가지"}],"type":"pronunciation"},{"start_time":"50.51","end_time":"51.0","alternatives":[{"confidence":"1.0","content":"기본적인"}],"type":"pronunciation"},{"start_time":"51.0","end_time":"51.37","alternatives":[{"confidence":"1.0","content":"질문을"}],"type":"pronunciation"},{"start_time":"51.37","end_time":"52.15","alternatives":[{"confidence":"0.9977","content":"하겠습니다"}],"type":"pronunciation"},{"start_time":"52.53","end_time":"53.28","alternatives":[{"confidence":"0.75315","content":"부분들은"}],"type":"pronunciation"},{"start_time":"53.28","end_time":"53.72","alternatives":[{"confidence":"1.0","content":"본인이"}],"type":"pronunciation"},{"start_time":"53.72","end_time":"54.02","alternatives":[{"confidence":"0.7495","content":"일차"}],"type":"pronunciation"},{"start_time":"54.02","end_time":"54.66","alternatives":[{"confidence":"0.80315","content":"피해자라는"}],"type":"pronunciation"},{"start_time":"54.66","end_time":"54.86","alternatives":[{"confidence":"0.9994","content":"것을"}],"type":"pronunciation"},{"start_time":"54.86","end_time":"55.31","alternatives":[{"confidence":"1.0","content":"밝히는"}],"type":"pronunciation"},{"start_time":"55.31","end_time":"56.5","alternatives":[{"confidence":"0.9935","content":"질문들이고요"}],"type":"pronunciation"},{"start_time":"56.81","end_time":"57.22","alternatives":[{"confidence":"0.9942","content":"질문에"}],"type":"pronunciation"},{"start_time":"57.22","end_time":"58.25","alternatives":[{"confidence":"0.5713666666666667","content":"전반조사과정은"}],"type":"pronunciation"},{"start_time":"58.25","end_time":"58.53","alternatives":[{"confidence":"0.88635","content":"녹취"}],"type":"pronunciation"},{"start_time":"58.53","end_time":"58.9","alternatives":[{"confidence":"0.9996","content":"상태로"}],"type":"pronunciation"},{"start_time":"58.9","end_time":"59.22","alternatives":[{"confidence":"0.998","content":"진행이"}],"type":"pronunciation"},{"start_time":"59.22","end_time":"59.37","alternatives":[{"confidence":"0.9895","content":"될"}],"type":"pronunciation"},{"start_time":"59.37","end_time":"60.06","alternatives":[{"confidence":"1.0","content":"것입니다"}],"type":"pronunciation"},{"start_time":"60.66","end_time":"60.92","alternatives":[{"confidence":"0.5322","content":"수사"}],"type":"pronunciation"},{"start_time":"60.92","end_time":"61.64","alternatives":[{"confidence":"1.0","content":"과정에서"}],"type":"pronunciation"},{"start_time":"61.64","end_time":"61.98","alternatives":[{"confidence":"1.0","content":"저희가"}],"type":"pronunciation"},{"start_time":"61.98","end_time":"62.68","alternatives":[{"confidence":"0.9677333333333333","content":"강압수사는"}],"type":"pronunciation"},{"start_time":"62.68","end_time":"63.37","alternatives":[{"confidence":"0.6392","content":"있었는지"}],"type":"pronunciation"},{"start_time":"63.37","end_time":"64.0","alternatives":[{"confidence":"0.96385","content":"유도신문을"}],"type":"pronunciation"},{"start_time":"64.0","end_time":"64.59","alternatives":[{"confidence":"0.9996","content":"하는지"}],"type":"pronunciation"},{"start_time":"64.91","end_time":"65.23","alternatives":[{"confidence":"0.9989","content":"그리고"}],"type":"pronunciation"},{"start_time":"65.23","end_time":"66.03","alternatives":[{"confidence":"0.9979","content":"본인께서"}],"type":"pronunciation"},{"start_time":"66.03","end_time":"66.33","alternatives":[{"confidence":"0.7645","content":"허위"}],"type":"pronunciation"},{"start_time":"66.33","end_time":"66.75","alternatives":[{"confidence":"0.9959","content":"진술을"}],"type":"pronunciation"},{"start_time":"66.75","end_time":"67.15","alternatives":[{"confidence":"0.9863","content":"하시는"}],"type":"pronunciation"},{"start_time":"67.15","end_time":"67.73","alternatives":[{"confidence":"0.9992","content":"부분에서는"}],"type":"pronunciation"},{"start_time":"67.73","end_time":"67.96","alternatives":[{"confidence":"0.9959","content":"다른"}],"type":"pronunciation"},{"start_time":"67.96","end_time":"68.5","alternatives":[{"confidence":"1.0","content":"기관에서"}],"type":"pronunciation"},{"start_time":"68.5","end_time":"68.88","alternatives":[{"confidence":"0.9894000000000001","content":"심사가"}],"type":"pronunciation"},{"start_time":"68.88","end_time":"69.26","alternatives":[{"confidence":"0.8572","content":"들어갈"}],"type":"pronunciation"},{"start_time":"69.26","end_time":"69.92","alternatives":[{"confidence":"0.98985","content":"거고요"}],"type":"pronunciation"},{"start_time":"71.0","end_time":"71.75","alternatives":[{"confidence":"0.9917","content":"재판에"}],"type":"pronunciation"},{"start_time":"71.75","end_time":"72.27","alternatives":[{"confidence":"0.9916","content":"증거물로"}],"type":"pronunciation"},{"start_time":"72.27","end_time":"72.73","alternatives":[{"confidence":"0.9923","content":"사용되기"}],"type":"pronunciation"},{"start_time":"72.73","end_time":"73.29","alternatives":[{"confidence":"0.9993","content":"때문에요"}],"type":"pronunciation"},{"start_time":"73.32","end_time":"73.6","alternatives":[{"confidence":"0.949","content":"본인"}],"type":"pronunciation"},{"start_time":"73.6","end_time":"73.92","alternatives":[{"confidence":"0.998","content":"께서는"}],"type":"pronunciation"},{"start_time":"73.92","end_time":"74.42","alternatives":[{"confidence":"0.9983","content":"거짓말을"}],"type":"pronunciation"},{"start_time":"74.42","end_time":"74.99","alternatives":[{"confidence":"1.0","content":"하시거나"}],"type":"pronunciation"},{"start_time":"74.99","end_time":"75.42","alternatives":[{"confidence":"0.8469500000000001","content":"숨기시며"}],"type":"pronunciation"},{"start_time":"75.42","end_time":"75.68","alternatives":[{"confidence":"0.9963","content":"절대"}],"type":"pronunciation"},{"start_time":"75.68","end_time":"75.79","alternatives":[{"confidence":"0.9458","content":"안"}],"type":"pronunciation"},{"start_time":"75.79","end_time":"76.47","alternatives":[{"confidence":"0.9699","content":"되시고요"}],"type":"pronunciation"},{"start_time":"77.78","end_time":"77.94","alternatives":[{"confidence":"0.9671","content":"네"}],"type":"pronunciation"},{"alternatives":[{"confidence":"0.0","content":","}],"type":"punctuation"},{"start_time":"77.94","end_time":"78.82","alternatives":[{"confidence":"1.0","content":"잠시만요"}],"type":"pronunciation"},{"start_time":"83.16","end_time":"83.34","alternatives":[{"confidence":"0.7426","content":"네"}],"type":"pronunciation"},{"start_time":"83.34","end_time":"84.36","alternatives":[{"confidence":"0.9991","content":"여보세요"}],"type":"pronunciation"},{"alternatives":[{"confidence":"0.0","content":"?"}],"type":"punctuation"},{"start_time":"85.41","end_time":"85.67","alternatives":[{"confidence":"0.9845","content":"저는"}],"type":"pronunciation"},{"start_time":"85.67","end_time":"86.38","alternatives":[{"confidence":"0.9801000000000001","content":"부산고검"}],"type":"pronunciation"},{"start_time":"86.38","end_time":"86.73","alternatives":[{"confidence":"0.9887","content":"형사"}],"type":"pronunciation"},{"start_time":"86.73","end_time":"86.84","alternatives":[{"confidence":"0.9079","content":"일"}],"type":"pronunciation"},{"start_time":"86.84","end_time":"87.01","alternatives":[{"confidence":"0.9068","content":"부"}],"type":"pronunciation"},{"start_time":"87.01","end_time":"87.51","alternatives":[{"confidence":"0.9983666666666666","content":"김나영"}],"type":"pronunciation"},{"start_time":"87.51","end_time":"88.43","alternatives":[{"confidence":"0.9908","content":"수사관입니다"}],"type":"pronunciation"},{"start_time":"89.08","end_time":"89.71","alternatives":[{"confidence":"0.9761","content":"지금"}],"type":"pronunciation"},{"start_time":"89.71","end_time":"90.39","alternatives":[{"confidence":"0.7953","content":"이천십오"}],"type":"pronunciation"},{"start_time":"90.39","end_time":"91.11","alternatives":[{"confidence":"0.5591","content":"형제"}],"type":"pronunciation"},{"start_time":"91.11","end_time":"91.92","alternatives":[{"confidence":"0.528","content":"일삼칠월"}],"type":"pronunciation"},{"start_time":"91.92","end_time":"93.74","alternatives":[{"confidence":"0.6116","content":"팔억금융사건에"}],"type":"pronunciation"},{"start_time":"93.74","end_time":"94.08","alternatives":[{"confidence":"0.9995","content":"대한"}],"type":"pronunciation"},{"start_time":"94.08","end_time":"94.76","alternatives":[{"confidence":"0.95275","content":"일문일답"}],"type":"pronunciation"},{"start_time":"94.76","end_time":"95.76","alternatives":[{"confidence":"0.9281333333333334","content":"조사과정입니다"}],"type":"pronunciation"},{"start_time":"96.09","end_time":"96.51","alternatives":[{"confidence":"0.8586","content":"당사자"}],"type":"pronunciation"},{"start_time":"96.51","end_time":"96.85","alternatives":[{"confidence":"0.6258","content":"본인이"}],"type":"pronunciation"},{"start_time":"97.48","end_time":"98.31","alternatives":[{"confidence":"0.8535","content":"맞으십니까"}],"type":"pronunciation"},{"start_time":"101.09","end_time":"101.46","alternatives":[{"confidence":"0.3943","content":"선생"}],"type":"pronunciation"},{"start_time":"101.46","end_time":"102.35","alternatives":[{"confidence":"0.1992","content":"남성을"}],"type":"pronunciation"},{"start_time":"102.81","end_time":"103.09","alternatives":[{"confidence":"1.0","content":"전혀"}],"type":"pronunciation"},{"start_time":"103.09","end_time":"103.92","alternatives":[{"confidence":"1.0","content":"모르십니까"}],"type":"pronunciation"},{"start_time":"106.08","end_time":"106.71","alternatives":[{"confidence":"0.9995","content":"2015"}],"type":"pronunciation"},{"start_time":"106.71","end_time":"106.98","alternatives":[{"confidence":"1.0","content":"년"}],"type":"pronunciation"},{"start_time":"106.98","end_time":"107.16","alternatives":[{"confidence":"0.7637","content":"6"}],"type":"pronunciation"},{"start_time":"107.16","end_time":"107.3","alternatives":[{"confidence":"0.9998","content":"월"}],"type":"pronunciation"},{"start_time":"107.3","end_time":"107.69","alternatives":[{"confidence":"0.86195","content":"구일에"}],"type":"pronunciation"},{"start_time":"107.69","end_time":"108.63","alternatives":[{"confidence":"0.9999","content":"무산강서구"}],"type":"pronunciation"},{"start_time":"108.63","end_time":"109.13","alternatives":[{"confidence":"0.9976333333333334","content":"명지동"}],"type":"pronunciation"},{"start_time":"109.13","end_time":"109.64","alternatives":[{"confidence":"1.0","content":"지점에서"}],"type":"pronunciation"},{"start_time":"109.64","end_time":"110.15","alternatives":[{"confidence":"0.94475","content":"부산은행"}],"type":"pronunciation"},{"start_time":"110.15","end_time":"110.87","alternatives":[{"confidence":"0.9482333333333334","content":"통장개설한"}],"type":"pronunciation"},{"start_time":"110.87","end_time":"111.25","alternatives":[{"confidence":"0.9839","content":"사실은"}],"type":"pronunciation"},{"start_time":"111.25","end_time":"111.95","alternatives":[{"confidence":"1.0","content":"있습니까"}],"type":"pronunciation"},{"alternatives":[{"confidence":"0.0","content":"?"}],"type":"punctuation"},{"start_time":"112.8","end_time":"113.1","alternatives":[{"confidence":"0.9768","content":"아니요"}],"type":"pronunciation"},{"alternatives":[{"confidence":"0.0","content":","}],"type":"punctuation"},{"start_time":"113.13","end_time":"113.61","alternatives":[{"confidence":"0.6145499999999999","content":"부장간"}],"type":"pronunciation"},{"start_time":"113.61","end_time":"114.04","alternatives":[{"confidence":"1.0","content":"적도"}],"type":"pronunciation"},{"start_time":"114.04","end_time":"114.69","alternatives":[{"confidence":"0.9999","content":"없어요"}],"type":"pronunciation"},{"start_time":"115.75","end_time":"116.33","alternatives":[{"confidence":"0.998","content":"그러시면"}],"type":"pronunciation"},{"start_time":"116.33","end_time":"116.81","alternatives":[{"confidence":"0.997","content":"2015"}],"type":"pronunciation"},{"start_time":"116.81","end_time":"117.0","alternatives":[{"confidence":"0.9998","content":"년"}],"type":"pronunciation"},{"start_time":"117.0","end_time":"117.21","alternatives":[{"confidence":"0.7598","content":"6"}],"type":"pronunciation"},{"start_time":"117.21","end_time":"117.33","alternatives":[{"confidence":"0.9925","content":"월"}],"type":"pronunciation"},{"start_time":"117.33","end_time":"117.68","alternatives":[{"confidence":"0.86265","content":"구일에"}],"type":"pronunciation"},{"start_time":"117.68","end_time":"118.03","alternatives":[{"confidence":"0.9888","content":"어디서"}],"type":"pronunciation"},{"start_time":"118.03","end_time":"118.17","alternatives":[{"confidence":"0.6519","content":"뭐"}],"type":"pronunciation"},{"start_time":"118.17","end_time":"118.38","alternatives":[{"confidence":"0.7265","content":"하고"}],"type":"pronunciation"},{"start_time":"118.38","end_time":"118.88","alternatives":[{"confidence":"0.9747","content":"계셨는지"}],"type":"pronunciation"},{"start_time":"118.88","end_time":"119.93","alternatives":[{"confidence":"0.99725","content":"기억하십니까"}],"type":"pronunciation"},{"alternatives":[{"confidence":"0.0","content":"?"}],"type":"punctuation"},{"start_time":"121.44","end_time":"121.73","alternatives":[{"confidence":"0.2925","content":"이걸"}],"type":"pronunciation"},{"start_time":"123.18","end_time":"124.0","alternatives":[{"confidence":"0.5178","content":"화요일입니다"}],"type":"pronunciation"},{"alternatives":[{"confidence":"0.0","content":"?"}],"type":"punctuation"},{"start_time":"126.35","end_time":"126.57","alternatives":[{"confidence":"0.0547","content":"제가"}],"type":"pronunciation"},{"start_time":"126.57","end_time":"126.86","alternatives":[{"confidence":"0.0547","content":"일하고"}],"type":"pronunciation"},{"start_time":"126.86","end_time":"127.36","alternatives":[{"confidence":"0.99935","content":"있었겠죠"}],"type":"pronunciation"},{"start_time":"129.06","end_time":"129.59","alternatives":[{"confidence":"0.66115","content":"동료들이"}],"type":"pronunciation"},{"start_time":"129.59","end_time":"130.16","alternatives":[{"confidence":"0.96375","content":"증명하실"}],"type":"pronunciation"},{"start_time":"130.16","end_time":"130.27","alternatives":[{"confidence":"1.0","content":"수"}],"type":"pronunciation"},{"start_time":"130.27","end_time":"130.66","alternatives":[{"confidence":"0.9993","content":"있다는"}],"type":"pronunciation"},{"start_time":"130.66","end_time":"131.88","alternatives":[{"confidence":"0.99865","content":"말씀이세요"}],"type":"pronunciation"},{"alternatives":[{"confidence":"0.0","content":"?"}],"type":"punctuation"},{"start_time":"133.64","end_time":"134.05","alternatives":[{"confidence":"0.992","content":"현재"}],"type":"pronunciation"},{"start_time":"134.05","end_time":"134.56","alternatives":[{"confidence":"0.8892666666666665","content":"한진씨"}],"type":"pronunciation"},{"start_time":"134.56","end_time":"135.24","alternatives":[{"confidence":"0.9842","content":"명의로"}],"type":"pronunciation"},{"start_time":"135.24","end_time":"135.77","alternatives":[{"confidence":"0.95365","content":"통장들이"}],"type":"pronunciation"},{"start_time":"135.77","end_time":"136.46","alternatives":[{"confidence":"0.9843333333333333","content":"강성호명의"}],"type":"pronunciation"},{"start_time":"136.46","end_time":"136.68","alternatives":[{"confidence":"0.8448500000000001","content":"도용"}],"type":"pronunciation"},{"start_time":"136.68","end_time":"137.09","alternatives":[{"confidence":"0.523","content":"사건의"}],"type":"pronunciation"},{"start_time":"137.09","end_time":"137.66","alternatives":[{"confidence":"0.99905","content":"불법적으로"}],"type":"pronunciation"},{"start_time":"137.66","end_time":"138.09","alternatives":[{"confidence":"0.9996","content":"사용하고"}],"type":"pronunciation"},{"start_time":"138.09","end_time":"138.41","alternatives":[{"confidence":"0.9996","content":"있다는"}],"type":"pronunciation"},{"start_time":"138.41","end_time":"138.68","alternatives":[{"confidence":"0.9972","content":"것을"}],"type":"pronunciation"},{"start_time":"138.68","end_time":"138.91","alternatives":[{"confidence":"0.9986","content":"제가"}],"type":"pronunciation"},{"start_time":"138.91","end_time":"139.28","alternatives":[{"confidence":"1.0","content":"말하기"}],"type":"pronunciation"},{"start_time":"139.28","end_time":"139.55","alternatives":[{"confidence":"0.4018","content":"전엔"}],"type":"pronunciation"},{"start_time":"139.55","end_time":"139.8","alternatives":[{"confidence":"0.9927","content":"알고"}],"type":"pronunciation"},{"start_time":"139.8","end_time":"140.61","alternatives":[{"confidence":"1.0","content":"계셨습니까"}],"type":"pronunciation"},{"alternatives":[{"confidence":"0.0","content":"?"}],"type":"punctuation"},{"start_time":"143.88","end_time":"144.19","alternatives":[{"confidence":"0.9735","content":"현재"}],"type":"pronunciation"},{"start_time":"144.19","end_time":"144.73","alternatives":[{"confidence":"0.9945999999999999","content":"본인께서"}],"type":"pronunciation"},{"start_time":"144.73","end_time":"145.25","alternatives":[{"confidence":"0.9681500000000001","content":"부산은행"}],"type":"pronunciation"},{"start_time":"145.25","end_time":"145.97","alternatives":[{"confidence":"0.9999","content":"통장전혀"}],"type":"pronunciation"},{"start_time":"145.97","end_time":"146.4","alternatives":[{"confidence":"0.9999","content":"사용하지"}],"type":"pronunciation"},{"start_time":"146.4","end_time":"146.75","alternatives":[{"confidence":"0.9991","content":"않는다고"}],"type":"pronunciation"},{"start_time":"146.75","end_time":"147.99","alternatives":[{"confidence":"0.9865999999999999","content":"말씀하셨죠"}],"type":"pronunciation"},{"start_time":"149.29","end_time":"149.81","alternatives":[{"confidence":"0.99525","content":"본인께서"}],"type":"pronunciation"},{"start_time":"149.81","end_time":"150.42","alternatives":[{"confidence":"1.0","content":"합법적으로"}],"type":"pronunciation"},{"start_time":"150.42","end_time":"150.6","alternatives":[{"confidence":"0.6239","content":"그래"}],"type":"pronunciation"},{"start_time":"150.6","end_time":"150.96","alternatives":[{"confidence":"0.9179","content":"하셨던"}],"type":"pronunciation"},{"start_time":"150.96","end_time":"151.21","alternatives":[{"confidence":"0.6792","content":"그냥"}],"type":"pronunciation"},{"start_time":"151.27","end_time":"152.14","alternatives":[{"confidence":"0.7446000000000002","content":"은행이니까"}],"type":"pronunciation"},{"start_time":"155.39","end_time":"155.82","alternatives":[{"confidence":"0.8625499999999999","content":"대구은행"}],"type":"pronunciation"},{"start_time":"155.82","end_time":"156.16","alternatives":[{"confidence":"0.8559","content":"하나만"}],"type":"pronunciation"},{"start_time":"156.16","end_time":"157.0","alternatives":[{"confidence":"0.64765","content":"그러하십니까"}],"type":"pronunciation"},{"start_time":"158.18","end_time":"159.19","alternatives":[{"confidence":"0.3249","content":"국민은행있어요"}],"type":"pronunciation"},{"start_time":"160.38","end_time":"160.72","alternatives":[{"confidence":"0.9975","content":"그러니까"}],"type":"pronunciation"},{"start_time":"160.72","end_time":"161.14","alternatives":[{"confidence":"0.7579","content":"본인"}],"type":"pronunciation"},{"start_time":"161.14","end_time":"161.5","alternatives":[{"confidence":"0.9811","content":"명의로"}],"type":"pronunciation"},{"start_time":"161.5","end_time":"161.69","alternatives":[{"confidence":"0.2891","content":"된"}],"type":"pronunciation"},{"start_time":"161.69","end_time":"162.54","alternatives":[{"confidence":"1.0","content":"합법적으로"}],"type":"pronunciation"},{"start_time":"164.94","end_time":"165.36","alternatives":[{"confidence":"0.4544","content":"국민"}],"type":"pronunciation"},{"start_time":"165.39","end_time":"165.6","alternatives":[{"confidence":"0.6128","content":"은행"}],"type":"pronunciation"},{"start_time":"165.6","end_time":"166.11","alternatives":[{"confidence":"0.7772","content":"대구은행"}],"type":"pronunciation"},{"start_time":"166.11","end_time":"166.44","alternatives":[{"confidence":"0.17304999999999998","content":"두개란"}],"type":"pronunciation"},{"start_time":"166.44","end_time":"166.75","alternatives":[{"confidence":"0.5672","content":"말씀"}],"type":"pronunciation"},{"start_time":"166.85","end_time":"167.49","alternatives":[{"confidence":"0.9703","content":"주시죠"}],"type":"pronunciation"},{"start_time":"174.33","end_time":"174.46","alternatives":[{"confidence":"0.8031","content":"이"}],"type":"pronunciation"},{"start_time":"174.46","end_time":"174.63","alternatives":[{"confidence":"0.8823","content":"세"}],"type":"pronunciation"},{"start_time":"174.63","end_time":"175.16","alternatives":[{"confidence":"0.9768","content":"개만"}],"type":"pronunciation"},{"start_time":"175.48","end_time":"175.97","alternatives":[{"confidence":"0.585","content":"거래하신다"}],"type":"pronunciation"},{"start_time":"175.97","end_time":"176.28","alternatives":[{"confidence":"0.7736","content":"말씀"}],"type":"pronunciation"},{"start_time":"176.28","end_time":"177.45","alternatives":[{"confidence":"0.9711","content":"하시죠"}],"type":"pronunciation"},{"start_time":"179.67","end_time":"180.21","alternatives":[{"confidence":"1.0","content":"만약에"}],"type":"pronunciation"},{"start_time":"180.21","end_time":"180.51","alternatives":[{"confidence":"1.0","content":"저희가"}],"type":"pronunciation"},{"start_time":"180.51","end_time":"180.88","alternatives":[{"confidence":"0.9987","content":"조사를"}],"type":"pronunciation"},{"start_time":"180.88","end_time":"181.15","alternatives":[{"confidence":"0.9475","content":"했을"}],"type":"pronunciation"},{"start_time":"181.15","end_time":"181.35","alternatives":[{"confidence":"0.9412","content":"때"}],"type":"pronunciation"},{"start_time":"181.35","end_time":"181.75","alternatives":[{"confidence":"1.0","content":"본인이"}],"type":"pronunciation"},{"start_time":"181.75","end_time":"182.54","alternatives":[{"confidence":"0.4546333333333334","content":"진술하지만은"}],"type":"pronunciation"},{"start_time":"183.42","end_time":"183.79","alternatives":[{"confidence":"0.74985","content":"개사가"}],"type":"pronunciation"},{"start_time":"183.79","end_time":"184.19","alternatives":[{"confidence":"1.0","content":"나왔을"}],"type":"pronunciation"},{"start_time":"184.19","end_time":"184.38","alternatives":[{"confidence":"0.9861","content":"경우"}],"type":"pronunciation"},{"start_time":"184.38","end_time":"184.89","alternatives":[{"confidence":"0.9937","content":"모두"}],"type":"pronunciation"},{"start_time":"184.89","end_time":"185.23","alternatives":[{"confidence":"0.3469","content":"불법"}],"type":"pronunciation"},{"start_time":"185.23","end_time":"185.46","alternatives":[{"confidence":"0.7205","content":"자들이"}],"type":"pronunciation"},{"start_time":"185.46","end_time":"185.84","alternatives":[{"confidence":"0.9734499999999999","content":"개설을"}],"type":"pronunciation"},{"start_time":"185.84","end_time":"186.49","alternatives":[{"confidence":"0.9926","content":"해서"}],"type":"pronunciation"},{"start_time":"186.7","end_time":"187.08","alternatives":[{"confidence":"0.9804","content":"이용한"}],"type":"pronunciation"},{"start_time":"187.08","end_time":"187.28","alternatives":[{"confidence":"0.997","content":"것으로"}],"type":"pronunciation"},{"start_time":"187.28","end_time":"187.61","alternatives":[{"confidence":"0.9857","content":"간주가"}],"type":"pronunciation"},{"start_time":"187.61","end_time":"187.8","alternatives":[{"confidence":"0.9746","content":"되기"}],"type":"pronunciation"},{"start_time":"187.8","end_time":"188.3","alternatives":[{"confidence":"0.8475","content":"때문에요"}],"type":"pronunciation"},{"start_time":"188.33","end_time":"188.57","alternatives":[{"confidence":"0.9983","content":"모두"}],"type":"pronunciation"},{"start_time":"188.57","end_time":"189.16","alternatives":[{"confidence":"0.99865","content":"동결처리해"}],"type":"pronunciation"},{"start_time":"189.16","end_time":"189.39","alternatives":[{"confidence":"0.9948","content":"드릴"}],"type":"pronunciation"},{"start_time":"189.39","end_time":"190.06","alternatives":[{"confidence":"1.0","content":"것입니다"}],"type":"pronunciation"},{"start_time":"190.33","end_time":"191.46","alternatives":[{"confidence":"0.9978","content":"동의하시죠"}],"type":"pronunciation"},{"start_time":"193.23","end_time":"193.99","alternatives":[{"confidence":"1.0","content":"만약에"}],"type":"pronunciation"},{"start_time":"193.99","end_time":"194.87","alternatives":[{"confidence":"0.9963","content":"본인께서"}],"type":"pronunciation"},{"start_time":"194.87","end_time":"195.46","alternatives":[{"confidence":"1.0","content":"진술하지"}],"type":"pronunciation"},{"start_time":"195.46","end_time":"195.96","alternatives":[{"confidence":"0.7489","content":"않은"}],"type":"pronunciation"},{"start_time":"195.96","end_time":"196.6","alternatives":[{"confidence":"0.875","content":"은행계좌가"}],"type":"pronunciation"},{"start_time":"196.6","end_time":"197.04","alternatives":[{"confidence":"0.9988","content":"나왔을"}],"type":"pronunciation"},{"start_time":"197.04","end_time":"197.82","alternatives":[{"confidence":"0.9968","content":"경우"}],"type":"pronunciation"},{"start_time":"198.09","end_time":"198.31","alternatives":[{"confidence":"0.9216","content":"모두"}],"type":"pronunciation"},{"start_time":"198.31","end_time":"198.67","alternatives":[{"confidence":"0.5146","content":"불법"}],"type":"pronunciation"},{"start_time":"198.67","end_time":"198.97","alternatives":[{"confidence":"0.9981","content":"자들이"}],"type":"pronunciation"},{"start_time":"198.97","end_time":"199.35","alternatives":[{"confidence":"0.9283","content":"개설을"}],"type":"pronunciation"},{"start_time":"199.35","end_time":"199.83","alternatives":[{"confidence":"0.9967","content":"해서"}],"type":"pronunciation"},{"start_time":"199.83","end_time":"200.18","alternatives":[{"confidence":"0.9265","content":"이용한"}],"type":"pronunciation"},{"start_time":"200.18","end_time":"200.36","alternatives":[{"confidence":"0.7904","content":"걸로"}],"type":"pronunciation"},{"start_time":"200.36","end_time":"200.75","alternatives":[{"confidence":"0.98655","content":"간주가"}],"type":"pronunciation"},{"start_time":"200.75","end_time":"201.0","alternatives":[{"confidence":"0.9725","content":"되기"}],"type":"pronunciation"},{"start_time":"201.0","end_time":"201.78","alternatives":[{"confidence":"0.9912","content":"때문에요"}],"type":"pronunciation"},{"start_time":"202.15","end_time":"202.42","alternatives":[{"confidence":"0.9976","content":"모두"}],"type":"pronunciation"},{"start_time":"202.42","end_time":"203.06","alternatives":[{"confidence":"0.98315","content":"동결처리해"}],"type":"pronunciation"},{"start_time":"203.06","end_time":"203.29","alternatives":[{"confidence":"0.9957","content":"드릴"}],"type":"pronunciation"},{"start_time":"203.29","end_time":"203.99","alternatives":[{"confidence":"1.0","content":"것입니다"}],"type":"pronunciation"},{"start_time":"207.33","end_time":"208.24","alternatives":[{"confidence":"0.8659","content":"농협도"}],"type":"pronunciation"},{"start_time":"208.24","end_time":"208.83","alternatives":[{"confidence":"0.98725","content":"있으시고"}],"type":"pronunciation"},{"start_time":"209.36","end_time":"209.5","alternatives":[{"confidence":"0.5513","content":"더"}],"type":"pronunciation"},{"start_time":"209.5","end_time":"210.53","alternatives":[{"confidence":"1.0","content":"없으시죠"}],"type":"pronunciation"},{"start_time":"210.95","end_time":"211.54","alternatives":[{"confidence":"0.6970000000000001","content":"본인제"}],"type":"pronunciation"},{"start_time":"211.54","end_time":"211.94","alternatives":[{"confidence":"0.4102","content":"삼"}],"type":"pronunciation"},{"start_time":"212.46","end_time":"212.99","alternatives":[{"confidence":"0.64855","content":"재산보고"}],"type":"pronunciation"},{"start_time":"212.99","end_time":"213.47","alternatives":[{"confidence":"0.9113","content":"신청서에"}],"type":"pronunciation"},{"start_time":"213.47","end_time":"214.48","alternatives":[{"confidence":"0.742","content":"신청등록해"}],"type":"pronunciation"},{"start_time":"214.48","end_time":"214.75","alternatives":[{"confidence":"0.8684","content":"드려야"}],"type":"pronunciation"},{"start_time":"214.75","end_time":"215.46","alternatives":[{"confidence":"0.8968","content":"되거든요"}],"type":"pronunciation"},{"start_time":"216.75","end_time":"217.12","alternatives":[{"confidence":"0.9987","content":"그러니까"}],"type":"pronunciation"},{"start_time":"217.12","end_time":"217.79","alternatives":[{"confidence":"1.0","content":"대부분의"}],"type":"pronunciation"},{"start_time":"217.79","end_time":"218.19","alternatives":[{"confidence":"0.1826","content":"국민"}],"type":"pronunciation"},{"start_time":"219.52","end_time":"220.23","alternatives":[{"confidence":"0.3379","content":"농협"}],"type":"pronunciation"},{"start_time":"220.92","end_time":"221.38","alternatives":[{"confidence":"0.5043","content":"화재"}],"type":"pronunciation"},{"start_time":"227.3","end_time":"227.73","alternatives":[{"confidence":"0.5597","content":"증권"}],"type":"pronunciation"},{"start_time":"227.73","end_time":"228.71","alternatives":[{"confidence":"0.9996","content":"이세요"}],"type":"pronunciation"},{"start_time":"230.09","end_time":"230.76","alternatives":[{"confidence":"0.9998","content":"알겠습니다"}],"type":"pronunciation"},{"start_time":"231.26","end_time":"231.79","alternatives":[{"confidence":"0.9428000000000001","content":"그러시면"}],"type":"pronunciation"},{"start_time":"231.82","end_time":"232.36","alternatives":[{"confidence":"0.6647","content":"네"}],"type":"pronunciation"},{"start_time":"232.36","end_time":"233.02","alternatives":[{"confidence":"0.8011","content":"개"}],"type":"pronunciation"},{"start_time":"233.09","end_time":"233.29","alternatives":[{"confidence":"0.5596","content":"그래"}],"type":"pronunciation"},{"start_time":"233.29","end_time":"233.74","alternatives":[{"confidence":"0.9992000000000001","content":"하신다고"}],"type":"pronunciation"},{"start_time":"233.74","end_time":"234.15","alternatives":[{"confidence":"0.71375","content":"하시는데요"}],"type":"pronunciation"},{"start_time":"234.15","end_time":"234.68","alternatives":[{"confidence":"1.0","content":"마지막으로"}],"type":"pronunciation"},{"start_time":"234.68","end_time":"234.86","alternatives":[{"confidence":"0.6653","content":"그래"}],"type":"pronunciation"},{"start_time":"234.86","end_time":"235.09","alternatives":[{"confidence":"0.7435","content":"하신"}],"type":"pronunciation"},{"start_time":"235.09","end_time":"235.48","alternatives":[{"confidence":"0.907","content":"날짜는"}],"type":"pronunciation"},{"start_time":"235.48","end_time":"236.31","alternatives":[{"confidence":"0.9360999999999999","content":"기억하십니까"}],"type":"pronunciation"},{"alternatives":[{"confidence":"0.0","content":"?"}],"type":"punctuation"},{"start_time":"240.06","end_time":"240.7","alternatives":[{"confidence":"0.60235","content":"운행이면"}],"type":"pronunciation"},{"start_time":"241.14","end_time":"242.08","alternatives":[{"confidence":"0.9828","content":"항상"}],"type":"pronunciation"},{"start_time":"243.61","end_time":"243.88","alternatives":[{"confidence":"0.8806","content":"그렇죠"}],"type":"pronunciation"},{"start_time":"249.64","end_time":"250.26","alternatives":[{"confidence":"0.9594","content":"하셨다면"}],"type":"pronunciation"},{"start_time":"251.05","end_time":"251.69","alternatives":[{"confidence":"0.85615","content":"어제까지도"}],"type":"pronunciation"},{"start_time":"251.69","end_time":"252.48","alternatives":[{"confidence":"0.9385","content":"사용하셨다고요"}],"type":"pronunciation"},{"start_time":"252.85","end_time":"253.1","alternatives":[{"confidence":"0.0481","content":"그럼"}],"type":"pronunciation"},{"start_time":"253.1","end_time":"253.45","alternatives":[{"confidence":"0.0879","content":"이"}],"type":"pronunciation"},{"start_time":"253.57","end_time":"253.83","alternatives":[{"confidence":"0.4628","content":"은행"}],"type":"pronunciation"},{"start_time":"253.83","end_time":"254.0","alternatives":[{"confidence":"0.7467","content":"대로"}],"type":"pronunciation"},{"start_time":"254.0","end_time":"254.18","alternatives":[{"confidence":"0.5306","content":"그래"}],"type":"pronunciation"},{"start_time":"254.18","end_time":"254.83","alternatives":[{"confidence":"0.9966","content":"하시면서"}],"type":"pronunciation"},{"start_time":"254.83","end_time":"255.19","alternatives":[{"confidence":"0.5858","content":"인터넷"}],"type":"pronunciation"},{"start_time":"255.45","end_time":"256.59","alternatives":[{"confidence":"0.2627","content":"모바일을"}],"type":"pronunciation"},{"start_time":"256.59","end_time":"257.38","alternatives":[{"confidence":"0.9452499999999999","content":"사용하십니까"}],"type":"pronunciation"},{"start_time":"259.32","end_time":"259.58","alternatives":[{"confidence":"0.0096","content":"하고"}],"type":"pronunciation"},{"start_time":"260.79","end_time":"261.35","alternatives":[{"confidence":"0.0431","content":"있어요"}],"type":"pronunciation"},{"start_time":"263.93","end_time":"264.9","alternatives":[{"confidence":"0.9949","content":"알겠습니다"}],"type":"pronunciation"},{"start_time":"265.55","end_time":"266.05","alternatives":[{"confidence":"0.99265","content":"그러시면"}],"type":"pronunciation"},{"start_time":"266.05","end_time":"266.47","alternatives":[{"confidence":"0.6541","content":"마지막"}],"type":"pronunciation"},{"start_time":"266.63","end_time":"267.42","alternatives":[{"confidence":"0.47295000000000004","content":"날짜까지"}],"type":"pronunciation"},{"start_time":"267.42","end_time":"267.78","alternatives":[{"confidence":"0.6751","content":"이라고"}],"type":"pronunciation"},{"start_time":"267.78","end_time":"268.79","alternatives":[{"confidence":"1.0","content":"하셨는데"}],"type":"pronunciation"},{"start_time":"269.27","end_time":"269.71","alternatives":[{"confidence":"0.9124","content":"잔액이"}],"type":"pronunciation"},{"start_time":"269.71","end_time":"270.16","alternatives":[{"confidence":"0.99745","content":"들어오거나"}],"type":"pronunciation"},{"start_time":"270.16","end_time":"270.58","alternatives":[{"confidence":"0.9999","content":"빠지거나"}],"type":"pronunciation"},{"start_time":"270.58","end_time":"270.8","alternatives":[{"confidence":"1.0","content":"전혀"}],"type":"pronunciation"},{"start_time":"270.8","end_time":"271.63","alternatives":[{"confidence":"0.92815","content":"없었고요"}],"type":"pronunciation"},{"start_time":"274.31","end_time":"274.65","alternatives":[{"confidence":"0.0043","content":"대북"}],"type":"pronunciation"},{"start_time":"274.68","end_time":"274.97","alternatives":[{"confidence":"0.004","content":"은행은"}],"type":"pronunciation"},{"start_time":"274.97","end_time":"275.4","alternatives":[{"confidence":"0.9476","content":"통장몇"}],"type":"pronunciation"},{"start_time":"275.4","end_time":"275.49","alternatives":[{"confidence":"0.8358","content":"개"}],"type":"pronunciation"},{"start_time":"275.49","end_time":"276.43","alternatives":[{"confidence":"0.8432333333333334","content":"계절하셨습니까"}],"type":"pronunciation"},{"start_time":"277.8","end_time":"278.2","alternatives":[{"confidence":"0.981","content":"하나"}],"type":"pronunciation"},{"start_time":"278.2","end_time":"278.7","alternatives":[{"confidence":"0.9995","content":"있습니다"}],"type":"pronunciation"},{"start_time":"279.88","end_time":"280.41","alternatives":[{"confidence":"0.9949","content":"대략적으로"}],"type":"pronunciation"},{"start_time":"280.41","end_time":"280.89","alternatives":[{"confidence":"0.85615","content":"얘기해주시면"}],"type":"pronunciation"},{"start_time":"280.89","end_time":"281.05","alternatives":[{"confidence":"0.9989","content":"될"}],"type":"pronunciation"},{"start_time":"281.05","end_time":"281.68","alternatives":[{"confidence":"0.9926","content":"것이니까"}],"type":"pronunciation"},{"start_time":"281.71","end_time":"282.58","alternatives":[{"confidence":"0.9787","content":"국민은행은요"}],"type":"pronunciation"},{"start_time":"285.5","end_time":"286.23","alternatives":[{"confidence":"0.8713","content":"농협은요"}],"type":"pronunciation"},{"start_time":"287.6","end_time":"287.87","alternatives":[{"confidence":"0.9352","content":"근데"}],"type":"pronunciation"},{"start_time":"287.87","end_time":"288.14","alternatives":[{"confidence":"0.9063","content":"하나"}],"type":"pronunciation"},{"start_time":"288.14","end_time":"288.56","alternatives":[{"confidence":"0.9961","content":"있는데"}],"type":"pronunciation"},{"start_time":"288.65","end_time":"288.91","alternatives":[{"confidence":"0.939","content":"오늘"}],"type":"pronunciation"},{"start_time":"288.91","end_time":"289.18","alternatives":[{"confidence":"0.8747","content":"사용"}],"type":"pronunciation"},{"start_time":"289.18","end_time":"289.27","alternatives":[{"confidence":"0.784","content":"안"}],"type":"pronunciation"},{"start_time":"289.27","end_time":"289.73","alternatives":[{"confidence":"0.5725","content":"했지만"}],"type":"pronunciation"},{"start_time":"289.79","end_time":"290.49","alternatives":[{"confidence":"0.9044000000000001","content":"오래됐어요"}],"type":"pronunciation"},{"start_time":"292.06","end_time":"292.62","alternatives":[{"confidence":"0.9997","content":"사용하지"}],"type":"pronunciation"},{"start_time":"292.62","end_time":"292.87","alternatives":[{"confidence":"0.3979","content":"않은"}],"type":"pronunciation"},{"start_time":"292.87","end_time":"292.97","alternatives":[{"confidence":"0.7099","content":"지"}],"type":"pronunciation"},{"start_time":"292.97","end_time":"293.79","alternatives":[{"confidence":"0.9626333333333333","content":"오래됐다고요"}],"type":"pronunciation"},{"start_time":"293.94","end_time":"294.22","alternatives":[{"confidence":"0.7506","content":"그럼"}],"type":"pronunciation"},{"start_time":"294.22","end_time":"294.62","alternatives":[{"confidence":"0.5853","content":"정권"}],"type":"pronunciation"},{"start_time":"294.62","end_time":"295.01","alternatives":[{"confidence":"0.9827","content":"은요"}],"type":"pronunciation"},{"start_time":"298.1","end_time":"298.98","alternatives":[{"confidence":"0.4074","content":"2관계가"}],"type":"pronunciation"},{"start_time":"298.98","end_time":"299.19","alternatives":[{"confidence":"0.9347","content":"하나"}],"type":"pronunciation"},{"start_time":"299.19","end_time":"299.48","alternatives":[{"confidence":"0.9958","content":"있고"}],"type":"pronunciation"},{"start_time":"299.48","end_time":"299.68","alternatives":[{"confidence":"0.6287","content":"이제"}],"type":"pronunciation"},{"start_time":"301.69","end_time":"302.12","alternatives":[{"confidence":"0.9328","content":"그러니까"}],"type":"pronunciation"},{"start_time":"302.56","end_time":"303.42","alternatives":[{"confidence":"0.7228","content":"입증음식도"}],"type":"pronunciation"},{"start_time":"303.42","end_time":"303.54","alternatives":[{"confidence":"0.7502","content":"안"}],"type":"pronunciation"},{"start_time":"303.54","end_time":"303.96","alternatives":[{"confidence":"0.9842","content":"했고요"}],"type":"pronunciation"},{"start_time":"304.25","end_time":"304.39","alternatives":[{"confidence":"0.9433","content":"두"}],"type":"pronunciation"},{"start_time":"304.39","end_time":"304.5","alternatives":[{"confidence":"0.8646","content":"개"}],"type":"pronunciation"},{"start_time":"304.5","end_time":"304.88","alternatives":[{"confidence":"0.8509","content":"있어요"}],"type":"pronunciation"},{"alternatives":[{"confidence":"0.0","content":"?"}],"type":"punctuation"},{"start_time":"305.47","end_time":"305.62","alternatives":[{"confidence":"0.8205","content":"두"}],"type":"pronunciation"},{"start_time":"305.62","end_time":"305.76","alternatives":[{"confidence":"0.805","content":"개"}],"type":"pronunciation"},{"start_time":"305.76","end_time":"306.47","alternatives":[{"confidence":"0.9952","content":"있어요"}],"type":"pronunciation"},{"start_time":"311.97","end_time":"312.55","alternatives":[{"confidence":"1.0","content":"알겠습니다"}],"type":"pronunciation"},{"start_time":"312.55","end_time":"312.87","alternatives":[{"confidence":"0.9718","content":"그러면"}],"type":"pronunciation"},{"start_time":"312.87","end_time":"313.16","alternatives":[{"confidence":"0.869","content":"일반"}],"type":"pronunciation"},{"start_time":"313.16","end_time":"313.31","alternatives":[{"confidence":"0.745","content":"다"}],"type":"pronunciation"},{"start_time":"313.31","end_time":"313.59","alternatives":[{"confidence":"0.8396","content":"일반"}],"type":"pronunciation"},{"start_time":"313.59","end_time":"314.14","alternatives":[{"confidence":"0.5487","content":"통장이라는"}],"type":"pronunciation"},{"start_time":"314.14","end_time":"315.12","alternatives":[{"confidence":"0.6099666666666667","content":"말씀받으시죠"}],"type":"pronunciation"},{"start_time":"315.36","end_time":"315.82","alternatives":[{"confidence":"0.81705","content":"대구은행"}],"type":"pronunciation"},{"start_time":"315.82","end_time":"316.66","alternatives":[{"confidence":"0.11565","content":"국민은행요"}],"type":"pronunciation"},{"start_time":"320.02","end_time":"320.35","alternatives":[{"confidence":"0.333","content":"개인"}],"type":"pronunciation"},{"start_time":"320.35","end_time":"321.39","alternatives":[{"confidence":"0.7476499999999999","content":"변화말고"}],"type":"pronunciation"},{"start_time":"322.61","end_time":"323.07","alternatives":[{"confidence":"0.5914","content":"저기"}],"type":"pronunciation"},{"start_time":"323.77","end_time":"324.4","alternatives":[{"confidence":"0.7767","content":"경찰서"}],"type":"pronunciation"},{"start_time":"324.4","end_time":"324.81","alternatives":[{"confidence":"0.9868","content":"내부에"}],"type":"pronunciation"},{"start_time":"324.81","end_time":"325.1","alternatives":[{"confidence":"0.9991","content":"있는"}],"type":"pronunciation"},{"start_time":"325.1","end_time":"325.26","alternatives":[{"confidence":"0.9913","content":"그"}],"type":"pronunciation"},{"start_time":"325.26","end_time":"325.66","alternatives":[{"confidence":"0.9791000000000001","content":"산하로"}],"type":"pronunciation"},{"start_time":"325.66","end_time":"326.08","alternatives":[{"confidence":"0.63","content":"전화질"}],"type":"pronunciation"},{"start_time":"326.08","end_time":"326.27","alternatives":[{"confidence":"0.9736","content":"수도"}],"type":"pronunciation"},{"start_time":"326.27","end_time":"326.79","alternatives":[{"confidence":"0.5663","content":"있는데요"}],"type":"pronunciation"},{"start_time":"328.49","end_time":"328.81","alternatives":[{"confidence":"0.9269","content":"지금"}],"type":"pronunciation"},{"start_time":"329.47","end_time":"330.06","alternatives":[{"confidence":"0.9149","content":"있습니다"}],"type":"pronunciation"},{"start_time":"330.23","end_time":"330.59","alternatives":[{"confidence":"0.9971","content":"그런데"}],"type":"pronunciation"},{"start_time":"332.36","end_time":"333.99","alternatives":[{"confidence":"0.9998","content":"알겠습니다"}],"type":"pronunciation"},{"start_time":"334.41","end_time":"334.81","alternatives":[{"confidence":"0.9391","content":"그러시면"}],"type":"pronunciation"},{"start_time":"334.81","end_time":"334.99","alternatives":[{"confidence":"0.9955","content":"제가"}],"type":"pronunciation"},{"start_time":"334.99","end_time":"335.21","alternatives":[{"confidence":"0.9976","content":"다시"}],"type":"pronunciation"},{"start_time":"335.21","end_time":"336.16","alternatives":[{"confidence":"0.6826","content":"연락드리겠습니다"}],"type":"pronunciation"}]},"status":"COMPLETED"}