{"jobName":"transcribes185","accountId":"097989105209","results":{"transcripts":[{"transcript":"수 고맙습니다. 여기는 서울중앙지검 수사일. 팀에 구 일 만 수사관인데요 다름이 아니라 본인앞으로 전자금융거래법 위반 때문에 몇 가지 확인차 연락드렸는데 잠시 통화가능하신가요. 네. 얼마 전에 저희 지금 에서 김광호 를 죽음으로 된 금융사기집단을. 공부했는데 네, 그 명의로 개설된 국민 은행, 농협은행 이제 각각 2 계좌가 한 달 발견됐는데 현재 검거된 범죄자김광호 진술로는 압수한 통장들은 명이 자들이 직접 판매하였다는 진술이 나온 상황인데 서울 출신삼십칠 셰김광호씨를 아시죠? 저는 모르는 사이 이에요. 이 통장을 번에서 직접 판매하신 적이 있나요? 전혀 없다는 말씀이시고. 저희가 각 은행의 확인해 볼 본 결과 팔십칠년 십일월 이십칠일 경에 서울 서초지점에서 새로 개설된 계좌임을 확인했고, 본인께서 개설하신 게 맞으신가요 아니라 하셨는데 그렇다면 혹시 최근 삼 년 이내에 본인의 신분증이나 개인 정보가 뭐 여보세요? 네, 잘 들리십니까? 네. 물건을 분실한 적은 있나요? 그렇다면 본인이 개인 정보가 유출여단은 뭐 문자나 내일 같은 것 받아보신 적은 있으신가요? 현재 본인과 같이 판매한 적도 없고 개설한 적도 없다고 진술한 분들이 있고 판매한 전자금융거래법 위반자들이 있는데 본인께서 주장하시는 대로라면 본인도 하면 이제 한명도 명 당 한 명의 도용 피해자라는 말인데 이 말을 맞으세요 그러세요."}],"items":[{"start_time":"5.28","end_time":"5.4","alternatives":[{"confidence":"0.3913","content":"수"}],"type":"pronunciation"},{"start_time":"5.4","end_time":"6.05","alternatives":[{"confidence":"0.9949","content":"고맙습니다"}],"type":"pronunciation"},{"alternatives":[{"confidence":"0.0","content":"."}],"type":"punctuation"},{"start_time":"6.26","end_time":"6.64","alternatives":[{"confidence":"1.0","content":"여기는"}],"type":"pronunciation"},{"start_time":"6.64","end_time":"7.75","alternatives":[{"confidence":"0.99095","content":"서울중앙지검"}],"type":"pronunciation"},{"start_time":"7.75","end_time":"8.11","alternatives":[{"confidence":"0.8399","content":"수사일"}],"type":"pronunciation"},{"alternatives":[{"confidence":"0.0","content":"."}],"type":"punctuation"},{"start_time":"8.11","end_time":"8.34","alternatives":[{"confidence":"0.8701","content":"팀에"}],"type":"pronunciation"},{"start_time":"8.34","end_time":"8.48","alternatives":[{"confidence":"0.3062","content":"구"}],"type":"pronunciation"},{"start_time":"8.48","end_time":"8.58","alternatives":[{"confidence":"0.3688","content":"일"}],"type":"pronunciation"},{"start_time":"8.58","end_time":"8.74","alternatives":[{"confidence":"0.4387","content":"만"}],"type":"pronunciation"},{"start_time":"8.74","end_time":"10.07","alternatives":[{"confidence":"1.0","content":"수사관인데요"}],"type":"pronunciation"},{"start_time":"11.08","end_time":"11.43","alternatives":[{"confidence":"0.9999","content":"다름이"}],"type":"pronunciation"},{"start_time":"11.43","end_time":"11.69","alternatives":[{"confidence":"0.9914","content":"아니라"}],"type":"pronunciation"},{"start_time":"11.69","end_time":"12.45","alternatives":[{"confidence":"0.7543","content":"본인앞으로"}],"type":"pronunciation"},{"start_time":"12.45","end_time":"13.49","alternatives":[{"confidence":"0.9898","content":"전자금융거래법"}],"type":"pronunciation"},{"start_time":"13.49","end_time":"13.74","alternatives":[{"confidence":"0.8739","content":"위반"}],"type":"pronunciation"},{"start_time":"13.74","end_time":"14.24","alternatives":[{"confidence":"0.9913","content":"때문에"}],"type":"pronunciation"},{"start_time":"14.27","end_time":"14.44","alternatives":[{"confidence":"0.9947","content":"몇"}],"type":"pronunciation"},{"start_time":"14.44","end_time":"14.64","alternatives":[{"confidence":"0.9891","content":"가지"}],"type":"pronunciation"},{"start_time":"14.64","end_time":"15.04","alternatives":[{"confidence":"0.96965","content":"확인차"}],"type":"pronunciation"},{"start_time":"15.04","end_time":"16.05","alternatives":[{"confidence":"0.9518","content":"연락드렸는데"}],"type":"pronunciation"},{"start_time":"16.44","end_time":"16.73","alternatives":[{"confidence":"0.9486","content":"잠시"}],"type":"pronunciation"},{"start_time":"16.73","end_time":"17.96","alternatives":[{"confidence":"0.9941666666666666","content":"통화가능하신가요"}],"type":"pronunciation"},{"alternatives":[{"confidence":"0.0","content":"."}],"type":"punctuation"},{"start_time":"19.69","end_time":"20.22","alternatives":[{"confidence":"0.002","content":"네"}],"type":"pronunciation"},{"alternatives":[{"confidence":"0.0","content":"."}],"type":"punctuation"},{"start_time":"22.43","end_time":"22.69","alternatives":[{"confidence":"0.6357","content":"얼마"}],"type":"pronunciation"},{"start_time":"22.69","end_time":"23.04","alternatives":[{"confidence":"0.6362","content":"전에"}],"type":"pronunciation"},{"start_time":"23.04","end_time":"23.26","alternatives":[{"confidence":"0.9529","content":"저희"}],"type":"pronunciation"},{"start_time":"23.26","end_time":"23.54","alternatives":[{"confidence":"0.9303","content":"지금"}],"type":"pronunciation"},{"start_time":"23.54","end_time":"23.91","alternatives":[{"confidence":"0.981","content":"에서"}],"type":"pronunciation"},{"start_time":"23.91","end_time":"24.48","alternatives":[{"confidence":"0.6634","content":"김광호"}],"type":"pronunciation"},{"start_time":"24.48","end_time":"24.69","alternatives":[{"confidence":"0.6359","content":"를"}],"type":"pronunciation"},{"start_time":"24.72","end_time":"25.19","alternatives":[{"confidence":"0.9422","content":"죽음으로"}],"type":"pronunciation"},{"start_time":"25.19","end_time":"25.57","alternatives":[{"confidence":"0.9653","content":"된"}],"type":"pronunciation"},{"start_time":"25.57","end_time":"26.58","alternatives":[{"confidence":"0.7197666666666667","content":"금융사기집단을"}],"type":"pronunciation"},{"alternatives":[{"confidence":"0.0","content":"."}],"type":"punctuation"},{"start_time":"26.58","end_time":"27.58","alternatives":[{"confidence":"0.99075","content":"공부했는데"}],"type":"pronunciation"},{"start_time":"29.56","end_time":"30.2","alternatives":[{"confidence":"0.9543","content":"네"}],"type":"pronunciation"},{"alternatives":[{"confidence":"0.0","content":","}],"type":"punctuation"},{"start_time":"30.76","end_time":"31.1","alternatives":[{"confidence":"0.8696","content":"그"}],"type":"pronunciation"},{"start_time":"31.86","end_time":"32.31","alternatives":[{"confidence":"0.9999","content":"명의로"}],"type":"pronunciation"},{"start_time":"32.31","end_time":"32.92","alternatives":[{"confidence":"0.9997","content":"개설된"}],"type":"pronunciation"},{"start_time":"32.92","end_time":"33.32","alternatives":[{"confidence":"0.4381","content":"국민"}],"type":"pronunciation"},{"start_time":"33.32","end_time":"33.88","alternatives":[{"confidence":"0.6397","content":"은행"}],"type":"pronunciation"},{"alternatives":[{"confidence":"0.0","content":","}],"type":"punctuation"},{"start_time":"33.92","end_time":"34.62","alternatives":[{"confidence":"0.9125","content":"농협은행"}],"type":"pronunciation"},{"start_time":"35.08","end_time":"35.25","alternatives":[{"confidence":"0.1238","content":"이제"}],"type":"pronunciation"},{"start_time":"36.03","end_time":"36.43","alternatives":[{"confidence":"0.8939","content":"각각"}],"type":"pronunciation"},{"start_time":"36.7","end_time":"36.96","alternatives":[{"confidence":"0.6266","content":"2"}],"type":"pronunciation"},{"start_time":"36.96","end_time":"37.65","alternatives":[{"confidence":"0.9938","content":"계좌가"}],"type":"pronunciation"},{"start_time":"37.65","end_time":"37.82","alternatives":[{"confidence":"0.7215","content":"한"}],"type":"pronunciation"},{"start_time":"37.82","end_time":"37.96","alternatives":[{"confidence":"0.3292","content":"달"}],"type":"pronunciation"},{"start_time":"38.06","end_time":"39.23","alternatives":[{"confidence":"0.9894499999999999","content":"발견됐는데"}],"type":"pronunciation"},{"start_time":"39.51","end_time":"39.82","alternatives":[{"confidence":"0.9664","content":"현재"}],"type":"pronunciation"},{"start_time":"39.82","end_time":"40.69","alternatives":[{"confidence":"0.9985999999999999","content":"검거된"}],"type":"pronunciation"},{"start_time":"40.69","end_time":"41.7","alternatives":[{"confidence":"0.8751333333333333","content":"범죄자김광호"}],"type":"pronunciation"},{"start_time":"41.7","end_time":"42.53","alternatives":[{"confidence":"0.9341999999999999","content":"진술로는"}],"type":"pronunciation"},{"start_time":"42.75","end_time":"43.23","alternatives":[{"confidence":"0.99945","content":"압수한"}],"type":"pronunciation"},{"start_time":"43.23","end_time":"43.98","alternatives":[{"confidence":"0.9943","content":"통장들은"}],"type":"pronunciation"},{"start_time":"43.98","end_time":"44.25","alternatives":[{"confidence":"0.2639","content":"명이"}],"type":"pronunciation"},{"start_time":"44.25","end_time":"44.68","alternatives":[{"confidence":"0.684","content":"자들이"}],"type":"pronunciation"},{"start_time":"44.71","end_time":"45.09","alternatives":[{"confidence":"0.9754","content":"직접"}],"type":"pronunciation"},{"start_time":"45.09","end_time":"45.88","alternatives":[{"confidence":"0.88335","content":"판매하였다는"}],"type":"pronunciation"},{"start_time":"45.88","end_time":"46.26","alternatives":[{"confidence":"0.9996499999999999","content":"진술이"}],"type":"pronunciation"},{"start_time":"46.26","end_time":"46.51","alternatives":[{"confidence":"0.9917","content":"나온"}],"type":"pronunciation"},{"start_time":"46.51","end_time":"47.65","alternatives":[{"confidence":"0.98915","content":"상황인데"}],"type":"pronunciation"},{"start_time":"47.77","end_time":"48.08","alternatives":[{"confidence":"0.599","content":"서울"}],"type":"pronunciation"},{"start_time":"48.08","end_time":"49.59","alternatives":[{"confidence":"0.5709","content":"출신삼십칠"}],"type":"pronunciation"},{"start_time":"49.59","end_time":"50.68","alternatives":[{"confidence":"0.77435","content":"셰김광호씨를"}],"type":"pronunciation"},{"start_time":"50.68","end_time":"51.44","alternatives":[{"confidence":"1.0","content":"아시죠"}],"type":"pronunciation"},{"alternatives":[{"confidence":"0.0","content":"?"}],"type":"punctuation"},{"start_time":"54.84","end_time":"55.26","alternatives":[{"confidence":"0.9916","content":"저는"}],"type":"pronunciation"},{"start_time":"55.26","end_time":"55.66","alternatives":[{"confidence":"0.9983","content":"모르는"}],"type":"pronunciation"},{"start_time":"55.66","end_time":"55.88","alternatives":[{"confidence":"0.6862","content":"사이"}],"type":"pronunciation"},{"start_time":"55.88","end_time":"56.65","alternatives":[{"confidence":"0.376","content":"이에요"}],"type":"pronunciation"},{"alternatives":[{"confidence":"0.0","content":"."}],"type":"punctuation"},{"start_time":"57.53","end_time":"57.65","alternatives":[{"confidence":"0.497","content":"이"}],"type":"pronunciation"},{"start_time":"57.65","end_time":"58.16","alternatives":[{"confidence":"0.99405","content":"통장을"}],"type":"pronunciation"},{"start_time":"58.16","end_time":"58.74","alternatives":[{"confidence":"0.44884999999999997","content":"번에서"}],"type":"pronunciation"},{"start_time":"58.74","end_time":"59.1","alternatives":[{"confidence":"0.9506","content":"직접"}],"type":"pronunciation"},{"start_time":"59.19","end_time":"59.86","alternatives":[{"confidence":"0.90155","content":"판매하신"}],"type":"pronunciation"},{"start_time":"59.86","end_time":"60.09","alternatives":[{"confidence":"0.8401","content":"적이"}],"type":"pronunciation"},{"start_time":"60.09","end_time":"60.56","alternatives":[{"confidence":"1.0","content":"있나요"}],"type":"pronunciation"},{"alternatives":[{"confidence":"0.0","content":"?"}],"type":"punctuation"},{"start_time":"63.55","end_time":"63.79","alternatives":[{"confidence":"0.9999","content":"전혀"}],"type":"pronunciation"},{"start_time":"63.79","end_time":"64.03","alternatives":[{"confidence":"0.7858","content":"없다는"}],"type":"pronunciation"},{"start_time":"64.03","end_time":"64.66","alternatives":[{"confidence":"0.9963","content":"말씀이시고"}],"type":"pronunciation"},{"alternatives":[{"confidence":"0.0","content":"."}],"type":"punctuation"},{"start_time":"66.02","end_time":"66.38","alternatives":[{"confidence":"1.0","content":"저희가"}],"type":"pronunciation"},{"start_time":"66.38","end_time":"66.6","alternatives":[{"confidence":"0.978","content":"각"}],"type":"pronunciation"},{"start_time":"66.61","end_time":"67.17","alternatives":[{"confidence":"0.5573","content":"은행의"}],"type":"pronunciation"},{"start_time":"67.17","end_time":"67.58","alternatives":[{"confidence":"0.4382","content":"확인해"}],"type":"pronunciation"},{"start_time":"67.58","end_time":"67.79","alternatives":[{"confidence":"0.4233","content":"볼"}],"type":"pronunciation"},{"start_time":"68.08","end_time":"68.41","alternatives":[{"confidence":"0.9913","content":"본"}],"type":"pronunciation"},{"start_time":"68.41","end_time":"69.14","alternatives":[{"confidence":"0.7328","content":"결과"}],"type":"pronunciation"},{"start_time":"69.41","end_time":"70.41","alternatives":[{"confidence":"0.8538","content":"팔십칠년"}],"type":"pronunciation"},{"start_time":"70.44","end_time":"70.88","alternatives":[{"confidence":"0.9850333333333333","content":"십일월"}],"type":"pronunciation"},{"start_time":"70.88","end_time":"71.33","alternatives":[{"confidence":"0.6184666666666666","content":"이십칠일"}],"type":"pronunciation"},{"start_time":"71.33","end_time":"72.15","alternatives":[{"confidence":"0.9516","content":"경에"}],"type":"pronunciation"},{"start_time":"72.24","end_time":"72.56","alternatives":[{"confidence":"0.99","content":"서울"}],"type":"pronunciation"},{"start_time":"72.56","end_time":"73.49","alternatives":[{"confidence":"0.99795","content":"서초지점에서"}],"type":"pronunciation"},{"start_time":"73.49","end_time":"73.77","alternatives":[{"confidence":"0.9991","content":"새로"}],"type":"pronunciation"},{"start_time":"73.77","end_time":"74.21","alternatives":[{"confidence":"1.0","content":"개설된"}],"type":"pronunciation"},{"start_time":"74.21","end_time":"74.77","alternatives":[{"confidence":"0.9995499999999999","content":"계좌임을"}],"type":"pronunciation"},{"start_time":"74.77","end_time":"75.73","alternatives":[{"confidence":"0.9995","content":"확인했고"}],"type":"pronunciation"},{"alternatives":[{"confidence":"0.0","content":","}],"type":"punctuation"},{"start_time":"76.4","end_time":"77.51","alternatives":[{"confidence":"0.9996499999999999","content":"본인께서"}],"type":"pronunciation"},{"start_time":"77.68","end_time":"78.55","alternatives":[{"confidence":"0.7591","content":"개설하신"}],"type":"pronunciation"},{"start_time":"78.55","end_time":"78.75","alternatives":[{"confidence":"0.9986","content":"게"}],"type":"pronunciation"},{"start_time":"78.75","end_time":"79.43","alternatives":[{"confidence":"0.9584333333333334","content":"맞으신가요"}],"type":"pronunciation"},{"start_time":"81.82","end_time":"82.26","alternatives":[{"confidence":"0.9507","content":"아니라"}],"type":"pronunciation"},{"start_time":"82.26","end_time":"83.03","alternatives":[{"confidence":"0.9998","content":"하셨는데"}],"type":"pronunciation"},{"start_time":"83.03","end_time":"83.67","alternatives":[{"confidence":"1.0","content":"그렇다면"}],"type":"pronunciation"},{"start_time":"83.7","end_time":"84.23","alternatives":[{"confidence":"1.0","content":"혹시"}],"type":"pronunciation"},{"start_time":"84.23","end_time":"84.49","alternatives":[{"confidence":"0.9883","content":"최근"}],"type":"pronunciation"},{"start_time":"84.49","end_time":"84.69","alternatives":[{"confidence":"0.5594","content":"삼"}],"type":"pronunciation"},{"start_time":"84.69","end_time":"85.15","alternatives":[{"confidence":"0.8993","content":"년"}],"type":"pronunciation"},{"start_time":"85.15","end_time":"85.99","alternatives":[{"confidence":"0.9379","content":"이내에"}],"type":"pronunciation"},{"start_time":"86.22","end_time":"86.7","alternatives":[{"confidence":"1.0","content":"본인의"}],"type":"pronunciation"},{"start_time":"86.7","end_time":"87.3","alternatives":[{"confidence":"0.9998","content":"신분증이나"}],"type":"pronunciation"},{"start_time":"87.3","end_time":"87.61","alternatives":[{"confidence":"0.722","content":"개인"}],"type":"pronunciation"},{"start_time":"87.61","end_time":"88.46","alternatives":[{"confidence":"0.6831","content":"정보가"}],"type":"pronunciation"},{"start_time":"88.7","end_time":"89.19","alternatives":[{"confidence":"0.7492","content":"뭐"}],"type":"pronunciation"},{"start_time":"91.75","end_time":"92.71","alternatives":[{"confidence":"0.9645","content":"여보세요"}],"type":"pronunciation"},{"alternatives":[{"confidence":"0.0","content":"?"}],"type":"punctuation"},{"start_time":"93.41","end_time":"93.65","alternatives":[{"confidence":"0.5951","content":"네"}],"type":"pronunciation"},{"alternatives":[{"confidence":"0.0","content":","}],"type":"punctuation"},{"start_time":"93.65","end_time":"93.83","alternatives":[{"confidence":"0.9696","content":"잘"}],"type":"pronunciation"},{"start_time":"93.83","end_time":"94.57","alternatives":[{"confidence":"1.0","content":"들리십니까"}],"type":"pronunciation"},{"alternatives":[{"confidence":"0.0","content":"?"}],"type":"punctuation"},{"start_time":"95.76","end_time":"96.41","alternatives":[{"confidence":"0.7409","content":"네"}],"type":"pronunciation"},{"alternatives":[{"confidence":"0.0","content":"."}],"type":"punctuation"},{"start_time":"97.01","end_time":"97.52","alternatives":[{"confidence":"0.9999","content":"물건을"}],"type":"pronunciation"},{"start_time":"97.61","end_time":"98.3","alternatives":[{"confidence":"0.9942","content":"분실한"}],"type":"pronunciation"},{"start_time":"98.3","end_time":"98.58","alternatives":[{"confidence":"0.9973","content":"적은"}],"type":"pronunciation"},{"start_time":"98.58","end_time":"99.12","alternatives":[{"confidence":"1.0","content":"있나요"}],"type":"pronunciation"},{"alternatives":[{"confidence":"0.0","content":"?"}],"type":"punctuation"},{"start_time":"101.19","end_time":"101.61","alternatives":[{"confidence":"0.9983","content":"그렇다면"}],"type":"pronunciation"},{"start_time":"101.61","end_time":"102.11","alternatives":[{"confidence":"0.8923","content":"본인이"}],"type":"pronunciation"},{"start_time":"102.23","end_time":"102.65","alternatives":[{"confidence":"0.9219","content":"개인"}],"type":"pronunciation"},{"start_time":"102.65","end_time":"103.34","alternatives":[{"confidence":"0.9219","content":"정보가"}],"type":"pronunciation"},{"start_time":"103.34","end_time":"104.17","alternatives":[{"confidence":"0.6123999999999999","content":"유출여단은"}],"type":"pronunciation"},{"start_time":"104.57","end_time":"104.83","alternatives":[{"confidence":"0.5957","content":"뭐"}],"type":"pronunciation"},{"start_time":"104.84","end_time":"105.96","alternatives":[{"confidence":"0.9577","content":"문자나"}],"type":"pronunciation"},{"start_time":"106.04","end_time":"106.33","alternatives":[{"confidence":"0.7119","content":"내일"}],"type":"pronunciation"},{"start_time":"106.33","end_time":"106.74","alternatives":[{"confidence":"0.786","content":"같은"}],"type":"pronunciation"},{"start_time":"106.74","end_time":"106.91","alternatives":[{"confidence":"0.3234","content":"것"}],"type":"pronunciation"},{"start_time":"106.94","end_time":"107.58","alternatives":[{"confidence":"0.78315","content":"받아보신"}],"type":"pronunciation"},{"start_time":"107.58","end_time":"107.84","alternatives":[{"confidence":"0.9533","content":"적은"}],"type":"pronunciation"},{"start_time":"107.84","end_time":"108.38","alternatives":[{"confidence":"0.9994","content":"있으신가요"}],"type":"pronunciation"},{"alternatives":[{"confidence":"0.0","content":"?"}],"type":"punctuation"},{"start_time":"110.21","end_time":"110.7","alternatives":[{"confidence":"0.9812","content":"현재"}],"type":"pronunciation"},{"start_time":"110.7","end_time":"111.75","alternatives":[{"confidence":"0.98445","content":"본인과"}],"type":"pronunciation"},{"start_time":"112.0","end_time":"112.71","alternatives":[{"confidence":"0.8758","content":"같이"}],"type":"pronunciation"},{"start_time":"113.09","end_time":"113.69","alternatives":[{"confidence":"0.98365","content":"판매한"}],"type":"pronunciation"},{"start_time":"113.69","end_time":"114.0","alternatives":[{"confidence":"1.0","content":"적도"}],"type":"pronunciation"},{"start_time":"114.0","end_time":"114.58","alternatives":[{"confidence":"1.0","content":"없고"}],"type":"pronunciation"},{"start_time":"114.58","end_time":"114.98","alternatives":[{"confidence":"0.98185","content":"개설한"}],"type":"pronunciation"},{"start_time":"114.98","end_time":"115.21","alternatives":[{"confidence":"1.0","content":"적도"}],"type":"pronunciation"},{"start_time":"115.21","end_time":"115.66","alternatives":[{"confidence":"0.9846","content":"없다고"}],"type":"pronunciation"},{"start_time":"115.75","end_time":"116.53","alternatives":[{"confidence":"0.507","content":"진술한"}],"type":"pronunciation"},{"start_time":"116.53","end_time":"116.88","alternatives":[{"confidence":"0.9938","content":"분들이"}],"type":"pronunciation"},{"start_time":"116.88","end_time":"117.39","alternatives":[{"confidence":"0.9179","content":"있고"}],"type":"pronunciation"},{"start_time":"118.43","end_time":"119.19","alternatives":[{"confidence":"0.9777","content":"판매한"}],"type":"pronunciation"},{"start_time":"119.3","end_time":"120.52","alternatives":[{"confidence":"0.991775","content":"전자금융거래법"}],"type":"pronunciation"},{"start_time":"120.52","end_time":"121.49","alternatives":[{"confidence":"0.90185","content":"위반자들이"}],"type":"pronunciation"},{"start_time":"121.49","end_time":"122.25","alternatives":[{"confidence":"0.9324","content":"있는데"}],"type":"pronunciation"},{"start_time":"122.63","end_time":"123.2","alternatives":[{"confidence":"0.9961","content":"본인께서"}],"type":"pronunciation"},{"start_time":"123.2","end_time":"124.06","alternatives":[{"confidence":"0.92455","content":"주장하시는"}],"type":"pronunciation"},{"start_time":"124.06","end_time":"125.01","alternatives":[{"confidence":"0.9574","content":"대로라면"}],"type":"pronunciation"},{"start_time":"125.35","end_time":"126.34","alternatives":[{"confidence":"0.8347","content":"본인도"}],"type":"pronunciation"},{"start_time":"126.34","end_time":"126.9","alternatives":[{"confidence":"0.9901","content":"하면"}],"type":"pronunciation"},{"start_time":"126.91","end_time":"127.18","alternatives":[{"confidence":"0.9899","content":"이제"}],"type":"pronunciation"},{"start_time":"127.45","end_time":"128.04","alternatives":[{"confidence":"0.78935","content":"한명도"}],"type":"pronunciation"},{"start_time":"128.04","end_time":"128.51","alternatives":[{"confidence":"0.4806","content":"명"}],"type":"pronunciation"},{"start_time":"128.51","end_time":"128.69","alternatives":[{"confidence":"0.4732","content":"당"}],"type":"pronunciation"},{"start_time":"128.69","end_time":"128.87","alternatives":[{"confidence":"0.6167","content":"한"}],"type":"pronunciation"},{"start_time":"129.03","end_time":"129.52","alternatives":[{"confidence":"0.3767","content":"명의"}],"type":"pronunciation"},{"start_time":"130.62","end_time":"131.05","alternatives":[{"confidence":"0.6407499999999999","content":"도용"}],"type":"pronunciation"},{"start_time":"131.05","end_time":"131.75","alternatives":[{"confidence":"0.8632","content":"피해자라는"}],"type":"pronunciation"},{"start_time":"132.33","end_time":"132.75","alternatives":[{"confidence":"0.9986","content":"말인데"}],"type":"pronunciation"},{"start_time":"132.9","end_time":"133.15","alternatives":[{"confidence":"0.3275","content":"이"}],"type":"pronunciation"},{"start_time":"133.15","end_time":"133.61","alternatives":[{"confidence":"0.9689","content":"말을"}],"type":"pronunciation"},{"start_time":"134.23","end_time":"135.4","alternatives":[{"confidence":"0.99485","content":"맞으세요"}],"type":"pronunciation"},{"start_time":"139.6","end_time":"140.21","alternatives":[{"confidence":"0.5886","content":"그러세요"}],"type":"pronunciation"},{"alternatives":[{"confidence":"0.0","content":"."}],"type":"punctuation"}]},"status":"COMPLETED"}