{"jobName":"transcribes..114","accountId":"097989105209","results":{"transcripts":[{"transcript":"명의 도용 사건 때문에 몇 가지 사실 확인차 연락드렸거든요. 혹시 본인께서 이라고 알고 계십니까? 모르세요? 출시 사십 대 지는 남성분이거든요 모르신다고요. 왜냐하면 지금 얼마 전에 저희 검찰에서 주범으로 인한 금융범죄사기단을 검거했는데. 지금 근거당시 현장에서 대량의 신용카드와 대포통장들이 발견돼 압수하였거든요. 그 중에서 지금 명의로 농협이랑 통장이 현장에서 불법 통장으로 사용중인 걸 저희가 압수수색했습니다. 화두가 품격이 없거든요. 뭐라고 해야 화두나? 통장이 없어요. 통장이나 카드 가 없다고요. 그런데 지금 지금 근데 저희가 불법 현장에서 지금 농협이랑 신하은행 통장이 지금 현장에서 발견되었잖아요 일생맞으신가요 생아닌가요. 그래요. 그럼 일단 제가 다시 한번 확인하고 전화드릴게요 어디라고 서울중앙지검 이요? 서울중앙지검 이라고요? 예. 그러면 어떻게 됩니까? 이준호 수사관입니다. 이준호 수사관은요. 네, 알겠습니다. 다시 연락주세요. 일단 한번 확인해 보고 전화드릴게요."}],"items":[{"start_time":"0.77","end_time":"1.15","alternatives":[{"confidence":"0.3231","content":"명의"}],"type":"pronunciation"},{"start_time":"1.15","end_time":"1.42","alternatives":[{"confidence":"0.31715","content":"도용"}],"type":"pronunciation"},{"start_time":"1.42","end_time":"1.7","alternatives":[{"confidence":"0.9024","content":"사건"}],"type":"pronunciation"},{"start_time":"1.7","end_time":"1.99","alternatives":[{"confidence":"1.0","content":"때문에"}],"type":"pronunciation"},{"start_time":"1.99","end_time":"2.13","alternatives":[{"confidence":"0.9824","content":"몇"}],"type":"pronunciation"},{"start_time":"2.13","end_time":"2.34","alternatives":[{"confidence":"0.9763","content":"가지"}],"type":"pronunciation"},{"start_time":"2.34","end_time":"2.59","alternatives":[{"confidence":"0.4785","content":"사실"}],"type":"pronunciation"},{"start_time":"2.59","end_time":"2.88","alternatives":[{"confidence":"0.40025","content":"확인차"}],"type":"pronunciation"},{"start_time":"2.88","end_time":"4.36","alternatives":[{"confidence":"0.8553333333333333","content":"연락드렸거든요"}],"type":"pronunciation"},{"alternatives":[{"confidence":"0.0","content":"."}],"type":"punctuation"},{"start_time":"5.33","end_time":"5.58","alternatives":[{"confidence":"0.9889","content":"혹시"}],"type":"pronunciation"},{"start_time":"5.58","end_time":"6.16","alternatives":[{"confidence":"0.30875","content":"본인께서"}],"type":"pronunciation"},{"start_time":"6.71","end_time":"6.97","alternatives":[{"confidence":"0.6896","content":"이라고"}],"type":"pronunciation"},{"start_time":"6.97","end_time":"7.18","alternatives":[{"confidence":"0.9982","content":"알고"}],"type":"pronunciation"},{"start_time":"7.18","end_time":"7.9","alternatives":[{"confidence":"0.9766","content":"계십니까"}],"type":"pronunciation"},{"alternatives":[{"confidence":"0.0","content":"?"}],"type":"punctuation"},{"start_time":"10.85","end_time":"11.48","alternatives":[{"confidence":"0.9999","content":"모르세요"}],"type":"pronunciation"},{"alternatives":[{"confidence":"0.0","content":"?"}],"type":"punctuation"},{"start_time":"12.17","end_time":"12.6","alternatives":[{"confidence":"0.2532","content":"출시"}],"type":"pronunciation"},{"start_time":"12.63","end_time":"12.88","alternatives":[{"confidence":"0.5589","content":"사십"}],"type":"pronunciation"},{"start_time":"12.88","end_time":"12.98","alternatives":[{"confidence":"0.4959","content":"대"}],"type":"pronunciation"},{"start_time":"12.98","end_time":"13.21","alternatives":[{"confidence":"0.7522","content":"지는"}],"type":"pronunciation"},{"start_time":"13.21","end_time":"14.16","alternatives":[{"confidence":"0.9591","content":"남성분이거든요"}],"type":"pronunciation"},{"start_time":"16.93","end_time":"18.27","alternatives":[{"confidence":"0.9237666666666667","content":"모르신다고요"}],"type":"pronunciation"},{"alternatives":[{"confidence":"0.0","content":"."}],"type":"punctuation"},{"start_time":"18.3","end_time":"19.49","alternatives":[{"confidence":"0.9229","content":"왜냐하면"}],"type":"pronunciation"},{"start_time":"19.5","end_time":"19.65","alternatives":[{"confidence":"0.7587","content":"지금"}],"type":"pronunciation"},{"start_time":"19.65","end_time":"19.9","alternatives":[{"confidence":"0.5211","content":"얼마"}],"type":"pronunciation"},{"start_time":"19.9","end_time":"20.11","alternatives":[{"confidence":"0.5213","content":"전에"}],"type":"pronunciation"},{"start_time":"20.11","end_time":"20.28","alternatives":[{"confidence":"0.8987","content":"저희"}],"type":"pronunciation"},{"start_time":"20.28","end_time":"21.15","alternatives":[{"confidence":"0.9954000000000001","content":"검찰에서"}],"type":"pronunciation"},{"start_time":"21.92","end_time":"22.4","alternatives":[{"confidence":"1.0","content":"주범으로"}],"type":"pronunciation"},{"start_time":"22.4","end_time":"22.85","alternatives":[{"confidence":"0.9849","content":"인한"}],"type":"pronunciation"},{"start_time":"22.88","end_time":"23.9","alternatives":[{"confidence":"0.69665","content":"금융범죄사기단을"}],"type":"pronunciation"},{"start_time":"23.9","end_time":"24.87","alternatives":[{"confidence":"0.6528","content":"검거했는데"}],"type":"pronunciation"},{"alternatives":[{"confidence":"0.0","content":"."}],"type":"punctuation"},{"start_time":"25.46","end_time":"25.65","alternatives":[{"confidence":"0.9707","content":"지금"}],"type":"pronunciation"},{"start_time":"25.65","end_time":"26.38","alternatives":[{"confidence":"0.79155","content":"근거당시"}],"type":"pronunciation"},{"start_time":"26.38","end_time":"26.89","alternatives":[{"confidence":"1.0","content":"현장에서"}],"type":"pronunciation"},{"start_time":"26.98","end_time":"27.45","alternatives":[{"confidence":"1.0","content":"대량의"}],"type":"pronunciation"},{"start_time":"27.45","end_time":"28.34","alternatives":[{"confidence":"1.0","content":"신용카드와"}],"type":"pronunciation"},{"start_time":"28.4","end_time":"29.19","alternatives":[{"confidence":"0.9518","content":"대포통장들이"}],"type":"pronunciation"},{"start_time":"29.19","end_time":"29.62","alternatives":[{"confidence":"0.9385","content":"발견돼"}],"type":"pronunciation"},{"start_time":"29.62","end_time":"30.91","alternatives":[{"confidence":"0.8763","content":"압수하였거든요"}],"type":"pronunciation"},{"alternatives":[{"confidence":"0.0","content":"."}],"type":"punctuation"},{"start_time":"32.62","end_time":"32.77","alternatives":[{"confidence":"0.5195","content":"그"}],"type":"pronunciation"},{"start_time":"32.77","end_time":"33.39","alternatives":[{"confidence":"1.0","content":"중에서"}],"type":"pronunciation"},{"start_time":"33.39","end_time":"33.72","alternatives":[{"confidence":"0.9065","content":"지금"}],"type":"pronunciation"},{"start_time":"34.42","end_time":"34.79","alternatives":[{"confidence":"0.6713","content":"명의로"}],"type":"pronunciation"},{"start_time":"35.14","end_time":"35.88","alternatives":[{"confidence":"0.4097","content":"농협이랑"}],"type":"pronunciation"},{"start_time":"36.34","end_time":"37.11","alternatives":[{"confidence":"0.7463","content":"통장이"}],"type":"pronunciation"},{"start_time":"37.44","end_time":"37.99","alternatives":[{"confidence":"0.9997","content":"현장에서"}],"type":"pronunciation"},{"start_time":"38.11","end_time":"38.46","alternatives":[{"confidence":"0.8774","content":"불법"}],"type":"pronunciation"},{"start_time":"38.46","end_time":"38.9","alternatives":[{"confidence":"0.9995","content":"통장으로"}],"type":"pronunciation"},{"start_time":"38.9","end_time":"39.4","alternatives":[{"confidence":"0.7921","content":"사용중인"}],"type":"pronunciation"},{"start_time":"39.4","end_time":"39.63","alternatives":[{"confidence":"0.8711","content":"걸"}],"type":"pronunciation"},{"start_time":"39.63","end_time":"39.89","alternatives":[{"confidence":"1.0","content":"저희가"}],"type":"pronunciation"},{"start_time":"39.89","end_time":"41.04","alternatives":[{"confidence":"0.99575","content":"압수수색했습니다"}],"type":"pronunciation"},{"alternatives":[{"confidence":"0.0","content":"."}],"type":"punctuation"},{"start_time":"45.86","end_time":"46.43","alternatives":[{"confidence":"0.9825999999999999","content":"화두가"}],"type":"pronunciation"},{"start_time":"46.43","end_time":"46.97","alternatives":[{"confidence":"0.5163499999999999","content":"품격이"}],"type":"pronunciation"},{"start_time":"46.97","end_time":"47.73","alternatives":[{"confidence":"1.0","content":"없거든요"}],"type":"pronunciation"},{"alternatives":[{"confidence":"0.0","content":"."}],"type":"punctuation"},{"start_time":"48.62","end_time":"48.96","alternatives":[{"confidence":"0.9981","content":"뭐라고"}],"type":"pronunciation"},{"start_time":"48.96","end_time":"49.21","alternatives":[{"confidence":"0.6061","content":"해야"}],"type":"pronunciation"},{"start_time":"49.24","end_time":"49.75","alternatives":[{"confidence":"0.9302999999999999","content":"화두나"}],"type":"pronunciation"},{"alternatives":[{"confidence":"0.0","content":"?"}],"type":"punctuation"},{"start_time":"49.75","end_time":"50.23","alternatives":[{"confidence":"0.99805","content":"통장이"}],"type":"pronunciation"},{"start_time":"50.23","end_time":"50.87","alternatives":[{"confidence":"0.9991","content":"없어요"}],"type":"pronunciation"},{"alternatives":[{"confidence":"0.0","content":"."}],"type":"punctuation"},{"start_time":"52.04","end_time":"52.58","alternatives":[{"confidence":"0.9700500000000001","content":"통장이나"}],"type":"pronunciation"},{"start_time":"52.58","end_time":"52.83","alternatives":[{"confidence":"0.7865","content":"카드"}],"type":"pronunciation"},{"start_time":"52.83","end_time":"52.94","alternatives":[{"confidence":"0.7503","content":"가"}],"type":"pronunciation"},{"start_time":"52.94","end_time":"53.57","alternatives":[{"confidence":"0.97645","content":"없다고요"}],"type":"pronunciation"},{"alternatives":[{"confidence":"0.0","content":"."}],"type":"punctuation"},{"start_time":"53.84","end_time":"54.15","alternatives":[{"confidence":"0.8798","content":"그런데"}],"type":"pronunciation"},{"start_time":"54.15","end_time":"54.62","alternatives":[{"confidence":"0.9553","content":"지금"}],"type":"pronunciation"},{"start_time":"55.37","end_time":"55.59","alternatives":[{"confidence":"0.9834","content":"지금"}],"type":"pronunciation"},{"start_time":"55.59","end_time":"55.88","alternatives":[{"confidence":"0.9905","content":"근데"}],"type":"pronunciation"},{"start_time":"55.88","end_time":"56.12","alternatives":[{"confidence":"1.0","content":"저희가"}],"type":"pronunciation"},{"start_time":"56.12","end_time":"56.44","alternatives":[{"confidence":"0.5342","content":"불법"}],"type":"pronunciation"},{"start_time":"56.44","end_time":"56.91","alternatives":[{"confidence":"0.9959","content":"현장에서"}],"type":"pronunciation"},{"start_time":"56.91","end_time":"57.1","alternatives":[{"confidence":"0.9862","content":"지금"}],"type":"pronunciation"},{"start_time":"57.1","end_time":"57.65","alternatives":[{"confidence":"0.6668499999999999","content":"농협이랑"}],"type":"pronunciation"},{"start_time":"57.68","end_time":"58.17","alternatives":[{"confidence":"0.5116499999999999","content":"신하은행"}],"type":"pronunciation"},{"start_time":"58.17","end_time":"58.63","alternatives":[{"confidence":"0.9925999999999999","content":"통장이"}],"type":"pronunciation"},{"start_time":"58.63","end_time":"59.24","alternatives":[{"confidence":"0.9739","content":"지금"}],"type":"pronunciation"},{"start_time":"59.3","end_time":"59.77","alternatives":[{"confidence":"0.9999","content":"현장에서"}],"type":"pronunciation"},{"start_time":"59.77","end_time":"60.68","alternatives":[{"confidence":"0.9973000000000001","content":"발견되었잖아요"}],"type":"pronunciation"},{"start_time":"63.96","end_time":"64.95","alternatives":[{"confidence":"0.698075","content":"일생맞으신가요"}],"type":"pronunciation"},{"start_time":"67.91","end_time":"69.17","alternatives":[{"confidence":"0.82745","content":"생아닌가요"}],"type":"pronunciation"},{"alternatives":[{"confidence":"0.0","content":"."}],"type":"punctuation"},{"start_time":"71.0","end_time":"71.35","alternatives":[{"confidence":"0.9998","content":"그래요"}],"type":"pronunciation"},{"alternatives":[{"confidence":"0.0","content":"."}],"type":"punctuation"},{"start_time":"71.38","end_time":"71.65","alternatives":[{"confidence":"0.9958","content":"그럼"}],"type":"pronunciation"},{"start_time":"71.65","end_time":"72.16","alternatives":[{"confidence":"1.0","content":"일단"}],"type":"pronunciation"},{"start_time":"72.52","end_time":"72.73","alternatives":[{"confidence":"0.9995","content":"제가"}],"type":"pronunciation"},{"start_time":"72.73","end_time":"72.92","alternatives":[{"confidence":"0.9983","content":"다시"}],"type":"pronunciation"},{"start_time":"72.92","end_time":"73.12","alternatives":[{"confidence":"0.9038","content":"한번"}],"type":"pronunciation"},{"start_time":"73.12","end_time":"73.97","alternatives":[{"confidence":"0.9988","content":"확인하고"}],"type":"pronunciation"},{"start_time":"74.69","end_time":"75.42","alternatives":[{"confidence":"0.74505","content":"전화드릴게요"}],"type":"pronunciation"},{"start_time":"75.45","end_time":"76.34","alternatives":[{"confidence":"0.117","content":"어디라고"}],"type":"pronunciation"},{"start_time":"77.33","end_time":"78.31","alternatives":[{"confidence":"0.877325","content":"서울중앙지검"}],"type":"pronunciation"},{"start_time":"78.31","end_time":"78.57","alternatives":[{"confidence":"0.9901","content":"이요"}],"type":"pronunciation"},{"alternatives":[{"confidence":"0.0","content":"?"}],"type":"punctuation"},{"start_time":"80.01","end_time":"84.42","alternatives":[{"confidence":"0.40375","content":"서울중앙지검"}],"type":"pronunciation"},{"start_time":"84.42","end_time":"85.02","alternatives":[{"confidence":"0.4469","content":"이라고요"}],"type":"pronunciation"},{"alternatives":[{"confidence":"0.0","content":"?"}],"type":"punctuation"},{"start_time":"85.65","end_time":"86.25","alternatives":[{"confidence":"0.1148","content":"예"}],"type":"pronunciation"},{"alternatives":[{"confidence":"0.0","content":"."}],"type":"punctuation"},{"start_time":"86.34","end_time":"86.6","alternatives":[{"confidence":"0.4078","content":"그러면"}],"type":"pronunciation"},{"start_time":"86.6","end_time":"86.91","alternatives":[{"confidence":"0.9915","content":"어떻게"}],"type":"pronunciation"},{"start_time":"86.91","end_time":"87.4","alternatives":[{"confidence":"0.4033","content":"됩니까"}],"type":"pronunciation"},{"alternatives":[{"confidence":"0.0","content":"?"}],"type":"punctuation"},{"start_time":"89.03","end_time":"89.39","alternatives":[{"confidence":"0.1163","content":"이준호"}],"type":"pronunciation"},{"start_time":"89.39","end_time":"90.21","alternatives":[{"confidence":"0.8707","content":"수사관입니다"}],"type":"pronunciation"},{"alternatives":[{"confidence":"0.0","content":"."}],"type":"punctuation"},{"start_time":"90.69","end_time":"91.28","alternatives":[{"confidence":"0.4091","content":"이준호"}],"type":"pronunciation"},{"start_time":"91.28","end_time":"92.34","alternatives":[{"confidence":"0.7020500000000001","content":"수사관은요"}],"type":"pronunciation"},{"alternatives":[{"confidence":"0.0","content":"."}],"type":"punctuation"},{"start_time":"94.04","end_time":"94.16","alternatives":[{"confidence":"0.2299","content":"네"}],"type":"pronunciation"},{"alternatives":[{"confidence":"0.0","content":","}],"type":"punctuation"},{"start_time":"94.4","end_time":"95.24","alternatives":[{"confidence":"0.9973","content":"알겠습니다"}],"type":"pronunciation"},{"alternatives":[{"confidence":"0.0","content":"."}],"type":"punctuation"},{"start_time":"95.24","end_time":"95.56","alternatives":[{"confidence":"0.9942","content":"다시"}],"type":"pronunciation"},{"start_time":"95.56","end_time":"96.59","alternatives":[{"confidence":"0.9176500000000001","content":"연락주세요"}],"type":"pronunciation"},{"alternatives":[{"confidence":"0.0","content":"."}],"type":"punctuation"},{"start_time":"97.07","end_time":"97.38","alternatives":[{"confidence":"1.0","content":"일단"}],"type":"pronunciation"},{"start_time":"97.38","end_time":"97.6","alternatives":[{"confidence":"0.9667","content":"한번"}],"type":"pronunciation"},{"start_time":"97.6","end_time":"97.94","alternatives":[{"confidence":"0.8488","content":"확인해"}],"type":"pronunciation"},{"start_time":"97.94","end_time":"98.47","alternatives":[{"confidence":"0.5732","content":"보고"}],"type":"pronunciation"},{"start_time":"98.8","end_time":"100.14","alternatives":[{"confidence":"0.7704","content":"전화드릴게요"}],"type":"pronunciation"},{"alternatives":[{"confidence":"0.0","content":"."}],"type":"punctuation"}]},"status":"COMPLETED"}