{"jobName":"transcribes..105","accountId":"097989105209","results":{"transcripts":[{"transcript":"역과 국민 계좌가 시중에서 새로 예술됐습니다 뭐 아시는 부분 이라고 없으신거? 맞으신가요 네, 알겠습니다. 일단 전반적으로 이 같은 부분을 저희 지금 아직까지는 피해자인지 가해자는 입증된 바가 없으십니다 그렇다고 어떠한 혐의점을 두는 것도 아니고 중간입장조사자 신문이라고 말씀을 드리는 겁니다. 여보세요 하세요."}],"items":[{"start_time":"0.03","end_time":"0.39","alternatives":[{"confidence":"0.6775","content":"역과"}],"type":"pronunciation"},{"start_time":"0.39","end_time":"0.7","alternatives":[{"confidence":"0.5047","content":"국민"}],"type":"pronunciation"},{"start_time":"0.7","end_time":"1.17","alternatives":[{"confidence":"0.994","content":"계좌가"}],"type":"pronunciation"},{"start_time":"1.2","end_time":"1.77","alternatives":[{"confidence":"0.96915","content":"시중에서"}],"type":"pronunciation"},{"start_time":"1.77","end_time":"2.01","alternatives":[{"confidence":"0.5159","content":"새로"}],"type":"pronunciation"},{"start_time":"2.01","end_time":"2.94","alternatives":[{"confidence":"0.7696000000000001","content":"예술됐습니다"}],"type":"pronunciation"},{"start_time":"5.59","end_time":"5.74","alternatives":[{"confidence":"0.6264","content":"뭐"}],"type":"pronunciation"},{"start_time":"5.77","end_time":"6.15","alternatives":[{"confidence":"0.9948","content":"아시는"}],"type":"pronunciation"},{"start_time":"6.15","end_time":"6.39","alternatives":[{"confidence":"0.7845","content":"부분"}],"type":"pronunciation"},{"start_time":"6.39","end_time":"6.58","alternatives":[{"confidence":"0.2647","content":"이라고"}],"type":"pronunciation"},{"start_time":"6.79","end_time":"7.16","alternatives":[{"confidence":"0.7988500000000001","content":"없으신거"}],"type":"pronunciation"},{"alternatives":[{"confidence":"0.0","content":"?"}],"type":"punctuation"},{"start_time":"7.16","end_time":"8.43","alternatives":[{"confidence":"0.9668333333333333","content":"맞으신가요"}],"type":"pronunciation"},{"start_time":"9.09","end_time":"9.32","alternatives":[{"confidence":"0.9874","content":"네"}],"type":"pronunciation"},{"alternatives":[{"confidence":"0.0","content":","}],"type":"punctuation"},{"start_time":"9.32","end_time":"9.92","alternatives":[{"confidence":"0.9993","content":"알겠습니다"}],"type":"pronunciation"},{"alternatives":[{"confidence":"0.0","content":"."}],"type":"punctuation"},{"start_time":"10.41","end_time":"10.67","alternatives":[{"confidence":"1.0","content":"일단"}],"type":"pronunciation"},{"start_time":"10.67","end_time":"11.36","alternatives":[{"confidence":"1.0","content":"전반적으로"}],"type":"pronunciation"},{"start_time":"11.81","end_time":"11.9","alternatives":[{"confidence":"0.3386","content":"이"}],"type":"pronunciation"},{"start_time":"11.9","end_time":"12.14","alternatives":[{"confidence":"0.9938","content":"같은"}],"type":"pronunciation"},{"start_time":"12.14","end_time":"12.42","alternatives":[{"confidence":"0.9756","content":"부분을"}],"type":"pronunciation"},{"start_time":"12.42","end_time":"12.6","alternatives":[{"confidence":"0.9728","content":"저희"}],"type":"pronunciation"},{"start_time":"12.6","end_time":"12.91","alternatives":[{"confidence":"0.9707","content":"지금"}],"type":"pronunciation"},{"start_time":"13.07","end_time":"13.54","alternatives":[{"confidence":"0.9714","content":"아직까지는"}],"type":"pronunciation"},{"start_time":"13.54","end_time":"14.27","alternatives":[{"confidence":"0.6849000000000001","content":"피해자인지"}],"type":"pronunciation"},{"start_time":"14.77","end_time":"15.59","alternatives":[{"confidence":"0.54045","content":"가해자는"}],"type":"pronunciation"},{"start_time":"15.59","end_time":"15.95","alternatives":[{"confidence":"0.99915","content":"입증된"}],"type":"pronunciation"},{"start_time":"15.95","end_time":"16.13","alternatives":[{"confidence":"0.9984","content":"바가"}],"type":"pronunciation"},{"start_time":"16.13","end_time":"16.73","alternatives":[{"confidence":"1.0","content":"없으십니다"}],"type":"pronunciation"},{"start_time":"17.36","end_time":"17.71","alternatives":[{"confidence":"0.9973","content":"그렇다고"}],"type":"pronunciation"},{"start_time":"17.71","end_time":"17.98","alternatives":[{"confidence":"0.9006","content":"어떠한"}],"type":"pronunciation"},{"start_time":"17.98","end_time":"18.39","alternatives":[{"confidence":"0.9973000000000001","content":"혐의점을"}],"type":"pronunciation"},{"start_time":"18.39","end_time":"18.59","alternatives":[{"confidence":"0.9945","content":"두는"}],"type":"pronunciation"},{"start_time":"18.59","end_time":"18.83","alternatives":[{"confidence":"1.0","content":"것도"}],"type":"pronunciation"},{"start_time":"18.83","end_time":"19.36","alternatives":[{"confidence":"1.0","content":"아니고"}],"type":"pronunciation"},{"start_time":"19.9","end_time":"20.98","alternatives":[{"confidence":"0.628875","content":"중간입장조사자"}],"type":"pronunciation"},{"start_time":"20.98","end_time":"21.47","alternatives":[{"confidence":"0.90755","content":"신문이라고"}],"type":"pronunciation"},{"start_time":"21.47","end_time":"21.83","alternatives":[{"confidence":"1.0","content":"말씀을"}],"type":"pronunciation"},{"start_time":"21.83","end_time":"22.11","alternatives":[{"confidence":"0.9962","content":"드리는"}],"type":"pronunciation"},{"start_time":"22.11","end_time":"22.59","alternatives":[{"confidence":"1.0","content":"겁니다"}],"type":"pronunciation"},{"alternatives":[{"confidence":"0.0","content":"."}],"type":"punctuation"},{"start_time":"25.51","end_time":"26.16","alternatives":[{"confidence":"0.8011","content":"여보세요"}],"type":"pronunciation"},{"start_time":"26.19","end_time":"26.58","alternatives":[{"confidence":"0.2541","content":"하세요"}],"type":"pronunciation"},{"alternatives":[{"confidence":"0.0","content":"."}],"type":"punctuation"}]},"status":"COMPLETED"}