{"jobName":"transcribes162","accountId":"097989105209","results":{"transcripts":[{"transcript":"본인과 연루된 명의 경우 사건이 저희 적으로 사건 접수가 되었어요. 뿌리앞으로 매각이 확인차 연락을 드렸어요. 본인맞으시죠. 네. 그 본인혹시 선생님 사십이 세 남성 인데 김영철이라는 사람 아시는 분이십니까 들어보신 적 도 없으시고요. 저희가 왜 김영철 관련해서 여쭤봤냐면? 저희가 현재 김영철 주범으로 인한 금융범죄사기단을 검거를 했습니다. 네. 건강현장에서 대량의 신용카드와 대법 총장 등이 발견이 되었고요. 압수현장에서 이제 문제가 되는 것이 으로 된 농협과 하나은행총장이 불법 통장으로 발견이 되었어요. 그래서 저희가 현장에서 압수조치를 한 상태고요. 본인 두 계좌개설에 대해서 혹시 아쉬운 내용이 있습니까? 본인이 직접 과거에 개선하신 적도 없으시고요 전혀 사용 안 하시는 금융권이세요. 네, 알겠습니다. 기재를 일겠고 일단 좀 설명을 좀 드려야 될 것 같아요. 돈이 이천십사년 칠월 칠해경에. 혹시 경기도 광명시 철산동에 위치한 1실력지점에서 농협과 하나원은 총장님 이름으로 된 법인계좌로 발견이 되었습니다. 저희가 불법 현장에서 압수가 되었기 때문에 좀 계좌자체는 동결처리와 동시에 국고로 환수치를 했고요. 일단은 본인작년 7 월 경에 혹시 철산동에 방문하셔서 금융권이라든지 통장개선하신 적이 있습니까? 연고지도 없으시고요 일단은 저희가 말씀드린 두 계좌자체를. 저희가 금융감독원의 제재를 해본 결과 확실히 본인 명의로 된 본인 명의로 개설여행통장으로 확인이 되었고요. 이번 사건 자체가 본인뿐만이 아니라 전국적으로 백팔십 명 이상 연료가 되어 있는 광범위한 금융사기사건입니다. 그니까 금융감정과 함께 형평성을 진행 중에 있고 정확하게 연락되는 이유는 본인이 직접 계좌를 개설하셔가지고 김영철 회장에게 금전적인 대가를 받고 대포통장을 판매및 양도 한 사실이 있으신지 아니시면 본인의 개인정보가 유출되면서 뭐 등을 당하신 피해자분이신지에 대해서 확신여부를 가리고자 연락을 드린거고요. 제가 말씀드린 내용 중에 본인이 알고 계셨던 내용 하나도 없으신거에요 통장개선사실도 전혀 모르셨고 알겠습니다. 일단은 단순히 보통 두 점이 발견되어서 연락드린 건 아니고요. 실질적으로 이제 본인 통장으로 인해서 불법 자금을 이동이 되었어요. 피해자들도 입금을 시키면서 피해가 발생이 되었기 때문에 저희 첨단범죄으로 이관해주신 거고 혹시 메모가능하십니까 강력시 근무 중이세요 통화 불가능하세요 본인앞으로 조사처연락을 드렸는데 불가능하시면 저희가 간단하게 설명을 좀 드릴게요. 중고나라 사이트 라고 아시죠? 아니요. 뭐 중고매물사고 팔고 하는 네이버 카페 중고나라 전혀 모르세요? 일단은 인터넷 쇼핑몰사이트 비슷한데 메모들이 이제 매매가 되고 있는 사이트 입니다. 이쪽으로 지금 김영철 회장들이 고가의 가구품이라든가 전자 제품 같은 것은 싸게 판다고 올려놓고 김영철 일당들이 이제 지이름으로 된 농협과 하나은행통장으로 입금을 시켰어요. 그래서 이제 금액만 인출하고 도주잠적한 상태고요. 구매자들한테 물건을 보내지 않았습니다. 그런식으로 발생한 피해합산액이 저희 쪽으로 사천이백만원 가량 추정을 하고 있고요. 지금 피해자들에 의해서 본인 앞으로 지금 사기 사건으로 고소고발조치를 취해놓은 상태에요. 따라서 본인이 신분 자체가 피해자도 아니고 가해자도 아닌 졸업하신 분이시고 본인이 피해자라는 것을 입증받아 주셔야만 고소처럼 이 재판처가 가능하세요 주셔야 되는데 저희가 이제 일 차 이미 점이 없으신분들이 하면서 만 녹취 상태로 증거자료로 채택을 하고 있습니다. 같은 경우에도 일치가 없으시기 때문에 녹취진행이 가능하고 법정에서 본인가셨을 때 유일하게 넘는 증거 채택을 하게 될 거예요 본인뭐 바로 원하신다는 바로 진행해 드리겠지만은 불가능하시면 제가 주민 거주지로 공문서를 말씀해 드릴게요 소환장이랑 같이 조사 받으시겠어요"}],"items":[{"start_time":"1.07","end_time":"1.53","alternatives":[{"confidence":"0.98855","content":"본인과"}],"type":"pronunciation"},{"start_time":"1.53","end_time":"1.92","alternatives":[{"confidence":"0.9718","content":"연루된"}],"type":"pronunciation"},{"start_time":"2.19","end_time":"2.53","alternatives":[{"confidence":"0.6828","content":"명의"}],"type":"pronunciation"},{"start_time":"2.53","end_time":"2.74","alternatives":[{"confidence":"0.6661","content":"경우"}],"type":"pronunciation"},{"start_time":"2.74","end_time":"3.48","alternatives":[{"confidence":"1.0","content":"사건이"}],"type":"pronunciation"},{"start_time":"3.48","end_time":"3.7","alternatives":[{"confidence":"0.8433","content":"저희"}],"type":"pronunciation"},{"start_time":"3.7","end_time":"3.96","alternatives":[{"confidence":"0.9374","content":"적으로"}],"type":"pronunciation"},{"start_time":"3.96","end_time":"4.24","alternatives":[{"confidence":"0.729","content":"사건"}],"type":"pronunciation"},{"start_time":"4.24","end_time":"4.54","alternatives":[{"confidence":"0.9465","content":"접수가"}],"type":"pronunciation"},{"start_time":"4.54","end_time":"5.19","alternatives":[{"confidence":"0.9122","content":"되었어요"}],"type":"pronunciation"},{"alternatives":[{"confidence":"0.0","content":"."}],"type":"punctuation"},{"start_time":"5.77","end_time":"6.27","alternatives":[{"confidence":"0.45665","content":"뿌리앞으로"}],"type":"pronunciation"},{"start_time":"6.27","end_time":"6.64","alternatives":[{"confidence":"0.8282499999999999","content":"매각이"}],"type":"pronunciation"},{"start_time":"6.64","end_time":"6.99","alternatives":[{"confidence":"0.9863500000000001","content":"확인차"}],"type":"pronunciation"},{"start_time":"6.99","end_time":"7.24","alternatives":[{"confidence":"0.9983","content":"연락을"}],"type":"pronunciation"},{"start_time":"7.24","end_time":"8.53","alternatives":[{"confidence":"0.96785","content":"드렸어요"}],"type":"pronunciation"},{"alternatives":[{"confidence":"0.0","content":"."}],"type":"punctuation"},{"start_time":"12.74","end_time":"13.67","alternatives":[{"confidence":"0.826725","content":"본인맞으시죠"}],"type":"pronunciation"},{"alternatives":[{"confidence":"0.0","content":"."}],"type":"punctuation"},{"start_time":"14.73","end_time":"15.16","alternatives":[{"confidence":"0.8804","content":"네"}],"type":"pronunciation"},{"alternatives":[{"confidence":"0.0","content":"."}],"type":"punctuation"},{"start_time":"15.45","end_time":"15.67","alternatives":[{"confidence":"0.5251","content":"그"}],"type":"pronunciation"},{"start_time":"15.7","end_time":"16.7","alternatives":[{"confidence":"0.7847","content":"본인혹시"}],"type":"pronunciation"},{"start_time":"17.61","end_time":"18.04","alternatives":[{"confidence":"0.9003","content":"선생님"}],"type":"pronunciation"},{"start_time":"18.07","end_time":"18.5","alternatives":[{"confidence":"0.928","content":"사십이"}],"type":"pronunciation"},{"start_time":"18.5","end_time":"18.63","alternatives":[{"confidence":"0.9581","content":"세"}],"type":"pronunciation"},{"start_time":"18.63","end_time":"19.03","alternatives":[{"confidence":"0.849","content":"남성"}],"type":"pronunciation"},{"start_time":"19.03","end_time":"19.55","alternatives":[{"confidence":"0.972","content":"인데"}],"type":"pronunciation"},{"start_time":"19.68","end_time":"20.52","alternatives":[{"confidence":"0.8300333333333333","content":"김영철이라는"}],"type":"pronunciation"},{"start_time":"20.52","end_time":"20.82","alternatives":[{"confidence":"0.7367","content":"사람"}],"type":"pronunciation"},{"start_time":"20.82","end_time":"21.16","alternatives":[{"confidence":"0.9992","content":"아시는"}],"type":"pronunciation"},{"start_time":"21.16","end_time":"21.8","alternatives":[{"confidence":"0.9966333333333334","content":"분이십니까"}],"type":"pronunciation"},{"start_time":"23.84","end_time":"24.25","alternatives":[{"confidence":"0.956","content":"들어보신"}],"type":"pronunciation"},{"start_time":"24.25","end_time":"24.37","alternatives":[{"confidence":"0.84","content":"적"}],"type":"pronunciation"},{"start_time":"24.37","end_time":"24.46","alternatives":[{"confidence":"0.6723","content":"도"}],"type":"pronunciation"},{"start_time":"24.46","end_time":"25.25","alternatives":[{"confidence":"0.99195","content":"없으시고요"}],"type":"pronunciation"},{"alternatives":[{"confidence":"0.0","content":"."}],"type":"punctuation"},{"start_time":"26.78","end_time":"27.07","alternatives":[{"confidence":"1.0","content":"저희가"}],"type":"pronunciation"},{"start_time":"27.07","end_time":"27.25","alternatives":[{"confidence":"0.9892","content":"왜"}],"type":"pronunciation"},{"start_time":"27.25","end_time":"27.66","alternatives":[{"confidence":"0.94475","content":"김영철"}],"type":"pronunciation"},{"start_time":"27.66","end_time":"28.08","alternatives":[{"confidence":"0.9996","content":"관련해서"}],"type":"pronunciation"},{"start_time":"28.08","end_time":"29.14","alternatives":[{"confidence":"0.9997333333333334","content":"여쭤봤냐면"}],"type":"pronunciation"},{"alternatives":[{"confidence":"0.0","content":"?"}],"type":"punctuation"},{"start_time":"29.17","end_time":"29.48","alternatives":[{"confidence":"1.0","content":"저희가"}],"type":"pronunciation"},{"start_time":"29.48","end_time":"29.87","alternatives":[{"confidence":"0.9622","content":"현재"}],"type":"pronunciation"},{"start_time":"29.91","end_time":"30.46","alternatives":[{"confidence":"0.9166","content":"김영철"}],"type":"pronunciation"},{"start_time":"30.46","end_time":"30.98","alternatives":[{"confidence":"0.99805","content":"주범으로"}],"type":"pronunciation"},{"start_time":"30.98","end_time":"31.3","alternatives":[{"confidence":"1.0","content":"인한"}],"type":"pronunciation"},{"start_time":"31.3","end_time":"32.26","alternatives":[{"confidence":"0.8432","content":"금융범죄사기단을"}],"type":"pronunciation"},{"start_time":"32.26","end_time":"32.69","alternatives":[{"confidence":"0.9977","content":"검거를"}],"type":"pronunciation"},{"start_time":"32.69","end_time":"33.38","alternatives":[{"confidence":"0.9987","content":"했습니다"}],"type":"pronunciation"},{"alternatives":[{"confidence":"0.0","content":"."}],"type":"punctuation"},{"start_time":"34.28","end_time":"34.47","alternatives":[{"confidence":"0.8065","content":"네"}],"type":"pronunciation"},{"alternatives":[{"confidence":"0.0","content":"."}],"type":"punctuation"},{"start_time":"34.48","end_time":"35.8","alternatives":[{"confidence":"0.729","content":"건강현장에서"}],"type":"pronunciation"},{"start_time":"35.8","end_time":"36.2","alternatives":[{"confidence":"0.5913","content":"대량의"}],"type":"pronunciation"},{"start_time":"36.2","end_time":"36.8","alternatives":[{"confidence":"0.98795","content":"신용카드와"}],"type":"pronunciation"},{"start_time":"36.8","end_time":"37.1","alternatives":[{"confidence":"0.70035","content":"대법"}],"type":"pronunciation"},{"start_time":"37.1","end_time":"37.43","alternatives":[{"confidence":"0.7072","content":"총장"}],"type":"pronunciation"},{"start_time":"37.43","end_time":"37.62","alternatives":[{"confidence":"0.9995","content":"등이"}],"type":"pronunciation"},{"start_time":"37.62","end_time":"38.0","alternatives":[{"confidence":"0.99075","content":"발견이"}],"type":"pronunciation"},{"start_time":"38.0","end_time":"38.73","alternatives":[{"confidence":"0.99725","content":"되었고요"}],"type":"pronunciation"},{"alternatives":[{"confidence":"0.0","content":"."}],"type":"punctuation"},{"start_time":"39.65","end_time":"40.45","alternatives":[{"confidence":"0.97675","content":"압수현장에서"}],"type":"pronunciation"},{"start_time":"40.45","end_time":"40.57","alternatives":[{"confidence":"0.829","content":"이제"}],"type":"pronunciation"},{"start_time":"40.57","end_time":"40.94","alternatives":[{"confidence":"1.0","content":"문제가"}],"type":"pronunciation"},{"start_time":"40.94","end_time":"41.17","alternatives":[{"confidence":"1.0","content":"되는"}],"type":"pronunciation"},{"start_time":"41.17","end_time":"41.76","alternatives":[{"confidence":"0.6453","content":"것이"}],"type":"pronunciation"},{"start_time":"42.73","end_time":"42.94","alternatives":[{"confidence":"0.8501","content":"으로"}],"type":"pronunciation"},{"start_time":"42.94","end_time":"43.25","alternatives":[{"confidence":"0.988","content":"된"}],"type":"pronunciation"},{"start_time":"43.25","end_time":"43.71","alternatives":[{"confidence":"0.98185","content":"농협과"}],"type":"pronunciation"},{"start_time":"43.71","end_time":"44.86","alternatives":[{"confidence":"0.9859666666666667","content":"하나은행총장이"}],"type":"pronunciation"},{"start_time":"44.89","end_time":"45.21","alternatives":[{"confidence":"0.7906","content":"불법"}],"type":"pronunciation"},{"start_time":"45.21","end_time":"45.64","alternatives":[{"confidence":"0.9781","content":"통장으로"}],"type":"pronunciation"},{"start_time":"45.64","end_time":"45.96","alternatives":[{"confidence":"0.69985","content":"발견이"}],"type":"pronunciation"},{"start_time":"45.96","end_time":"46.73","alternatives":[{"confidence":"0.9998","content":"되었어요"}],"type":"pronunciation"},{"alternatives":[{"confidence":"0.0","content":"."}],"type":"punctuation"},{"start_time":"47.84","end_time":"48.12","alternatives":[{"confidence":"1.0","content":"그래서"}],"type":"pronunciation"},{"start_time":"48.12","end_time":"48.36","alternatives":[{"confidence":"0.9991","content":"저희가"}],"type":"pronunciation"},{"start_time":"48.36","end_time":"48.82","alternatives":[{"confidence":"1.0","content":"현장에서"}],"type":"pronunciation"},{"start_time":"48.82","end_time":"49.27","alternatives":[{"confidence":"0.91945","content":"압수조치를"}],"type":"pronunciation"},{"start_time":"49.27","end_time":"49.38","alternatives":[{"confidence":"0.9967","content":"한"}],"type":"pronunciation"},{"start_time":"49.38","end_time":"50.19","alternatives":[{"confidence":"0.9902500000000001","content":"상태고요"}],"type":"pronunciation"},{"alternatives":[{"confidence":"0.0","content":"."}],"type":"punctuation"},{"start_time":"50.72","end_time":"51.14","alternatives":[{"confidence":"0.2487","content":"본인"}],"type":"pronunciation"},{"start_time":"51.26","end_time":"51.48","alternatives":[{"confidence":"0.3485","content":"두"}],"type":"pronunciation"},{"start_time":"51.48","end_time":"52.13","alternatives":[{"confidence":"0.8565333333333333","content":"계좌개설에"}],"type":"pronunciation"},{"start_time":"52.13","end_time":"52.39","alternatives":[{"confidence":"0.9959","content":"대해서"}],"type":"pronunciation"},{"start_time":"52.39","end_time":"52.63","alternatives":[{"confidence":"1.0","content":"혹시"}],"type":"pronunciation"},{"start_time":"52.63","end_time":"52.99","alternatives":[{"confidence":"0.9357","content":"아쉬운"}],"type":"pronunciation"},{"start_time":"52.99","end_time":"53.21","alternatives":[{"confidence":"0.7437","content":"내용이"}],"type":"pronunciation"},{"start_time":"53.21","end_time":"53.6","alternatives":[{"confidence":"0.7614","content":"있습니까"}],"type":"pronunciation"},{"alternatives":[{"confidence":"0.0","content":"?"}],"type":"punctuation"},{"start_time":"53.6","end_time":"53.92","alternatives":[{"confidence":"1.0","content":"본인이"}],"type":"pronunciation"},{"start_time":"53.95","end_time":"54.43","alternatives":[{"confidence":"0.875","content":"직접"}],"type":"pronunciation"},{"start_time":"56.46","end_time":"56.97","alternatives":[{"confidence":"0.9552","content":"과거에"}],"type":"pronunciation"},{"start_time":"56.97","end_time":"57.36","alternatives":[{"confidence":"0.70895","content":"개선하신"}],"type":"pronunciation"},{"start_time":"57.36","end_time":"57.57","alternatives":[{"confidence":"0.9911","content":"적도"}],"type":"pronunciation"},{"start_time":"57.57","end_time":"58.68","alternatives":[{"confidence":"0.9937","content":"없으시고요"}],"type":"pronunciation"},{"start_time":"60.01","end_time":"60.3","alternatives":[{"confidence":"1.0","content":"전혀"}],"type":"pronunciation"},{"start_time":"60.3","end_time":"60.54","alternatives":[{"confidence":"0.9164","content":"사용"}],"type":"pronunciation"},{"start_time":"60.54","end_time":"60.64","alternatives":[{"confidence":"0.7159","content":"안"}],"type":"pronunciation"},{"start_time":"60.64","end_time":"60.93","alternatives":[{"confidence":"0.8228","content":"하시는"}],"type":"pronunciation"},{"start_time":"60.93","end_time":"61.59","alternatives":[{"confidence":"0.70665","content":"금융권이세요"}],"type":"pronunciation"},{"alternatives":[{"confidence":"0.0","content":"."}],"type":"punctuation"},{"start_time":"61.88","end_time":"62.02","alternatives":[{"confidence":"0.0413","content":"네"}],"type":"pronunciation"},{"alternatives":[{"confidence":"0.0","content":","}],"type":"punctuation"},{"start_time":"63.12","end_time":"63.69","alternatives":[{"confidence":"0.7349","content":"알겠습니다"}],"type":"pronunciation"},{"alternatives":[{"confidence":"0.0","content":"."}],"type":"punctuation"},{"start_time":"63.69","end_time":"64.14","alternatives":[{"confidence":"0.9967","content":"기재를"}],"type":"pronunciation"},{"start_time":"64.14","end_time":"64.84","alternatives":[{"confidence":"0.64825","content":"일겠고"}],"type":"pronunciation"},{"start_time":"65.29","end_time":"65.63","alternatives":[{"confidence":"1.0","content":"일단"}],"type":"pronunciation"},{"start_time":"65.63","end_time":"65.78","alternatives":[{"confidence":"0.9994","content":"좀"}],"type":"pronunciation"},{"start_time":"65.78","end_time":"66.15","alternatives":[{"confidence":"1.0","content":"설명을"}],"type":"pronunciation"},{"start_time":"66.15","end_time":"66.29","alternatives":[{"confidence":"0.9907","content":"좀"}],"type":"pronunciation"},{"start_time":"66.3","end_time":"66.58","alternatives":[{"confidence":"0.9916","content":"드려야"}],"type":"pronunciation"},{"start_time":"66.58","end_time":"66.72","alternatives":[{"confidence":"0.8747","content":"될"}],"type":"pronunciation"},{"start_time":"66.72","end_time":"66.84","alternatives":[{"confidence":"0.9911","content":"것"}],"type":"pronunciation"},{"start_time":"66.84","end_time":"67.57","alternatives":[{"confidence":"0.9941","content":"같아요"}],"type":"pronunciation"},{"alternatives":[{"confidence":"0.0","content":"."}],"type":"punctuation"},{"start_time":"67.66","end_time":"68.1","alternatives":[{"confidence":"0.9821","content":"돈이"}],"type":"pronunciation"},{"start_time":"68.33","end_time":"69.29","alternatives":[{"confidence":"0.77155","content":"이천십사년"}],"type":"pronunciation"},{"start_time":"69.29","end_time":"69.72","alternatives":[{"confidence":"0.9307000000000001","content":"칠월"}],"type":"pronunciation"},{"start_time":"69.72","end_time":"70.66","alternatives":[{"confidence":"0.7967333333333334","content":"칠해경에"}],"type":"pronunciation"},{"alternatives":[{"confidence":"0.0","content":"."}],"type":"punctuation"},{"start_time":"70.69","end_time":"70.98","alternatives":[{"confidence":"1.0","content":"혹시"}],"type":"pronunciation"},{"start_time":"71.07","end_time":"71.59","alternatives":[{"confidence":"0.9589","content":"경기도"}],"type":"pronunciation"},{"start_time":"71.59","end_time":"72.36","alternatives":[{"confidence":"1.0","content":"광명시"}],"type":"pronunciation"},{"start_time":"72.36","end_time":"72.99","alternatives":[{"confidence":"0.9995666666666666","content":"철산동에"}],"type":"pronunciation"},{"start_time":"72.99","end_time":"73.61","alternatives":[{"confidence":"1.0","content":"위치한"}],"type":"pronunciation"},{"start_time":"73.61","end_time":"74.88","alternatives":[{"confidence":"0.7715333333333333","content":"1실력지점에서"}],"type":"pronunciation"},{"start_time":"75.32","end_time":"75.94","alternatives":[{"confidence":"0.9753499999999999","content":"농협과"}],"type":"pronunciation"},{"start_time":"75.94","end_time":"76.41","alternatives":[{"confidence":"0.52895","content":"하나원은"}],"type":"pronunciation"},{"start_time":"76.41","end_time":"77.01","alternatives":[{"confidence":"0.6193","content":"총장님"}],"type":"pronunciation"},{"start_time":"77.57","end_time":"78.02","alternatives":[{"confidence":"1.0","content":"이름으로"}],"type":"pronunciation"},{"start_time":"78.02","end_time":"78.24","alternatives":[{"confidence":"0.9977","content":"된"}],"type":"pronunciation"},{"start_time":"78.24","end_time":"78.89","alternatives":[{"confidence":"0.8481333333333333","content":"법인계좌로"}],"type":"pronunciation"},{"start_time":"78.89","end_time":"79.22","alternatives":[{"confidence":"0.98105","content":"발견이"}],"type":"pronunciation"},{"start_time":"79.22","end_time":"79.97","alternatives":[{"confidence":"0.9999","content":"되었습니다"}],"type":"pronunciation"},{"alternatives":[{"confidence":"0.0","content":"."}],"type":"punctuation"},{"start_time":"81.06","end_time":"81.7","alternatives":[{"confidence":"1.0","content":"저희가"}],"type":"pronunciation"},{"start_time":"81.7","end_time":"82.05","alternatives":[{"confidence":"0.5333","content":"불법"}],"type":"pronunciation"},{"start_time":"82.05","end_time":"82.5","alternatives":[{"confidence":"0.9998","content":"현장에서"}],"type":"pronunciation"},{"start_time":"82.5","end_time":"82.81","alternatives":[{"confidence":"0.99275","content":"압수가"}],"type":"pronunciation"},{"start_time":"82.81","end_time":"83.14","alternatives":[{"confidence":"0.9885","content":"되었기"}],"type":"pronunciation"},{"start_time":"83.14","end_time":"83.72","alternatives":[{"confidence":"1.0","content":"때문에"}],"type":"pronunciation"},{"start_time":"83.75","end_time":"83.9","alternatives":[{"confidence":"0.9107","content":"좀"}],"type":"pronunciation"},{"start_time":"83.9","end_time":"84.78","alternatives":[{"confidence":"0.99985","content":"계좌자체는"}],"type":"pronunciation"},{"start_time":"84.78","end_time":"85.5","alternatives":[{"confidence":"0.9092333333333333","content":"동결처리와"}],"type":"pronunciation"},{"start_time":"85.5","end_time":"86.08","alternatives":[{"confidence":"1.0","content":"동시에"}],"type":"pronunciation"},{"start_time":"86.08","end_time":"86.49","alternatives":[{"confidence":"1.0","content":"국고로"}],"type":"pronunciation"},{"start_time":"86.49","end_time":"87.02","alternatives":[{"confidence":"0.8628","content":"환수치를"}],"type":"pronunciation"},{"start_time":"87.02","end_time":"87.6","alternatives":[{"confidence":"0.9989","content":"했고요"}],"type":"pronunciation"},{"alternatives":[{"confidence":"0.0","content":"."}],"type":"punctuation"},{"start_time":"88.91","end_time":"89.63","alternatives":[{"confidence":"0.9999","content":"일단은"}],"type":"pronunciation"},{"start_time":"89.63","end_time":"90.53","alternatives":[{"confidence":"0.9216500000000001","content":"본인작년"}],"type":"pronunciation"},{"start_time":"90.53","end_time":"90.74","alternatives":[{"confidence":"0.6157","content":"7"}],"type":"pronunciation"},{"start_time":"90.74","end_time":"90.84","alternatives":[{"confidence":"0.8065","content":"월"}],"type":"pronunciation"},{"start_time":"90.84","end_time":"91.08","alternatives":[{"confidence":"0.7792","content":"경에"}],"type":"pronunciation"},{"start_time":"91.08","end_time":"91.33","alternatives":[{"confidence":"1.0","content":"혹시"}],"type":"pronunciation"},{"start_time":"91.33","end_time":"91.83","alternatives":[{"confidence":"0.6719666666666667","content":"철산동에"}],"type":"pronunciation"},{"start_time":"91.83","end_time":"92.82","alternatives":[{"confidence":"0.9966999999999999","content":"방문하셔서"}],"type":"pronunciation"},{"start_time":"92.94","end_time":"94.21","alternatives":[{"confidence":"0.83545","content":"금융권이라든지"}],"type":"pronunciation"},{"start_time":"94.33","end_time":"95.18","alternatives":[{"confidence":"0.8045666666666667","content":"통장개선하신"}],"type":"pronunciation"},{"start_time":"95.18","end_time":"95.32","alternatives":[{"confidence":"0.9886","content":"적이"}],"type":"pronunciation"},{"start_time":"95.32","end_time":"95.81","alternatives":[{"confidence":"1.0","content":"있습니까"}],"type":"pronunciation"},{"alternatives":[{"confidence":"0.0","content":"?"}],"type":"punctuation"},{"start_time":"97.67","end_time":"98.16","alternatives":[{"confidence":"0.85755","content":"연고지도"}],"type":"pronunciation"},{"start_time":"98.16","end_time":"99.42","alternatives":[{"confidence":"0.99525","content":"없으시고요"}],"type":"pronunciation"},{"start_time":"101.19","end_time":"101.65","alternatives":[{"confidence":"1.0","content":"일단은"}],"type":"pronunciation"},{"start_time":"101.65","end_time":"101.96","alternatives":[{"confidence":"1.0","content":"저희가"}],"type":"pronunciation"},{"start_time":"102.11","end_time":"102.86","alternatives":[{"confidence":"0.8821","content":"말씀드린"}],"type":"pronunciation"},{"start_time":"102.86","end_time":"103.0","alternatives":[{"confidence":"0.3218","content":"두"}],"type":"pronunciation"},{"start_time":"103.0","end_time":"104.03","alternatives":[{"confidence":"0.999","content":"계좌자체를"}],"type":"pronunciation"},{"alternatives":[{"confidence":"0.0","content":"."}],"type":"punctuation"},{"start_time":"104.03","end_time":"104.25","alternatives":[{"confidence":"0.9967","content":"저희가"}],"type":"pronunciation"},{"start_time":"104.25","end_time":"105.19","alternatives":[{"confidence":"0.89725","content":"금융감독원의"}],"type":"pronunciation"},{"start_time":"105.19","end_time":"105.56","alternatives":[{"confidence":"0.3935","content":"제재를"}],"type":"pronunciation"},{"start_time":"105.56","end_time":"105.8","alternatives":[{"confidence":"0.6915","content":"해본"}],"type":"pronunciation"},{"start_time":"105.8","end_time":"106.48","alternatives":[{"confidence":"0.9821","content":"결과"}],"type":"pronunciation"},{"start_time":"106.73","end_time":"107.36","alternatives":[{"confidence":"1.0","content":"확실히"}],"type":"pronunciation"},{"start_time":"107.87","end_time":"108.26","alternatives":[{"confidence":"0.8128","content":"본인"}],"type":"pronunciation"},{"start_time":"108.26","end_time":"108.56","alternatives":[{"confidence":"1.0","content":"명의로"}],"type":"pronunciation"},{"start_time":"108.56","end_time":"108.74","alternatives":[{"confidence":"0.1123","content":"된"}],"type":"pronunciation"},{"start_time":"108.98","end_time":"109.47","alternatives":[{"confidence":"0.8667","content":"본인"}],"type":"pronunciation"},{"start_time":"109.47","end_time":"109.75","alternatives":[{"confidence":"1.0","content":"명의로"}],"type":"pronunciation"},{"start_time":"109.75","end_time":"110.61","alternatives":[{"confidence":"0.413925","content":"개설여행통장으로"}],"type":"pronunciation"},{"start_time":"110.61","end_time":"110.93","alternatives":[{"confidence":"0.7758499999999999","content":"확인이"}],"type":"pronunciation"},{"start_time":"110.93","end_time":"111.62","alternatives":[{"confidence":"0.9921","content":"되었고요"}],"type":"pronunciation"},{"alternatives":[{"confidence":"0.0","content":"."}],"type":"punctuation"},{"start_time":"112.26","end_time":"112.57","alternatives":[{"confidence":"0.9892","content":"이번"}],"type":"pronunciation"},{"start_time":"112.57","end_time":"112.88","alternatives":[{"confidence":"0.976","content":"사건"}],"type":"pronunciation"},{"start_time":"112.88","end_time":"113.34","alternatives":[{"confidence":"1.0","content":"자체가"}],"type":"pronunciation"},{"start_time":"113.37","end_time":"114.4","alternatives":[{"confidence":"0.84355","content":"본인뿐만이"}],"type":"pronunciation"},{"start_time":"114.4","end_time":"114.92","alternatives":[{"confidence":"0.9999","content":"아니라"}],"type":"pronunciation"},{"start_time":"114.92","end_time":"115.5","alternatives":[{"confidence":"1.0","content":"전국적으로"}],"type":"pronunciation"},{"start_time":"115.5","end_time":"115.98","alternatives":[{"confidence":"0.6024","content":"백팔십"}],"type":"pronunciation"},{"start_time":"115.98","end_time":"116.16","alternatives":[{"confidence":"0.8931","content":"명"}],"type":"pronunciation"},{"start_time":"116.16","end_time":"116.55","alternatives":[{"confidence":"0.8349","content":"이상"}],"type":"pronunciation"},{"start_time":"116.55","end_time":"116.88","alternatives":[{"confidence":"0.9841","content":"연료가"}],"type":"pronunciation"},{"start_time":"116.88","end_time":"117.11","alternatives":[{"confidence":"0.9487","content":"되어"}],"type":"pronunciation"},{"start_time":"117.11","end_time":"117.34","alternatives":[{"confidence":"0.9472","content":"있는"}],"type":"pronunciation"},{"start_time":"117.34","end_time":"117.88","alternatives":[{"confidence":"1.0","content":"광범위한"}],"type":"pronunciation"},{"start_time":"117.88","end_time":"119.14","alternatives":[{"confidence":"0.92555","content":"금융사기사건입니다"}],"type":"pronunciation"},{"alternatives":[{"confidence":"0.0","content":"."}],"type":"punctuation"},{"start_time":"119.95","end_time":"120.23","alternatives":[{"confidence":"0.3279","content":"그니까"}],"type":"pronunciation"},{"start_time":"120.23","end_time":"121.0","alternatives":[{"confidence":"0.8511000000000001","content":"금융감정과"}],"type":"pronunciation"},{"start_time":"121.0","end_time":"121.5","alternatives":[{"confidence":"0.9887","content":"함께"}],"type":"pronunciation"},{"start_time":"121.5","end_time":"122.08","alternatives":[{"confidence":"0.8947","content":"형평성을"}],"type":"pronunciation"},{"start_time":"122.08","end_time":"122.33","alternatives":[{"confidence":"0.9797","content":"진행"}],"type":"pronunciation"},{"start_time":"122.33","end_time":"122.56","alternatives":[{"confidence":"0.9818","content":"중에"}],"type":"pronunciation"},{"start_time":"122.56","end_time":"123.2","alternatives":[{"confidence":"0.9764","content":"있고"}],"type":"pronunciation"},{"start_time":"124.63","end_time":"125.06","alternatives":[{"confidence":"1.0","content":"정확하게"}],"type":"pronunciation"},{"start_time":"125.06","end_time":"125.53","alternatives":[{"confidence":"0.88","content":"연락되는"}],"type":"pronunciation"},{"start_time":"125.53","end_time":"126.25","alternatives":[{"confidence":"1.0","content":"이유는"}],"type":"pronunciation"},{"start_time":"126.37","end_time":"126.93","alternatives":[{"confidence":"1.0","content":"본인이"}],"type":"pronunciation"},{"start_time":"126.93","end_time":"127.59","alternatives":[{"confidence":"0.9936","content":"직접"}],"type":"pronunciation"},{"start_time":"127.68","end_time":"128.14","alternatives":[{"confidence":"1.0","content":"계좌를"}],"type":"pronunciation"},{"start_time":"128.14","end_time":"129.43","alternatives":[{"confidence":"0.8050999999999999","content":"개설하셔가지고"}],"type":"pronunciation"},{"start_time":"129.89","end_time":"130.34","alternatives":[{"confidence":"0.9718","content":"김영철"}],"type":"pronunciation"},{"start_time":"130.34","end_time":"131.02","alternatives":[{"confidence":"0.9916499999999999","content":"회장에게"}],"type":"pronunciation"},{"start_time":"131.02","end_time":"131.62","alternatives":[{"confidence":"0.9869","content":"금전적인"}],"type":"pronunciation"},{"start_time":"131.62","end_time":"132.0","alternatives":[{"confidence":"1.0","content":"대가를"}],"type":"pronunciation"},{"start_time":"132.0","end_time":"132.61","alternatives":[{"confidence":"0.9979","content":"받고"}],"type":"pronunciation"},{"start_time":"132.65","end_time":"133.29","alternatives":[{"confidence":"0.9587","content":"대포통장을"}],"type":"pronunciation"},{"start_time":"133.29","end_time":"133.93","alternatives":[{"confidence":"0.8928","content":"판매및"}],"type":"pronunciation"},{"start_time":"133.93","end_time":"134.23","alternatives":[{"confidence":"0.797","content":"양도"}],"type":"pronunciation"},{"start_time":"134.23","end_time":"134.34","alternatives":[{"confidence":"0.8217","content":"한"}],"type":"pronunciation"},{"start_time":"134.34","end_time":"134.67","alternatives":[{"confidence":"0.999","content":"사실이"}],"type":"pronunciation"},{"start_time":"134.67","end_time":"135.45","alternatives":[{"confidence":"0.9997","content":"있으신지"}],"type":"pronunciation"},{"start_time":"136.06","end_time":"136.61","alternatives":[{"confidence":"0.99465","content":"아니시면"}],"type":"pronunciation"},{"start_time":"136.61","end_time":"136.92","alternatives":[{"confidence":"0.8624","content":"본인의"}],"type":"pronunciation"},{"start_time":"136.92","end_time":"137.59","alternatives":[{"confidence":"0.9509","content":"개인정보가"}],"type":"pronunciation"},{"start_time":"137.59","end_time":"138.35","alternatives":[{"confidence":"1.0","content":"유출되면서"}],"type":"pronunciation"},{"start_time":"138.35","end_time":"138.47","alternatives":[{"confidence":"0.2008","content":"뭐"}],"type":"pronunciation"},{"start_time":"138.62","end_time":"138.83","alternatives":[{"confidence":"0.8913","content":"등을"}],"type":"pronunciation"},{"start_time":"138.83","end_time":"139.4","alternatives":[{"confidence":"0.90205","content":"당하신"}],"type":"pronunciation"},{"start_time":"139.4","end_time":"140.32","alternatives":[{"confidence":"0.851375","content":"피해자분이신지에"}],"type":"pronunciation"},{"start_time":"140.32","end_time":"140.7","alternatives":[{"confidence":"0.9952","content":"대해서"}],"type":"pronunciation"},{"start_time":"140.7","end_time":"141.4","alternatives":[{"confidence":"0.9843999999999999","content":"확신여부를"}],"type":"pronunciation"},{"start_time":"141.4","end_time":"142.13","alternatives":[{"confidence":"0.9983","content":"가리고자"}],"type":"pronunciation"},{"start_time":"142.53","end_time":"142.89","alternatives":[{"confidence":"0.9993","content":"연락을"}],"type":"pronunciation"},{"start_time":"142.89","end_time":"143.61","alternatives":[{"confidence":"0.8124666666666668","content":"드린거고요"}],"type":"pronunciation"},{"alternatives":[{"confidence":"0.0","content":"."}],"type":"punctuation"},{"start_time":"144.33","end_time":"144.55","alternatives":[{"confidence":"1.0","content":"제가"}],"type":"pronunciation"},{"start_time":"144.64","end_time":"145.14","alternatives":[{"confidence":"0.9558","content":"말씀드린"}],"type":"pronunciation"},{"start_time":"145.14","end_time":"145.42","alternatives":[{"confidence":"0.8176","content":"내용"}],"type":"pronunciation"},{"start_time":"145.42","end_time":"145.61","alternatives":[{"confidence":"0.9987","content":"중에"}],"type":"pronunciation"},{"start_time":"145.61","end_time":"145.94","alternatives":[{"confidence":"0.9997","content":"본인이"}],"type":"pronunciation"},{"start_time":"145.94","end_time":"146.18","alternatives":[{"confidence":"0.9955","content":"알고"}],"type":"pronunciation"},{"start_time":"146.18","end_time":"146.55","alternatives":[{"confidence":"0.9977","content":"계셨던"}],"type":"pronunciation"},{"start_time":"146.55","end_time":"146.78","alternatives":[{"confidence":"0.4755","content":"내용"}],"type":"pronunciation"},{"start_time":"146.9","end_time":"147.46","alternatives":[{"confidence":"1.0","content":"하나도"}],"type":"pronunciation"},{"start_time":"147.46","end_time":"148.17","alternatives":[{"confidence":"0.8358","content":"없으신거에요"}],"type":"pronunciation"},{"start_time":"150.29","end_time":"151.18","alternatives":[{"confidence":"0.7871333333333332","content":"통장개선사실도"}],"type":"pronunciation"},{"start_time":"151.18","end_time":"151.4","alternatives":[{"confidence":"1.0","content":"전혀"}],"type":"pronunciation"},{"start_time":"151.4","end_time":"152.06","alternatives":[{"confidence":"0.9451","content":"모르셨고"}],"type":"pronunciation"},{"start_time":"153.23","end_time":"153.86","alternatives":[{"confidence":"0.9993","content":"알겠습니다"}],"type":"pronunciation"},{"alternatives":[{"confidence":"0.0","content":"."}],"type":"punctuation"},{"start_time":"153.86","end_time":"154.52","alternatives":[{"confidence":"1.0","content":"일단은"}],"type":"pronunciation"},{"start_time":"154.8","end_time":"155.31","alternatives":[{"confidence":"1.0","content":"단순히"}],"type":"pronunciation"},{"start_time":"155.34","end_time":"155.63","alternatives":[{"confidence":"0.9632","content":"보통"}],"type":"pronunciation"},{"start_time":"155.78","end_time":"155.92","alternatives":[{"confidence":"0.8952","content":"두"}],"type":"pronunciation"},{"start_time":"155.92","end_time":"156.18","alternatives":[{"confidence":"0.9999","content":"점이"}],"type":"pronunciation"},{"start_time":"156.18","end_time":"156.83","alternatives":[{"confidence":"0.9674","content":"발견되어서"}],"type":"pronunciation"},{"start_time":"156.83","end_time":"157.25","alternatives":[{"confidence":"0.9909","content":"연락드린"}],"type":"pronunciation"},{"start_time":"157.25","end_time":"157.39","alternatives":[{"confidence":"0.9954","content":"건"}],"type":"pronunciation"},{"start_time":"157.39","end_time":"158.08","alternatives":[{"confidence":"0.9967","content":"아니고요"}],"type":"pronunciation"},{"alternatives":[{"confidence":"0.0","content":"."}],"type":"punctuation"},{"start_time":"158.94","end_time":"159.61","alternatives":[{"confidence":"1.0","content":"실질적으로"}],"type":"pronunciation"},{"start_time":"159.61","end_time":"159.9","alternatives":[{"confidence":"0.9971","content":"이제"}],"type":"pronunciation"},{"start_time":"159.93","end_time":"160.55","alternatives":[{"confidence":"0.9942","content":"본인"}],"type":"pronunciation"},{"start_time":"160.55","end_time":"161.03","alternatives":[{"confidence":"1.0","content":"통장으로"}],"type":"pronunciation"},{"start_time":"161.03","end_time":"161.68","alternatives":[{"confidence":"1.0","content":"인해서"}],"type":"pronunciation"},{"start_time":"161.8","end_time":"162.16","alternatives":[{"confidence":"0.5329","content":"불법"}],"type":"pronunciation"},{"start_time":"162.16","end_time":"162.51","alternatives":[{"confidence":"0.5799","content":"자금을"}],"type":"pronunciation"},{"start_time":"162.51","end_time":"162.8","alternatives":[{"confidence":"0.7082","content":"이동이"}],"type":"pronunciation"},{"start_time":"162.8","end_time":"163.48","alternatives":[{"confidence":"0.9998","content":"되었어요"}],"type":"pronunciation"},{"alternatives":[{"confidence":"0.0","content":"."}],"type":"punctuation"},{"start_time":"163.9","end_time":"164.42","alternatives":[{"confidence":"0.6597999999999999","content":"피해자들도"}],"type":"pronunciation"},{"start_time":"164.42","end_time":"164.81","alternatives":[{"confidence":"0.9975499999999999","content":"입금을"}],"type":"pronunciation"},{"start_time":"164.81","end_time":"165.37","alternatives":[{"confidence":"0.9998","content":"시키면서"}],"type":"pronunciation"},{"start_time":"165.37","end_time":"165.71","alternatives":[{"confidence":"0.9329","content":"피해가"}],"type":"pronunciation"},{"start_time":"165.77","end_time":"166.09","alternatives":[{"confidence":"0.97855","content":"발생이"}],"type":"pronunciation"},{"start_time":"166.09","end_time":"166.44","alternatives":[{"confidence":"0.9977","content":"되었기"}],"type":"pronunciation"},{"start_time":"166.44","end_time":"166.99","alternatives":[{"confidence":"1.0","content":"때문에"}],"type":"pronunciation"},{"start_time":"167.02","end_time":"167.24","alternatives":[{"confidence":"0.9975","content":"저희"}],"type":"pronunciation"},{"start_time":"167.24","end_time":"168.39","alternatives":[{"confidence":"0.8656666666666667","content":"첨단범죄으로"}],"type":"pronunciation"},{"start_time":"168.39","end_time":"168.9","alternatives":[{"confidence":"0.6492500000000001","content":"이관해주신"}],"type":"pronunciation"},{"start_time":"168.9","end_time":"169.36","alternatives":[{"confidence":"1.0","content":"거고"}],"type":"pronunciation"},{"start_time":"169.39","end_time":"169.93","alternatives":[{"confidence":"1.0","content":"혹시"}],"type":"pronunciation"},{"start_time":"169.93","end_time":"170.95","alternatives":[{"confidence":"0.8612000000000001","content":"메모가능하십니까"}],"type":"pronunciation"},{"start_time":"172.25","end_time":"173.07","alternatives":[{"confidence":"0.363","content":"강력시"}],"type":"pronunciation"},{"start_time":"174.62","end_time":"174.9","alternatives":[{"confidence":"0.5731","content":"근무"}],"type":"pronunciation"},{"start_time":"174.9","end_time":"175.56","alternatives":[{"confidence":"0.36355000000000004","content":"중이세요"}],"type":"pronunciation"},{"start_time":"177.25","end_time":"177.49","alternatives":[{"confidence":"0.6251","content":"통화"}],"type":"pronunciation"},{"start_time":"177.49","end_time":"178.3","alternatives":[{"confidence":"0.99925","content":"불가능하세요"}],"type":"pronunciation"},{"start_time":"179.98","end_time":"181.21","alternatives":[{"confidence":"0.74125","content":"본인앞으로"}],"type":"pronunciation"},{"start_time":"181.5","end_time":"182.17","alternatives":[{"confidence":"0.7783000000000001","content":"조사처연락을"}],"type":"pronunciation"},{"start_time":"182.17","end_time":"182.99","alternatives":[{"confidence":"1.0","content":"드렸는데"}],"type":"pronunciation"},{"start_time":"182.99","end_time":"183.8","alternatives":[{"confidence":"1.0","content":"불가능하시면"}],"type":"pronunciation"},{"start_time":"183.8","end_time":"184.59","alternatives":[{"confidence":"1.0","content":"저희가"}],"type":"pronunciation"},{"start_time":"185.0","end_time":"185.53","alternatives":[{"confidence":"1.0","content":"간단하게"}],"type":"pronunciation"},{"start_time":"185.53","end_time":"185.86","alternatives":[{"confidence":"0.9788","content":"설명을"}],"type":"pronunciation"},{"start_time":"185.86","end_time":"185.99","alternatives":[{"confidence":"0.9952","content":"좀"}],"type":"pronunciation"},{"start_time":"186.0","end_time":"186.72","alternatives":[{"confidence":"0.9964","content":"드릴게요"}],"type":"pronunciation"},{"alternatives":[{"confidence":"0.0","content":"."}],"type":"punctuation"},{"start_time":"187.13","end_time":"187.73","alternatives":[{"confidence":"0.9430000000000001","content":"중고나라"}],"type":"pronunciation"},{"start_time":"187.73","end_time":"188.04","alternatives":[{"confidence":"0.884","content":"사이트"}],"type":"pronunciation"},{"start_time":"188.04","end_time":"188.26","alternatives":[{"confidence":"0.9948","content":"라고"}],"type":"pronunciation"},{"start_time":"188.26","end_time":"188.75","alternatives":[{"confidence":"0.9999","content":"아시죠"}],"type":"pronunciation"},{"alternatives":[{"confidence":"0.0","content":"?"}],"type":"punctuation"},{"start_time":"189.63","end_time":"190.13","alternatives":[{"confidence":"0.9997","content":"아니요"}],"type":"pronunciation"},{"alternatives":[{"confidence":"0.0","content":"."}],"type":"punctuation"},{"start_time":"191.44","end_time":"191.63","alternatives":[{"confidence":"0.8503","content":"뭐"}],"type":"pronunciation"},{"start_time":"191.64","end_time":"192.48","alternatives":[{"confidence":"0.9827333333333333","content":"중고매물사고"}],"type":"pronunciation"},{"start_time":"192.48","end_time":"192.73","alternatives":[{"confidence":"1.0","content":"팔고"}],"type":"pronunciation"},{"start_time":"192.73","end_time":"192.91","alternatives":[{"confidence":"0.9988","content":"하는"}],"type":"pronunciation"},{"start_time":"192.91","end_time":"193.19","alternatives":[{"confidence":"0.9268","content":"네이버"}],"type":"pronunciation"},{"start_time":"193.19","end_time":"193.63","alternatives":[{"confidence":"0.9925","content":"카페"}],"type":"pronunciation"},{"start_time":"193.66","end_time":"194.18","alternatives":[{"confidence":"0.9761500000000001","content":"중고나라"}],"type":"pronunciation"},{"start_time":"194.18","end_time":"194.4","alternatives":[{"confidence":"1.0","content":"전혀"}],"type":"pronunciation"},{"start_time":"194.4","end_time":"194.91","alternatives":[{"confidence":"0.9984","content":"모르세요"}],"type":"pronunciation"},{"alternatives":[{"confidence":"0.0","content":"?"}],"type":"punctuation"},{"start_time":"197.01","end_time":"197.51","alternatives":[{"confidence":"1.0","content":"일단은"}],"type":"pronunciation"},{"start_time":"197.69","end_time":"198.04","alternatives":[{"confidence":"0.8857","content":"인터넷"}],"type":"pronunciation"},{"start_time":"198.04","end_time":"198.74","alternatives":[{"confidence":"0.9932000000000001","content":"쇼핑몰사이트"}],"type":"pronunciation"},{"start_time":"198.74","end_time":"199.5","alternatives":[{"confidence":"0.9999","content":"비슷한데"}],"type":"pronunciation"},{"start_time":"199.59","end_time":"200.27","alternatives":[{"confidence":"0.8505","content":"메모들이"}],"type":"pronunciation"},{"start_time":"200.28","end_time":"200.43","alternatives":[{"confidence":"0.8723","content":"이제"}],"type":"pronunciation"},{"start_time":"201.22","end_time":"201.62","alternatives":[{"confidence":"0.9789","content":"매매가"}],"type":"pronunciation"},{"start_time":"201.62","end_time":"201.9","alternatives":[{"confidence":"0.9614","content":"되고"}],"type":"pronunciation"},{"start_time":"201.9","end_time":"202.15","alternatives":[{"confidence":"0.9964","content":"있는"}],"type":"pronunciation"},{"start_time":"202.15","end_time":"202.46","alternatives":[{"confidence":"0.7961","content":"사이트"}],"type":"pronunciation"},{"start_time":"202.46","end_time":"203.0","alternatives":[{"confidence":"0.9749","content":"입니다"}],"type":"pronunciation"},{"alternatives":[{"confidence":"0.0","content":"."}],"type":"punctuation"},{"start_time":"203.09","end_time":"203.72","alternatives":[{"confidence":"1.0","content":"이쪽으로"}],"type":"pronunciation"},{"start_time":"203.72","end_time":"203.91","alternatives":[{"confidence":"0.8281","content":"지금"}],"type":"pronunciation"},{"start_time":"203.92","end_time":"204.37","alternatives":[{"confidence":"0.9814499999999999","content":"김영철"}],"type":"pronunciation"},{"start_time":"204.37","end_time":"205.1","alternatives":[{"confidence":"0.927","content":"회장들이"}],"type":"pronunciation"},{"start_time":"205.1","end_time":"205.65","alternatives":[{"confidence":"0.9874499999999999","content":"고가의"}],"type":"pronunciation"},{"start_time":"205.74","end_time":"206.99","alternatives":[{"confidence":"0.9366","content":"가구품이라든가"}],"type":"pronunciation"},{"start_time":"207.37","end_time":"207.69","alternatives":[{"confidence":"0.9584","content":"전자"}],"type":"pronunciation"},{"start_time":"207.69","end_time":"207.99","alternatives":[{"confidence":"0.9513","content":"제품"}],"type":"pronunciation"},{"start_time":"207.99","end_time":"208.25","alternatives":[{"confidence":"0.9992","content":"같은"}],"type":"pronunciation"},{"start_time":"208.25","end_time":"208.47","alternatives":[{"confidence":"0.9464","content":"것은"}],"type":"pronunciation"},{"start_time":"208.47","end_time":"208.74","alternatives":[{"confidence":"1.0","content":"싸게"}],"type":"pronunciation"},{"start_time":"208.74","end_time":"209.17","alternatives":[{"confidence":"0.99995","content":"판다고"}],"type":"pronunciation"},{"start_time":"209.17","end_time":"210.01","alternatives":[{"confidence":"0.999","content":"올려놓고"}],"type":"pronunciation"},{"start_time":"210.59","end_time":"211.25","alternatives":[{"confidence":"0.8913500000000001","content":"김영철"}],"type":"pronunciation"},{"start_time":"211.77","end_time":"212.36","alternatives":[{"confidence":"0.9302","content":"일당들이"}],"type":"pronunciation"},{"start_time":"212.39","end_time":"212.57","alternatives":[{"confidence":"0.8064","content":"이제"}],"type":"pronunciation"},{"start_time":"212.97","end_time":"213.49","alternatives":[{"confidence":"0.6364","content":"지이름으로"}],"type":"pronunciation"},{"start_time":"213.49","end_time":"213.76","alternatives":[{"confidence":"0.9988","content":"된"}],"type":"pronunciation"},{"start_time":"213.76","end_time":"214.14","alternatives":[{"confidence":"0.99005","content":"농협과"}],"type":"pronunciation"},{"start_time":"214.14","end_time":"214.92","alternatives":[{"confidence":"0.7992666666666667","content":"하나은행통장으로"}],"type":"pronunciation"},{"start_time":"214.92","end_time":"215.26","alternatives":[{"confidence":"0.96875","content":"입금을"}],"type":"pronunciation"},{"start_time":"215.26","end_time":"215.93","alternatives":[{"confidence":"1.0","content":"시켰어요"}],"type":"pronunciation"},{"alternatives":[{"confidence":"0.0","content":"."}],"type":"punctuation"},{"start_time":"216.38","end_time":"216.7","alternatives":[{"confidence":"0.9997","content":"그래서"}],"type":"pronunciation"},{"start_time":"216.7","end_time":"216.85","alternatives":[{"confidence":"0.9851","content":"이제"}],"type":"pronunciation"},{"start_time":"216.88","end_time":"217.42","alternatives":[{"confidence":"0.9953000000000001","content":"금액만"}],"type":"pronunciation"},{"start_time":"217.42","end_time":"217.93","alternatives":[{"confidence":"0.9995499999999999","content":"인출하고"}],"type":"pronunciation"},{"start_time":"217.93","end_time":"218.66","alternatives":[{"confidence":"0.9917666666666666","content":"도주잠적한"}],"type":"pronunciation"},{"start_time":"218.66","end_time":"219.4","alternatives":[{"confidence":"0.99795","content":"상태고요"}],"type":"pronunciation"},{"alternatives":[{"confidence":"0.0","content":"."}],"type":"punctuation"},{"start_time":"220.17","end_time":"220.9","alternatives":[{"confidence":"0.8716999999999999","content":"구매자들한테"}],"type":"pronunciation"},{"start_time":"220.9","end_time":"221.32","alternatives":[{"confidence":"1.0","content":"물건을"}],"type":"pronunciation"},{"start_time":"221.32","end_time":"221.78","alternatives":[{"confidence":"0.4528","content":"보내지"}],"type":"pronunciation"},{"start_time":"221.78","end_time":"222.58","alternatives":[{"confidence":"1.0","content":"않았습니다"}],"type":"pronunciation"},{"alternatives":[{"confidence":"0.0","content":"."}],"type":"punctuation"},{"start_time":"223.05","end_time":"223.58","alternatives":[{"confidence":"0.5608","content":"그런식으로"}],"type":"pronunciation"},{"start_time":"223.58","end_time":"223.99","alternatives":[{"confidence":"0.9957","content":"발생한"}],"type":"pronunciation"},{"start_time":"223.99","end_time":"224.7","alternatives":[{"confidence":"0.7841","content":"피해합산액이"}],"type":"pronunciation"},{"start_time":"224.7","end_time":"224.95","alternatives":[{"confidence":"0.9549","content":"저희"}],"type":"pronunciation"},{"start_time":"224.95","end_time":"225.22","alternatives":[{"confidence":"0.9749","content":"쪽으로"}],"type":"pronunciation"},{"start_time":"225.22","end_time":"225.99","alternatives":[{"confidence":"0.8055666666666667","content":"사천이백만원"}],"type":"pronunciation"},{"start_time":"225.99","end_time":"226.4","alternatives":[{"confidence":"0.7759","content":"가량"}],"type":"pronunciation"},{"start_time":"226.4","end_time":"226.71","alternatives":[{"confidence":"0.99715","content":"추정을"}],"type":"pronunciation"},{"start_time":"226.71","end_time":"226.89","alternatives":[{"confidence":"0.995","content":"하고"}],"type":"pronunciation"},{"start_time":"226.89","end_time":"227.41","alternatives":[{"confidence":"0.9993","content":"있고요"}],"type":"pronunciation"},{"alternatives":[{"confidence":"0.0","content":"."}],"type":"punctuation"},{"start_time":"227.92","end_time":"228.09","alternatives":[{"confidence":"0.9896","content":"지금"}],"type":"pronunciation"},{"start_time":"228.09","end_time":"228.72","alternatives":[{"confidence":"0.9843999999999999","content":"피해자들에"}],"type":"pronunciation"},{"start_time":"228.72","end_time":"229.03","alternatives":[{"confidence":"0.9456","content":"의해서"}],"type":"pronunciation"},{"start_time":"229.58","end_time":"229.91","alternatives":[{"confidence":"0.6011","content":"본인"}],"type":"pronunciation"},{"start_time":"229.91","end_time":"230.46","alternatives":[{"confidence":"0.993","content":"앞으로"}],"type":"pronunciation"},{"start_time":"230.46","end_time":"230.67","alternatives":[{"confidence":"0.9502","content":"지금"}],"type":"pronunciation"},{"start_time":"230.68","end_time":"230.91","alternatives":[{"confidence":"0.5359","content":"사기"}],"type":"pronunciation"},{"start_time":"231.06","end_time":"231.68","alternatives":[{"confidence":"0.9951","content":"사건으로"}],"type":"pronunciation"},{"start_time":"231.68","end_time":"232.56","alternatives":[{"confidence":"0.9403666666666667","content":"고소고발조치를"}],"type":"pronunciation"},{"start_time":"232.56","end_time":"232.97","alternatives":[{"confidence":"0.5849","content":"취해놓은"}],"type":"pronunciation"},{"start_time":"232.97","end_time":"233.73","alternatives":[{"confidence":"0.60915","content":"상태에요"}],"type":"pronunciation"},{"alternatives":[{"confidence":"0.0","content":"."}],"type":"punctuation"},{"start_time":"235.03","end_time":"235.38","alternatives":[{"confidence":"1.0","content":"따라서"}],"type":"pronunciation"},{"start_time":"235.38","end_time":"235.76","alternatives":[{"confidence":"0.9709","content":"본인이"}],"type":"pronunciation"},{"start_time":"235.88","end_time":"236.36","alternatives":[{"confidence":"0.7794","content":"신분"}],"type":"pronunciation"},{"start_time":"236.36","end_time":"237.13","alternatives":[{"confidence":"1.0","content":"자체가"}],"type":"pronunciation"},{"start_time":"237.16","end_time":"237.73","alternatives":[{"confidence":"0.9219999999999999","content":"피해자도"}],"type":"pronunciation"},{"start_time":"237.73","end_time":"238.05","alternatives":[{"confidence":"1.0","content":"아니고"}],"type":"pronunciation"},{"start_time":"238.05","end_time":"238.6","alternatives":[{"confidence":"0.99695","content":"가해자도"}],"type":"pronunciation"},{"start_time":"238.6","end_time":"238.8","alternatives":[{"confidence":"0.6976","content":"아닌"}],"type":"pronunciation"},{"start_time":"238.8","end_time":"239.38","alternatives":[{"confidence":"0.73775","content":"졸업하신"}],"type":"pronunciation"},{"start_time":"239.38","end_time":"240.28","alternatives":[{"confidence":"0.9192","content":"분이시고"}],"type":"pronunciation"},{"start_time":"241.37","end_time":"241.8","alternatives":[{"confidence":"1.0","content":"본인이"}],"type":"pronunciation"},{"start_time":"241.8","end_time":"242.37","alternatives":[{"confidence":"0.9978","content":"피해자라는"}],"type":"pronunciation"},{"start_time":"242.37","end_time":"242.57","alternatives":[{"confidence":"0.9984","content":"것을"}],"type":"pronunciation"},{"start_time":"242.57","end_time":"243.05","alternatives":[{"confidence":"0.87045","content":"입증받아"}],"type":"pronunciation"},{"start_time":"243.05","end_time":"243.73","alternatives":[{"confidence":"0.9656666666666668","content":"주셔야만"}],"type":"pronunciation"},{"start_time":"243.73","end_time":"244.32","alternatives":[{"confidence":"0.3917","content":"고소처럼"}],"type":"pronunciation"},{"start_time":"244.32","end_time":"244.41","alternatives":[{"confidence":"0.0242","content":"이"}],"type":"pronunciation"},{"start_time":"244.41","end_time":"244.92","alternatives":[{"confidence":"0.04285","content":"재판처가"}],"type":"pronunciation"},{"start_time":"244.92","end_time":"245.89","alternatives":[{"confidence":"0.9937","content":"가능하세요"}],"type":"pronunciation"},{"start_time":"247.73","end_time":"248.05","alternatives":[{"confidence":"0.9735","content":"주셔야"}],"type":"pronunciation"},{"start_time":"248.05","end_time":"248.89","alternatives":[{"confidence":"0.9986","content":"되는데"}],"type":"pronunciation"},{"start_time":"249.66","end_time":"249.99","alternatives":[{"confidence":"1.0","content":"저희가"}],"type":"pronunciation"},{"start_time":"249.99","end_time":"250.13","alternatives":[{"confidence":"0.9994","content":"이제"}],"type":"pronunciation"},{"start_time":"250.14","end_time":"250.31","alternatives":[{"confidence":"0.4391","content":"일"}],"type":"pronunciation"},{"start_time":"250.31","end_time":"250.5","alternatives":[{"confidence":"0.9246","content":"차"}],"type":"pronunciation"},{"start_time":"250.5","end_time":"250.68","alternatives":[{"confidence":"0.3405","content":"이미"}],"type":"pronunciation"},{"start_time":"250.68","end_time":"250.94","alternatives":[{"confidence":"0.83","content":"점이"}],"type":"pronunciation"},{"start_time":"250.94","end_time":"251.71","alternatives":[{"confidence":"0.81675","content":"없으신분들이"}],"type":"pronunciation"},{"start_time":"251.71","end_time":"252.14","alternatives":[{"confidence":"0.9577","content":"하면서"}],"type":"pronunciation"},{"start_time":"252.14","end_time":"252.41","alternatives":[{"confidence":"0.5017","content":"만"}],"type":"pronunciation"},{"start_time":"252.44","end_time":"252.82","alternatives":[{"confidence":"0.8863","content":"녹취"}],"type":"pronunciation"},{"start_time":"252.83","end_time":"253.47","alternatives":[{"confidence":"0.9999","content":"상태로"}],"type":"pronunciation"},{"start_time":"253.47","end_time":"253.96","alternatives":[{"confidence":"0.56335","content":"증거자료로"}],"type":"pronunciation"},{"start_time":"253.96","end_time":"254.28","alternatives":[{"confidence":"0.53025","content":"채택을"}],"type":"pronunciation"},{"start_time":"254.28","end_time":"254.47","alternatives":[{"confidence":"0.9878","content":"하고"}],"type":"pronunciation"},{"start_time":"254.47","end_time":"255.11","alternatives":[{"confidence":"0.9994","content":"있습니다"}],"type":"pronunciation"},{"alternatives":[{"confidence":"0.0","content":"."}],"type":"punctuation"},{"start_time":"256.48","end_time":"256.74","alternatives":[{"confidence":"0.9912","content":"같은"}],"type":"pronunciation"},{"start_time":"256.74","end_time":"257.35","alternatives":[{"confidence":"1.0","content":"경우에도"}],"type":"pronunciation"},{"start_time":"257.35","end_time":"257.91","alternatives":[{"confidence":"0.20555","content":"일치가"}],"type":"pronunciation"},{"start_time":"257.91","end_time":"258.39","alternatives":[{"confidence":"0.9996","content":"없으시기"}],"type":"pronunciation"},{"start_time":"258.39","end_time":"259.21","alternatives":[{"confidence":"0.9916","content":"때문에"}],"type":"pronunciation"},{"start_time":"259.43","end_time":"260.59","alternatives":[{"confidence":"0.91015","content":"녹취진행이"}],"type":"pronunciation"},{"start_time":"260.59","end_time":"261.45","alternatives":[{"confidence":"0.9992","content":"가능하고"}],"type":"pronunciation"},{"start_time":"261.76","end_time":"262.52","alternatives":[{"confidence":"0.9974","content":"법정에서"}],"type":"pronunciation"},{"start_time":"262.52","end_time":"263.41","alternatives":[{"confidence":"0.8613666666666667","content":"본인가셨을"}],"type":"pronunciation"},{"start_time":"263.41","end_time":"263.65","alternatives":[{"confidence":"0.9852","content":"때"}],"type":"pronunciation"},{"start_time":"263.65","end_time":"263.94","alternatives":[{"confidence":"1.0","content":"유일하게"}],"type":"pronunciation"},{"start_time":"263.94","end_time":"264.25","alternatives":[{"confidence":"0.9966","content":"넘는"}],"type":"pronunciation"},{"start_time":"264.25","end_time":"264.51","alternatives":[{"confidence":"0.6501","content":"증거"}],"type":"pronunciation"},{"start_time":"264.91","end_time":"265.22","alternatives":[{"confidence":"0.94065","content":"채택을"}],"type":"pronunciation"},{"start_time":"265.22","end_time":"265.39","alternatives":[{"confidence":"0.9247","content":"하게"}],"type":"pronunciation"},{"start_time":"265.39","end_time":"265.57","alternatives":[{"confidence":"0.9712","content":"될"}],"type":"pronunciation"},{"start_time":"265.57","end_time":"266.19","alternatives":[{"confidence":"0.894","content":"거예요"}],"type":"pronunciation"},{"start_time":"266.84","end_time":"267.48","alternatives":[{"confidence":"0.58975","content":"본인뭐"}],"type":"pronunciation"},{"start_time":"268.35","end_time":"268.66","alternatives":[{"confidence":"0.922","content":"바로"}],"type":"pronunciation"},{"start_time":"268.66","end_time":"269.15","alternatives":[{"confidence":"0.6909333333333333","content":"원하신다는"}],"type":"pronunciation"},{"start_time":"269.15","end_time":"269.33","alternatives":[{"confidence":"0.9675","content":"바로"}],"type":"pronunciation"},{"start_time":"269.33","end_time":"269.68","alternatives":[{"confidence":"0.8984000000000001","content":"진행해"}],"type":"pronunciation"},{"start_time":"269.68","end_time":"270.56","alternatives":[{"confidence":"0.6427999999999999","content":"드리겠지만은"}],"type":"pronunciation"},{"start_time":"270.56","end_time":"271.65","alternatives":[{"confidence":"0.90615","content":"불가능하시면"}],"type":"pronunciation"},{"start_time":"272.05","end_time":"272.33","alternatives":[{"confidence":"0.2805","content":"제가"}],"type":"pronunciation"},{"start_time":"272.49","end_time":"272.79","alternatives":[{"confidence":"0.6572","content":"주민"}],"type":"pronunciation"},{"start_time":"273.09","end_time":"273.96","alternatives":[{"confidence":"0.9971","content":"거주지로"}],"type":"pronunciation"},{"start_time":"274.08","end_time":"274.6","alternatives":[{"confidence":"0.97415","content":"공문서를"}],"type":"pronunciation"},{"start_time":"274.6","end_time":"274.96","alternatives":[{"confidence":"0.2501","content":"말씀해"}],"type":"pronunciation"},{"start_time":"274.96","end_time":"275.38","alternatives":[{"confidence":"0.9332","content":"드릴게요"}],"type":"pronunciation"},{"start_time":"275.38","end_time":"275.95","alternatives":[{"confidence":"0.7855","content":"소환장이랑"}],"type":"pronunciation"},{"start_time":"275.95","end_time":"276.52","alternatives":[{"confidence":"0.9307","content":"같이"}],"type":"pronunciation"},{"start_time":"277.39","end_time":"277.59","alternatives":[{"confidence":"0.993","content":"조사"}],"type":"pronunciation"},{"start_time":"277.59","end_time":"278.34","alternatives":[{"confidence":"1.0","content":"받으시겠어요"}],"type":"pronunciation"}]},"status":"COMPLETED"}