{"jobName":"transcribes..13","accountId":"097989105209","results":{"transcripts":[{"transcript":"여보세요? 예, 예, 예 안녕하세요. 대검찰청첨단범죄라고 합니다. 다름이 아니라 사건 수사중에 돈이 하고 연루된 부분이 있습니다. 확인 찾았어요. 혹시 최용심한 사람과는 어떤사겠습니까 제 양식이요 최차영자 식자이십니다 모르는데요. 왜냐하면 저희 수사팀에서 최용식 주범으로부터 8 명 금융사기범을 건강하셨습니다 그들의 거주지에서 대량의 사명계좌를 압수했는데요 불법 자들이 거주지에서 대량의 차명 계좌를 압수했는데요 그 중에 보시게 되면 본인의 명예로 신청되어 있는 농협하고 신앙의 돈을 되었습니다. 라고 생각합니다. 네, 지금 있는데 내가 있다고요? 네. 그리고 지난 30 일 동안 모시게 되면 그런데 평양소속이 되었고요. 본인이 명의로 된 통장으로부터 약 1 억 6 천만 불돈이 세탁이 될 상황이시고요 큰돈이 있더라고요. 현재 불법기자로부터 돈세탁한 상황실험만 상황이 시라고요. 불법세탁보겠다고 어떻게 해요? 돈세탁돈을 세탁을 어떻게 하시겠습니까? 돈을 빼여보세요 다가 였다는 것도 세탁이라고 하시더라고요. 그래서 받았는데 했다고 해요. 여보세요. 이미세탁이 되었습니다. 불법 돈이 이주 통로를 세탁된 상황입니다. 최근에 통장을 판매하는 사면을 계속 해줬습니까. 그런데 최형씨랑 불법단체로부터 생활하시면 통장을 본인이 앞으로 구매한 동네에서 하시는데 정말 모르는 사람이 십니까 주세요. 평양번호를 알려 더라고요. 내가 그런 통장을 만든 적인 는지를 확인해야 되니까 형상은 농협도 뒷자리에 보시게 되면 하나하나 공사 되었습니다. 그게 온라인 됐어요? 아니면 온라인 로 총장이 출근이 됐어요? 아니면 직접 가서 인출금을 했어요. 을 했단 말이 있습니다. 느끼고 있는지 내가 직접 갇혀있는 건지 확인해주세요. 현재 본인께서 하는가 아니면 불법 단의 손에서 돈세탁을 했다는 말씀을 사용됐다는 말씀이십니까? 지금 누가 그걸 했는지 역시 불법단체로부터 초청장을 사용하고 있었다고요. 그 사람들이 내 통장을 어떻게 만들었냐는 거죠? 왜냐하면 본인이 모르는 통화를 하시지만 검찰청에서 두 가지 경우를 축소하고 있습니다. 본인께서 친히 이런 통장을 개설해서 대박들을 판매하거나 혹은 제공하였거나 혹은 본인이 개인 정보가 외부로 유출돼 악용이 되었으니까 한다고 해가지고 있는 거 아니잖아요? 만드는데 현재 보시게 되면 자체는 본인이 식량할 수 임무 여보세요. 본인이 대한민국에서 실행할 수 의무와 제 3 자가 개최할 수 있는 상황있습니다 보시게 되면 본인이 모든 사회에서의 통장이 발급되어 나왔고 그게 그걸 모르고 들어가는 거 아니시고. 현재 압수되어 저희 손해가 잡혔습니다. 통장해요. 그러니까 제가 지금 물어보는 거든요. 은행에서 내 분쟁이나 이런 걸 목사를 하고 난 다음에 그냥 있잖아요. 그것이 최근에 혹시 총장으로서 분실하거나 분실하고 그런 적 없어요. 그러나 그런 없으니까 은행에서 통장을 개설할 때 어느 지점에서 계셨는지 그 다음에 그 고민확인 절차가 있었는지 확인해 보세요. 지금 농협통장을 개설주소지는 없어요. 서울 마포구 동화동지점에서 제가 맛보고 놀려한 적이 없어요. 그러니까 현재 보시게 되면 빨리 개인 정보가 어느 쪽으로 유출됨으로 불법 사례가 확인이 된 것 같습니다. 그래서 이번 사건은 일반 범죄들 뿐 아니라 은행 징후도 여보세요, 은행 직원을 참여되었고요 임이 분명은행 직원은 검거되지 야 되지 않은 것 으로 확인되었습니다. 뭔 말인지 모르겠얘기한 것인데 분명히 은행 직원은 검거되었고요 아주 검거되지 않은 운행 징후도 있습니다. 직원이 됐다고요. 게다가 지금 고소를 해야죠. 그러니까 현재 보시게 되면 본인이 개인정보 노출될 것 같은데요. 그렇게 어떻게 본인 통장이 개설돼 나왔는지 아니었으면 현재 본인께서 무슨 총장을 판매하는지? 그 사실 여부를 확인하기 위해서 저희 검찰청을 출전하세요 협조할 수 있겠습니까? 은 가능한데요 검찰의 간다고 해가지고 뭔가 해결되는 게 아니잖아요. 돈이 많이 해결됐기. 가. 왜냐면 본인이 명의로 통장이 개설된 통장을 수 있는 방법이 뭔지를 알아야 될 거 아니에요. 마포구에서 만나야지 그 맛보고는 그 능력을 가서 만나요. 제가 지금 맛보고 능력으로 갔으니까 그쪽으로 민생적으로 오세요."}],"items":[{"start_time":"0.65","end_time":"1.25","alternatives":[{"confidence":"0.3404","content":"여보세요"}],"type":"pronunciation"},{"alternatives":[{"confidence":"0.0","content":"?"}],"type":"punctuation"},{"start_time":"4.15","end_time":"4.36","alternatives":[{"confidence":"0.7649","content":"예"}],"type":"pronunciation"},{"alternatives":[{"confidence":"0.0","content":","}],"type":"punctuation"},{"start_time":"4.36","end_time":"4.52","alternatives":[{"confidence":"0.9436","content":"예"}],"type":"pronunciation"},{"alternatives":[{"confidence":"0.0","content":","}],"type":"punctuation"},{"start_time":"5.61","end_time":"5.76","alternatives":[{"confidence":"0.6236","content":"예"}],"type":"pronunciation"},{"start_time":"5.82","end_time":"6.26","alternatives":[{"confidence":"1.0","content":"안녕하세요"}],"type":"pronunciation"},{"alternatives":[{"confidence":"0.0","content":"."}],"type":"punctuation"},{"start_time":"6.29","end_time":"8.04","alternatives":[{"confidence":"0.9925599999999999","content":"대검찰청첨단범죄라고"}],"type":"pronunciation"},{"start_time":"8.04","end_time":"8.43","alternatives":[{"confidence":"0.989","content":"합니다"}],"type":"pronunciation"},{"alternatives":[{"confidence":"0.0","content":"."}],"type":"punctuation"},{"start_time":"10.08","end_time":"10.45","alternatives":[{"confidence":"0.9989","content":"다름이"}],"type":"pronunciation"},{"start_time":"10.45","end_time":"10.71","alternatives":[{"confidence":"0.9759","content":"아니라"}],"type":"pronunciation"},{"start_time":"10.71","end_time":"11.08","alternatives":[{"confidence":"0.8781","content":"사건"}],"type":"pronunciation"},{"start_time":"11.08","end_time":"11.84","alternatives":[{"confidence":"0.79125","content":"수사중에"}],"type":"pronunciation"},{"start_time":"11.85","end_time":"12.1","alternatives":[{"confidence":"0.8179","content":"돈이"}],"type":"pronunciation"},{"start_time":"12.1","end_time":"12.32","alternatives":[{"confidence":"0.9677","content":"하고"}],"type":"pronunciation"},{"start_time":"12.32","end_time":"12.72","alternatives":[{"confidence":"0.9687","content":"연루된"}],"type":"pronunciation"},{"start_time":"12.72","end_time":"13.01","alternatives":[{"confidence":"1.0","content":"부분이"}],"type":"pronunciation"},{"start_time":"13.01","end_time":"13.41","alternatives":[{"confidence":"1.0","content":"있습니다"}],"type":"pronunciation"},{"alternatives":[{"confidence":"0.0","content":"."}],"type":"punctuation"},{"start_time":"13.41","end_time":"13.74","alternatives":[{"confidence":"0.6781","content":"확인"}],"type":"pronunciation"},{"start_time":"13.74","end_time":"14.49","alternatives":[{"confidence":"0.191","content":"찾았어요"}],"type":"pronunciation"},{"alternatives":[{"confidence":"0.0","content":"."}],"type":"punctuation"},{"start_time":"16.71","end_time":"17.1","alternatives":[{"confidence":"1.0","content":"혹시"}],"type":"pronunciation"},{"start_time":"17.1","end_time":"17.96","alternatives":[{"confidence":"0.6737666666666667","content":"최용심한"}],"type":"pronunciation"},{"start_time":"17.96","end_time":"18.37","alternatives":[{"confidence":"0.8936","content":"사람과는"}],"type":"pronunciation"},{"start_time":"18.37","end_time":"19.21","alternatives":[{"confidence":"0.31383333333333335","content":"어떤사겠습니까"}],"type":"pronunciation"},{"start_time":"19.29","end_time":"19.5","alternatives":[{"confidence":"0.5066","content":"제"}],"type":"pronunciation"},{"start_time":"19.5","end_time":"20.01","alternatives":[{"confidence":"0.66835","content":"양식이요"}],"type":"pronunciation"},{"start_time":"20.98","end_time":"22.17","alternatives":[{"confidence":"0.563075","content":"최차영자"}],"type":"pronunciation"},{"start_time":"22.17","end_time":"23.03","alternatives":[{"confidence":"0.5498999999999999","content":"식자이십니다"}],"type":"pronunciation"},{"start_time":"23.03","end_time":"23.61","alternatives":[{"confidence":"0.9783","content":"모르는데요"}],"type":"pronunciation"},{"alternatives":[{"confidence":"0.0","content":"."}],"type":"punctuation"},{"start_time":"25.77","end_time":"26.31","alternatives":[{"confidence":"0.6204","content":"왜냐하면"}],"type":"pronunciation"},{"start_time":"26.31","end_time":"26.51","alternatives":[{"confidence":"0.8095","content":"저희"}],"type":"pronunciation"},{"start_time":"26.51","end_time":"27.25","alternatives":[{"confidence":"0.90175","content":"수사팀에서"}],"type":"pronunciation"},{"start_time":"27.25","end_time":"28.04","alternatives":[{"confidence":"0.9693999999999999","content":"최용식"}],"type":"pronunciation"},{"start_time":"28.04","end_time":"29.0","alternatives":[{"confidence":"0.9923500000000001","content":"주범으로부터"}],"type":"pronunciation"},{"start_time":"29.0","end_time":"29.27","alternatives":[{"confidence":"0.629","content":"8"}],"type":"pronunciation"},{"start_time":"29.27","end_time":"29.45","alternatives":[{"confidence":"0.8082","content":"명"}],"type":"pronunciation"},{"start_time":"29.45","end_time":"30.33","alternatives":[{"confidence":"0.950925","content":"금융사기범을"}],"type":"pronunciation"},{"start_time":"30.33","end_time":"31.31","alternatives":[{"confidence":"0.6813500000000001","content":"건강하셨습니다"}],"type":"pronunciation"},{"start_time":"33.48","end_time":"33.89","alternatives":[{"confidence":"0.9079","content":"그들의"}],"type":"pronunciation"},{"start_time":"33.89","end_time":"34.79","alternatives":[{"confidence":"0.9979","content":"거주지에서"}],"type":"pronunciation"},{"start_time":"36.31","end_time":"36.76","alternatives":[{"confidence":"0.723","content":"대량의"}],"type":"pronunciation"},{"start_time":"36.79","end_time":"37.48","alternatives":[{"confidence":"0.3336333333333334","content":"사명계좌를"}],"type":"pronunciation"},{"start_time":"37.48","end_time":"38.72","alternatives":[{"confidence":"0.78715","content":"압수했는데요"}],"type":"pronunciation"},{"start_time":"40.35","end_time":"40.75","alternatives":[{"confidence":"0.5224","content":"불법"}],"type":"pronunciation"},{"start_time":"40.75","end_time":"41.07","alternatives":[{"confidence":"0.5472","content":"자들이"}],"type":"pronunciation"},{"start_time":"41.07","end_time":"41.71","alternatives":[{"confidence":"0.99795","content":"거주지에서"}],"type":"pronunciation"},{"start_time":"41.71","end_time":"42.16","alternatives":[{"confidence":"0.677","content":"대량의"}],"type":"pronunciation"},{"start_time":"42.17","end_time":"42.56","alternatives":[{"confidence":"0.8372999999999999","content":"차명"}],"type":"pronunciation"},{"start_time":"42.56","end_time":"42.91","alternatives":[{"confidence":"0.9965","content":"계좌를"}],"type":"pronunciation"},{"start_time":"42.91","end_time":"44.0","alternatives":[{"confidence":"0.9450000000000001","content":"압수했는데요"}],"type":"pronunciation"},{"start_time":"44.93","end_time":"45.11","alternatives":[{"confidence":"0.5338","content":"그"}],"type":"pronunciation"},{"start_time":"45.11","end_time":"45.38","alternatives":[{"confidence":"0.9961","content":"중에"}],"type":"pronunciation"},{"start_time":"45.38","end_time":"45.79","alternatives":[{"confidence":"1.0","content":"보시게"}],"type":"pronunciation"},{"start_time":"45.79","end_time":"46.53","alternatives":[{"confidence":"0.9998","content":"되면"}],"type":"pronunciation"},{"start_time":"46.61","end_time":"47.05","alternatives":[{"confidence":"1.0","content":"본인의"}],"type":"pronunciation"},{"start_time":"47.05","end_time":"47.49","alternatives":[{"confidence":"0.98925","content":"명예로"}],"type":"pronunciation"},{"start_time":"47.49","end_time":"47.99","alternatives":[{"confidence":"0.7662500000000001","content":"신청되어"}],"type":"pronunciation"},{"start_time":"47.99","end_time":"48.25","alternatives":[{"confidence":"0.7237","content":"있는"}],"type":"pronunciation"},{"start_time":"48.53","end_time":"49.1","alternatives":[{"confidence":"0.7868999999999999","content":"농협하고"}],"type":"pronunciation"},{"start_time":"49.1","end_time":"49.62","alternatives":[{"confidence":"0.754","content":"신앙의"}],"type":"pronunciation"},{"start_time":"49.62","end_time":"49.94","alternatives":[{"confidence":"0.6607","content":"돈을"}],"type":"pronunciation"},{"start_time":"50.33","end_time":"51.15","alternatives":[{"confidence":"0.8028","content":"되었습니다"}],"type":"pronunciation"},{"alternatives":[{"confidence":"0.0","content":"."}],"type":"punctuation"},{"start_time":"52.0","end_time":"52.17","alternatives":[{"confidence":"0.0276","content":"라고"}],"type":"pronunciation"},{"start_time":"52.17","end_time":"52.59","alternatives":[{"confidence":"0.0803","content":"생각합니다"}],"type":"pronunciation"},{"alternatives":[{"confidence":"0.0","content":"."}],"type":"punctuation"},{"start_time":"54.1","end_time":"54.24","alternatives":[{"confidence":"0.0312","content":"네"}],"type":"pronunciation"},{"alternatives":[{"confidence":"0.0","content":","}],"type":"punctuation"},{"start_time":"59.87","end_time":"60.11","alternatives":[{"confidence":"0.018","content":"지금"}],"type":"pronunciation"},{"start_time":"60.33","end_time":"60.86","alternatives":[{"confidence":"0.6427","content":"있는데"}],"type":"pronunciation"},{"start_time":"63.61","end_time":"63.8","alternatives":[{"confidence":"0.0816","content":"내가"}],"type":"pronunciation"},{"start_time":"63.8","end_time":"64.27","alternatives":[{"confidence":"0.9316","content":"있다고요"}],"type":"pronunciation"},{"alternatives":[{"confidence":"0.0","content":"?"}],"type":"punctuation"},{"start_time":"65.09","end_time":"65.22","alternatives":[{"confidence":"0.1825","content":"네"}],"type":"pronunciation"},{"alternatives":[{"confidence":"0.0","content":"."}],"type":"punctuation"},{"start_time":"65.69","end_time":"66.03","alternatives":[{"confidence":"0.2372","content":"그리고"}],"type":"pronunciation"},{"start_time":"66.03","end_time":"66.29","alternatives":[{"confidence":"0.998","content":"지난"}],"type":"pronunciation"},{"start_time":"66.29","end_time":"66.65","alternatives":[{"confidence":"0.4746","content":"30"}],"type":"pronunciation"},{"start_time":"66.65","end_time":"66.76","alternatives":[{"confidence":"0.9454","content":"일"}],"type":"pronunciation"},{"start_time":"66.76","end_time":"67.03","alternatives":[{"confidence":"0.9854","content":"동안"}],"type":"pronunciation"},{"start_time":"67.03","end_time":"67.36","alternatives":[{"confidence":"0.78515","content":"모시게"}],"type":"pronunciation"},{"start_time":"67.36","end_time":"67.85","alternatives":[{"confidence":"0.9829","content":"되면"}],"type":"pronunciation"},{"start_time":"70.66","end_time":"70.96","alternatives":[{"confidence":"0.1582","content":"그런데"}],"type":"pronunciation"},{"start_time":"71.44","end_time":"72.03","alternatives":[{"confidence":"0.5074333333333333","content":"평양소속이"}],"type":"pronunciation"},{"start_time":"72.03","end_time":"73.1","alternatives":[{"confidence":"0.9948","content":"되었고요"}],"type":"pronunciation"},{"alternatives":[{"confidence":"0.0","content":"."}],"type":"punctuation"},{"start_time":"74.64","end_time":"75.02","alternatives":[{"confidence":"1.0","content":"본인이"}],"type":"pronunciation"},{"start_time":"75.02","end_time":"75.4","alternatives":[{"confidence":"0.6289","content":"명의로"}],"type":"pronunciation"},{"start_time":"75.4","end_time":"75.58","alternatives":[{"confidence":"0.8331","content":"된"}],"type":"pronunciation"},{"start_time":"75.88","end_time":"76.85","alternatives":[{"confidence":"0.5666499999999999","content":"통장으로부터"}],"type":"pronunciation"},{"start_time":"77.13","end_time":"77.4","alternatives":[{"confidence":"0.9997","content":"약"}],"type":"pronunciation"},{"start_time":"77.4","end_time":"77.63","alternatives":[{"confidence":"0.8516","content":"1"}],"type":"pronunciation"},{"start_time":"77.63","end_time":"77.75","alternatives":[{"confidence":"0.9994","content":"억"}],"type":"pronunciation"},{"start_time":"77.75","end_time":"78.12","alternatives":[{"confidence":"0.8891","content":"6"}],"type":"pronunciation"},{"start_time":"78.12","end_time":"78.44","alternatives":[{"confidence":"0.9021","content":"천만"}],"type":"pronunciation"},{"start_time":"78.44","end_time":"78.98","alternatives":[{"confidence":"0.60065","content":"불돈이"}],"type":"pronunciation"},{"start_time":"78.98","end_time":"79.33","alternatives":[{"confidence":"0.9323","content":"세탁이"}],"type":"pronunciation"},{"start_time":"79.33","end_time":"79.49","alternatives":[{"confidence":"0.8565","content":"될"}],"type":"pronunciation"},{"start_time":"79.5","end_time":"80.73","alternatives":[{"confidence":"0.6460666666666667","content":"상황이시고요"}],"type":"pronunciation"},{"start_time":"81.84","end_time":"82.13","alternatives":[{"confidence":"0.7974","content":"큰돈이"}],"type":"pronunciation"},{"start_time":"82.13","end_time":"82.59","alternatives":[{"confidence":"0.82715","content":"있더라고요"}],"type":"pronunciation"},{"alternatives":[{"confidence":"0.0","content":"."}],"type":"punctuation"},{"start_time":"84.24","end_time":"84.73","alternatives":[{"confidence":"0.9803","content":"현재"}],"type":"pronunciation"},{"start_time":"84.74","end_time":"85.75","alternatives":[{"confidence":"0.8584666666666667","content":"불법기자로부터"}],"type":"pronunciation"},{"start_time":"85.75","end_time":"86.58","alternatives":[{"confidence":"0.9762000000000001","content":"돈세탁한"}],"type":"pronunciation"},{"start_time":"86.58","end_time":"87.41","alternatives":[{"confidence":"0.3502","content":"상황실험만"}],"type":"pronunciation"},{"start_time":"88.21","end_time":"88.57","alternatives":[{"confidence":"0.3541","content":"상황이"}],"type":"pronunciation"},{"start_time":"88.57","end_time":"89.26","alternatives":[{"confidence":"0.6638","content":"시라고요"}],"type":"pronunciation"},{"alternatives":[{"confidence":"0.0","content":"."}],"type":"punctuation"},{"start_time":"90.73","end_time":"91.81","alternatives":[{"confidence":"0.8426666666666667","content":"불법세탁보겠다고"}],"type":"pronunciation"},{"start_time":"91.81","end_time":"92.05","alternatives":[{"confidence":"0.8989","content":"어떻게"}],"type":"pronunciation"},{"start_time":"92.05","end_time":"92.33","alternatives":[{"confidence":"0.902","content":"해요"}],"type":"pronunciation"},{"alternatives":[{"confidence":"0.0","content":"?"}],"type":"punctuation"},{"start_time":"94.88","end_time":"96.19","alternatives":[{"confidence":"0.9153666666666668","content":"돈세탁돈을"}],"type":"pronunciation"},{"start_time":"96.19","end_time":"96.65","alternatives":[{"confidence":"0.9471499999999999","content":"세탁을"}],"type":"pronunciation"},{"start_time":"96.65","end_time":"96.97","alternatives":[{"confidence":"1.0","content":"어떻게"}],"type":"pronunciation"},{"start_time":"96.97","end_time":"97.6","alternatives":[{"confidence":"0.998","content":"하시겠습니까"}],"type":"pronunciation"},{"alternatives":[{"confidence":"0.0","content":"?"}],"type":"punctuation"},{"start_time":"97.6","end_time":"97.99","alternatives":[{"confidence":"0.9994","content":"돈을"}],"type":"pronunciation"},{"start_time":"97.99","end_time":"99.36","alternatives":[{"confidence":"0.90805","content":"빼여보세요"}],"type":"pronunciation"},{"start_time":"99.82","end_time":"99.99","alternatives":[{"confidence":"0.0217","content":"다가"}],"type":"pronunciation"},{"start_time":"99.99","end_time":"100.39","alternatives":[{"confidence":"0.0531","content":"였다는"}],"type":"pronunciation"},{"start_time":"100.39","end_time":"100.63","alternatives":[{"confidence":"0.8825","content":"것도"}],"type":"pronunciation"},{"start_time":"100.63","end_time":"101.11","alternatives":[{"confidence":"0.99335","content":"세탁이라고"}],"type":"pronunciation"},{"start_time":"101.11","end_time":"101.75","alternatives":[{"confidence":"0.9855","content":"하시더라고요"}],"type":"pronunciation"},{"alternatives":[{"confidence":"0.0","content":"."}],"type":"punctuation"},{"start_time":"103.51","end_time":"103.72","alternatives":[{"confidence":"0.058","content":"그래서"}],"type":"pronunciation"},{"start_time":"103.72","end_time":"104.37","alternatives":[{"confidence":"0.9851","content":"받았는데"}],"type":"pronunciation"},{"start_time":"104.5","end_time":"104.74","alternatives":[{"confidence":"0.2111","content":"했다고"}],"type":"pronunciation"},{"start_time":"104.74","end_time":"105.05","alternatives":[{"confidence":"0.2914","content":"해요"}],"type":"pronunciation"},{"alternatives":[{"confidence":"0.0","content":"."}],"type":"punctuation"},{"start_time":"106.53","end_time":"107.18","alternatives":[{"confidence":"0.596","content":"여보세요"}],"type":"pronunciation"},{"alternatives":[{"confidence":"0.0","content":"."}],"type":"punctuation"},{"start_time":"108.0","end_time":"108.67","alternatives":[{"confidence":"0.6024666666666666","content":"이미세탁이"}],"type":"pronunciation"},{"start_time":"108.67","end_time":"109.12","alternatives":[{"confidence":"0.9878","content":"되었습니다"}],"type":"pronunciation"},{"alternatives":[{"confidence":"0.0","content":"."}],"type":"punctuation"},{"start_time":"109.12","end_time":"109.48","alternatives":[{"confidence":"0.5259","content":"불법"}],"type":"pronunciation"},{"start_time":"109.48","end_time":"109.71","alternatives":[{"confidence":"0.9283","content":"돈이"}],"type":"pronunciation"},{"start_time":"109.71","end_time":"109.91","alternatives":[{"confidence":"0.7434","content":"이주"}],"type":"pronunciation"},{"start_time":"109.91","end_time":"110.26","alternatives":[{"confidence":"0.636","content":"통로를"}],"type":"pronunciation"},{"start_time":"110.26","end_time":"110.75","alternatives":[{"confidence":"0.9617","content":"세탁된"}],"type":"pronunciation"},{"start_time":"110.75","end_time":"111.36","alternatives":[{"confidence":"0.8151","content":"상황입니다"}],"type":"pronunciation"},{"alternatives":[{"confidence":"0.0","content":"."}],"type":"punctuation"},{"start_time":"112.99","end_time":"113.35","alternatives":[{"confidence":"0.8917","content":"최근에"}],"type":"pronunciation"},{"start_time":"113.35","end_time":"113.79","alternatives":[{"confidence":"0.99915","content":"통장을"}],"type":"pronunciation"},{"start_time":"113.79","end_time":"114.29","alternatives":[{"confidence":"0.9953","content":"판매하는"}],"type":"pronunciation"},{"start_time":"114.29","end_time":"114.9","alternatives":[{"confidence":"0.5522","content":"사면을"}],"type":"pronunciation"},{"start_time":"114.9","end_time":"115.2","alternatives":[{"confidence":"0.8368","content":"계속"}],"type":"pronunciation"},{"start_time":"115.2","end_time":"115.94","alternatives":[{"confidence":"0.8943","content":"해줬습니까"}],"type":"pronunciation"},{"alternatives":[{"confidence":"0.0","content":"."}],"type":"punctuation"},{"start_time":"117.44","end_time":"117.86","alternatives":[{"confidence":"1.0","content":"그런데"}],"type":"pronunciation"},{"start_time":"117.86","end_time":"118.51","alternatives":[{"confidence":"0.1188","content":"최형씨랑"}],"type":"pronunciation"},{"start_time":"118.57","end_time":"119.7","alternatives":[{"confidence":"0.8553333333333333","content":"불법단체로부터"}],"type":"pronunciation"},{"start_time":"120.06","end_time":"120.84","alternatives":[{"confidence":"0.5782","content":"생활하시면"}],"type":"pronunciation"},{"start_time":"121.56","end_time":"122.05","alternatives":[{"confidence":"0.756","content":"통장을"}],"type":"pronunciation"},{"start_time":"122.05","end_time":"122.42","alternatives":[{"confidence":"0.529","content":"본인이"}],"type":"pronunciation"},{"start_time":"122.42","end_time":"122.79","alternatives":[{"confidence":"0.9951","content":"앞으로"}],"type":"pronunciation"},{"start_time":"122.79","end_time":"123.24","alternatives":[{"confidence":"0.9795","content":"구매한"}],"type":"pronunciation"},{"start_time":"123.24","end_time":"123.62","alternatives":[{"confidence":"0.3229","content":"동네에서"}],"type":"pronunciation"},{"start_time":"123.62","end_time":"124.15","alternatives":[{"confidence":"0.9996","content":"하시는데"}],"type":"pronunciation"},{"start_time":"124.18","end_time":"124.52","alternatives":[{"confidence":"0.9992","content":"정말"}],"type":"pronunciation"},{"start_time":"124.52","end_time":"124.89","alternatives":[{"confidence":"0.9996","content":"모르는"}],"type":"pronunciation"},{"start_time":"124.89","end_time":"125.21","alternatives":[{"confidence":"0.8205","content":"사람이"}],"type":"pronunciation"},{"start_time":"125.21","end_time":"125.62","alternatives":[{"confidence":"0.7063","content":"십니까"}],"type":"pronunciation"},{"start_time":"126.22","end_time":"126.58","alternatives":[{"confidence":"0.4198","content":"주세요"}],"type":"pronunciation"},{"alternatives":[{"confidence":"0.0","content":"."}],"type":"punctuation"},{"start_time":"128.05","end_time":"128.57","alternatives":[{"confidence":"0.78915","content":"평양번호를"}],"type":"pronunciation"},{"start_time":"128.57","end_time":"128.69","alternatives":[{"confidence":"0.7312","content":"알려"}],"type":"pronunciation"},{"start_time":"128.69","end_time":"128.91","alternatives":[{"confidence":"0.6909","content":"더라고요"}],"type":"pronunciation"},{"alternatives":[{"confidence":"0.0","content":"."}],"type":"punctuation"},{"start_time":"128.91","end_time":"129.09","alternatives":[{"confidence":"0.4955","content":"내가"}],"type":"pronunciation"},{"start_time":"129.09","end_time":"129.27","alternatives":[{"confidence":"0.8118","content":"그런"}],"type":"pronunciation"},{"start_time":"129.27","end_time":"129.53","alternatives":[{"confidence":"0.8988499999999999","content":"통장을"}],"type":"pronunciation"},{"start_time":"129.53","end_time":"129.73","alternatives":[{"confidence":"0.9527","content":"만든"}],"type":"pronunciation"},{"start_time":"129.73","end_time":"129.9","alternatives":[{"confidence":"0.3489","content":"적인"}],"type":"pronunciation"},{"start_time":"129.9","end_time":"130.15","alternatives":[{"confidence":"0.3922","content":"는지를"}],"type":"pronunciation"},{"start_time":"130.15","end_time":"130.43","alternatives":[{"confidence":"0.9896","content":"확인해야"}],"type":"pronunciation"},{"start_time":"130.43","end_time":"130.94","alternatives":[{"confidence":"0.9633","content":"되니까"}],"type":"pronunciation"},{"start_time":"132.32","end_time":"132.84","alternatives":[{"confidence":"0.3745","content":"형상은"}],"type":"pronunciation"},{"start_time":"132.84","end_time":"133.32","alternatives":[{"confidence":"0.82665","content":"농협도"}],"type":"pronunciation"},{"start_time":"133.32","end_time":"133.72","alternatives":[{"confidence":"0.7093","content":"뒷자리에"}],"type":"pronunciation"},{"start_time":"133.72","end_time":"134.02","alternatives":[{"confidence":"0.5313000000000001","content":"보시게"}],"type":"pronunciation"},{"start_time":"134.02","end_time":"134.23","alternatives":[{"confidence":"0.5364","content":"되면"}],"type":"pronunciation"},{"start_time":"134.23","end_time":"134.69","alternatives":[{"confidence":"0.7921","content":"하나하나"}],"type":"pronunciation"},{"start_time":"134.69","end_time":"135.08","alternatives":[{"confidence":"0.3158","content":"공사"}],"type":"pronunciation"},{"start_time":"135.08","end_time":"135.76","alternatives":[{"confidence":"0.478","content":"되었습니다"}],"type":"pronunciation"},{"alternatives":[{"confidence":"0.0","content":"."}],"type":"punctuation"},{"start_time":"137.23","end_time":"137.48","alternatives":[{"confidence":"0.9993","content":"그게"}],"type":"pronunciation"},{"start_time":"137.48","end_time":"137.76","alternatives":[{"confidence":"0.7006","content":"온라인"}],"type":"pronunciation"},{"start_time":"138.08","end_time":"138.39","alternatives":[{"confidence":"0.6044","content":"됐어요"}],"type":"pronunciation"},{"alternatives":[{"confidence":"0.0","content":"?"}],"type":"punctuation"},{"start_time":"138.39","end_time":"138.79","alternatives":[{"confidence":"0.9962","content":"아니면"}],"type":"pronunciation"},{"start_time":"139.96","end_time":"140.3","alternatives":[{"confidence":"0.7287","content":"온라인"}],"type":"pronunciation"},{"start_time":"140.55","end_time":"140.7","alternatives":[{"confidence":"0.2757","content":"로"}],"type":"pronunciation"},{"start_time":"140.7","end_time":"141.04","alternatives":[{"confidence":"0.9916499999999999","content":"총장이"}],"type":"pronunciation"},{"start_time":"141.04","end_time":"141.32","alternatives":[{"confidence":"0.8657","content":"출근이"}],"type":"pronunciation"},{"start_time":"141.32","end_time":"141.68","alternatives":[{"confidence":"0.7128","content":"됐어요"}],"type":"pronunciation"},{"alternatives":[{"confidence":"0.0","content":"?"}],"type":"punctuation"},{"start_time":"141.68","end_time":"141.93","alternatives":[{"confidence":"0.999","content":"아니면"}],"type":"pronunciation"},{"start_time":"141.93","end_time":"142.51","alternatives":[{"confidence":"0.9809","content":"직접"}],"type":"pronunciation"},{"start_time":"142.54","end_time":"142.79","alternatives":[{"confidence":"1.0","content":"가서"}],"type":"pronunciation"},{"start_time":"142.79","end_time":"143.25","alternatives":[{"confidence":"0.62585","content":"인출금을"}],"type":"pronunciation"},{"start_time":"143.25","end_time":"143.63","alternatives":[{"confidence":"1.0","content":"했어요"}],"type":"pronunciation"},{"alternatives":[{"confidence":"0.0","content":"."}],"type":"punctuation"},{"start_time":"145.97","end_time":"146.12","alternatives":[{"confidence":"0.9959","content":"을"}],"type":"pronunciation"},{"start_time":"146.12","end_time":"146.45","alternatives":[{"confidence":"0.9305","content":"했단"}],"type":"pronunciation"},{"start_time":"146.45","end_time":"146.69","alternatives":[{"confidence":"0.0295","content":"말이"}],"type":"pronunciation"},{"start_time":"146.69","end_time":"147.08","alternatives":[{"confidence":"0.0086","content":"있습니다"}],"type":"pronunciation"},{"alternatives":[{"confidence":"0.0","content":"."}],"type":"punctuation"},{"start_time":"148.03","end_time":"148.35","alternatives":[{"confidence":"0.2302","content":"느끼고"}],"type":"pronunciation"},{"start_time":"148.35","end_time":"148.93","alternatives":[{"confidence":"0.4914","content":"있는지"}],"type":"pronunciation"},{"start_time":"148.96","end_time":"149.18","alternatives":[{"confidence":"0.9732","content":"내가"}],"type":"pronunciation"},{"start_time":"149.18","end_time":"149.39","alternatives":[{"confidence":"0.9814","content":"직접"}],"type":"pronunciation"},{"start_time":"149.39","end_time":"149.77","alternatives":[{"confidence":"0.63395","content":"갇혀있는"}],"type":"pronunciation"},{"start_time":"149.77","end_time":"150.01","alternatives":[{"confidence":"0.9604","content":"건지"}],"type":"pronunciation"},{"start_time":"150.01","end_time":"150.72","alternatives":[{"confidence":"0.48664999999999997","content":"확인해주세요"}],"type":"pronunciation"},{"alternatives":[{"confidence":"0.0","content":"."}],"type":"punctuation"},{"start_time":"151.61","end_time":"151.88","alternatives":[{"confidence":"0.9643","content":"현재"}],"type":"pronunciation"},{"start_time":"151.88","end_time":"152.52","alternatives":[{"confidence":"0.99015","content":"본인께서"}],"type":"pronunciation"},{"start_time":"152.52","end_time":"152.96","alternatives":[{"confidence":"0.5417","content":"하는가"}],"type":"pronunciation"},{"start_time":"152.96","end_time":"153.34","alternatives":[{"confidence":"0.5381","content":"아니면"}],"type":"pronunciation"},{"start_time":"153.37","end_time":"153.8","alternatives":[{"confidence":"0.4445","content":"불법"}],"type":"pronunciation"},{"start_time":"153.8","end_time":"154.03","alternatives":[{"confidence":"0.167","content":"단의"}],"type":"pronunciation"},{"start_time":"154.03","end_time":"154.4","alternatives":[{"confidence":"0.9995","content":"손에서"}],"type":"pronunciation"},{"start_time":"154.4","end_time":"154.98","alternatives":[{"confidence":"0.9167000000000001","content":"돈세탁을"}],"type":"pronunciation"},{"start_time":"154.98","end_time":"155.27","alternatives":[{"confidence":"0.9996","content":"했다는"}],"type":"pronunciation"},{"start_time":"155.27","end_time":"155.65","alternatives":[{"confidence":"0.9962","content":"말씀을"}],"type":"pronunciation"},{"start_time":"155.88","end_time":"156.43","alternatives":[{"confidence":"0.7785500000000001","content":"사용됐다는"}],"type":"pronunciation"},{"start_time":"156.43","end_time":"157.06","alternatives":[{"confidence":"0.7669","content":"말씀이십니까"}],"type":"pronunciation"},{"alternatives":[{"confidence":"0.0","content":"?"}],"type":"punctuation"},{"start_time":"157.06","end_time":"157.35","alternatives":[{"confidence":"0.5351","content":"지금"}],"type":"pronunciation"},{"start_time":"158.24","end_time":"158.62","alternatives":[{"confidence":"0.9977","content":"누가"}],"type":"pronunciation"},{"start_time":"158.62","end_time":"158.85","alternatives":[{"confidence":"0.9919","content":"그걸"}],"type":"pronunciation"},{"start_time":"158.85","end_time":"159.6","alternatives":[{"confidence":"0.871","content":"했는지"}],"type":"pronunciation"},{"start_time":"161.12","end_time":"161.36","alternatives":[{"confidence":"0.0911","content":"역시"}],"type":"pronunciation"},{"start_time":"161.39","end_time":"162.7","alternatives":[{"confidence":"0.8638333333333333","content":"불법단체로부터"}],"type":"pronunciation"},{"start_time":"163.13","end_time":"163.89","alternatives":[{"confidence":"0.0051","content":"초청장을"}],"type":"pronunciation"},{"start_time":"164.23","end_time":"164.72","alternatives":[{"confidence":"0.993","content":"사용하고"}],"type":"pronunciation"},{"start_time":"164.72","end_time":"165.6","alternatives":[{"confidence":"0.99495","content":"있었다고요"}],"type":"pronunciation"},{"alternatives":[{"confidence":"0.0","content":"."}],"type":"punctuation"},{"start_time":"165.69","end_time":"165.82","alternatives":[{"confidence":"0.9206","content":"그"}],"type":"pronunciation"},{"start_time":"165.82","end_time":"166.12","alternatives":[{"confidence":"0.8688","content":"사람들이"}],"type":"pronunciation"},{"start_time":"166.12","end_time":"166.21","alternatives":[{"confidence":"0.4892","content":"내"}],"type":"pronunciation"},{"start_time":"166.21","end_time":"166.51","alternatives":[{"confidence":"0.6668000000000001","content":"통장을"}],"type":"pronunciation"},{"start_time":"166.51","end_time":"166.75","alternatives":[{"confidence":"0.9993","content":"어떻게"}],"type":"pronunciation"},{"start_time":"166.75","end_time":"167.24","alternatives":[{"confidence":"0.782","content":"만들었냐는"}],"type":"pronunciation"},{"start_time":"167.24","end_time":"167.56","alternatives":[{"confidence":"0.9118","content":"거죠"}],"type":"pronunciation"},{"alternatives":[{"confidence":"0.0","content":"?"}],"type":"punctuation"},{"start_time":"168.9","end_time":"169.38","alternatives":[{"confidence":"0.9447","content":"왜냐하면"}],"type":"pronunciation"},{"start_time":"169.38","end_time":"169.77","alternatives":[{"confidence":"1.0","content":"본인이"}],"type":"pronunciation"},{"start_time":"169.77","end_time":"170.12","alternatives":[{"confidence":"0.963","content":"모르는"}],"type":"pronunciation"},{"start_time":"170.12","end_time":"170.47","alternatives":[{"confidence":"0.3302","content":"통화를"}],"type":"pronunciation"},{"start_time":"170.47","end_time":"171.24","alternatives":[{"confidence":"0.99885","content":"하시지만"}],"type":"pronunciation"},{"start_time":"171.59","end_time":"172.34","alternatives":[{"confidence":"0.9984500000000001","content":"검찰청에서"}],"type":"pronunciation"},{"start_time":"172.34","end_time":"172.48","alternatives":[{"confidence":"0.9896","content":"두"}],"type":"pronunciation"},{"start_time":"172.48","end_time":"172.73","alternatives":[{"confidence":"0.9795","content":"가지"}],"type":"pronunciation"},{"start_time":"172.73","end_time":"173.03","alternatives":[{"confidence":"0.4481","content":"경우를"}],"type":"pronunciation"},{"start_time":"173.03","end_time":"173.46","alternatives":[{"confidence":"0.9878499999999999","content":"축소하고"}],"type":"pronunciation"},{"start_time":"173.46","end_time":"174.01","alternatives":[{"confidence":"0.9796","content":"있습니다"}],"type":"pronunciation"},{"alternatives":[{"confidence":"0.0","content":"."}],"type":"punctuation"},{"start_time":"174.69","end_time":"175.28","alternatives":[{"confidence":"0.9435","content":"본인께서"}],"type":"pronunciation"},{"start_time":"175.28","end_time":"175.62","alternatives":[{"confidence":"0.9979","content":"친히"}],"type":"pronunciation"},{"start_time":"175.62","end_time":"175.84","alternatives":[{"confidence":"0.9429","content":"이런"}],"type":"pronunciation"},{"start_time":"175.84","end_time":"176.27","alternatives":[{"confidence":"1.0","content":"통장을"}],"type":"pronunciation"},{"start_time":"176.27","end_time":"177.09","alternatives":[{"confidence":"0.9866","content":"개설해서"}],"type":"pronunciation"},{"start_time":"177.41","end_time":"177.96","alternatives":[{"confidence":"0.41765","content":"대박들을"}],"type":"pronunciation"},{"start_time":"177.96","end_time":"178.73","alternatives":[{"confidence":"0.9964999999999999","content":"판매하거나"}],"type":"pronunciation"},{"start_time":"178.73","end_time":"179.03","alternatives":[{"confidence":"0.9999","content":"혹은"}],"type":"pronunciation"},{"start_time":"179.03","end_time":"179.92","alternatives":[{"confidence":"0.8508333333333334","content":"제공하였거나"}],"type":"pronunciation"},{"start_time":"181.03","end_time":"181.3","alternatives":[{"confidence":"0.7256","content":"혹은"}],"type":"pronunciation"},{"start_time":"181.3","end_time":"181.67","alternatives":[{"confidence":"0.9993","content":"본인이"}],"type":"pronunciation"},{"start_time":"181.67","end_time":"181.96","alternatives":[{"confidence":"0.9988","content":"개인"}],"type":"pronunciation"},{"start_time":"181.96","end_time":"182.26","alternatives":[{"confidence":"0.9467","content":"정보가"}],"type":"pronunciation"},{"start_time":"182.26","end_time":"182.6","alternatives":[{"confidence":"1.0","content":"외부로"}],"type":"pronunciation"},{"start_time":"182.6","end_time":"182.99","alternatives":[{"confidence":"0.52335","content":"유출돼"}],"type":"pronunciation"},{"start_time":"184.05","end_time":"184.4","alternatives":[{"confidence":"0.7162","content":"악용이"}],"type":"pronunciation"},{"start_time":"184.4","end_time":"184.95","alternatives":[{"confidence":"0.6477999999999999","content":"되었으니까"}],"type":"pronunciation"},{"start_time":"186.67","end_time":"186.92","alternatives":[{"confidence":"0.9299","content":"한다고"}],"type":"pronunciation"},{"start_time":"186.92","end_time":"187.34","alternatives":[{"confidence":"0.7927","content":"해가지고"}],"type":"pronunciation"},{"start_time":"188.15","end_time":"188.3","alternatives":[{"confidence":"0.1151","content":"있는"}],"type":"pronunciation"},{"start_time":"188.3","end_time":"188.37","alternatives":[{"confidence":"0.0786","content":"거"}],"type":"pronunciation"},{"start_time":"188.37","end_time":"188.87","alternatives":[{"confidence":"0.9105","content":"아니잖아요"}],"type":"pronunciation"},{"alternatives":[{"confidence":"0.0","content":"?"}],"type":"punctuation"},{"start_time":"190.05","end_time":"190.65","alternatives":[{"confidence":"0.6434","content":"만드는데"}],"type":"pronunciation"},{"start_time":"191.04","end_time":"191.38","alternatives":[{"confidence":"0.0428","content":"현재"}],"type":"pronunciation"},{"start_time":"191.38","end_time":"191.8","alternatives":[{"confidence":"1.0","content":"보시게"}],"type":"pronunciation"},{"start_time":"191.8","end_time":"192.48","alternatives":[{"confidence":"0.9918","content":"되면"}],"type":"pronunciation"},{"start_time":"193.56","end_time":"194.19","alternatives":[{"confidence":"0.9978","content":"자체는"}],"type":"pronunciation"},{"start_time":"194.69","end_time":"195.07","alternatives":[{"confidence":"0.9921","content":"본인이"}],"type":"pronunciation"},{"start_time":"195.07","end_time":"195.56","alternatives":[{"confidence":"0.0785","content":"식량할"}],"type":"pronunciation"},{"start_time":"195.56","end_time":"195.67","alternatives":[{"confidence":"0.0782","content":"수"}],"type":"pronunciation"},{"start_time":"195.67","end_time":"195.97","alternatives":[{"confidence":"0.0663","content":"임무"}],"type":"pronunciation"},{"start_time":"196.93","end_time":"197.67","alternatives":[{"confidence":"0.6116","content":"여보세요"}],"type":"pronunciation"},{"alternatives":[{"confidence":"0.0","content":"."}],"type":"punctuation"},{"start_time":"199.25","end_time":"199.71","alternatives":[{"confidence":"0.9282","content":"본인이"}],"type":"pronunciation"},{"start_time":"199.71","end_time":"200.38","alternatives":[{"confidence":"1.0","content":"대한민국에서"}],"type":"pronunciation"},{"start_time":"200.38","end_time":"200.82","alternatives":[{"confidence":"0.7957","content":"실행할"}],"type":"pronunciation"},{"start_time":"200.82","end_time":"200.95","alternatives":[{"confidence":"0.9789","content":"수"}],"type":"pronunciation"},{"start_time":"200.95","end_time":"201.6","alternatives":[{"confidence":"0.98575","content":"의무와"}],"type":"pronunciation"},{"start_time":"202.01","end_time":"202.18","alternatives":[{"confidence":"0.7621","content":"제"}],"type":"pronunciation"},{"start_time":"202.18","end_time":"202.39","alternatives":[{"confidence":"0.2197","content":"3"}],"type":"pronunciation"},{"start_time":"202.39","end_time":"202.59","alternatives":[{"confidence":"0.9971","content":"자가"}],"type":"pronunciation"},{"start_time":"202.59","end_time":"203.03","alternatives":[{"confidence":"0.68065","content":"개최할"}],"type":"pronunciation"},{"start_time":"203.03","end_time":"203.1","alternatives":[{"confidence":"0.9999","content":"수"}],"type":"pronunciation"},{"start_time":"203.1","end_time":"203.26","alternatives":[{"confidence":"0.9983","content":"있는"}],"type":"pronunciation"},{"start_time":"203.26","end_time":"203.9","alternatives":[{"confidence":"0.68215","content":"상황있습니다"}],"type":"pronunciation"},{"start_time":"203.9","end_time":"204.23","alternatives":[{"confidence":"0.7394499999999999","content":"보시게"}],"type":"pronunciation"},{"start_time":"204.23","end_time":"204.66","alternatives":[{"confidence":"0.8225","content":"되면"}],"type":"pronunciation"},{"start_time":"208.67","end_time":"209.06","alternatives":[{"confidence":"0.9994","content":"본인이"}],"type":"pronunciation"},{"start_time":"209.06","end_time":"209.37","alternatives":[{"confidence":"0.9938","content":"모든"}],"type":"pronunciation"},{"start_time":"209.37","end_time":"209.73","alternatives":[{"confidence":"0.33335000000000004","content":"사회에서의"}],"type":"pronunciation"},{"start_time":"209.73","end_time":"210.1","alternatives":[{"confidence":"0.9117999999999999","content":"통장이"}],"type":"pronunciation"},{"start_time":"210.1","end_time":"210.55","alternatives":[{"confidence":"0.9011","content":"발급되어"}],"type":"pronunciation"},{"start_time":"210.55","end_time":"211.08","alternatives":[{"confidence":"0.9972","content":"나왔고"}],"type":"pronunciation"},{"start_time":"211.62","end_time":"211.85","alternatives":[{"confidence":"0.0699","content":"그게"}],"type":"pronunciation"},{"start_time":"211.85","end_time":"212.08","alternatives":[{"confidence":"0.0013","content":"그걸"}],"type":"pronunciation"},{"start_time":"212.66","end_time":"212.96","alternatives":[{"confidence":"0.0729","content":"모르고"}],"type":"pronunciation"},{"start_time":"214.26","end_time":"214.7","alternatives":[{"confidence":"0.4473","content":"들어가는"}],"type":"pronunciation"},{"start_time":"214.7","end_time":"214.81","alternatives":[{"confidence":"0.798","content":"거"}],"type":"pronunciation"},{"start_time":"214.81","end_time":"215.34","alternatives":[{"confidence":"0.9925999999999999","content":"아니시고"}],"type":"pronunciation"},{"alternatives":[{"confidence":"0.0","content":"."}],"type":"punctuation"},{"start_time":"215.34","end_time":"215.77","alternatives":[{"confidence":"0.9138","content":"현재"}],"type":"pronunciation"},{"start_time":"215.77","end_time":"216.27","alternatives":[{"confidence":"0.6779000000000001","content":"압수되어"}],"type":"pronunciation"},{"start_time":"216.27","end_time":"216.49","alternatives":[{"confidence":"0.8895","content":"저희"}],"type":"pronunciation"},{"start_time":"216.49","end_time":"216.86","alternatives":[{"confidence":"0.32005","content":"손해가"}],"type":"pronunciation"},{"start_time":"217.15","end_time":"217.88","alternatives":[{"confidence":"0.7478","content":"잡혔습니다"}],"type":"pronunciation"},{"alternatives":[{"confidence":"0.0","content":"."}],"type":"punctuation"},{"start_time":"218.03","end_time":"218.86","alternatives":[{"confidence":"0.46459999999999996","content":"통장해요"}],"type":"pronunciation"},{"alternatives":[{"confidence":"0.0","content":"."}],"type":"punctuation"},{"start_time":"219.41","end_time":"219.96","alternatives":[{"confidence":"0.7015","content":"그러니까"}],"type":"pronunciation"},{"start_time":"220.18","end_time":"220.42","alternatives":[{"confidence":"0.9946","content":"제가"}],"type":"pronunciation"},{"start_time":"220.42","end_time":"220.64","alternatives":[{"confidence":"0.9943","content":"지금"}],"type":"pronunciation"},{"start_time":"220.64","end_time":"221.01","alternatives":[{"confidence":"0.9875","content":"물어보는"}],"type":"pronunciation"},{"start_time":"221.01","end_time":"221.54","alternatives":[{"confidence":"0.6641","content":"거든요"}],"type":"pronunciation"},{"alternatives":[{"confidence":"0.0","content":"."}],"type":"punctuation"},{"start_time":"221.92","end_time":"222.7","alternatives":[{"confidence":"0.9751","content":"은행에서"}],"type":"pronunciation"},{"start_time":"222.92","end_time":"223.26","alternatives":[{"confidence":"0.0518","content":"내"}],"type":"pronunciation"},{"start_time":"224.61","end_time":"225.11","alternatives":[{"confidence":"0.0094","content":"분쟁이나"}],"type":"pronunciation"},{"start_time":"226.06","end_time":"226.2","alternatives":[{"confidence":"0.1662","content":"이런"}],"type":"pronunciation"},{"start_time":"226.2","end_time":"226.31","alternatives":[{"confidence":"0.1638","content":"걸"}],"type":"pronunciation"},{"start_time":"226.31","end_time":"226.67","alternatives":[{"confidence":"0.7022999999999999","content":"목사를"}],"type":"pronunciation"},{"start_time":"226.67","end_time":"226.91","alternatives":[{"confidence":"0.9856","content":"하고"}],"type":"pronunciation"},{"start_time":"227.0","end_time":"227.21","alternatives":[{"confidence":"0.9994","content":"난"}],"type":"pronunciation"},{"start_time":"227.21","end_time":"227.45","alternatives":[{"confidence":"0.9914","content":"다음에"}],"type":"pronunciation"},{"start_time":"227.45","end_time":"227.7","alternatives":[{"confidence":"0.5478","content":"그냥"}],"type":"pronunciation"},{"start_time":"227.94","end_time":"228.45","alternatives":[{"confidence":"0.8284","content":"있잖아요"}],"type":"pronunciation"},{"alternatives":[{"confidence":"0.0","content":"."}],"type":"punctuation"},{"start_time":"229.28","end_time":"229.68","alternatives":[{"confidence":"0.9746","content":"그것이"}],"type":"pronunciation"},{"start_time":"229.68","end_time":"230.1","alternatives":[{"confidence":"0.9546","content":"최근에"}],"type":"pronunciation"},{"start_time":"230.1","end_time":"230.44","alternatives":[{"confidence":"1.0","content":"혹시"}],"type":"pronunciation"},{"start_time":"230.56","end_time":"231.49","alternatives":[{"confidence":"0.8063","content":"총장으로서"}],"type":"pronunciation"},{"start_time":"231.94","end_time":"233.0","alternatives":[{"confidence":"0.9995499999999999","content":"분실하거나"}],"type":"pronunciation"},{"start_time":"233.85","end_time":"234.51","alternatives":[{"confidence":"0.9513499999999999","content":"분실하고"}],"type":"pronunciation"},{"start_time":"234.54","end_time":"234.72","alternatives":[{"confidence":"0.17","content":"그런"}],"type":"pronunciation"},{"start_time":"234.72","end_time":"234.82","alternatives":[{"confidence":"0.1607","content":"적"}],"type":"pronunciation"},{"start_time":"234.82","end_time":"235.2","alternatives":[{"confidence":"0.9974","content":"없어요"}],"type":"pronunciation"},{"alternatives":[{"confidence":"0.0","content":"."}],"type":"punctuation"},{"start_time":"235.31","end_time":"235.56","alternatives":[{"confidence":"0.5735","content":"그러나"}],"type":"pronunciation"},{"start_time":"235.56","end_time":"235.82","alternatives":[{"confidence":"0.9457","content":"그런"}],"type":"pronunciation"},{"start_time":"236.01","end_time":"236.61","alternatives":[{"confidence":"0.9119","content":"없으니까"}],"type":"pronunciation"},{"start_time":"237.68","end_time":"238.3","alternatives":[{"confidence":"0.7264","content":"은행에서"}],"type":"pronunciation"},{"start_time":"238.9","end_time":"239.23","alternatives":[{"confidence":"0.7705500000000001","content":"통장을"}],"type":"pronunciation"},{"start_time":"239.23","end_time":"239.55","alternatives":[{"confidence":"0.33304999999999996","content":"개설할"}],"type":"pronunciation"},{"start_time":"239.55","end_time":"239.68","alternatives":[{"confidence":"0.6609","content":"때"}],"type":"pronunciation"},{"start_time":"240.35","end_time":"240.56","alternatives":[{"confidence":"0.9995","content":"어느"}],"type":"pronunciation"},{"start_time":"240.56","end_time":"240.88","alternatives":[{"confidence":"0.994","content":"지점에서"}],"type":"pronunciation"},{"start_time":"240.88","end_time":"241.54","alternatives":[{"confidence":"0.4373","content":"계셨는지"}],"type":"pronunciation"},{"start_time":"241.65","end_time":"241.75","alternatives":[{"confidence":"0.7848","content":"그"}],"type":"pronunciation"},{"start_time":"241.75","end_time":"241.98","alternatives":[{"confidence":"0.9992","content":"다음에"}],"type":"pronunciation"},{"start_time":"241.98","end_time":"242.32","alternatives":[{"confidence":"0.2506","content":"그"}],"type":"pronunciation"},{"start_time":"243.08","end_time":"243.78","alternatives":[{"confidence":"0.4384","content":"고민확인"}],"type":"pronunciation"},{"start_time":"243.78","end_time":"244.02","alternatives":[{"confidence":"0.3956","content":"절차가"}],"type":"pronunciation"},{"start_time":"244.02","end_time":"244.31","alternatives":[{"confidence":"0.9595","content":"있었는지"}],"type":"pronunciation"},{"start_time":"244.31","end_time":"244.59","alternatives":[{"confidence":"0.5665","content":"확인해"}],"type":"pronunciation"},{"start_time":"244.59","end_time":"244.87","alternatives":[{"confidence":"0.5745","content":"보세요"}],"type":"pronunciation"},{"alternatives":[{"confidence":"0.0","content":"."}],"type":"punctuation"},{"start_time":"244.87","end_time":"245.16","alternatives":[{"confidence":"0.8937","content":"지금"}],"type":"pronunciation"},{"start_time":"247.44","end_time":"248.41","alternatives":[{"confidence":"0.8208000000000001","content":"농협통장을"}],"type":"pronunciation"},{"start_time":"248.41","end_time":"249.5","alternatives":[{"confidence":"0.9724666666666666","content":"개설주소지는"}],"type":"pronunciation"},{"start_time":"251.21","end_time":"251.81","alternatives":[{"confidence":"0.9582","content":"없어요"}],"type":"pronunciation"},{"alternatives":[{"confidence":"0.0","content":"."}],"type":"punctuation"},{"start_time":"252.5","end_time":"252.8","alternatives":[{"confidence":"1.0","content":"서울"}],"type":"pronunciation"},{"start_time":"252.8","end_time":"253.36","alternatives":[{"confidence":"1.0","content":"마포구"}],"type":"pronunciation"},{"start_time":"253.36","end_time":"254.36","alternatives":[{"confidence":"0.7542333333333334","content":"동화동지점에서"}],"type":"pronunciation"},{"start_time":"254.36","end_time":"254.56","alternatives":[{"confidence":"0.9224","content":"제가"}],"type":"pronunciation"},{"start_time":"254.56","end_time":"254.91","alternatives":[{"confidence":"0.96675","content":"맛보고"}],"type":"pronunciation"},{"start_time":"254.91","end_time":"255.61","alternatives":[{"confidence":"0.76505","content":"놀려한"}],"type":"pronunciation"},{"start_time":"255.61","end_time":"255.76","alternatives":[{"confidence":"0.9998","content":"적이"}],"type":"pronunciation"},{"start_time":"255.76","end_time":"256.13","alternatives":[{"confidence":"0.9996","content":"없어요"}],"type":"pronunciation"},{"alternatives":[{"confidence":"0.0","content":"."}],"type":"punctuation"},{"start_time":"257.5","end_time":"257.85","alternatives":[{"confidence":"0.999","content":"그러니까"}],"type":"pronunciation"},{"start_time":"257.85","end_time":"258.19","alternatives":[{"confidence":"0.9637","content":"현재"}],"type":"pronunciation"},{"start_time":"258.19","end_time":"258.54","alternatives":[{"confidence":"0.99985","content":"보시게"}],"type":"pronunciation"},{"start_time":"258.54","end_time":"259.14","alternatives":[{"confidence":"0.9996","content":"되면"}],"type":"pronunciation"},{"start_time":"259.17","end_time":"259.51","alternatives":[{"confidence":"0.9182","content":"빨리"}],"type":"pronunciation"},{"start_time":"259.51","end_time":"259.78","alternatives":[{"confidence":"0.6128","content":"개인"}],"type":"pronunciation"},{"start_time":"259.78","end_time":"260.15","alternatives":[{"confidence":"0.5263","content":"정보가"}],"type":"pronunciation"},{"start_time":"260.15","end_time":"260.35","alternatives":[{"confidence":"0.9994","content":"어느"}],"type":"pronunciation"},{"start_time":"260.35","end_time":"260.6","alternatives":[{"confidence":"0.8857","content":"쪽으로"}],"type":"pronunciation"},{"start_time":"260.6","end_time":"261.48","alternatives":[{"confidence":"0.8682666666666666","content":"유출됨으로"}],"type":"pronunciation"},{"start_time":"261.89","end_time":"262.27","alternatives":[{"confidence":"0.7102","content":"불법"}],"type":"pronunciation"},{"start_time":"262.27","end_time":"262.59","alternatives":[{"confidence":"0.4357","content":"사례가"}],"type":"pronunciation"},{"start_time":"262.59","end_time":"262.91","alternatives":[{"confidence":"0.3811","content":"확인이"}],"type":"pronunciation"},{"start_time":"262.91","end_time":"263.07","alternatives":[{"confidence":"0.519","content":"된"}],"type":"pronunciation"},{"start_time":"263.07","end_time":"263.16","alternatives":[{"confidence":"0.9982","content":"것"}],"type":"pronunciation"},{"start_time":"263.16","end_time":"263.65","alternatives":[{"confidence":"1.0","content":"같습니다"}],"type":"pronunciation"},{"alternatives":[{"confidence":"0.0","content":"."}],"type":"punctuation"},{"start_time":"263.65","end_time":"263.95","alternatives":[{"confidence":"1.0","content":"그래서"}],"type":"pronunciation"},{"start_time":"263.95","end_time":"264.24","alternatives":[{"confidence":"0.9936","content":"이번"}],"type":"pronunciation"},{"start_time":"264.24","end_time":"264.64","alternatives":[{"confidence":"0.9977","content":"사건은"}],"type":"pronunciation"},{"start_time":"264.64","end_time":"264.95","alternatives":[{"confidence":"0.8354","content":"일반"}],"type":"pronunciation"},{"start_time":"264.95","end_time":"265.32","alternatives":[{"confidence":"0.6353500000000001","content":"범죄들"}],"type":"pronunciation"},{"start_time":"265.32","end_time":"265.49","alternatives":[{"confidence":"0.5921","content":"뿐"}],"type":"pronunciation"},{"start_time":"265.49","end_time":"266.09","alternatives":[{"confidence":"0.9972","content":"아니라"}],"type":"pronunciation"},{"start_time":"266.75","end_time":"267.12","alternatives":[{"confidence":"0.7299","content":"은행"}],"type":"pronunciation"},{"start_time":"267.12","end_time":"267.74","alternatives":[{"confidence":"0.9894499999999999","content":"징후도"}],"type":"pronunciation"},{"start_time":"267.74","end_time":"268.29","alternatives":[{"confidence":"1.0","content":"여보세요"}],"type":"pronunciation"},{"alternatives":[{"confidence":"0.0","content":","}],"type":"punctuation"},{"start_time":"269.91","end_time":"270.29","alternatives":[{"confidence":"0.9319","content":"은행"}],"type":"pronunciation"},{"start_time":"270.29","end_time":"270.68","alternatives":[{"confidence":"0.1744","content":"직원을"}],"type":"pronunciation"},{"start_time":"270.71","end_time":"271.71","alternatives":[{"confidence":"0.6828666666666666","content":"참여되었고요"}],"type":"pronunciation"},{"start_time":"271.83","end_time":"272.08","alternatives":[{"confidence":"0.9097","content":"임이"}],"type":"pronunciation"},{"start_time":"272.08","end_time":"272.64","alternatives":[{"confidence":"0.74325","content":"분명은행"}],"type":"pronunciation"},{"start_time":"272.64","end_time":"272.96","alternatives":[{"confidence":"0.8033","content":"직원은"}],"type":"pronunciation"},{"start_time":"272.96","end_time":"273.45","alternatives":[{"confidence":"0.9912","content":"검거되지"}],"type":"pronunciation"},{"start_time":"273.45","end_time":"273.9","alternatives":[{"confidence":"0.5804","content":"야"}],"type":"pronunciation"},{"start_time":"273.94","end_time":"274.18","alternatives":[{"confidence":"1.0","content":"되지"}],"type":"pronunciation"},{"start_time":"274.18","end_time":"274.41","alternatives":[{"confidence":"0.8336","content":"않은"}],"type":"pronunciation"},{"start_time":"274.41","end_time":"274.56","alternatives":[{"confidence":"0.0318","content":"것"}],"type":"pronunciation"},{"start_time":"275.11","end_time":"275.41","alternatives":[{"confidence":"0.5035","content":"으로"}],"type":"pronunciation"},{"start_time":"275.42","end_time":"276.42","alternatives":[{"confidence":"0.96235","content":"확인되었습니다"}],"type":"pronunciation"},{"alternatives":[{"confidence":"0.0","content":"."}],"type":"punctuation"},{"start_time":"277.22","end_time":"277.42","alternatives":[{"confidence":"0.0144","content":"뭔"}],"type":"pronunciation"},{"start_time":"277.42","end_time":"277.76","alternatives":[{"confidence":"0.0188","content":"말인지"}],"type":"pronunciation"},{"start_time":"277.76","end_time":"279.03","alternatives":[{"confidence":"0.6118333333333333","content":"모르겠얘기한"}],"type":"pronunciation"},{"start_time":"279.03","end_time":"279.46","alternatives":[{"confidence":"0.9945","content":"것인데"}],"type":"pronunciation"},{"start_time":"281.06","end_time":"281.42","alternatives":[{"confidence":"0.9957","content":"분명히"}],"type":"pronunciation"},{"start_time":"281.42","end_time":"281.74","alternatives":[{"confidence":"0.5304","content":"은행"}],"type":"pronunciation"},{"start_time":"281.74","end_time":"282.16","alternatives":[{"confidence":"0.941","content":"직원은"}],"type":"pronunciation"},{"start_time":"282.16","end_time":"283.14","alternatives":[{"confidence":"0.9735333333333335","content":"검거되었고요"}],"type":"pronunciation"},{"start_time":"283.17","end_time":"283.53","alternatives":[{"confidence":"0.972","content":"아주"}],"type":"pronunciation"},{"start_time":"283.54","end_time":"284.08","alternatives":[{"confidence":"1.0","content":"검거되지"}],"type":"pronunciation"},{"start_time":"284.08","end_time":"284.3","alternatives":[{"confidence":"0.9059","content":"않은"}],"type":"pronunciation"},{"start_time":"284.3","end_time":"284.58","alternatives":[{"confidence":"0.508","content":"운행"}],"type":"pronunciation"},{"start_time":"284.58","end_time":"284.93","alternatives":[{"confidence":"0.91405","content":"징후도"}],"type":"pronunciation"},{"start_time":"284.93","end_time":"285.52","alternatives":[{"confidence":"0.9725","content":"있습니다"}],"type":"pronunciation"},{"alternatives":[{"confidence":"0.0","content":"."}],"type":"punctuation"},{"start_time":"285.9","end_time":"286.19","alternatives":[{"confidence":"0.8594","content":"직원이"}],"type":"pronunciation"},{"start_time":"286.19","end_time":"286.68","alternatives":[{"confidence":"0.37965","content":"됐다고요"}],"type":"pronunciation"},{"alternatives":[{"confidence":"0.0","content":"."}],"type":"punctuation"},{"start_time":"288.85","end_time":"289.05","alternatives":[{"confidence":"0.0","content":"게다가"}],"type":"pronunciation"},{"start_time":"289.05","end_time":"289.22","alternatives":[{"confidence":"0.796","content":"지금"}],"type":"pronunciation"},{"start_time":"289.22","end_time":"289.49","alternatives":[{"confidence":"0.13490000000000002","content":"고소를"}],"type":"pronunciation"},{"start_time":"289.49","end_time":"289.96","alternatives":[{"confidence":"0.9777","content":"해야죠"}],"type":"pronunciation"},{"alternatives":[{"confidence":"0.0","content":"."}],"type":"punctuation"},{"start_time":"290.87","end_time":"291.23","alternatives":[{"confidence":"0.9704","content":"그러니까"}],"type":"pronunciation"},{"start_time":"291.23","end_time":"291.84","alternatives":[{"confidence":"0.8429","content":"현재"}],"type":"pronunciation"},{"start_time":"292.17","end_time":"292.47","alternatives":[{"confidence":"0.76945","content":"보시게"}],"type":"pronunciation"},{"start_time":"292.47","end_time":"292.76","alternatives":[{"confidence":"0.9996","content":"되면"}],"type":"pronunciation"},{"start_time":"292.76","end_time":"293.13","alternatives":[{"confidence":"0.9391","content":"본인이"}],"type":"pronunciation"},{"start_time":"293.13","end_time":"293.61","alternatives":[{"confidence":"0.1053","content":"개인정보"}],"type":"pronunciation"},{"start_time":"294.19","end_time":"294.6","alternatives":[{"confidence":"0.5068","content":"노출될"}],"type":"pronunciation"},{"start_time":"294.6","end_time":"294.71","alternatives":[{"confidence":"0.7462","content":"것"}],"type":"pronunciation"},{"start_time":"294.71","end_time":"295.48","alternatives":[{"confidence":"1.0","content":"같은데요"}],"type":"pronunciation"},{"alternatives":[{"confidence":"0.0","content":"."}],"type":"punctuation"},{"start_time":"298.13","end_time":"298.43","alternatives":[{"confidence":"0.0269","content":"그렇게"}],"type":"pronunciation"},{"start_time":"298.43","end_time":"298.68","alternatives":[{"confidence":"0.0202","content":"어떻게"}],"type":"pronunciation"},{"start_time":"298.98","end_time":"299.31","alternatives":[{"confidence":"0.8759","content":"본인"}],"type":"pronunciation"},{"start_time":"299.31","end_time":"299.68","alternatives":[{"confidence":"0.5251","content":"통장이"}],"type":"pronunciation"},{"start_time":"299.71","end_time":"300.2","alternatives":[{"confidence":"0.26205","content":"개설돼"}],"type":"pronunciation"},{"start_time":"300.2","end_time":"300.96","alternatives":[{"confidence":"0.9918","content":"나왔는지"}],"type":"pronunciation"},{"start_time":"302.1","end_time":"302.52","alternatives":[{"confidence":"0.3864","content":"아니었으면"}],"type":"pronunciation"},{"start_time":"302.52","end_time":"302.75","alternatives":[{"confidence":"0.9249","content":"현재"}],"type":"pronunciation"},{"start_time":"302.75","end_time":"303.4","alternatives":[{"confidence":"0.9632000000000001","content":"본인께서"}],"type":"pronunciation"},{"start_time":"303.4","end_time":"303.67","alternatives":[{"confidence":"0.9713","content":"무슨"}],"type":"pronunciation"},{"start_time":"303.67","end_time":"304.04","alternatives":[{"confidence":"0.9218","content":"총장을"}],"type":"pronunciation"},{"start_time":"304.04","end_time":"305.08","alternatives":[{"confidence":"0.93645","content":"판매하는지"}],"type":"pronunciation"},{"alternatives":[{"confidence":"0.0","content":"?"}],"type":"punctuation"},{"start_time":"305.24","end_time":"305.36","alternatives":[{"confidence":"0.9763","content":"그"}],"type":"pronunciation"},{"start_time":"305.36","end_time":"305.69","alternatives":[{"confidence":"0.8661","content":"사실"}],"type":"pronunciation"},{"start_time":"305.69","end_time":"305.97","alternatives":[{"confidence":"1.0","content":"여부를"}],"type":"pronunciation"},{"start_time":"305.97","end_time":"306.39","alternatives":[{"confidence":"0.997","content":"확인하기"}],"type":"pronunciation"},{"start_time":"306.39","end_time":"306.67","alternatives":[{"confidence":"0.9679","content":"위해서"}],"type":"pronunciation"},{"start_time":"306.67","end_time":"306.83","alternatives":[{"confidence":"0.9092","content":"저희"}],"type":"pronunciation"},{"start_time":"306.83","end_time":"307.39","alternatives":[{"confidence":"0.8285","content":"검찰청을"}],"type":"pronunciation"},{"start_time":"307.39","end_time":"307.92","alternatives":[{"confidence":"0.60565","content":"출전하세요"}],"type":"pronunciation"},{"start_time":"307.92","end_time":"308.28","alternatives":[{"confidence":"0.9823999999999999","content":"협조할"}],"type":"pronunciation"},{"start_time":"308.28","end_time":"308.34","alternatives":[{"confidence":"1.0","content":"수"}],"type":"pronunciation"},{"start_time":"308.34","end_time":"309.09","alternatives":[{"confidence":"1.0","content":"있겠습니까"}],"type":"pronunciation"},{"alternatives":[{"confidence":"0.0","content":"?"}],"type":"punctuation"},{"start_time":"311.66","end_time":"311.75","alternatives":[{"confidence":"0.4696","content":"은"}],"type":"pronunciation"},{"start_time":"311.75","end_time":"312.45","alternatives":[{"confidence":"0.9974000000000001","content":"가능한데요"}],"type":"pronunciation"},{"start_time":"314.96","end_time":"315.35","alternatives":[{"confidence":"0.4954","content":"검찰의"}],"type":"pronunciation"},{"start_time":"315.35","end_time":"315.63","alternatives":[{"confidence":"1.0","content":"간다고"}],"type":"pronunciation"},{"start_time":"315.63","end_time":"316.19","alternatives":[{"confidence":"0.964","content":"해가지고"}],"type":"pronunciation"},{"start_time":"316.51","end_time":"316.82","alternatives":[{"confidence":"0.9983","content":"뭔가"}],"type":"pronunciation"},{"start_time":"316.82","end_time":"317.31","alternatives":[{"confidence":"0.9517500000000001","content":"해결되는"}],"type":"pronunciation"},{"start_time":"317.31","end_time":"317.39","alternatives":[{"confidence":"0.9828","content":"게"}],"type":"pronunciation"},{"start_time":"317.39","end_time":"317.93","alternatives":[{"confidence":"1.0","content":"아니잖아요"}],"type":"pronunciation"},{"alternatives":[{"confidence":"0.0","content":"."}],"type":"punctuation"},{"start_time":"319.06","end_time":"319.38","alternatives":[{"confidence":"0.9886","content":"돈이"}],"type":"pronunciation"},{"start_time":"319.84","end_time":"320.03","alternatives":[{"confidence":"0.0467","content":"많이"}],"type":"pronunciation"},{"start_time":"320.03","end_time":"320.71","alternatives":[{"confidence":"0.60355","content":"해결됐기"}],"type":"pronunciation"},{"alternatives":[{"confidence":"0.0","content":"."}],"type":"punctuation"},{"start_time":"320.71","end_time":"320.84","alternatives":[{"confidence":"0.1622","content":"가"}],"type":"pronunciation"},{"alternatives":[{"confidence":"0.0","content":"."}],"type":"punctuation"},{"start_time":"320.84","end_time":"321.25","alternatives":[{"confidence":"0.7614","content":"왜냐면"}],"type":"pronunciation"},{"start_time":"321.28","end_time":"321.62","alternatives":[{"confidence":"0.9987","content":"본인이"}],"type":"pronunciation"},{"start_time":"321.62","end_time":"321.98","alternatives":[{"confidence":"0.1259","content":"명의로"}],"type":"pronunciation"},{"start_time":"321.98","end_time":"322.36","alternatives":[{"confidence":"0.8946000000000001","content":"통장이"}],"type":"pronunciation"},{"start_time":"322.36","end_time":"322.79","alternatives":[{"confidence":"0.4003","content":"개설된"}],"type":"pronunciation"},{"start_time":"324.19","end_time":"324.49","alternatives":[{"confidence":"0.56665","content":"통장을"}],"type":"pronunciation"},{"start_time":"324.56","end_time":"324.62","alternatives":[{"confidence":"0.4694","content":"수"}],"type":"pronunciation"},{"start_time":"324.65","end_time":"324.82","alternatives":[{"confidence":"0.8432","content":"있는"}],"type":"pronunciation"},{"start_time":"324.82","end_time":"325.14","alternatives":[{"confidence":"1.0","content":"방법이"}],"type":"pronunciation"},{"start_time":"325.14","end_time":"325.47","alternatives":[{"confidence":"0.9988","content":"뭔지를"}],"type":"pronunciation"},{"start_time":"325.47","end_time":"325.64","alternatives":[{"confidence":"0.5718","content":"알아야"}],"type":"pronunciation"},{"start_time":"325.64","end_time":"325.74","alternatives":[{"confidence":"0.8242","content":"될"}],"type":"pronunciation"},{"start_time":"325.74","end_time":"325.81","alternatives":[{"confidence":"0.992","content":"거"}],"type":"pronunciation"},{"start_time":"325.81","end_time":"326.04","alternatives":[{"confidence":"0.9821","content":"아니에요"}],"type":"pronunciation"},{"alternatives":[{"confidence":"0.0","content":"."}],"type":"punctuation"},{"start_time":"326.04","end_time":"326.52","alternatives":[{"confidence":"0.8397333333333332","content":"마포구에서"}],"type":"pronunciation"},{"start_time":"326.52","end_time":"326.82","alternatives":[{"confidence":"0.3112","content":"만나야지"}],"type":"pronunciation"},{"start_time":"326.82","end_time":"326.89","alternatives":[{"confidence":"0.1284","content":"그"}],"type":"pronunciation"},{"start_time":"326.89","end_time":"327.32","alternatives":[{"confidence":"0.36175","content":"맛보고는"}],"type":"pronunciation"},{"start_time":"327.32","end_time":"327.4","alternatives":[{"confidence":"0.7297","content":"그"}],"type":"pronunciation"},{"start_time":"327.4","end_time":"327.7","alternatives":[{"confidence":"0.9306","content":"능력을"}],"type":"pronunciation"},{"start_time":"327.7","end_time":"327.87","alternatives":[{"confidence":"0.7825","content":"가서"}],"type":"pronunciation"},{"start_time":"327.87","end_time":"328.26","alternatives":[{"confidence":"0.9023","content":"만나요"}],"type":"pronunciation"},{"alternatives":[{"confidence":"0.0","content":"."}],"type":"punctuation"},{"start_time":"328.92","end_time":"329.12","alternatives":[{"confidence":"0.9822","content":"제가"}],"type":"pronunciation"},{"start_time":"329.12","end_time":"329.29","alternatives":[{"confidence":"0.9939","content":"지금"}],"type":"pronunciation"},{"start_time":"329.29","end_time":"329.58","alternatives":[{"confidence":"0.83415","content":"맛보고"}],"type":"pronunciation"},{"start_time":"329.58","end_time":"329.94","alternatives":[{"confidence":"0.9329","content":"능력으로"}],"type":"pronunciation"},{"start_time":"329.94","end_time":"330.61","alternatives":[{"confidence":"0.13605","content":"갔으니까"}],"type":"pronunciation"},{"start_time":"331.21","end_time":"331.54","alternatives":[{"confidence":"0.9333","content":"그쪽으로"}],"type":"pronunciation"},{"start_time":"331.63","end_time":"332.03","alternatives":[{"confidence":"0.4351","content":"민생적으로"}],"type":"pronunciation"},{"start_time":"332.03","end_time":"332.39","alternatives":[{"confidence":"0.9666","content":"오세요"}],"type":"pronunciation"},{"alternatives":[{"confidence":"0.0","content":"."}],"type":"punctuation"}]},"status":"COMPLETED"}