{"jobName":"transcribes..94","accountId":"097989105209","results":{"transcripts":[{"transcript":"저희가 이걸 여쭤보는 이유는요 이천십사년에 구월 십날 금융사기단을 검거하면서 검거현장에 대량의 불법 통장이 나왔는데 이 통장중에 본인의 명의로 개설이 된 통장이 나와서 연락을 드렸습니다. 이해되셨나요 여보세요, 말씀하세요. 혹시 이천십오년에? 오월 십날 서울시 영등포구 문래동 지점에서 본인의 명의로 개설이 됐는데 본인이 직접 개설하신 겁니까? 전혀 없으시고요 현재 본인은 금융범죄를 연루되어 있으므로 오늘 경우 피해자 입증절차만 해주시면 됩니다. 사건에 대해서 간략하게 설명을 해드릴게요 금융사기사건이고요 현재 저희 검찰 내 불량직원들과 은행 직원들까지 연료가 되어 있습니다. 이들의 진술을 따르면 신분증을 복사해 통장을 복사했다고 진술하고 있거든요 혹시 본인께서 통장을 판매하시것만 되어 또는 양도해주신 적이 있습니까? 지금 제가 말하는 것 중에 이해가 안 되시거나? 궁금하신 점 있으십니까? 전혀 없으세요? 지금 실례지만 뭐 자택이신가요 직장인인가요 왜요?"}],"items":[{"start_time":"1.39","end_time":"1.68","alternatives":[{"confidence":"0.9934","content":"저희가"}],"type":"pronunciation"},{"start_time":"1.68","end_time":"1.94","alternatives":[{"confidence":"1.0","content":"이걸"}],"type":"pronunciation"},{"start_time":"1.94","end_time":"2.46","alternatives":[{"confidence":"0.9993000000000001","content":"여쭤보는"}],"type":"pronunciation"},{"start_time":"2.46","end_time":"2.91","alternatives":[{"confidence":"0.99945","content":"이유는요"}],"type":"pronunciation"},{"start_time":"2.91","end_time":"4.04","alternatives":[{"confidence":"0.709475","content":"이천십사년에"}],"type":"pronunciation"},{"start_time":"4.04","end_time":"4.35","alternatives":[{"confidence":"0.8451","content":"구월"}],"type":"pronunciation"},{"start_time":"4.35","end_time":"4.73","alternatives":[{"confidence":"0.86465","content":"십날"}],"type":"pronunciation"},{"start_time":"5.2","end_time":"6.01","alternatives":[{"confidence":"0.9733999999999999","content":"금융사기단을"}],"type":"pronunciation"},{"start_time":"6.01","end_time":"6.95","alternatives":[{"confidence":"0.9882","content":"검거하면서"}],"type":"pronunciation"},{"start_time":"7.24","end_time":"8.22","alternatives":[{"confidence":"0.82355","content":"검거현장에"}],"type":"pronunciation"},{"start_time":"8.25","end_time":"8.61","alternatives":[{"confidence":"0.9601","content":"대량의"}],"type":"pronunciation"},{"start_time":"8.61","end_time":"8.96","alternatives":[{"confidence":"0.9368","content":"불법"}],"type":"pronunciation"},{"start_time":"8.96","end_time":"9.28","alternatives":[{"confidence":"0.89495","content":"통장이"}],"type":"pronunciation"},{"start_time":"9.28","end_time":"9.68","alternatives":[{"confidence":"0.9997","content":"나왔는데"}],"type":"pronunciation"},{"start_time":"9.68","end_time":"9.85","alternatives":[{"confidence":"0.8892","content":"이"}],"type":"pronunciation"},{"start_time":"9.85","end_time":"10.44","alternatives":[{"confidence":"0.9974000000000001","content":"통장중에"}],"type":"pronunciation"},{"start_time":"10.44","end_time":"10.83","alternatives":[{"confidence":"1.0","content":"본인의"}],"type":"pronunciation"},{"start_time":"10.83","end_time":"11.23","alternatives":[{"confidence":"1.0","content":"명의로"}],"type":"pronunciation"},{"start_time":"11.23","end_time":"11.62","alternatives":[{"confidence":"0.8391","content":"개설이"}],"type":"pronunciation"},{"start_time":"11.62","end_time":"11.79","alternatives":[{"confidence":"0.9917","content":"된"}],"type":"pronunciation"},{"start_time":"11.79","end_time":"12.14","alternatives":[{"confidence":"0.98985","content":"통장이"}],"type":"pronunciation"},{"start_time":"12.14","end_time":"12.45","alternatives":[{"confidence":"0.9993","content":"나와서"}],"type":"pronunciation"},{"start_time":"12.45","end_time":"12.82","alternatives":[{"confidence":"1.0","content":"연락을"}],"type":"pronunciation"},{"start_time":"12.82","end_time":"13.48","alternatives":[{"confidence":"0.981","content":"드렸습니다"}],"type":"pronunciation"},{"alternatives":[{"confidence":"0.0","content":"."}],"type":"punctuation"},{"start_time":"13.73","end_time":"14.5","alternatives":[{"confidence":"0.9368333333333334","content":"이해되셨나요"}],"type":"pronunciation"},{"start_time":"16.86","end_time":"17.53","alternatives":[{"confidence":"1.0","content":"여보세요"}],"type":"pronunciation"},{"alternatives":[{"confidence":"0.0","content":","}],"type":"punctuation"},{"start_time":"18.24","end_time":"19.04","alternatives":[{"confidence":"0.00115","content":"말씀하세요"}],"type":"pronunciation"},{"alternatives":[{"confidence":"0.0","content":"."}],"type":"punctuation"},{"start_time":"19.83","end_time":"20.14","alternatives":[{"confidence":"1.0","content":"혹시"}],"type":"pronunciation"},{"start_time":"20.14","end_time":"21.11","alternatives":[{"confidence":"0.714725","content":"이천십오년에"}],"type":"pronunciation"},{"alternatives":[{"confidence":"0.0","content":"?"}],"type":"punctuation"},{"start_time":"21.11","end_time":"21.41","alternatives":[{"confidence":"0.87405","content":"오월"}],"type":"pronunciation"},{"start_time":"21.41","end_time":"21.7","alternatives":[{"confidence":"0.71865","content":"십날"}],"type":"pronunciation"},{"start_time":"21.7","end_time":"22.13","alternatives":[{"confidence":"0.9961","content":"서울시"}],"type":"pronunciation"},{"start_time":"22.13","end_time":"22.8","alternatives":[{"confidence":"1.0","content":"영등포구"}],"type":"pronunciation"},{"start_time":"22.8","end_time":"23.25","alternatives":[{"confidence":"0.9343","content":"문래동"}],"type":"pronunciation"},{"start_time":"23.25","end_time":"23.74","alternatives":[{"confidence":"0.9866","content":"지점에서"}],"type":"pronunciation"},{"start_time":"23.74","end_time":"24.19","alternatives":[{"confidence":"0.9999","content":"본인의"}],"type":"pronunciation"},{"start_time":"24.19","end_time":"24.6","alternatives":[{"confidence":"1.0","content":"명의로"}],"type":"pronunciation"},{"start_time":"24.6","end_time":"25.02","alternatives":[{"confidence":"0.9860500000000001","content":"개설이"}],"type":"pronunciation"},{"start_time":"25.02","end_time":"25.39","alternatives":[{"confidence":"0.6598","content":"됐는데"}],"type":"pronunciation"},{"start_time":"25.39","end_time":"25.86","alternatives":[{"confidence":"1.0","content":"본인이"}],"type":"pronunciation"},{"start_time":"25.86","end_time":"26.15","alternatives":[{"confidence":"0.9941","content":"직접"}],"type":"pronunciation"},{"start_time":"26.15","end_time":"26.66","alternatives":[{"confidence":"0.9079999999999999","content":"개설하신"}],"type":"pronunciation"},{"start_time":"26.66","end_time":"27.01","alternatives":[{"confidence":"0.9725","content":"겁니까"}],"type":"pronunciation"},{"alternatives":[{"confidence":"0.0","content":"?"}],"type":"punctuation"},{"start_time":"28.92","end_time":"29.24","alternatives":[{"confidence":"1.0","content":"전혀"}],"type":"pronunciation"},{"start_time":"29.24","end_time":"29.92","alternatives":[{"confidence":"0.9956","content":"없으시고요"}],"type":"pronunciation"},{"start_time":"31.11","end_time":"31.41","alternatives":[{"confidence":"0.9527","content":"현재"}],"type":"pronunciation"},{"start_time":"31.41","end_time":"31.89","alternatives":[{"confidence":"1.0","content":"본인은"}],"type":"pronunciation"},{"start_time":"31.89","end_time":"32.63","alternatives":[{"confidence":"0.97905","content":"금융범죄를"}],"type":"pronunciation"},{"start_time":"32.63","end_time":"33.05","alternatives":[{"confidence":"0.78","content":"연루되어"}],"type":"pronunciation"},{"start_time":"33.05","end_time":"33.41","alternatives":[{"confidence":"0.7762","content":"있으므로"}],"type":"pronunciation"},{"start_time":"33.41","end_time":"33.61","alternatives":[{"confidence":"0.5041","content":"오늘"}],"type":"pronunciation"},{"start_time":"33.61","end_time":"33.89","alternatives":[{"confidence":"0.6001","content":"경우"}],"type":"pronunciation"},{"start_time":"33.89","end_time":"34.28","alternatives":[{"confidence":"0.5784","content":"피해자"}],"type":"pronunciation"},{"start_time":"34.28","end_time":"34.97","alternatives":[{"confidence":"0.9735333333333333","content":"입증절차만"}],"type":"pronunciation"},{"start_time":"34.97","end_time":"35.43","alternatives":[{"confidence":"0.999","content":"해주시면"}],"type":"pronunciation"},{"start_time":"35.43","end_time":"35.87","alternatives":[{"confidence":"1.0","content":"됩니다"}],"type":"pronunciation"},{"alternatives":[{"confidence":"0.0","content":"."}],"type":"punctuation"},{"start_time":"36.29","end_time":"36.7","alternatives":[{"confidence":"0.998","content":"사건에"}],"type":"pronunciation"},{"start_time":"36.7","end_time":"37.0","alternatives":[{"confidence":"0.9998","content":"대해서"}],"type":"pronunciation"},{"start_time":"37.0","end_time":"37.48","alternatives":[{"confidence":"1.0","content":"간략하게"}],"type":"pronunciation"},{"start_time":"37.48","end_time":"37.82","alternatives":[{"confidence":"0.9385","content":"설명을"}],"type":"pronunciation"},{"start_time":"37.82","end_time":"38.54","alternatives":[{"confidence":"0.8593500000000001","content":"해드릴게요"}],"type":"pronunciation"},{"start_time":"39.25","end_time":"40.34","alternatives":[{"confidence":"0.885775","content":"금융사기사건이고요"}],"type":"pronunciation"},{"start_time":"40.34","end_time":"40.55","alternatives":[{"confidence":"0.9908","content":"현재"}],"type":"pronunciation"},{"start_time":"40.55","end_time":"40.8","alternatives":[{"confidence":"0.9205","content":"저희"}],"type":"pronunciation"},{"start_time":"40.8","end_time":"41.22","alternatives":[{"confidence":"0.6","content":"검찰"}],"type":"pronunciation"},{"start_time":"41.22","end_time":"41.53","alternatives":[{"confidence":"0.4436","content":"내"}],"type":"pronunciation"},{"start_time":"41.59","end_time":"42.38","alternatives":[{"confidence":"0.8326333333333333","content":"불량직원들과"}],"type":"pronunciation"},{"start_time":"42.38","end_time":"42.69","alternatives":[{"confidence":"0.9306","content":"은행"}],"type":"pronunciation"},{"start_time":"42.69","end_time":"43.33","alternatives":[{"confidence":"0.99685","content":"직원들까지"}],"type":"pronunciation"},{"start_time":"43.33","end_time":"43.67","alternatives":[{"confidence":"0.9914000000000001","content":"연료가"}],"type":"pronunciation"},{"start_time":"43.67","end_time":"43.84","alternatives":[{"confidence":"0.791","content":"되어"}],"type":"pronunciation"},{"start_time":"43.84","end_time":"44.26","alternatives":[{"confidence":"0.9986","content":"있습니다"}],"type":"pronunciation"},{"alternatives":[{"confidence":"0.0","content":"."}],"type":"punctuation"},{"start_time":"44.64","end_time":"44.92","alternatives":[{"confidence":"0.9981","content":"이들의"}],"type":"pronunciation"},{"start_time":"44.92","end_time":"45.3","alternatives":[{"confidence":"0.6176","content":"진술을"}],"type":"pronunciation"},{"start_time":"45.3","end_time":"45.62","alternatives":[{"confidence":"0.999","content":"따르면"}],"type":"pronunciation"},{"start_time":"45.62","end_time":"46.15","alternatives":[{"confidence":"1.0","content":"신분증을"}],"type":"pronunciation"},{"start_time":"46.15","end_time":"46.64","alternatives":[{"confidence":"0.98735","content":"복사해"}],"type":"pronunciation"},{"start_time":"46.64","end_time":"47.02","alternatives":[{"confidence":"0.9969","content":"통장을"}],"type":"pronunciation"},{"start_time":"47.02","end_time":"47.54","alternatives":[{"confidence":"0.9554","content":"복사했다고"}],"type":"pronunciation"},{"start_time":"47.54","end_time":"48.0","alternatives":[{"confidence":"0.9994000000000001","content":"진술하고"}],"type":"pronunciation"},{"start_time":"48.0","end_time":"48.56","alternatives":[{"confidence":"1.0","content":"있거든요"}],"type":"pronunciation"},{"start_time":"48.75","end_time":"49.19","alternatives":[{"confidence":"1.0","content":"혹시"}],"type":"pronunciation"},{"start_time":"49.19","end_time":"49.7","alternatives":[{"confidence":"0.9929","content":"본인께서"}],"type":"pronunciation"},{"start_time":"49.7","end_time":"50.11","alternatives":[{"confidence":"0.9977","content":"통장을"}],"type":"pronunciation"},{"start_time":"50.11","end_time":"50.77","alternatives":[{"confidence":"0.6926","content":"판매하시것만"}],"type":"pronunciation"},{"start_time":"50.77","end_time":"51.03","alternatives":[{"confidence":"0.726","content":"되어"}],"type":"pronunciation"},{"start_time":"51.03","end_time":"51.35","alternatives":[{"confidence":"1.0","content":"또는"}],"type":"pronunciation"},{"start_time":"51.35","end_time":"52.08","alternatives":[{"confidence":"0.6899500000000001","content":"양도해주신"}],"type":"pronunciation"},{"start_time":"52.08","end_time":"52.24","alternatives":[{"confidence":"0.939","content":"적이"}],"type":"pronunciation"},{"start_time":"52.24","end_time":"52.7","alternatives":[{"confidence":"1.0","content":"있습니까"}],"type":"pronunciation"},{"alternatives":[{"confidence":"0.0","content":"?"}],"type":"punctuation"},{"start_time":"55.12","end_time":"55.43","alternatives":[{"confidence":"0.9572","content":"지금"}],"type":"pronunciation"},{"start_time":"55.89","end_time":"56.06","alternatives":[{"confidence":"0.9952","content":"제가"}],"type":"pronunciation"},{"start_time":"56.06","end_time":"56.42","alternatives":[{"confidence":"0.9966","content":"말하는"}],"type":"pronunciation"},{"start_time":"56.42","end_time":"56.56","alternatives":[{"confidence":"0.9602","content":"것"}],"type":"pronunciation"},{"start_time":"56.56","end_time":"56.73","alternatives":[{"confidence":"0.9972","content":"중에"}],"type":"pronunciation"},{"start_time":"56.82","end_time":"57.22","alternatives":[{"confidence":"1.0","content":"이해가"}],"type":"pronunciation"},{"start_time":"57.22","end_time":"57.33","alternatives":[{"confidence":"0.7729","content":"안"}],"type":"pronunciation"},{"start_time":"57.33","end_time":"57.72","alternatives":[{"confidence":"0.85655","content":"되시거나"}],"type":"pronunciation"},{"alternatives":[{"confidence":"0.0","content":"?"}],"type":"punctuation"},{"start_time":"57.72","end_time":"58.37","alternatives":[{"confidence":"0.999","content":"궁금하신"}],"type":"pronunciation"},{"start_time":"58.37","end_time":"58.54","alternatives":[{"confidence":"0.8046","content":"점"}],"type":"pronunciation"},{"start_time":"58.54","end_time":"59.22","alternatives":[{"confidence":"1.0","content":"있으십니까"}],"type":"pronunciation"},{"alternatives":[{"confidence":"0.0","content":"?"}],"type":"punctuation"},{"start_time":"60.76","end_time":"61.04","alternatives":[{"confidence":"1.0","content":"전혀"}],"type":"pronunciation"},{"start_time":"61.04","end_time":"61.62","alternatives":[{"confidence":"1.0","content":"없으세요"}],"type":"pronunciation"},{"alternatives":[{"confidence":"0.0","content":"?"}],"type":"punctuation"},{"start_time":"63.57","end_time":"63.83","alternatives":[{"confidence":"0.9785","content":"지금"}],"type":"pronunciation"},{"start_time":"63.83","end_time":"64.31","alternatives":[{"confidence":"0.92425","content":"실례지만"}],"type":"pronunciation"},{"start_time":"64.31","end_time":"64.49","alternatives":[{"confidence":"0.9024","content":"뭐"}],"type":"pronunciation"},{"start_time":"64.52","end_time":"65.47","alternatives":[{"confidence":"0.9709","content":"자택이신가요"}],"type":"pronunciation"},{"start_time":"65.56","end_time":"66.35","alternatives":[{"confidence":"0.7505","content":"직장인인가요"}],"type":"pronunciation"},{"start_time":"67.83","end_time":"68.33","alternatives":[{"confidence":"0.8733","content":"왜요"}],"type":"pronunciation"},{"alternatives":[{"confidence":"0.0","content":"?"}],"type":"punctuation"}]},"status":"COMPLETED"}