{"jobName":"transcribes..84","accountId":"097989105209","results":{"transcripts":[{"transcript":"여보세요? 되십니까? 예, 여기는 서울중앙지검입니다. 여기는 서울중앙지검이에요. 서울중앙지검 이요? 예, 지금 본인과 연루된 사건 때문에 전화를 드렸는데 본인의 사건에 연루된 거 없다고요. 지금 본인사건에 연루돼 가지고 지금 연락을 드린걸로 무조건 이요."}],"items":[{"start_time":"1.15","end_time":"1.95","alternatives":[{"confidence":"1.0","content":"여보세요"}],"type":"pronunciation"},{"alternatives":[{"confidence":"0.0","content":"?"}],"type":"punctuation"},{"start_time":"2.56","end_time":"3.34","alternatives":[{"confidence":"0.99385","content":"되십니까"}],"type":"pronunciation"},{"alternatives":[{"confidence":"0.0","content":"?"}],"type":"punctuation"},{"start_time":"4.6","end_time":"4.85","alternatives":[{"confidence":"0.5503","content":"예"}],"type":"pronunciation"},{"alternatives":[{"confidence":"0.0","content":","}],"type":"punctuation"},{"start_time":"4.85","end_time":"5.25","alternatives":[{"confidence":"1.0","content":"여기는"}],"type":"pronunciation"},{"start_time":"5.25","end_time":"6.78","alternatives":[{"confidence":"0.91734","content":"서울중앙지검입니다"}],"type":"pronunciation"},{"alternatives":[{"confidence":"0.0","content":"."}],"type":"punctuation"},{"start_time":"8.65","end_time":"8.97","alternatives":[{"confidence":"1.0","content":"여기는"}],"type":"pronunciation"},{"start_time":"8.97","end_time":"10.59","alternatives":[{"confidence":"0.8976600000000001","content":"서울중앙지검이에요"}],"type":"pronunciation"},{"alternatives":[{"confidence":"0.0","content":"."}],"type":"punctuation"},{"start_time":"10.87","end_time":"11.74","alternatives":[{"confidence":"0.874","content":"서울중앙지검"}],"type":"pronunciation"},{"start_time":"11.74","end_time":"11.94","alternatives":[{"confidence":"0.1322","content":"이요"}],"type":"pronunciation"},{"alternatives":[{"confidence":"0.0","content":"?"}],"type":"punctuation"},{"start_time":"12.49","end_time":"13.29","alternatives":[{"confidence":"0.9435","content":"예"}],"type":"pronunciation"},{"alternatives":[{"confidence":"0.0","content":","}],"type":"punctuation"},{"start_time":"13.32","end_time":"13.63","alternatives":[{"confidence":"0.9917","content":"지금"}],"type":"pronunciation"},{"start_time":"13.63","end_time":"14.39","alternatives":[{"confidence":"0.9897","content":"본인과"}],"type":"pronunciation"},{"start_time":"14.39","end_time":"14.79","alternatives":[{"confidence":"1.0","content":"연루된"}],"type":"pronunciation"},{"start_time":"14.79","end_time":"15.18","alternatives":[{"confidence":"0.7936","content":"사건"}],"type":"pronunciation"},{"start_time":"15.18","end_time":"15.44","alternatives":[{"confidence":"0.995","content":"때문에"}],"type":"pronunciation"},{"start_time":"15.44","end_time":"15.75","alternatives":[{"confidence":"1.0","content":"전화를"}],"type":"pronunciation"},{"start_time":"15.75","end_time":"16.73","alternatives":[{"confidence":"0.9962500000000001","content":"드렸는데"}],"type":"pronunciation"},{"start_time":"19.78","end_time":"20.18","alternatives":[{"confidence":"0.9844","content":"본인의"}],"type":"pronunciation"},{"start_time":"20.18","end_time":"20.52","alternatives":[{"confidence":"0.9837","content":"사건에"}],"type":"pronunciation"},{"start_time":"20.52","end_time":"20.88","alternatives":[{"confidence":"0.9436","content":"연루된"}],"type":"pronunciation"},{"start_time":"20.88","end_time":"20.96","alternatives":[{"confidence":"0.7492","content":"거"}],"type":"pronunciation"},{"start_time":"20.96","end_time":"21.89","alternatives":[{"confidence":"0.9850000000000001","content":"없다고요"}],"type":"pronunciation"},{"alternatives":[{"confidence":"0.0","content":"."}],"type":"punctuation"},{"start_time":"22.52","end_time":"22.83","alternatives":[{"confidence":"0.9805","content":"지금"}],"type":"pronunciation"},{"start_time":"22.83","end_time":"23.42","alternatives":[{"confidence":"0.7265","content":"본인사건에"}],"type":"pronunciation"},{"start_time":"23.42","end_time":"23.77","alternatives":[{"confidence":"0.91035","content":"연루돼"}],"type":"pronunciation"},{"start_time":"23.77","end_time":"24.03","alternatives":[{"confidence":"0.7016","content":"가지고"}],"type":"pronunciation"},{"start_time":"24.03","end_time":"24.2","alternatives":[{"confidence":"0.8375","content":"지금"}],"type":"pronunciation"},{"start_time":"24.2","end_time":"24.54","alternatives":[{"confidence":"1.0","content":"연락을"}],"type":"pronunciation"},{"start_time":"24.54","end_time":"25.2","alternatives":[{"confidence":"0.7643","content":"드린걸로"}],"type":"pronunciation"},{"start_time":"28.46","end_time":"29.05","alternatives":[{"confidence":"0.9792","content":"무조건"}],"type":"pronunciation"},{"start_time":"29.05","end_time":"29.51","alternatives":[{"confidence":"0.9981","content":"이요"}],"type":"pronunciation"},{"alternatives":[{"confidence":"0.0","content":"."}],"type":"punctuation"}]},"status":"COMPLETED"}