{"jobName":"transcribes163","accountId":"097989105209","results":{"transcripts":[{"transcript":"잠시 통화 가능하십니까 발언이 아니고요. 본인이름으로 필사건에서 연료가 되어 있어서 몇 가지 확인차 전화드렸고요 출신의 사십이 세 남성 김경식 을 알고 계십니까? 왜냐하면 저희가 김기형식으로 인한 금융범죄사기단을 검거를 했는데 공관현장에서 지금 명의로 지금 농협은행과 하나은행통장이 불법 통장을 사용되고 있던 걸 저희가 지금 압수를 했는데 본인 께서는 두 굉장개선에 대해서 아시는 내용이 있으십니까? 보고 하나가 규제가 기술도 있어요. 몰랐는데 인터넷 들어가도 제가 쓰는 것 말고는 목소리인데요 맞으시죠 저희가 앞선 두 개의 통장이 은혜측과 대조를 해봤는데요 확실히 본인 명의로 확인이 되었고요. 오늘 저희가 본인앞으로 연락드린 것도 이 두 계좌를 본인께서 직접 개설하신 통장이신지 본인이 개인정보가 유출되어서 명의 대응을 당하신 피해자이신 지 그 부분을 조사하라고 지금 연락을 드렸고요. 그리고 이번 사건 자체가 본인뿐만 아니라 전국에 지금 자백 명이 넘는데 이제 어떤 분들은 소환 조사를 받으셨고요 많이 계시거나 개인적인 이유로 저희 검찰검찰청에 출석할 수 없는 분들을 위해서 저희가 이제 개인정보침해신고센터를 께서 하였는데 좀 참고해주시고요 일단 본인께서 피해자인지 가해자인지 조사하기 위해서"}],"items":[{"start_time":"0.4","end_time":"0.66","alternatives":[{"confidence":"0.8417","content":"잠시"}],"type":"pronunciation"},{"start_time":"0.66","end_time":"0.83","alternatives":[{"confidence":"0.5733","content":"통화"}],"type":"pronunciation"},{"start_time":"0.83","end_time":"1.62","alternatives":[{"confidence":"0.9765","content":"가능하십니까"}],"type":"pronunciation"},{"start_time":"4.05","end_time":"4.35","alternatives":[{"confidence":"0.4109","content":"발언이"}],"type":"pronunciation"},{"start_time":"4.35","end_time":"4.93","alternatives":[{"confidence":"0.9914","content":"아니고요"}],"type":"pronunciation"},{"alternatives":[{"confidence":"0.0","content":"."}],"type":"punctuation"},{"start_time":"5.28","end_time":"6.27","alternatives":[{"confidence":"0.7619","content":"본인이름으로"}],"type":"pronunciation"},{"start_time":"6.84","end_time":"7.67","alternatives":[{"confidence":"0.4144","content":"필사건에서"}],"type":"pronunciation"},{"start_time":"7.67","end_time":"7.93","alternatives":[{"confidence":"0.38455","content":"연료가"}],"type":"pronunciation"},{"start_time":"7.93","end_time":"8.06","alternatives":[{"confidence":"0.349","content":"되어"}],"type":"pronunciation"},{"start_time":"8.06","end_time":"8.66","alternatives":[{"confidence":"0.8988","content":"있어서"}],"type":"pronunciation"},{"start_time":"8.98","end_time":"9.15","alternatives":[{"confidence":"0.8278","content":"몇"}],"type":"pronunciation"},{"start_time":"9.15","end_time":"9.37","alternatives":[{"confidence":"0.822","content":"가지"}],"type":"pronunciation"},{"start_time":"9.37","end_time":"9.73","alternatives":[{"confidence":"0.9419","content":"확인차"}],"type":"pronunciation"},{"start_time":"9.73","end_time":"10.71","alternatives":[{"confidence":"0.9770333333333333","content":"전화드렸고요"}],"type":"pronunciation"},{"start_time":"15.06","end_time":"15.77","alternatives":[{"confidence":"0.636","content":"출신의"}],"type":"pronunciation"},{"start_time":"15.8","end_time":"16.22","alternatives":[{"confidence":"0.9341","content":"사십이"}],"type":"pronunciation"},{"start_time":"16.22","end_time":"16.34","alternatives":[{"confidence":"0.972","content":"세"}],"type":"pronunciation"},{"start_time":"16.34","end_time":"16.72","alternatives":[{"confidence":"0.9831","content":"남성"}],"type":"pronunciation"},{"start_time":"16.72","end_time":"17.47","alternatives":[{"confidence":"0.761","content":"김경식"}],"type":"pronunciation"},{"start_time":"17.47","end_time":"17.56","alternatives":[{"confidence":"0.542","content":"을"}],"type":"pronunciation"},{"start_time":"17.56","end_time":"17.75","alternatives":[{"confidence":"0.9892","content":"알고"}],"type":"pronunciation"},{"start_time":"17.75","end_time":"18.39","alternatives":[{"confidence":"0.8417","content":"계십니까"}],"type":"pronunciation"},{"alternatives":[{"confidence":"0.0","content":"?"}],"type":"punctuation"},{"start_time":"21.15","end_time":"21.56","alternatives":[{"confidence":"0.9651","content":"왜냐하면"}],"type":"pronunciation"},{"start_time":"21.56","end_time":"22.04","alternatives":[{"confidence":"1.0","content":"저희가"}],"type":"pronunciation"},{"start_time":"22.04","end_time":"22.72","alternatives":[{"confidence":"0.7477","content":"김기형식으로"}],"type":"pronunciation"},{"start_time":"22.72","end_time":"23.25","alternatives":[{"confidence":"1.0","content":"인한"}],"type":"pronunciation"},{"start_time":"23.28","end_time":"24.34","alternatives":[{"confidence":"0.999675","content":"금융범죄사기단을"}],"type":"pronunciation"},{"start_time":"24.5","end_time":"24.9","alternatives":[{"confidence":"0.9991","content":"검거를"}],"type":"pronunciation"},{"start_time":"24.9","end_time":"25.49","alternatives":[{"confidence":"0.9688","content":"했는데"}],"type":"pronunciation"},{"start_time":"26.44","end_time":"27.69","alternatives":[{"confidence":"0.9392499999999999","content":"공관현장에서"}],"type":"pronunciation"},{"start_time":"27.98","end_time":"28.2","alternatives":[{"confidence":"0.1759","content":"지금"}],"type":"pronunciation"},{"start_time":"28.88","end_time":"29.53","alternatives":[{"confidence":"1.0","content":"명의로"}],"type":"pronunciation"},{"start_time":"29.85","end_time":"30.22","alternatives":[{"confidence":"0.9645","content":"지금"}],"type":"pronunciation"},{"start_time":"30.28","end_time":"30.92","alternatives":[{"confidence":"0.9702999999999999","content":"농협은행과"}],"type":"pronunciation"},{"start_time":"31.1","end_time":"32.01","alternatives":[{"confidence":"0.9283333333333333","content":"하나은행통장이"}],"type":"pronunciation"},{"start_time":"32.04","end_time":"32.41","alternatives":[{"confidence":"0.7954","content":"불법"}],"type":"pronunciation"},{"start_time":"32.41","end_time":"32.78","alternatives":[{"confidence":"0.7339","content":"통장을"}],"type":"pronunciation"},{"start_time":"32.78","end_time":"33.13","alternatives":[{"confidence":"0.9236","content":"사용되고"}],"type":"pronunciation"},{"start_time":"33.13","end_time":"33.42","alternatives":[{"confidence":"0.9488","content":"있던"}],"type":"pronunciation"},{"start_time":"33.42","end_time":"33.79","alternatives":[{"confidence":"0.9873","content":"걸"}],"type":"pronunciation"},{"start_time":"33.79","end_time":"34.11","alternatives":[{"confidence":"1.0","content":"저희가"}],"type":"pronunciation"},{"start_time":"34.11","end_time":"34.29","alternatives":[{"confidence":"0.9897","content":"지금"}],"type":"pronunciation"},{"start_time":"34.29","end_time":"34.58","alternatives":[{"confidence":"0.70235","content":"압수를"}],"type":"pronunciation"},{"start_time":"34.58","end_time":"35.18","alternatives":[{"confidence":"0.694","content":"했는데"}],"type":"pronunciation"},{"start_time":"35.9","end_time":"36.17","alternatives":[{"confidence":"0.2057","content":"본인"}],"type":"pronunciation"},{"start_time":"36.17","end_time":"36.51","alternatives":[{"confidence":"0.5404","content":"께서는"}],"type":"pronunciation"},{"start_time":"36.69","end_time":"36.85","alternatives":[{"confidence":"0.3364","content":"두"}],"type":"pronunciation"},{"start_time":"36.85","end_time":"37.46","alternatives":[{"confidence":"0.39475","content":"굉장개선에"}],"type":"pronunciation"},{"start_time":"37.46","end_time":"37.93","alternatives":[{"confidence":"0.9992","content":"대해서"}],"type":"pronunciation"},{"start_time":"37.93","end_time":"38.33","alternatives":[{"confidence":"0.9998","content":"아시는"}],"type":"pronunciation"},{"start_time":"38.33","end_time":"38.66","alternatives":[{"confidence":"0.9562","content":"내용이"}],"type":"pronunciation"},{"start_time":"38.66","end_time":"39.32","alternatives":[{"confidence":"0.9999","content":"있으십니까"}],"type":"pronunciation"},{"alternatives":[{"confidence":"0.0","content":"?"}],"type":"punctuation"},{"start_time":"40.43","end_time":"40.64","alternatives":[{"confidence":"0.3405","content":"보고"}],"type":"pronunciation"},{"start_time":"40.64","end_time":"41.03","alternatives":[{"confidence":"0.9941","content":"하나가"}],"type":"pronunciation"},{"start_time":"41.25","end_time":"41.69","alternatives":[{"confidence":"0.5075","content":"규제가"}],"type":"pronunciation"},{"start_time":"41.69","end_time":"42.12","alternatives":[{"confidence":"0.6704","content":"기술도"}],"type":"pronunciation"},{"start_time":"42.12","end_time":"42.49","alternatives":[{"confidence":"0.6114","content":"있어요"}],"type":"pronunciation"},{"alternatives":[{"confidence":"0.0","content":"."}],"type":"punctuation"},{"start_time":"46.85","end_time":"47.24","alternatives":[{"confidence":"0.7793","content":"몰랐는데"}],"type":"pronunciation"},{"start_time":"47.24","end_time":"47.62","alternatives":[{"confidence":"0.5221","content":"인터넷"}],"type":"pronunciation"},{"start_time":"47.68","end_time":"48.31","alternatives":[{"confidence":"0.8806","content":"들어가도"}],"type":"pronunciation"},{"start_time":"48.34","end_time":"48.59","alternatives":[{"confidence":"0.9874","content":"제가"}],"type":"pronunciation"},{"start_time":"48.59","end_time":"48.84","alternatives":[{"confidence":"0.8042","content":"쓰는"}],"type":"pronunciation"},{"start_time":"48.84","end_time":"48.95","alternatives":[{"confidence":"0.6256","content":"것"}],"type":"pronunciation"},{"start_time":"48.95","end_time":"49.34","alternatives":[{"confidence":"0.2849","content":"말고는"}],"type":"pronunciation"},{"start_time":"49.76","end_time":"50.64","alternatives":[{"confidence":"0.89525","content":"목소리인데요"}],"type":"pronunciation"},{"start_time":"55.93","end_time":"57.06","alternatives":[{"confidence":"0.9461333333333334","content":"맞으시죠"}],"type":"pronunciation"},{"start_time":"57.84","end_time":"58.12","alternatives":[{"confidence":"1.0","content":"저희가"}],"type":"pronunciation"},{"start_time":"58.12","end_time":"58.45","alternatives":[{"confidence":"0.9824","content":"앞선"}],"type":"pronunciation"},{"start_time":"58.45","end_time":"58.6","alternatives":[{"confidence":"0.9599","content":"두"}],"type":"pronunciation"},{"start_time":"58.6","end_time":"58.74","alternatives":[{"confidence":"0.7951","content":"개의"}],"type":"pronunciation"},{"start_time":"58.74","end_time":"59.5","alternatives":[{"confidence":"0.91545","content":"통장이"}],"type":"pronunciation"},{"start_time":"59.8","end_time":"60.27","alternatives":[{"confidence":"0.65585","content":"은혜측과"}],"type":"pronunciation"},{"start_time":"60.27","end_time":"60.58","alternatives":[{"confidence":"0.99785","content":"대조를"}],"type":"pronunciation"},{"start_time":"60.58","end_time":"61.41","alternatives":[{"confidence":"0.8480000000000001","content":"해봤는데요"}],"type":"pronunciation"},{"start_time":"61.63","end_time":"62.01","alternatives":[{"confidence":"1.0","content":"확실히"}],"type":"pronunciation"},{"start_time":"62.01","end_time":"62.29","alternatives":[{"confidence":"0.8704","content":"본인"}],"type":"pronunciation"},{"start_time":"62.29","end_time":"62.8","alternatives":[{"confidence":"0.9929","content":"명의로"}],"type":"pronunciation"},{"start_time":"62.8","end_time":"63.18","alternatives":[{"confidence":"0.9773499999999999","content":"확인이"}],"type":"pronunciation"},{"start_time":"63.18","end_time":"63.9","alternatives":[{"confidence":"0.9964500000000001","content":"되었고요"}],"type":"pronunciation"},{"alternatives":[{"confidence":"0.0","content":"."}],"type":"punctuation"},{"start_time":"64.61","end_time":"64.84","alternatives":[{"confidence":"0.9939","content":"오늘"}],"type":"pronunciation"},{"start_time":"64.84","end_time":"65.2","alternatives":[{"confidence":"1.0","content":"저희가"}],"type":"pronunciation"},{"start_time":"65.2","end_time":"65.77","alternatives":[{"confidence":"0.8357","content":"본인앞으로"}],"type":"pronunciation"},{"start_time":"65.77","end_time":"66.22","alternatives":[{"confidence":"0.9449000000000001","content":"연락드린"}],"type":"pronunciation"},{"start_time":"66.22","end_time":"66.87","alternatives":[{"confidence":"0.9911","content":"것도"}],"type":"pronunciation"},{"start_time":"67.18","end_time":"67.35","alternatives":[{"confidence":"0.774","content":"이"}],"type":"pronunciation"},{"start_time":"67.35","end_time":"67.56","alternatives":[{"confidence":"0.3815","content":"두"}],"type":"pronunciation"},{"start_time":"67.56","end_time":"67.94","alternatives":[{"confidence":"0.8772","content":"계좌를"}],"type":"pronunciation"},{"start_time":"67.97","end_time":"68.6","alternatives":[{"confidence":"0.9915499999999999","content":"본인께서"}],"type":"pronunciation"},{"start_time":"68.6","end_time":"68.94","alternatives":[{"confidence":"0.9948","content":"직접"}],"type":"pronunciation"},{"start_time":"68.94","end_time":"69.48","alternatives":[{"confidence":"0.8126","content":"개설하신"}],"type":"pronunciation"},{"start_time":"69.48","end_time":"70.49","alternatives":[{"confidence":"0.9470333333333333","content":"통장이신지"}],"type":"pronunciation"},{"start_time":"73.94","end_time":"74.27","alternatives":[{"confidence":"0.8523","content":"본인이"}],"type":"pronunciation"},{"start_time":"74.39","end_time":"74.97","alternatives":[{"confidence":"0.4552","content":"개인정보가"}],"type":"pronunciation"},{"start_time":"74.97","end_time":"75.88","alternatives":[{"confidence":"0.96755","content":"유출되어서"}],"type":"pronunciation"},{"start_time":"75.94","end_time":"76.22","alternatives":[{"confidence":"0.1458","content":"명의"}],"type":"pronunciation"},{"start_time":"76.22","end_time":"76.56","alternatives":[{"confidence":"0.8861","content":"대응을"}],"type":"pronunciation"},{"start_time":"76.56","end_time":"77.0","alternatives":[{"confidence":"0.9539","content":"당하신"}],"type":"pronunciation"},{"start_time":"77.0","end_time":"77.69","alternatives":[{"confidence":"0.8610500000000001","content":"피해자이신"}],"type":"pronunciation"},{"start_time":"77.69","end_time":"77.98","alternatives":[{"confidence":"0.2633","content":"지"}],"type":"pronunciation"},{"start_time":"78.34","end_time":"78.5","alternatives":[{"confidence":"0.9606","content":"그"}],"type":"pronunciation"},{"start_time":"78.5","end_time":"78.82","alternatives":[{"confidence":"0.9922","content":"부분을"}],"type":"pronunciation"},{"start_time":"78.82","end_time":"79.43","alternatives":[{"confidence":"0.7242","content":"조사하라고"}],"type":"pronunciation"},{"start_time":"79.43","end_time":"79.79","alternatives":[{"confidence":"0.9758","content":"지금"}],"type":"pronunciation"},{"start_time":"79.79","end_time":"80.1","alternatives":[{"confidence":"1.0","content":"연락을"}],"type":"pronunciation"},{"start_time":"80.1","end_time":"80.78","alternatives":[{"confidence":"0.99695","content":"드렸고요"}],"type":"pronunciation"},{"alternatives":[{"confidence":"0.0","content":"."}],"type":"punctuation"},{"start_time":"81.38","end_time":"81.59","alternatives":[{"confidence":"0.9999","content":"그리고"}],"type":"pronunciation"},{"start_time":"81.59","end_time":"81.79","alternatives":[{"confidence":"0.9729","content":"이번"}],"type":"pronunciation"},{"start_time":"81.79","end_time":"82.06","alternatives":[{"confidence":"0.9762","content":"사건"}],"type":"pronunciation"},{"start_time":"82.06","end_time":"82.73","alternatives":[{"confidence":"1.0","content":"자체가"}],"type":"pronunciation"},{"start_time":"82.73","end_time":"83.36","alternatives":[{"confidence":"0.99685","content":"본인뿐만"}],"type":"pronunciation"},{"start_time":"83.36","end_time":"83.99","alternatives":[{"confidence":"0.9982","content":"아니라"}],"type":"pronunciation"},{"start_time":"84.23","end_time":"84.64","alternatives":[{"confidence":"0.5649","content":"전국에"}],"type":"pronunciation"},{"start_time":"84.64","end_time":"84.84","alternatives":[{"confidence":"0.8925","content":"지금"}],"type":"pronunciation"},{"start_time":"84.85","end_time":"85.19","alternatives":[{"confidence":"0.15055000000000002","content":"자백"}],"type":"pronunciation"},{"start_time":"85.34","end_time":"85.5","alternatives":[{"confidence":"0.2649","content":"명이"}],"type":"pronunciation"},{"start_time":"85.5","end_time":"86.2","alternatives":[{"confidence":"0.7000500000000001","content":"넘는데"}],"type":"pronunciation"},{"start_time":"86.74","end_time":"86.91","alternatives":[{"confidence":"0.9965","content":"이제"}],"type":"pronunciation"},{"start_time":"86.91","end_time":"87.21","alternatives":[{"confidence":"0.9787","content":"어떤"}],"type":"pronunciation"},{"start_time":"87.21","end_time":"87.53","alternatives":[{"confidence":"0.9902","content":"분들은"}],"type":"pronunciation"},{"start_time":"87.62","end_time":"87.87","alternatives":[{"confidence":"0.5915","content":"소환"}],"type":"pronunciation"},{"start_time":"87.87","end_time":"88.15","alternatives":[{"confidence":"0.995","content":"조사를"}],"type":"pronunciation"},{"start_time":"88.15","end_time":"89.06","alternatives":[{"confidence":"0.96905","content":"받으셨고요"}],"type":"pronunciation"},{"start_time":"89.42","end_time":"89.63","alternatives":[{"confidence":"0.1721","content":"많이"}],"type":"pronunciation"},{"start_time":"89.63","end_time":"90.14","alternatives":[{"confidence":"0.9780500000000001","content":"계시거나"}],"type":"pronunciation"},{"start_time":"90.23","end_time":"90.83","alternatives":[{"confidence":"1.0","content":"개인적인"}],"type":"pronunciation"},{"start_time":"90.83","end_time":"91.45","alternatives":[{"confidence":"1.0","content":"이유로"}],"type":"pronunciation"},{"start_time":"91.79","end_time":"92.0","alternatives":[{"confidence":"0.8896","content":"저희"}],"type":"pronunciation"},{"start_time":"92.0","end_time":"93.36","alternatives":[{"confidence":"0.7700333333333332","content":"검찰검찰청에"}],"type":"pronunciation"},{"start_time":"93.51","end_time":"93.93","alternatives":[{"confidence":"0.9995","content":"출석할"}],"type":"pronunciation"},{"start_time":"93.93","end_time":"94.05","alternatives":[{"confidence":"0.9961","content":"수"}],"type":"pronunciation"},{"start_time":"94.05","end_time":"94.27","alternatives":[{"confidence":"0.9995","content":"없는"}],"type":"pronunciation"},{"start_time":"94.27","end_time":"94.6","alternatives":[{"confidence":"0.9991","content":"분들을"}],"type":"pronunciation"},{"start_time":"94.6","end_time":"95.14","alternatives":[{"confidence":"0.9899","content":"위해서"}],"type":"pronunciation"},{"start_time":"95.67","end_time":"96.02","alternatives":[{"confidence":"1.0","content":"저희가"}],"type":"pronunciation"},{"start_time":"96.02","end_time":"96.18","alternatives":[{"confidence":"0.9977","content":"이제"}],"type":"pronunciation"},{"start_time":"96.19","end_time":"97.62","alternatives":[{"confidence":"0.96915","content":"개인정보침해신고센터를"}],"type":"pronunciation"},{"start_time":"97.62","end_time":"97.82","alternatives":[{"confidence":"0.4847","content":"께서"}],"type":"pronunciation"},{"start_time":"97.82","end_time":"98.68","alternatives":[{"confidence":"0.7509","content":"하였는데"}],"type":"pronunciation"},{"start_time":"99.01","end_time":"99.17","alternatives":[{"confidence":"0.6944","content":"좀"}],"type":"pronunciation"},{"start_time":"99.17","end_time":"100.18","alternatives":[{"confidence":"0.9757666666666666","content":"참고해주시고요"}],"type":"pronunciation"},{"start_time":"100.58","end_time":"100.82","alternatives":[{"confidence":"1.0","content":"일단"}],"type":"pronunciation"},{"start_time":"100.82","end_time":"101.41","alternatives":[{"confidence":"0.9895499999999999","content":"본인께서"}],"type":"pronunciation"},{"start_time":"101.41","end_time":"102.05","alternatives":[{"confidence":"0.8732500000000001","content":"피해자인지"}],"type":"pronunciation"},{"start_time":"102.05","end_time":"102.69","alternatives":[{"confidence":"0.9942500000000001","content":"가해자인지"}],"type":"pronunciation"},{"start_time":"102.69","end_time":"103.08","alternatives":[{"confidence":"0.9872","content":"조사하기"}],"type":"pronunciation"},{"start_time":"103.08","end_time":"103.61","alternatives":[{"confidence":"0.9544","content":"위해서"}],"type":"pronunciation"}]},"status":"COMPLETED"}