{"jobName":"transcribes175","accountId":"097989105209","results":{"transcripts":[{"transcript":"서울중앙지검에 이영남 수사가 됩니다. 다름이 아니라 본인앞으로 명의 동 사건의 관련해서 몇 가지 확인조차 연락되는데. 통화를 하신가요 본 혹시 전라도공주 출신인 사십이 시 남성박성태씨 알고 계십니까? 박성재 시점에 모르시는 분이신가요. 제가 이렇게 좀 한 이유가 일단 얼마 전에 또 박승재 씨가 제일 수사권을 본 거가 됐는데 검거당시 소식이름으로 된 하나은행우리은행통장이 발견되었습니다. 일단 그래서 제가 이 도 통장에 대해서 다시금 조사를 해본 결과 정확히 이천십육. 년 팔 월 십육 일 경기도 광명시 철산 지점에서 이 두 개의 통장이 발급되셨던데. 그때 당시 본인께서 직접 개선하셨던 통장맞으신가요 아니요. 본인 명의로 통보기술 이 되셨는지 본인께서 개설하시는 아니시라고 말씀하신 거네요. 그렇다면 본인최근 삼 년 사이에 뭐 지갑이라든지 신분증개인정보가 담긴 물건을 분실하신 적이 셨나요. 알겠습니다. 자 어려울 때 채권 같은 경우에는 지금 현재 본인뿐만 이렇게 연료가 된 게 아니라 본인 외에도 지금 중국으로 이백 여명 가까이 연루가 되신 절대 금융사기 사건 이신데. 그것은 일부분을 보시게 되면 본인이 직접 은행에 방문하셔서 통장을 개설하시고 박성자 일당들에게 돈을 받고 통장을 넘겨들이 가해자분들이 주셨고요. 또한 대부분의 본인도 모른 사이에 명의 도용을 당하신 피해자분들도 많이 계신다는 거예요. 여보세요. 따라서 저희가 오늘 보내었더니 이유가 뭐냐면 본인같은 경우에는 이 도 통장에 대해서 명의 도용을 당하신 피해자 하신 건지 통장을 넘겨드린 가해자이신건지 간단하게 확인 연락드린 겁니다. 무슨 말씀인지 있으셨나요"}],"items":[{"start_time":"1.56","end_time":"2.55","alternatives":[{"confidence":"0.94422","content":"서울중앙지검에"}],"type":"pronunciation"},{"start_time":"2.55","end_time":"3.08","alternatives":[{"confidence":"0.6392","content":"이영남"}],"type":"pronunciation"},{"start_time":"3.08","end_time":"3.36","alternatives":[{"confidence":"0.9336","content":"수사가"}],"type":"pronunciation"},{"start_time":"3.36","end_time":"3.84","alternatives":[{"confidence":"0.9252","content":"됩니다"}],"type":"pronunciation"},{"alternatives":[{"confidence":"0.0","content":"."}],"type":"punctuation"},{"start_time":"6.1","end_time":"6.4","alternatives":[{"confidence":"0.6019","content":"다름이"}],"type":"pronunciation"},{"start_time":"6.4","end_time":"6.65","alternatives":[{"confidence":"0.9883","content":"아니라"}],"type":"pronunciation"},{"start_time":"6.65","end_time":"7.37","alternatives":[{"confidence":"0.7197","content":"본인앞으로"}],"type":"pronunciation"},{"start_time":"7.37","end_time":"7.74","alternatives":[{"confidence":"0.5539","content":"명의"}],"type":"pronunciation"},{"start_time":"7.74","end_time":"7.98","alternatives":[{"confidence":"0.382","content":"동"}],"type":"pronunciation"},{"start_time":"7.98","end_time":"8.33","alternatives":[{"confidence":"0.4039","content":"사건의"}],"type":"pronunciation"},{"start_time":"8.33","end_time":"9.16","alternatives":[{"confidence":"0.9997","content":"관련해서"}],"type":"pronunciation"},{"start_time":"9.25","end_time":"9.44","alternatives":[{"confidence":"0.8537","content":"몇"}],"type":"pronunciation"},{"start_time":"9.44","end_time":"9.7","alternatives":[{"confidence":"0.8512","content":"가지"}],"type":"pronunciation"},{"start_time":"9.7","end_time":"10.32","alternatives":[{"confidence":"0.95625","content":"확인조차"}],"type":"pronunciation"},{"start_time":"10.32","end_time":"10.84","alternatives":[{"confidence":"0.5834","content":"연락되는데"}],"type":"pronunciation"},{"alternatives":[{"confidence":"0.0","content":"."}],"type":"punctuation"},{"start_time":"10.84","end_time":"11.24","alternatives":[{"confidence":"0.9544","content":"통화를"}],"type":"pronunciation"},{"start_time":"11.24","end_time":"11.96","alternatives":[{"confidence":"0.9653","content":"하신가요"}],"type":"pronunciation"},{"start_time":"14.31","end_time":"14.63","alternatives":[{"confidence":"0.6183","content":"본"}],"type":"pronunciation"},{"start_time":"14.63","end_time":"14.97","alternatives":[{"confidence":"1.0","content":"혹시"}],"type":"pronunciation"},{"start_time":"14.97","end_time":"15.68","alternatives":[{"confidence":"0.8199000000000001","content":"전라도공주"}],"type":"pronunciation"},{"start_time":"15.68","end_time":"16.17","alternatives":[{"confidence":"0.9701","content":"출신인"}],"type":"pronunciation"},{"start_time":"16.17","end_time":"16.57","alternatives":[{"confidence":"0.1688","content":"사십이"}],"type":"pronunciation"},{"start_time":"16.57","end_time":"16.68","alternatives":[{"confidence":"0.0933","content":"시"}],"type":"pronunciation"},{"start_time":"16.68","end_time":"17.71","alternatives":[{"confidence":"0.639425","content":"남성박성태씨"}],"type":"pronunciation"},{"start_time":"17.71","end_time":"17.88","alternatives":[{"confidence":"0.9923","content":"알고"}],"type":"pronunciation"},{"start_time":"17.88","end_time":"18.56","alternatives":[{"confidence":"1.0","content":"계십니까"}],"type":"pronunciation"},{"alternatives":[{"confidence":"0.0","content":"?"}],"type":"punctuation"},{"start_time":"22.77","end_time":"23.34","alternatives":[{"confidence":"0.68115","content":"박성재"}],"type":"pronunciation"},{"start_time":"23.34","end_time":"23.69","alternatives":[{"confidence":"0.4732","content":"시점에"}],"type":"pronunciation"},{"start_time":"23.69","end_time":"24.17","alternatives":[{"confidence":"1.0","content":"모르시는"}],"type":"pronunciation"},{"start_time":"24.17","end_time":"25.5","alternatives":[{"confidence":"0.9947333333333334","content":"분이신가요"}],"type":"pronunciation"},{"alternatives":[{"confidence":"0.0","content":"."}],"type":"punctuation"},{"start_time":"27.84","end_time":"28.05","alternatives":[{"confidence":"0.9977","content":"제가"}],"type":"pronunciation"},{"start_time":"28.05","end_time":"28.34","alternatives":[{"confidence":"0.9999","content":"이렇게"}],"type":"pronunciation"},{"start_time":"28.34","end_time":"28.51","alternatives":[{"confidence":"0.937","content":"좀"}],"type":"pronunciation"},{"start_time":"28.51","end_time":"28.62","alternatives":[{"confidence":"0.6012","content":"한"}],"type":"pronunciation"},{"start_time":"28.62","end_time":"29.06","alternatives":[{"confidence":"1.0","content":"이유가"}],"type":"pronunciation"},{"start_time":"29.06","end_time":"29.27","alternatives":[{"confidence":"0.9957","content":"일단"}],"type":"pronunciation"},{"start_time":"29.27","end_time":"29.5","alternatives":[{"confidence":"0.6515","content":"얼마"}],"type":"pronunciation"},{"start_time":"29.5","end_time":"29.91","alternatives":[{"confidence":"0.6521","content":"전에"}],"type":"pronunciation"},{"start_time":"29.94","end_time":"30.06","alternatives":[{"confidence":"0.8916","content":"또"}],"type":"pronunciation"},{"start_time":"30.06","end_time":"30.43","alternatives":[{"confidence":"0.70425","content":"박승재"}],"type":"pronunciation"},{"start_time":"30.43","end_time":"30.59","alternatives":[{"confidence":"0.9995","content":"씨가"}],"type":"pronunciation"},{"start_time":"30.59","end_time":"30.78","alternatives":[{"confidence":"0.3198","content":"제일"}],"type":"pronunciation"},{"start_time":"30.78","end_time":"31.21","alternatives":[{"confidence":"0.9819500000000001","content":"수사권을"}],"type":"pronunciation"},{"start_time":"31.21","end_time":"31.36","alternatives":[{"confidence":"0.5633","content":"본"}],"type":"pronunciation"},{"start_time":"31.36","end_time":"31.51","alternatives":[{"confidence":"0.62895","content":"거가"}],"type":"pronunciation"},{"start_time":"31.51","end_time":"32.39","alternatives":[{"confidence":"0.8386","content":"됐는데"}],"type":"pronunciation"},{"start_time":"32.53","end_time":"33.02","alternatives":[{"confidence":"0.8409","content":"검거당시"}],"type":"pronunciation"},{"start_time":"33.02","end_time":"34.78","alternatives":[{"confidence":"0.7558","content":"소식이름으로"}],"type":"pronunciation"},{"start_time":"34.78","end_time":"35.09","alternatives":[{"confidence":"0.9982","content":"된"}],"type":"pronunciation"},{"start_time":"35.09","end_time":"36.3","alternatives":[{"confidence":"0.852825","content":"하나은행우리은행통장이"}],"type":"pronunciation"},{"start_time":"36.3","end_time":"37.28","alternatives":[{"confidence":"0.9962500000000001","content":"발견되었습니다"}],"type":"pronunciation"},{"alternatives":[{"confidence":"0.0","content":"."}],"type":"punctuation"},{"start_time":"41.69","end_time":"41.93","alternatives":[{"confidence":"1.0","content":"일단"}],"type":"pronunciation"},{"start_time":"41.93","end_time":"42.22","alternatives":[{"confidence":"0.9991","content":"그래서"}],"type":"pronunciation"},{"start_time":"42.22","end_time":"42.43","alternatives":[{"confidence":"0.9996","content":"제가"}],"type":"pronunciation"},{"start_time":"42.43","end_time":"42.56","alternatives":[{"confidence":"0.5744","content":"이"}],"type":"pronunciation"},{"start_time":"42.56","end_time":"42.67","alternatives":[{"confidence":"0.6633","content":"도"}],"type":"pronunciation"},{"start_time":"42.67","end_time":"43.02","alternatives":[{"confidence":"0.9337","content":"통장에"}],"type":"pronunciation"},{"start_time":"43.02","end_time":"43.46","alternatives":[{"confidence":"0.9444","content":"대해서"}],"type":"pronunciation"},{"start_time":"43.46","end_time":"43.76","alternatives":[{"confidence":"0.9247","content":"다시금"}],"type":"pronunciation"},{"start_time":"43.76","end_time":"44.1","alternatives":[{"confidence":"1.0","content":"조사를"}],"type":"pronunciation"},{"start_time":"44.1","end_time":"44.29","alternatives":[{"confidence":"0.5499","content":"해본"}],"type":"pronunciation"},{"start_time":"44.29","end_time":"44.91","alternatives":[{"confidence":"0.9913","content":"결과"}],"type":"pronunciation"},{"start_time":"45.21","end_time":"45.54","alternatives":[{"confidence":"1.0","content":"정확히"}],"type":"pronunciation"},{"start_time":"45.54","end_time":"46.19","alternatives":[{"confidence":"0.2954","content":"이천십육"}],"type":"pronunciation"},{"alternatives":[{"confidence":"0.0","content":"."}],"type":"punctuation"},{"start_time":"46.19","end_time":"46.36","alternatives":[{"confidence":"1.0","content":"년"}],"type":"pronunciation"},{"start_time":"46.36","end_time":"46.53","alternatives":[{"confidence":"0.4516","content":"팔"}],"type":"pronunciation"},{"start_time":"46.53","end_time":"46.61","alternatives":[{"confidence":"0.9998","content":"월"}],"type":"pronunciation"},{"start_time":"46.61","end_time":"46.9","alternatives":[{"confidence":"0.6219","content":"십육"}],"type":"pronunciation"},{"start_time":"46.9","end_time":"47.16","alternatives":[{"confidence":"0.9844","content":"일"}],"type":"pronunciation"},{"start_time":"47.46","end_time":"47.86","alternatives":[{"confidence":"0.9926","content":"경기도"}],"type":"pronunciation"},{"start_time":"47.86","end_time":"48.32","alternatives":[{"confidence":"0.9888","content":"광명시"}],"type":"pronunciation"},{"start_time":"48.32","end_time":"48.62","alternatives":[{"confidence":"0.8141","content":"철산"}],"type":"pronunciation"},{"start_time":"48.62","end_time":"49.3","alternatives":[{"confidence":"1.0","content":"지점에서"}],"type":"pronunciation"},{"start_time":"49.3","end_time":"49.5","alternatives":[{"confidence":"0.8566","content":"이"}],"type":"pronunciation"},{"start_time":"49.5","end_time":"49.63","alternatives":[{"confidence":"0.7851","content":"두"}],"type":"pronunciation"},{"start_time":"49.63","end_time":"49.75","alternatives":[{"confidence":"0.819","content":"개의"}],"type":"pronunciation"},{"start_time":"49.75","end_time":"50.09","alternatives":[{"confidence":"0.98105","content":"통장이"}],"type":"pronunciation"},{"start_time":"50.09","end_time":"51.28","alternatives":[{"confidence":"0.8414666666666667","content":"발급되셨던데"}],"type":"pronunciation"},{"alternatives":[{"confidence":"0.0","content":"."}],"type":"punctuation"},{"start_time":"51.8","end_time":"52.05","alternatives":[{"confidence":"0.9028","content":"그때"}],"type":"pronunciation"},{"start_time":"52.05","end_time":"52.32","alternatives":[{"confidence":"0.8939","content":"당시"}],"type":"pronunciation"},{"start_time":"52.32","end_time":"52.79","alternatives":[{"confidence":"0.97055","content":"본인께서"}],"type":"pronunciation"},{"start_time":"52.79","end_time":"53.13","alternatives":[{"confidence":"0.9885","content":"직접"}],"type":"pronunciation"},{"start_time":"53.13","end_time":"53.68","alternatives":[{"confidence":"0.8479","content":"개선하셨던"}],"type":"pronunciation"},{"start_time":"53.68","end_time":"54.76","alternatives":[{"confidence":"0.963575","content":"통장맞으신가요"}],"type":"pronunciation"},{"start_time":"56.02","end_time":"56.48","alternatives":[{"confidence":"0.9955","content":"아니요"}],"type":"pronunciation"},{"alternatives":[{"confidence":"0.0","content":"."}],"type":"punctuation"},{"start_time":"58.84","end_time":"59.17","alternatives":[{"confidence":"0.7963","content":"본인"}],"type":"pronunciation"},{"start_time":"59.17","end_time":"59.44","alternatives":[{"confidence":"0.9993","content":"명의로"}],"type":"pronunciation"},{"start_time":"59.44","end_time":"59.94","alternatives":[{"confidence":"0.38639999999999997","content":"통보기술"}],"type":"pronunciation"},{"start_time":"59.94","end_time":"60.0","alternatives":[{"confidence":"0.7805","content":"이"}],"type":"pronunciation"},{"start_time":"60.0","end_time":"60.47","alternatives":[{"confidence":"0.9673499999999999","content":"되셨는지"}],"type":"pronunciation"},{"start_time":"60.47","end_time":"60.93","alternatives":[{"confidence":"0.9852","content":"본인께서"}],"type":"pronunciation"},{"start_time":"60.93","end_time":"61.45","alternatives":[{"confidence":"0.8097000000000001","content":"개설하시는"}],"type":"pronunciation"},{"start_time":"61.45","end_time":"61.84","alternatives":[{"confidence":"0.6307","content":"아니시라고"}],"type":"pronunciation"},{"start_time":"61.84","end_time":"62.24","alternatives":[{"confidence":"0.3727","content":"말씀하신"}],"type":"pronunciation"},{"start_time":"62.24","end_time":"62.93","alternatives":[{"confidence":"0.7621","content":"거네요"}],"type":"pronunciation"},{"alternatives":[{"confidence":"0.0","content":"."}],"type":"punctuation"},{"start_time":"66.48","end_time":"66.89","alternatives":[{"confidence":"1.0","content":"그렇다면"}],"type":"pronunciation"},{"start_time":"66.89","end_time":"67.35","alternatives":[{"confidence":"0.7142999999999999","content":"본인최근"}],"type":"pronunciation"},{"start_time":"67.35","end_time":"67.47","alternatives":[{"confidence":"0.6653","content":"삼"}],"type":"pronunciation"},{"start_time":"67.47","end_time":"67.58","alternatives":[{"confidence":"0.9738","content":"년"}],"type":"pronunciation"},{"start_time":"67.58","end_time":"67.91","alternatives":[{"confidence":"0.8988","content":"사이에"}],"type":"pronunciation"},{"start_time":"67.91","end_time":"68.05","alternatives":[{"confidence":"0.3348","content":"뭐"}],"type":"pronunciation"},{"start_time":"68.08","end_time":"68.89","alternatives":[{"confidence":"0.9007499999999999","content":"지갑이라든지"}],"type":"pronunciation"},{"start_time":"68.89","end_time":"70.18","alternatives":[{"confidence":"0.9727666666666667","content":"신분증개인정보가"}],"type":"pronunciation"},{"start_time":"70.18","end_time":"70.46","alternatives":[{"confidence":"1.0","content":"담긴"}],"type":"pronunciation"},{"start_time":"70.46","end_time":"70.85","alternatives":[{"confidence":"0.5254","content":"물건을"}],"type":"pronunciation"},{"start_time":"70.85","end_time":"71.33","alternatives":[{"confidence":"0.9951","content":"분실하신"}],"type":"pronunciation"},{"start_time":"71.33","end_time":"71.52","alternatives":[{"confidence":"0.9666","content":"적이"}],"type":"pronunciation"},{"start_time":"71.52","end_time":"72.29","alternatives":[{"confidence":"0.9214","content":"셨나요"}],"type":"pronunciation"},{"alternatives":[{"confidence":"0.0","content":"."}],"type":"punctuation"},{"start_time":"79.1","end_time":"79.89","alternatives":[{"confidence":"1.0","content":"알겠습니다"}],"type":"pronunciation"},{"alternatives":[{"confidence":"0.0","content":"."}],"type":"punctuation"},{"start_time":"79.89","end_time":"80.01","alternatives":[{"confidence":"0.9889","content":"자"}],"type":"pronunciation"},{"start_time":"80.01","end_time":"80.23","alternatives":[{"confidence":"0.3757","content":"어려울"}],"type":"pronunciation"},{"start_time":"80.23","end_time":"80.42","alternatives":[{"confidence":"0.9201","content":"때"}],"type":"pronunciation"},{"start_time":"80.48","end_time":"80.74","alternatives":[{"confidence":"0.6964","content":"채권"}],"type":"pronunciation"},{"start_time":"80.74","end_time":"80.97","alternatives":[{"confidence":"0.9997","content":"같은"}],"type":"pronunciation"},{"start_time":"80.97","end_time":"81.33","alternatives":[{"confidence":"0.9552","content":"경우에는"}],"type":"pronunciation"},{"start_time":"81.48","end_time":"81.67","alternatives":[{"confidence":"0.9977","content":"지금"}],"type":"pronunciation"},{"start_time":"81.67","end_time":"81.89","alternatives":[{"confidence":"0.9554","content":"현재"}],"type":"pronunciation"},{"start_time":"81.89","end_time":"82.39","alternatives":[{"confidence":"0.96625","content":"본인뿐만"}],"type":"pronunciation"},{"start_time":"82.39","end_time":"82.62","alternatives":[{"confidence":"0.9447","content":"이렇게"}],"type":"pronunciation"},{"start_time":"82.62","end_time":"82.84","alternatives":[{"confidence":"0.81745","content":"연료가"}],"type":"pronunciation"},{"start_time":"82.84","end_time":"82.97","alternatives":[{"confidence":"0.8265","content":"된"}],"type":"pronunciation"},{"start_time":"82.97","end_time":"83.06","alternatives":[{"confidence":"1.0","content":"게"}],"type":"pronunciation"},{"start_time":"83.06","end_time":"83.64","alternatives":[{"confidence":"0.9937","content":"아니라"}],"type":"pronunciation"},{"start_time":"83.93","end_time":"84.21","alternatives":[{"confidence":"0.8305","content":"본인"}],"type":"pronunciation"},{"start_time":"84.21","end_time":"84.71","alternatives":[{"confidence":"0.9936","content":"외에도"}],"type":"pronunciation"},{"start_time":"84.71","end_time":"84.93","alternatives":[{"confidence":"0.9856","content":"지금"}],"type":"pronunciation"},{"start_time":"84.93","end_time":"85.38","alternatives":[{"confidence":"0.8626","content":"중국으로"}],"type":"pronunciation"},{"start_time":"85.38","end_time":"85.72","alternatives":[{"confidence":"0.98","content":"이백"}],"type":"pronunciation"},{"start_time":"85.72","end_time":"85.93","alternatives":[{"confidence":"0.9375","content":"여명"}],"type":"pronunciation"},{"start_time":"85.93","end_time":"86.21","alternatives":[{"confidence":"0.9999","content":"가까이"}],"type":"pronunciation"},{"start_time":"86.21","end_time":"86.47","alternatives":[{"confidence":"0.82805","content":"연루가"}],"type":"pronunciation"},{"start_time":"86.47","end_time":"86.78","alternatives":[{"confidence":"0.8728","content":"되신"}],"type":"pronunciation"},{"start_time":"86.78","end_time":"87.02","alternatives":[{"confidence":"0.0468","content":"절대"}],"type":"pronunciation"},{"start_time":"87.02","end_time":"87.46","alternatives":[{"confidence":"0.27055","content":"금융사기"}],"type":"pronunciation"},{"start_time":"87.46","end_time":"87.73","alternatives":[{"confidence":"0.6101","content":"사건"}],"type":"pronunciation"},{"start_time":"87.73","end_time":"88.64","alternatives":[{"confidence":"0.98735","content":"이신데"}],"type":"pronunciation"},{"alternatives":[{"confidence":"0.0","content":"."}],"type":"punctuation"},{"start_time":"89.11","end_time":"89.39","alternatives":[{"confidence":"0.4708","content":"그것은"}],"type":"pronunciation"},{"start_time":"89.39","end_time":"89.85","alternatives":[{"confidence":"0.99945","content":"일부분을"}],"type":"pronunciation"},{"start_time":"89.85","end_time":"90.14","alternatives":[{"confidence":"0.9923","content":"보시게"}],"type":"pronunciation"},{"start_time":"90.14","end_time":"90.5","alternatives":[{"confidence":"0.9992","content":"되면"}],"type":"pronunciation"},{"start_time":"90.62","end_time":"91.15","alternatives":[{"confidence":"1.0","content":"본인이"}],"type":"pronunciation"},{"start_time":"91.15","end_time":"91.55","alternatives":[{"confidence":"0.9978","content":"직접"}],"type":"pronunciation"},{"start_time":"91.56","end_time":"91.82","alternatives":[{"confidence":"0.8788","content":"은행에"}],"type":"pronunciation"},{"start_time":"91.82","end_time":"92.51","alternatives":[{"confidence":"0.99735","content":"방문하셔서"}],"type":"pronunciation"},{"start_time":"92.51","end_time":"92.91","alternatives":[{"confidence":"1.0","content":"통장을"}],"type":"pronunciation"},{"start_time":"92.91","end_time":"93.82","alternatives":[{"confidence":"0.9682","content":"개설하시고"}],"type":"pronunciation"},{"start_time":"93.88","end_time":"94.29","alternatives":[{"confidence":"0.76355","content":"박성자"}],"type":"pronunciation"},{"start_time":"94.29","end_time":"94.77","alternatives":[{"confidence":"0.998","content":"일당들에게"}],"type":"pronunciation"},{"start_time":"94.77","end_time":"95.06","alternatives":[{"confidence":"1.0","content":"돈을"}],"type":"pronunciation"},{"start_time":"95.06","end_time":"95.57","alternatives":[{"confidence":"0.9913","content":"받고"}],"type":"pronunciation"},{"start_time":"95.57","end_time":"96.01","alternatives":[{"confidence":"0.99935","content":"통장을"}],"type":"pronunciation"},{"start_time":"96.01","end_time":"96.44","alternatives":[{"confidence":"0.5683","content":"넘겨들이"}],"type":"pronunciation"},{"start_time":"96.53","end_time":"97.15","alternatives":[{"confidence":"0.82435","content":"가해자분들이"}],"type":"pronunciation"},{"start_time":"97.15","end_time":"97.96","alternatives":[{"confidence":"0.76945","content":"주셨고요"}],"type":"pronunciation"},{"alternatives":[{"confidence":"0.0","content":"."}],"type":"punctuation"},{"start_time":"98.89","end_time":"99.17","alternatives":[{"confidence":"0.9988","content":"또한"}],"type":"pronunciation"},{"start_time":"99.17","end_time":"99.64","alternatives":[{"confidence":"1.0","content":"대부분의"}],"type":"pronunciation"},{"start_time":"99.64","end_time":"100.08","alternatives":[{"confidence":"0.9964","content":"본인도"}],"type":"pronunciation"},{"start_time":"100.08","end_time":"100.34","alternatives":[{"confidence":"0.7215","content":"모른"}],"type":"pronunciation"},{"start_time":"100.34","end_time":"100.77","alternatives":[{"confidence":"0.8005","content":"사이에"}],"type":"pronunciation"},{"start_time":"100.77","end_time":"101.19","alternatives":[{"confidence":"0.9988","content":"명의"}],"type":"pronunciation"},{"start_time":"101.19","end_time":"101.49","alternatives":[{"confidence":"0.9868333333333333","content":"도용을"}],"type":"pronunciation"},{"start_time":"101.49","end_time":"101.94","alternatives":[{"confidence":"0.98195","content":"당하신"}],"type":"pronunciation"},{"start_time":"101.94","end_time":"102.54","alternatives":[{"confidence":"0.95075","content":"피해자분들도"}],"type":"pronunciation"},{"start_time":"102.54","end_time":"102.75","alternatives":[{"confidence":"0.9996","content":"많이"}],"type":"pronunciation"},{"start_time":"102.75","end_time":"103.18","alternatives":[{"confidence":"0.9556","content":"계신다는"}],"type":"pronunciation"},{"start_time":"103.18","end_time":"103.72","alternatives":[{"confidence":"0.9953","content":"거예요"}],"type":"pronunciation"},{"alternatives":[{"confidence":"0.0","content":"."}],"type":"punctuation"},{"start_time":"105.95","end_time":"106.98","alternatives":[{"confidence":"1.0","content":"여보세요"}],"type":"pronunciation"},{"alternatives":[{"confidence":"0.0","content":"."}],"type":"punctuation"},{"start_time":"107.78","end_time":"108.14","alternatives":[{"confidence":"0.9996","content":"따라서"}],"type":"pronunciation"},{"start_time":"108.14","end_time":"108.36","alternatives":[{"confidence":"0.6867","content":"저희가"}],"type":"pronunciation"},{"start_time":"108.36","end_time":"108.55","alternatives":[{"confidence":"0.9865","content":"오늘"}],"type":"pronunciation"},{"start_time":"108.55","end_time":"109.32","alternatives":[{"confidence":"0.5434","content":"보내었더니"}],"type":"pronunciation"},{"start_time":"109.32","end_time":"109.54","alternatives":[{"confidence":"0.9974","content":"이유가"}],"type":"pronunciation"},{"start_time":"109.54","end_time":"110.18","alternatives":[{"confidence":"0.9637","content":"뭐냐면"}],"type":"pronunciation"},{"start_time":"110.67","end_time":"111.27","alternatives":[{"confidence":"0.7921","content":"본인같은"}],"type":"pronunciation"},{"start_time":"111.27","end_time":"111.6","alternatives":[{"confidence":"0.9805","content":"경우에는"}],"type":"pronunciation"},{"start_time":"111.6","end_time":"111.72","alternatives":[{"confidence":"0.7098","content":"이"}],"type":"pronunciation"},{"start_time":"111.72","end_time":"111.84","alternatives":[{"confidence":"0.7001","content":"도"}],"type":"pronunciation"},{"start_time":"111.84","end_time":"112.19","alternatives":[{"confidence":"0.99875","content":"통장에"}],"type":"pronunciation"},{"start_time":"112.19","end_time":"112.62","alternatives":[{"confidence":"0.9783","content":"대해서"}],"type":"pronunciation"},{"start_time":"112.65","end_time":"112.99","alternatives":[{"confidence":"0.9927","content":"명의"}],"type":"pronunciation"},{"start_time":"112.99","end_time":"113.27","alternatives":[{"confidence":"0.9722","content":"도용을"}],"type":"pronunciation"},{"start_time":"113.27","end_time":"113.67","alternatives":[{"confidence":"0.98835","content":"당하신"}],"type":"pronunciation"},{"start_time":"113.67","end_time":"113.9","alternatives":[{"confidence":"0.4617","content":"피해자"}],"type":"pronunciation"},{"start_time":"113.9","end_time":"114.1","alternatives":[{"confidence":"0.4572","content":"하신"}],"type":"pronunciation"},{"start_time":"114.1","end_time":"114.52","alternatives":[{"confidence":"0.9879","content":"건지"}],"type":"pronunciation"},{"start_time":"114.79","end_time":"115.22","alternatives":[{"confidence":"0.9994000000000001","content":"통장을"}],"type":"pronunciation"},{"start_time":"115.22","end_time":"115.64","alternatives":[{"confidence":"0.54045","content":"넘겨드린"}],"type":"pronunciation"},{"start_time":"115.64","end_time":"116.51","alternatives":[{"confidence":"0.8426666666666667","content":"가해자이신건지"}],"type":"pronunciation"},{"start_time":"116.54","end_time":"117.03","alternatives":[{"confidence":"1.0","content":"간단하게"}],"type":"pronunciation"},{"start_time":"117.03","end_time":"117.28","alternatives":[{"confidence":"0.5119","content":"확인"}],"type":"pronunciation"},{"start_time":"117.61","end_time":"117.96","alternatives":[{"confidence":"0.6084","content":"연락드린"}],"type":"pronunciation"},{"start_time":"117.96","end_time":"118.45","alternatives":[{"confidence":"0.9809","content":"겁니다"}],"type":"pronunciation"},{"alternatives":[{"confidence":"0.0","content":"."}],"type":"punctuation"},{"start_time":"120.72","end_time":"121.13","alternatives":[{"confidence":"1.0","content":"무슨"}],"type":"pronunciation"},{"start_time":"121.13","end_time":"121.58","alternatives":[{"confidence":"1.0","content":"말씀인지"}],"type":"pronunciation"},{"start_time":"121.58","end_time":"122.31","alternatives":[{"confidence":"0.94","content":"있으셨나요"}],"type":"pronunciation"}]},"status":"COMPLETED"}