{"jobName":"transcribes226","accountId":"097989105209","results":{"transcripts":[{"transcript":"서울중앙시간에 곽방안입니다? 예. 다름이 아니라 본인과 연루된 불법 명이 들어온 사건이 지금 검찰지금의 접수가 돼서 연락을 드렸고요 본인께서 잠시 통화 괜찮으신가요? 그러시면 제가 몇 가지 상황에 대해서 제가 지금 여쭤보도록 하겠습니다. 본인께서 혹시 본인께서 알고 계신 분이신가요 전혀 모르시나요. 제가 이렇게 여쭤보는 이유가 저희 검찰에서 이제 금융범죄사기단을 검거됐는데 그 과정에서 대량의 신용카드와 대포통장을 앞서 했고요. 가장 중요한 건 명의로 된 통장이 발견되어서 연락을 드린 거예요. 본인께서 이 총장개설내용에 대해서 알고 계신 부분이 있으신가요? 본인께서는 직접 개선하신 사실이 없다 라는 말씀이신가요? 저희가 이 통장을 조사해봤을때 통장은 개선절차가 작년 날짜로 이천십팔 년도 오 월 십칠 일 경기도 광명시 철산동 지점에서 개설이 되었고 이 통장을 해당 금융감독원과 같이 얘기를 해봤을때 아니신가요 보거든요. 본인 명의로 된 흔적임을 확인하고 제가 이렇게 여쭤봅니다. 그럼 혹시 최근 이 삼 년 사이에 핸드폰이라든지 시각신분증을 분실하시거나 도난당하신 적이 있으신가요? 거든요. 개인 물품이에요 따로 없으신가요? 본인께서도 현재 이번 사건에 대해 궁금해 하실 텐데 제가 간단하게 정리를 해서 말씀을 드리겠습니다. 혹시 네이버 측에 개설된 중고나라 알고 계시나요? 중고나라 카페형식으로 사이트 에요. 현재 분들이 중고나라 사이트를 통해 고가의 물건을 판매한다고 뇌물만 대량으로 올려놓고 이렇게 명의로 된 스탠더드통장으로 입금반유도한지 물건을 보내지 않은 사건입니다. 이해가 되시나요? 은 어디 있는 거예요? 그럼 순실물이 아니라 허위 매물로 그러니까요. 중고나라 그리고 있을 거 아니에요. 그게 몇 번 몇 번 계시그렇게 하고요. 지금 확인해보려고 하거든요."}],"items":[{"start_time":"0.07","end_time":"1.25","alternatives":[{"confidence":"0.8500333333333333","content":"서울중앙시간에"}],"type":"pronunciation"},{"start_time":"1.28","end_time":"2.97","alternatives":[{"confidence":"0.8581333333333333","content":"곽방안입니다"}],"type":"pronunciation"},{"alternatives":[{"confidence":"0.0","content":"?"}],"type":"punctuation"},{"start_time":"4.46","end_time":"4.72","alternatives":[{"confidence":"0.9329","content":"예"}],"type":"pronunciation"},{"alternatives":[{"confidence":"0.0","content":"."}],"type":"punctuation"},{"start_time":"4.81","end_time":"5.12","alternatives":[{"confidence":"1.0","content":"다름이"}],"type":"pronunciation"},{"start_time":"5.12","end_time":"5.76","alternatives":[{"confidence":"0.9784","content":"아니라"}],"type":"pronunciation"},{"start_time":"5.85","end_time":"6.38","alternatives":[{"confidence":"0.9806","content":"본인과"}],"type":"pronunciation"},{"start_time":"6.38","end_time":"6.9","alternatives":[{"confidence":"0.9997","content":"연루된"}],"type":"pronunciation"},{"start_time":"6.9","end_time":"7.5","alternatives":[{"confidence":"0.6902","content":"불법"}],"type":"pronunciation"},{"start_time":"7.5","end_time":"7.77","alternatives":[{"confidence":"0.3123","content":"명이"}],"type":"pronunciation"},{"start_time":"7.77","end_time":"8.02","alternatives":[{"confidence":"0.0552","content":"들어온"}],"type":"pronunciation"},{"start_time":"8.02","end_time":"8.59","alternatives":[{"confidence":"1.0","content":"사건이"}],"type":"pronunciation"},{"start_time":"8.62","end_time":"8.8","alternatives":[{"confidence":"0.8203","content":"지금"}],"type":"pronunciation"},{"start_time":"8.81","end_time":"9.36","alternatives":[{"confidence":"0.68405","content":"검찰지금의"}],"type":"pronunciation"},{"start_time":"9.36","end_time":"9.81","alternatives":[{"confidence":"0.9998","content":"접수가"}],"type":"pronunciation"},{"start_time":"9.81","end_time":"10.16","alternatives":[{"confidence":"0.9974","content":"돼서"}],"type":"pronunciation"},{"start_time":"10.16","end_time":"10.48","alternatives":[{"confidence":"1.0","content":"연락을"}],"type":"pronunciation"},{"start_time":"10.48","end_time":"11.69","alternatives":[{"confidence":"0.9983","content":"드렸고요"}],"type":"pronunciation"},{"start_time":"12.55","end_time":"13.15","alternatives":[{"confidence":"0.9934000000000001","content":"본인께서"}],"type":"pronunciation"},{"start_time":"13.15","end_time":"13.4","alternatives":[{"confidence":"0.9331","content":"잠시"}],"type":"pronunciation"},{"start_time":"13.4","end_time":"13.61","alternatives":[{"confidence":"0.8414","content":"통화"}],"type":"pronunciation"},{"start_time":"13.76","end_time":"15.08","alternatives":[{"confidence":"0.9979","content":"괜찮으신가요"}],"type":"pronunciation"},{"alternatives":[{"confidence":"0.0","content":"?"}],"type":"punctuation"},{"start_time":"16.37","end_time":"17.2","alternatives":[{"confidence":"0.9519500000000001","content":"그러시면"}],"type":"pronunciation"},{"start_time":"17.23","end_time":"17.41","alternatives":[{"confidence":"0.7521","content":"제가"}],"type":"pronunciation"},{"start_time":"17.41","end_time":"17.61","alternatives":[{"confidence":"0.9932","content":"몇"}],"type":"pronunciation"},{"start_time":"17.61","end_time":"17.87","alternatives":[{"confidence":"0.9895","content":"가지"}],"type":"pronunciation"},{"start_time":"17.87","end_time":"18.22","alternatives":[{"confidence":"0.9975","content":"상황에"}],"type":"pronunciation"},{"start_time":"18.22","end_time":"18.62","alternatives":[{"confidence":"0.9981","content":"대해서"}],"type":"pronunciation"},{"start_time":"18.62","end_time":"18.76","alternatives":[{"confidence":"0.6921","content":"제가"}],"type":"pronunciation"},{"start_time":"18.76","end_time":"18.95","alternatives":[{"confidence":"0.8359","content":"지금"}],"type":"pronunciation"},{"start_time":"18.95","end_time":"19.57","alternatives":[{"confidence":"1.0","content":"여쭤보도록"}],"type":"pronunciation"},{"start_time":"19.57","end_time":"20.11","alternatives":[{"confidence":"0.9979","content":"하겠습니다"}],"type":"pronunciation"},{"alternatives":[{"confidence":"0.0","content":"."}],"type":"punctuation"},{"start_time":"21.96","end_time":"22.93","alternatives":[{"confidence":"0.94655","content":"본인께서"}],"type":"pronunciation"},{"start_time":"27.85","end_time":"28.61","alternatives":[{"confidence":"1.0","content":"혹시"}],"type":"pronunciation"},{"start_time":"28.61","end_time":"29.17","alternatives":[{"confidence":"0.96575","content":"본인께서"}],"type":"pronunciation"},{"start_time":"29.17","end_time":"29.56","alternatives":[{"confidence":"0.8862","content":"알고"}],"type":"pronunciation"},{"start_time":"29.56","end_time":"29.82","alternatives":[{"confidence":"0.9921","content":"계신"}],"type":"pronunciation"},{"start_time":"29.82","end_time":"30.57","alternatives":[{"confidence":"0.9909666666666667","content":"분이신가요"}],"type":"pronunciation"},{"start_time":"33.31","end_time":"33.63","alternatives":[{"confidence":"1.0","content":"전혀"}],"type":"pronunciation"},{"start_time":"33.63","end_time":"34.71","alternatives":[{"confidence":"1.0","content":"모르시나요"}],"type":"pronunciation"},{"alternatives":[{"confidence":"0.0","content":"."}],"type":"punctuation"},{"start_time":"36.1","end_time":"36.28","alternatives":[{"confidence":"0.9993","content":"제가"}],"type":"pronunciation"},{"start_time":"36.28","end_time":"36.51","alternatives":[{"confidence":"0.9995","content":"이렇게"}],"type":"pronunciation"},{"start_time":"36.51","end_time":"36.9","alternatives":[{"confidence":"0.99905","content":"여쭤보는"}],"type":"pronunciation"},{"start_time":"36.9","end_time":"37.66","alternatives":[{"confidence":"1.0","content":"이유가"}],"type":"pronunciation"},{"start_time":"37.66","end_time":"37.93","alternatives":[{"confidence":"0.9295","content":"저희"}],"type":"pronunciation"},{"start_time":"37.93","end_time":"38.8","alternatives":[{"confidence":"0.9964500000000001","content":"검찰에서"}],"type":"pronunciation"},{"start_time":"38.8","end_time":"39.05","alternatives":[{"confidence":"0.9449","content":"이제"}],"type":"pronunciation"},{"start_time":"39.75","end_time":"40.96","alternatives":[{"confidence":"0.228925","content":"금융범죄사기단을"}],"type":"pronunciation"},{"start_time":"40.96","end_time":"41.97","alternatives":[{"confidence":"0.11075","content":"검거됐는데"}],"type":"pronunciation"},{"start_time":"42.65","end_time":"42.82","alternatives":[{"confidence":"0.8794","content":"그"}],"type":"pronunciation"},{"start_time":"42.85","end_time":"43.68","alternatives":[{"confidence":"1.0","content":"과정에서"}],"type":"pronunciation"},{"start_time":"43.68","end_time":"44.08","alternatives":[{"confidence":"0.9997","content":"대량의"}],"type":"pronunciation"},{"start_time":"44.08","end_time":"44.71","alternatives":[{"confidence":"0.9999","content":"신용카드와"}],"type":"pronunciation"},{"start_time":"44.71","end_time":"45.42","alternatives":[{"confidence":"0.9670333333333333","content":"대포통장을"}],"type":"pronunciation"},{"start_time":"45.42","end_time":"45.74","alternatives":[{"confidence":"0.4692","content":"앞서"}],"type":"pronunciation"},{"start_time":"45.74","end_time":"46.46","alternatives":[{"confidence":"0.9186","content":"했고요"}],"type":"pronunciation"},{"alternatives":[{"confidence":"0.0","content":"."}],"type":"punctuation"},{"start_time":"47.26","end_time":"47.57","alternatives":[{"confidence":"0.998","content":"가장"}],"type":"pronunciation"},{"start_time":"47.57","end_time":"47.9","alternatives":[{"confidence":"0.9004","content":"중요한"}],"type":"pronunciation"},{"start_time":"47.9","end_time":"48.46","alternatives":[{"confidence":"0.7966","content":"건"}],"type":"pronunciation"},{"start_time":"49.11","end_time":"49.47","alternatives":[{"confidence":"1.0","content":"명의로"}],"type":"pronunciation"},{"start_time":"49.47","end_time":"49.74","alternatives":[{"confidence":"0.9893","content":"된"}],"type":"pronunciation"},{"start_time":"51.14","end_time":"51.52","alternatives":[{"confidence":"0.9628","content":"통장이"}],"type":"pronunciation"},{"start_time":"51.52","end_time":"52.33","alternatives":[{"confidence":"0.96165","content":"발견되어서"}],"type":"pronunciation"},{"start_time":"52.45","end_time":"52.87","alternatives":[{"confidence":"1.0","content":"연락을"}],"type":"pronunciation"},{"start_time":"52.87","end_time":"53.12","alternatives":[{"confidence":"0.7475","content":"드린"}],"type":"pronunciation"},{"start_time":"53.12","end_time":"54.17","alternatives":[{"confidence":"0.9986","content":"거예요"}],"type":"pronunciation"},{"alternatives":[{"confidence":"0.0","content":"."}],"type":"punctuation"},{"start_time":"55.44","end_time":"55.93","alternatives":[{"confidence":"0.9630000000000001","content":"본인께서"}],"type":"pronunciation"},{"start_time":"55.93","end_time":"56.1","alternatives":[{"confidence":"0.8572","content":"이"}],"type":"pronunciation"},{"start_time":"56.1","end_time":"57.1","alternatives":[{"confidence":"0.8313333333333333","content":"총장개설내용에"}],"type":"pronunciation"},{"start_time":"57.1","end_time":"57.75","alternatives":[{"confidence":"1.0","content":"대해서"}],"type":"pronunciation"},{"start_time":"57.81","end_time":"58.18","alternatives":[{"confidence":"0.9587","content":"알고"}],"type":"pronunciation"},{"start_time":"58.18","end_time":"58.43","alternatives":[{"confidence":"0.7711","content":"계신"}],"type":"pronunciation"},{"start_time":"58.43","end_time":"58.7","alternatives":[{"confidence":"0.517","content":"부분이"}],"type":"pronunciation"},{"start_time":"58.7","end_time":"59.27","alternatives":[{"confidence":"0.9964","content":"있으신가요"}],"type":"pronunciation"},{"alternatives":[{"confidence":"0.0","content":"?"}],"type":"punctuation"},{"start_time":"61.48","end_time":"62.14","alternatives":[{"confidence":"0.80515","content":"본인께서는"}],"type":"pronunciation"},{"start_time":"62.14","end_time":"62.4","alternatives":[{"confidence":"0.9826","content":"직접"}],"type":"pronunciation"},{"start_time":"62.4","end_time":"62.99","alternatives":[{"confidence":"0.7511","content":"개선하신"}],"type":"pronunciation"},{"start_time":"62.99","end_time":"63.3","alternatives":[{"confidence":"0.9999","content":"사실이"}],"type":"pronunciation"},{"start_time":"63.3","end_time":"63.62","alternatives":[{"confidence":"0.7209","content":"없다"}],"type":"pronunciation"},{"start_time":"63.62","end_time":"63.83","alternatives":[{"confidence":"0.9977","content":"라는"}],"type":"pronunciation"},{"start_time":"63.83","end_time":"65.05","alternatives":[{"confidence":"0.9992000000000001","content":"말씀이신가요"}],"type":"pronunciation"},{"alternatives":[{"confidence":"0.0","content":"?"}],"type":"punctuation"},{"start_time":"66.58","end_time":"66.9","alternatives":[{"confidence":"1.0","content":"저희가"}],"type":"pronunciation"},{"start_time":"66.9","end_time":"67.03","alternatives":[{"confidence":"0.8397","content":"이"}],"type":"pronunciation"},{"start_time":"67.03","end_time":"67.68","alternatives":[{"confidence":"0.9979","content":"통장을"}],"type":"pronunciation"},{"start_time":"67.68","end_time":"69.1","alternatives":[{"confidence":"0.7799666666666667","content":"조사해봤을때"}],"type":"pronunciation"},{"start_time":"69.55","end_time":"70.03","alternatives":[{"confidence":"0.9978499999999999","content":"통장은"}],"type":"pronunciation"},{"start_time":"70.03","end_time":"70.8","alternatives":[{"confidence":"0.7182999999999999","content":"개선절차가"}],"type":"pronunciation"},{"start_time":"70.8","end_time":"71.26","alternatives":[{"confidence":"0.7229","content":"작년"}],"type":"pronunciation"},{"start_time":"71.26","end_time":"72.03","alternatives":[{"confidence":"0.9923500000000001","content":"날짜로"}],"type":"pronunciation"},{"start_time":"72.03","end_time":"72.88","alternatives":[{"confidence":"0.88115","content":"이천십팔"}],"type":"pronunciation"},{"start_time":"72.88","end_time":"73.27","alternatives":[{"confidence":"0.8931","content":"년도"}],"type":"pronunciation"},{"start_time":"73.27","end_time":"73.38","alternatives":[{"confidence":"0.4398","content":"오"}],"type":"pronunciation"},{"start_time":"73.38","end_time":"73.5","alternatives":[{"confidence":"0.9981","content":"월"}],"type":"pronunciation"},{"start_time":"73.5","end_time":"73.81","alternatives":[{"confidence":"0.7348","content":"십칠"}],"type":"pronunciation"},{"start_time":"73.81","end_time":"74.06","alternatives":[{"confidence":"0.9524","content":"일"}],"type":"pronunciation"},{"start_time":"74.66","end_time":"75.1","alternatives":[{"confidence":"0.9936","content":"경기도"}],"type":"pronunciation"},{"start_time":"75.1","end_time":"75.8","alternatives":[{"confidence":"0.99995","content":"광명시"}],"type":"pronunciation"},{"start_time":"75.8","end_time":"76.34","alternatives":[{"confidence":"0.8090999999999999","content":"철산동"}],"type":"pronunciation"},{"start_time":"76.34","end_time":"76.8","alternatives":[{"confidence":"0.9999","content":"지점에서"}],"type":"pronunciation"},{"start_time":"76.8","end_time":"77.13","alternatives":[{"confidence":"0.98865","content":"개설이"}],"type":"pronunciation"},{"start_time":"77.13","end_time":"78.08","alternatives":[{"confidence":"1.0","content":"되었고"}],"type":"pronunciation"},{"start_time":"78.65","end_time":"78.84","alternatives":[{"confidence":"0.3333","content":"이"}],"type":"pronunciation"},{"start_time":"78.84","end_time":"79.36","alternatives":[{"confidence":"0.9817","content":"통장을"}],"type":"pronunciation"},{"start_time":"79.36","end_time":"79.63","alternatives":[{"confidence":"0.8058","content":"해당"}],"type":"pronunciation"},{"start_time":"79.63","end_time":"80.68","alternatives":[{"confidence":"0.9995499999999999","content":"금융감독원과"}],"type":"pronunciation"},{"start_time":"80.68","end_time":"80.9","alternatives":[{"confidence":"0.9895","content":"같이"}],"type":"pronunciation"},{"start_time":"80.96","end_time":"81.14","alternatives":[{"confidence":"0.1284","content":"얘기를"}],"type":"pronunciation"},{"start_time":"81.14","end_time":"82.03","alternatives":[{"confidence":"0.64625","content":"해봤을때"}],"type":"pronunciation"},{"start_time":"86.18","end_time":"86.88","alternatives":[{"confidence":"0.92595","content":"아니신가요"}],"type":"pronunciation"},{"start_time":"87.2","end_time":"88.07","alternatives":[{"confidence":"0.46409999999999996","content":"보거든요"}],"type":"pronunciation"},{"alternatives":[{"confidence":"0.0","content":"."}],"type":"punctuation"},{"start_time":"89.28","end_time":"89.6","alternatives":[{"confidence":"0.1508","content":"본인"}],"type":"pronunciation"},{"start_time":"89.6","end_time":"89.93","alternatives":[{"confidence":"0.1535","content":"명의로"}],"type":"pronunciation"},{"start_time":"89.93","end_time":"90.1","alternatives":[{"confidence":"0.349","content":"된"}],"type":"pronunciation"},{"start_time":"90.1","end_time":"90.6","alternatives":[{"confidence":"0.8756999999999999","content":"흔적임을"}],"type":"pronunciation"},{"start_time":"90.6","end_time":"91.08","alternatives":[{"confidence":"0.9996","content":"확인하고"}],"type":"pronunciation"},{"start_time":"91.08","end_time":"91.24","alternatives":[{"confidence":"0.9787","content":"제가"}],"type":"pronunciation"},{"start_time":"91.24","end_time":"91.49","alternatives":[{"confidence":"0.9968","content":"이렇게"}],"type":"pronunciation"},{"start_time":"91.49","end_time":"92.26","alternatives":[{"confidence":"0.72375","content":"여쭤봅니다"}],"type":"pronunciation"},{"alternatives":[{"confidence":"0.0","content":"."}],"type":"punctuation"},{"start_time":"95.88","end_time":"96.1","alternatives":[{"confidence":"0.3559","content":"그럼"}],"type":"pronunciation"},{"start_time":"96.76","end_time":"97.47","alternatives":[{"confidence":"1.0","content":"혹시"}],"type":"pronunciation"},{"start_time":"97.71","end_time":"98.0","alternatives":[{"confidence":"0.9756","content":"최근"}],"type":"pronunciation"},{"start_time":"98.0","end_time":"98.14","alternatives":[{"confidence":"0.5691","content":"이"}],"type":"pronunciation"},{"start_time":"98.14","end_time":"98.31","alternatives":[{"confidence":"0.5737","content":"삼"}],"type":"pronunciation"},{"start_time":"98.31","end_time":"98.48","alternatives":[{"confidence":"0.9867","content":"년"}],"type":"pronunciation"},{"start_time":"98.48","end_time":"99.31","alternatives":[{"confidence":"0.6933","content":"사이에"}],"type":"pronunciation"},{"start_time":"99.86","end_time":"100.94","alternatives":[{"confidence":"0.7282500000000001","content":"핸드폰이라든지"}],"type":"pronunciation"},{"start_time":"100.94","end_time":"102.42","alternatives":[{"confidence":"0.8491333333333334","content":"시각신분증을"}],"type":"pronunciation"},{"start_time":"102.54","end_time":"103.37","alternatives":[{"confidence":"0.9999666666666668","content":"분실하시거나"}],"type":"pronunciation"},{"start_time":"103.37","end_time":"104.06","alternatives":[{"confidence":"0.97365","content":"도난당하신"}],"type":"pronunciation"},{"start_time":"104.06","end_time":"104.19","alternatives":[{"confidence":"0.7877","content":"적이"}],"type":"pronunciation"},{"start_time":"104.19","end_time":"104.8","alternatives":[{"confidence":"1.0","content":"있으신가요"}],"type":"pronunciation"},{"alternatives":[{"confidence":"0.0","content":"?"}],"type":"punctuation"},{"start_time":"105.22","end_time":"105.63","alternatives":[{"confidence":"0.6804","content":"거든요"}],"type":"pronunciation"},{"alternatives":[{"confidence":"0.0","content":"."}],"type":"punctuation"},{"start_time":"106.55","end_time":"106.82","alternatives":[{"confidence":"0.8972","content":"개인"}],"type":"pronunciation"},{"start_time":"106.82","end_time":"107.35","alternatives":[{"confidence":"0.73805","content":"물품이에요"}],"type":"pronunciation"},{"start_time":"107.35","end_time":"107.57","alternatives":[{"confidence":"0.9765","content":"따로"}],"type":"pronunciation"},{"start_time":"107.57","end_time":"108.71","alternatives":[{"confidence":"1.0","content":"없으신가요"}],"type":"pronunciation"},{"alternatives":[{"confidence":"0.0","content":"?"}],"type":"punctuation"},{"start_time":"110.06","end_time":"110.64","alternatives":[{"confidence":"0.90015","content":"본인께서도"}],"type":"pronunciation"},{"start_time":"110.64","end_time":"110.88","alternatives":[{"confidence":"0.9852","content":"현재"}],"type":"pronunciation"},{"start_time":"110.88","end_time":"111.11","alternatives":[{"confidence":"0.9992","content":"이번"}],"type":"pronunciation"},{"start_time":"111.11","end_time":"111.43","alternatives":[{"confidence":"0.9999","content":"사건에"}],"type":"pronunciation"},{"start_time":"111.43","end_time":"111.58","alternatives":[{"confidence":"0.7721","content":"대해"}],"type":"pronunciation"},{"start_time":"111.65","end_time":"112.08","alternatives":[{"confidence":"0.8485","content":"궁금해"}],"type":"pronunciation"},{"start_time":"112.08","end_time":"112.3","alternatives":[{"confidence":"0.6011","content":"하실"}],"type":"pronunciation"},{"start_time":"112.3","end_time":"113.03","alternatives":[{"confidence":"0.9826","content":"텐데"}],"type":"pronunciation"},{"start_time":"113.09","end_time":"113.24","alternatives":[{"confidence":"0.2814","content":"제가"}],"type":"pronunciation"},{"start_time":"113.24","end_time":"113.8","alternatives":[{"confidence":"1.0","content":"간단하게"}],"type":"pronunciation"},{"start_time":"113.8","end_time":"114.18","alternatives":[{"confidence":"0.9996","content":"정리를"}],"type":"pronunciation"},{"start_time":"114.18","end_time":"114.39","alternatives":[{"confidence":"0.9894","content":"해서"}],"type":"pronunciation"},{"start_time":"114.39","end_time":"114.8","alternatives":[{"confidence":"1.0","content":"말씀을"}],"type":"pronunciation"},{"start_time":"114.8","end_time":"115.48","alternatives":[{"confidence":"1.0","content":"드리겠습니다"}],"type":"pronunciation"},{"alternatives":[{"confidence":"0.0","content":"."}],"type":"punctuation"},{"start_time":"116.99","end_time":"117.6","alternatives":[{"confidence":"0.9977","content":"혹시"}],"type":"pronunciation"},{"start_time":"117.78","end_time":"118.19","alternatives":[{"confidence":"0.0391","content":"네이버"}],"type":"pronunciation"},{"start_time":"118.19","end_time":"118.49","alternatives":[{"confidence":"0.1879","content":"측에"}],"type":"pronunciation"},{"start_time":"118.49","end_time":"119.07","alternatives":[{"confidence":"0.38295","content":"개설된"}],"type":"pronunciation"},{"start_time":"119.13","end_time":"119.86","alternatives":[{"confidence":"0.0645","content":"중고나라"}],"type":"pronunciation"},{"start_time":"120.16","end_time":"120.4","alternatives":[{"confidence":"0.9897","content":"알고"}],"type":"pronunciation"},{"start_time":"120.4","end_time":"121.14","alternatives":[{"confidence":"0.9978","content":"계시나요"}],"type":"pronunciation"},{"alternatives":[{"confidence":"0.0","content":"?"}],"type":"punctuation"},{"start_time":"122.54","end_time":"123.3","alternatives":[{"confidence":"0.9698","content":"중고나라"}],"type":"pronunciation"},{"start_time":"123.48","end_time":"124.3","alternatives":[{"confidence":"0.9096500000000001","content":"카페형식으로"}],"type":"pronunciation"},{"start_time":"124.47","end_time":"124.79","alternatives":[{"confidence":"0.1329","content":"사이트"}],"type":"pronunciation"},{"start_time":"124.79","end_time":"125.69","alternatives":[{"confidence":"0.0386","content":"에요"}],"type":"pronunciation"},{"alternatives":[{"confidence":"0.0","content":"."}],"type":"punctuation"},{"start_time":"127.18","end_time":"127.94","alternatives":[{"confidence":"0.6451","content":"현재"}],"type":"pronunciation"},{"start_time":"128.6","end_time":"129.19","alternatives":[{"confidence":"0.9974","content":"분들이"}],"type":"pronunciation"},{"start_time":"129.2","end_time":"129.83","alternatives":[{"confidence":"0.9691000000000001","content":"중고나라"}],"type":"pronunciation"},{"start_time":"129.83","end_time":"130.25","alternatives":[{"confidence":"0.9895","content":"사이트를"}],"type":"pronunciation"},{"start_time":"130.25","end_time":"130.64","alternatives":[{"confidence":"1.0","content":"통해"}],"type":"pronunciation"},{"start_time":"130.64","end_time":"131.17","alternatives":[{"confidence":"0.9922500000000001","content":"고가의"}],"type":"pronunciation"},{"start_time":"131.17","end_time":"131.59","alternatives":[{"confidence":"1.0","content":"물건을"}],"type":"pronunciation"},{"start_time":"131.59","end_time":"132.35","alternatives":[{"confidence":"0.99655","content":"판매한다고"}],"type":"pronunciation"},{"start_time":"132.51","end_time":"133.0","alternatives":[{"confidence":"0.99415","content":"뇌물만"}],"type":"pronunciation"},{"start_time":"133.0","end_time":"133.37","alternatives":[{"confidence":"0.98","content":"대량으로"}],"type":"pronunciation"},{"start_time":"133.37","end_time":"134.07","alternatives":[{"confidence":"0.9813","content":"올려놓고"}],"type":"pronunciation"},{"start_time":"135.16","end_time":"135.36","alternatives":[{"confidence":"0.6251","content":"이렇게"}],"type":"pronunciation"},{"start_time":"135.36","end_time":"135.72","alternatives":[{"confidence":"0.9894","content":"명의로"}],"type":"pronunciation"},{"start_time":"135.72","end_time":"135.98","alternatives":[{"confidence":"0.989","content":"된"}],"type":"pronunciation"},{"start_time":"136.56","end_time":"137.57","alternatives":[{"confidence":"0.9954333333333333","content":"스탠더드통장으로"}],"type":"pronunciation"},{"start_time":"137.57","end_time":"138.73","alternatives":[{"confidence":"0.703525","content":"입금반유도한지"}],"type":"pronunciation"},{"start_time":"138.88","end_time":"139.32","alternatives":[{"confidence":"1.0","content":"물건을"}],"type":"pronunciation"},{"start_time":"139.32","end_time":"139.66","alternatives":[{"confidence":"1.0","content":"보내지"}],"type":"pronunciation"},{"start_time":"139.66","end_time":"139.89","alternatives":[{"confidence":"0.9766","content":"않은"}],"type":"pronunciation"},{"start_time":"139.89","end_time":"140.61","alternatives":[{"confidence":"0.9966999999999999","content":"사건입니다"}],"type":"pronunciation"},{"alternatives":[{"confidence":"0.0","content":"."}],"type":"punctuation"},{"start_time":"143.41","end_time":"143.64","alternatives":[{"confidence":"0.9964","content":"이해가"}],"type":"pronunciation"},{"start_time":"143.64","end_time":"144.44","alternatives":[{"confidence":"0.99695","content":"되시나요"}],"type":"pronunciation"},{"alternatives":[{"confidence":"0.0","content":"?"}],"type":"punctuation"},{"start_time":"144.93","end_time":"145.0","alternatives":[{"confidence":"0.2375","content":"은"}],"type":"pronunciation"},{"start_time":"145.0","end_time":"145.11","alternatives":[{"confidence":"0.5356","content":"어디"}],"type":"pronunciation"},{"start_time":"145.11","end_time":"145.26","alternatives":[{"confidence":"0.6795","content":"있는"}],"type":"pronunciation"},{"start_time":"145.26","end_time":"145.4","alternatives":[{"confidence":"0.7224","content":"거예요"}],"type":"pronunciation"},{"alternatives":[{"confidence":"0.0","content":"?"}],"type":"punctuation"},{"start_time":"145.4","end_time":"145.6","alternatives":[{"confidence":"0.5762","content":"그럼"}],"type":"pronunciation"},{"start_time":"146.59","end_time":"147.28","alternatives":[{"confidence":"0.4704333333333333","content":"순실물이"}],"type":"pronunciation"},{"start_time":"147.28","end_time":"147.84","alternatives":[{"confidence":"0.9036","content":"아니라"}],"type":"pronunciation"},{"start_time":"148.26","end_time":"148.49","alternatives":[{"confidence":"0.0012","content":"허위"}],"type":"pronunciation"},{"start_time":"148.55","end_time":"148.97","alternatives":[{"confidence":"0.0083","content":"매물로"}],"type":"pronunciation"},{"start_time":"148.97","end_time":"149.98","alternatives":[{"confidence":"0.7416499999999999","content":"그러니까요"}],"type":"pronunciation"},{"alternatives":[{"confidence":"0.0","content":"."}],"type":"punctuation"},{"start_time":"150.01","end_time":"150.39","alternatives":[{"confidence":"0.5820500000000001","content":"중고나라"}],"type":"pronunciation"},{"start_time":"150.66","end_time":"150.84","alternatives":[{"confidence":"0.054","content":"그리고"}],"type":"pronunciation"},{"start_time":"150.99","end_time":"151.15","alternatives":[{"confidence":"0.9921","content":"있을"}],"type":"pronunciation"},{"start_time":"151.15","end_time":"151.24","alternatives":[{"confidence":"0.9861","content":"거"}],"type":"pronunciation"},{"start_time":"151.24","end_time":"151.55","alternatives":[{"confidence":"0.9981","content":"아니에요"}],"type":"pronunciation"},{"alternatives":[{"confidence":"0.0","content":"."}],"type":"punctuation"},{"start_time":"153.51","end_time":"153.77","alternatives":[{"confidence":"0.1331","content":"그게"}],"type":"pronunciation"},{"start_time":"154.08","end_time":"154.24","alternatives":[{"confidence":"0.1489","content":"몇"}],"type":"pronunciation"},{"start_time":"154.25","end_time":"154.36","alternatives":[{"confidence":"0.0896","content":"번"}],"type":"pronunciation"},{"start_time":"156.01","end_time":"156.33","alternatives":[{"confidence":"0.9474","content":"몇"}],"type":"pronunciation"},{"start_time":"156.34","end_time":"156.6","alternatives":[{"confidence":"0.9273","content":"번"}],"type":"pronunciation"},{"start_time":"156.6","end_time":"157.16","alternatives":[{"confidence":"0.2502","content":"계시그렇게"}],"type":"pronunciation"},{"start_time":"157.16","end_time":"157.5","alternatives":[{"confidence":"0.5846","content":"하고요"}],"type":"pronunciation"},{"alternatives":[{"confidence":"0.0","content":"."}],"type":"punctuation"},{"start_time":"157.96","end_time":"158.17","alternatives":[{"confidence":"0.9902","content":"지금"}],"type":"pronunciation"},{"start_time":"158.17","end_time":"158.59","alternatives":[{"confidence":"0.7301","content":"확인해보려고"}],"type":"pronunciation"},{"start_time":"158.59","end_time":"159.19","alternatives":[{"confidence":"0.9991","content":"하거든요"}],"type":"pronunciation"},{"alternatives":[{"confidence":"0.0","content":"."}],"type":"punctuation"}]},"status":"COMPLETED"}