{"jobName":"transcribes210","accountId":"097989105209","results":{"transcripts":[{"transcript":"여보세요. 여보세요 했어요. 얼마 하셨죠? 육백만원 천육백만원 시간 나와있죠 시간 말씀해 주세요. 12 시 십분이에요. 알겠습니다. 그리고 일단은 지금 본인이 부분에 있어서는 저희가 이제 판결교사 진행바로 들어갈 거예요. 이게 진행을 하는데 이게 순차적으로 순차적으로 진행이 되다 보니까 순차적으로 진행되다 보니까 이제 조금 늦어질 수도 있는 부분이고 그렇다고 해서 제가 전화를 끊어버린다거나 그런 경우는 없어요. 본인자산자체가 잠시 본인을 떠났다고 해서 너무 불안해하시지 마시고 진행현황에 대해서는 제가 실시간으로 본인앞으로 몇 프로까지 진행이 됐다는 말씀을 해드릴 거고 지금 본인그러면 부대를 다시 들여복귀하실 건가요? 복귀하면 이제 업무들어가시는 건가요? 한시까지는 쉬다가 한시부터 한시까지 업무한시까지 있을 때는 그럼 혼자 계시는건가요. 근데 혼자 있는데 찾으는데요 혼자 계시고 그리고 이제 한시부터 업무들어가시면요 그러면 사무실에 있어야 되거나 아니면 따로 있다고 그냥 집에 일이 있어서 하겠다고 그럼 그러면 본인지금 자택으로 가시가까워지금 계시는 곳에서 그러면 자택으로 이동하셔서. 이제 피해자 입증받으실 계약까지 이제 업무는 이제 저희가 본인이거 피해자 입증완료되면 이제 부대 쪽으로 해서 저희가 공문이라든가 처 감을 같이 넣어드릴 거예요. 그렇기 때문에 본인 그냥 좀 일이 있어서 통화할 일이라고 하시지 마시고 조금 몸이 아프다고 하시거나. 그렇게 해서 자택이 오늘은 계실게요 일단은 피해자 입증이 완료될 때까지 면요 일단 자책으로 제가 그러면 관장님이랑 통화가 해야 될 것 같아요. 그렇게 되면 지금요 뭐 그냥 몸이 아프다하시고 통화를 한다거나 검찰 조사를 받고 있다 이런 부분에 대해서 발사를 하시면 안돼요. 그럼 제가 삼 분 안으로 다시 연락드리겠습니다."}],"items":[{"start_time":"6.58","end_time":"7.03","alternatives":[{"confidence":"0.9878","content":"여보세요"}],"type":"pronunciation"},{"alternatives":[{"confidence":"0.0","content":"."}],"type":"punctuation"},{"start_time":"9.13","end_time":"10.12","alternatives":[{"confidence":"0.6431","content":"여보세요"}],"type":"pronunciation"},{"start_time":"11.12","end_time":"11.57","alternatives":[{"confidence":"0.5104","content":"했어요"}],"type":"pronunciation"},{"alternatives":[{"confidence":"0.0","content":"."}],"type":"punctuation"},{"start_time":"12.57","end_time":"13.01","alternatives":[{"confidence":"0.6393","content":"얼마"}],"type":"pronunciation"},{"start_time":"13.01","end_time":"13.6","alternatives":[{"confidence":"1.0","content":"하셨죠"}],"type":"pronunciation"},{"alternatives":[{"confidence":"0.0","content":"?"}],"type":"punctuation"},{"start_time":"13.94","end_time":"14.46","alternatives":[{"confidence":"0.42874999999999996","content":"육백만원"}],"type":"pronunciation"},{"start_time":"15.34","end_time":"16.53","alternatives":[{"confidence":"0.7784333333333334","content":"천육백만원"}],"type":"pronunciation"},{"start_time":"16.59","end_time":"16.96","alternatives":[{"confidence":"0.8418","content":"시간"}],"type":"pronunciation"},{"start_time":"16.96","end_time":"17.43","alternatives":[{"confidence":"0.7837000000000001","content":"나와있죠"}],"type":"pronunciation"},{"start_time":"17.43","end_time":"17.71","alternatives":[{"confidence":"0.9539","content":"시간"}],"type":"pronunciation"},{"start_time":"17.71","end_time":"18.08","alternatives":[{"confidence":"0.9699","content":"말씀해"}],"type":"pronunciation"},{"start_time":"18.08","end_time":"18.51","alternatives":[{"confidence":"0.9699","content":"주세요"}],"type":"pronunciation"},{"alternatives":[{"confidence":"0.0","content":"."}],"type":"punctuation"},{"start_time":"21.1","end_time":"21.45","alternatives":[{"confidence":"0.4657","content":"12"}],"type":"pronunciation"},{"start_time":"21.45","end_time":"21.61","alternatives":[{"confidence":"0.7188","content":"시"}],"type":"pronunciation"},{"start_time":"21.64","end_time":"22.51","alternatives":[{"confidence":"0.7939666666666666","content":"십분이에요"}],"type":"pronunciation"},{"alternatives":[{"confidence":"0.0","content":"."}],"type":"punctuation"},{"start_time":"23.12","end_time":"24.04","alternatives":[{"confidence":"0.9979","content":"알겠습니다"}],"type":"pronunciation"},{"alternatives":[{"confidence":"0.0","content":"."}],"type":"punctuation"},{"start_time":"24.04","end_time":"24.47","alternatives":[{"confidence":"0.9989","content":"그리고"}],"type":"pronunciation"},{"start_time":"24.47","end_time":"24.95","alternatives":[{"confidence":"1.0","content":"일단은"}],"type":"pronunciation"},{"start_time":"24.95","end_time":"25.63","alternatives":[{"confidence":"0.9728","content":"지금"}],"type":"pronunciation"},{"start_time":"26.02","end_time":"27.09","alternatives":[{"confidence":"0.6774","content":"본인이"}],"type":"pronunciation"},{"start_time":"27.09","end_time":"27.45","alternatives":[{"confidence":"1.0","content":"부분에"}],"type":"pronunciation"},{"start_time":"27.45","end_time":"27.87","alternatives":[{"confidence":"0.9993","content":"있어서는"}],"type":"pronunciation"},{"start_time":"27.87","end_time":"28.18","alternatives":[{"confidence":"1.0","content":"저희가"}],"type":"pronunciation"},{"start_time":"28.18","end_time":"28.33","alternatives":[{"confidence":"0.9999","content":"이제"}],"type":"pronunciation"},{"start_time":"28.34","end_time":"28.94","alternatives":[{"confidence":"0.54085","content":"판결교사"}],"type":"pronunciation"},{"start_time":"28.94","end_time":"29.54","alternatives":[{"confidence":"0.84675","content":"진행바로"}],"type":"pronunciation"},{"start_time":"29.54","end_time":"29.91","alternatives":[{"confidence":"0.9607","content":"들어갈"}],"type":"pronunciation"},{"start_time":"29.91","end_time":"30.59","alternatives":[{"confidence":"0.9811","content":"거예요"}],"type":"pronunciation"},{"alternatives":[{"confidence":"0.0","content":"."}],"type":"punctuation"},{"start_time":"30.87","end_time":"31.02","alternatives":[{"confidence":"0.9834","content":"이게"}],"type":"pronunciation"},{"start_time":"31.05","end_time":"31.49","alternatives":[{"confidence":"0.9553","content":"진행을"}],"type":"pronunciation"},{"start_time":"31.49","end_time":"31.99","alternatives":[{"confidence":"0.9928","content":"하는데"}],"type":"pronunciation"},{"start_time":"32.29","end_time":"32.51","alternatives":[{"confidence":"0.9998","content":"이게"}],"type":"pronunciation"},{"start_time":"32.51","end_time":"33.17","alternatives":[{"confidence":"1.0","content":"순차적으로"}],"type":"pronunciation"},{"start_time":"33.2","end_time":"33.86","alternatives":[{"confidence":"1.0","content":"순차적으로"}],"type":"pronunciation"},{"start_time":"33.86","end_time":"34.28","alternatives":[{"confidence":"0.75995","content":"진행이"}],"type":"pronunciation"},{"start_time":"34.31","end_time":"34.59","alternatives":[{"confidence":"0.9599","content":"되다"}],"type":"pronunciation"},{"start_time":"34.59","end_time":"35.32","alternatives":[{"confidence":"0.9599","content":"보니까"}],"type":"pronunciation"},{"start_time":"37.28","end_time":"37.93","alternatives":[{"confidence":"1.0","content":"순차적으로"}],"type":"pronunciation"},{"start_time":"37.93","end_time":"38.61","alternatives":[{"confidence":"0.95885","content":"진행되다"}],"type":"pronunciation"},{"start_time":"38.61","end_time":"38.99","alternatives":[{"confidence":"0.9213","content":"보니까"}],"type":"pronunciation"},{"start_time":"38.99","end_time":"39.33","alternatives":[{"confidence":"0.9966","content":"이제"}],"type":"pronunciation"},{"start_time":"39.39","end_time":"39.65","alternatives":[{"confidence":"0.2142","content":"조금"}],"type":"pronunciation"},{"start_time":"39.68","end_time":"40.22","alternatives":[{"confidence":"0.99515","content":"늦어질"}],"type":"pronunciation"},{"start_time":"40.22","end_time":"40.47","alternatives":[{"confidence":"1.0","content":"수도"}],"type":"pronunciation"},{"start_time":"40.47","end_time":"40.8","alternatives":[{"confidence":"0.9995","content":"있는"}],"type":"pronunciation"},{"start_time":"40.8","end_time":"41.41","alternatives":[{"confidence":"0.9989","content":"부분이고"}],"type":"pronunciation"},{"start_time":"41.41","end_time":"41.88","alternatives":[{"confidence":"0.997","content":"그렇다고"}],"type":"pronunciation"},{"start_time":"41.88","end_time":"42.19","alternatives":[{"confidence":"1.0","content":"해서"}],"type":"pronunciation"},{"start_time":"42.19","end_time":"42.45","alternatives":[{"confidence":"1.0","content":"제가"}],"type":"pronunciation"},{"start_time":"42.45","end_time":"42.83","alternatives":[{"confidence":"1.0","content":"전화를"}],"type":"pronunciation"},{"start_time":"42.83","end_time":"43.68","alternatives":[{"confidence":"0.7309333333333333","content":"끊어버린다거나"}],"type":"pronunciation"},{"start_time":"43.68","end_time":"44.02","alternatives":[{"confidence":"1.0","content":"그런"}],"type":"pronunciation"},{"start_time":"44.02","end_time":"44.52","alternatives":[{"confidence":"1.0","content":"경우는"}],"type":"pronunciation"},{"start_time":"44.52","end_time":"45.34","alternatives":[{"confidence":"1.0","content":"없어요"}],"type":"pronunciation"},{"alternatives":[{"confidence":"0.0","content":"."}],"type":"punctuation"},{"start_time":"45.46","end_time":"46.29","alternatives":[{"confidence":"0.5942","content":"본인자산자체가"}],"type":"pronunciation"},{"start_time":"46.32","end_time":"46.6","alternatives":[{"confidence":"0.8783","content":"잠시"}],"type":"pronunciation"},{"start_time":"46.6","end_time":"46.98","alternatives":[{"confidence":"0.9158","content":"본인을"}],"type":"pronunciation"},{"start_time":"46.98","end_time":"47.47","alternatives":[{"confidence":"0.9974000000000001","content":"떠났다고"}],"type":"pronunciation"},{"start_time":"47.47","end_time":"47.64","alternatives":[{"confidence":"0.9984","content":"해서"}],"type":"pronunciation"},{"start_time":"47.64","end_time":"47.84","alternatives":[{"confidence":"0.9993","content":"너무"}],"type":"pronunciation"},{"start_time":"47.84","end_time":"48.58","alternatives":[{"confidence":"0.99865","content":"불안해하시지"}],"type":"pronunciation"},{"start_time":"48.58","end_time":"49.21","alternatives":[{"confidence":"1.0","content":"마시고"}],"type":"pronunciation"},{"start_time":"49.45","end_time":"50.68","alternatives":[{"confidence":"0.8069666666666667","content":"진행현황에"}],"type":"pronunciation"},{"start_time":"50.68","end_time":"51.04","alternatives":[{"confidence":"0.9984","content":"대해서는"}],"type":"pronunciation"},{"start_time":"51.04","end_time":"51.24","alternatives":[{"confidence":"0.9995","content":"제가"}],"type":"pronunciation"},{"start_time":"51.24","end_time":"51.92","alternatives":[{"confidence":"1.0","content":"실시간으로"}],"type":"pronunciation"},{"start_time":"51.92","end_time":"52.47","alternatives":[{"confidence":"0.71495","content":"본인앞으로"}],"type":"pronunciation"},{"start_time":"52.8","end_time":"53.02","alternatives":[{"confidence":"0.4845","content":"몇"}],"type":"pronunciation"},{"start_time":"53.02","end_time":"53.45","alternatives":[{"confidence":"0.8351999999999999","content":"프로까지"}],"type":"pronunciation"},{"start_time":"53.45","end_time":"53.75","alternatives":[{"confidence":"0.8601","content":"진행이"}],"type":"pronunciation"},{"start_time":"53.75","end_time":"54.1","alternatives":[{"confidence":"0.7773","content":"됐다는"}],"type":"pronunciation"},{"start_time":"54.3","end_time":"54.66","alternatives":[{"confidence":"0.9867","content":"말씀을"}],"type":"pronunciation"},{"start_time":"54.66","end_time":"54.98","alternatives":[{"confidence":"0.7519","content":"해드릴"}],"type":"pronunciation"},{"start_time":"54.98","end_time":"55.45","alternatives":[{"confidence":"1.0","content":"거고"}],"type":"pronunciation"},{"start_time":"55.69","end_time":"55.91","alternatives":[{"confidence":"0.9891","content":"지금"}],"type":"pronunciation"},{"start_time":"55.91","end_time":"56.56","alternatives":[{"confidence":"0.8013","content":"본인그러면"}],"type":"pronunciation"},{"start_time":"56.56","end_time":"56.9","alternatives":[{"confidence":"0.9541","content":"부대를"}],"type":"pronunciation"},{"start_time":"56.9","end_time":"57.11","alternatives":[{"confidence":"0.9924","content":"다시"}],"type":"pronunciation"},{"start_time":"57.11","end_time":"57.89","alternatives":[{"confidence":"0.6852333333333332","content":"들여복귀하실"}],"type":"pronunciation"},{"start_time":"57.89","end_time":"58.39","alternatives":[{"confidence":"1.0","content":"건가요"}],"type":"pronunciation"},{"alternatives":[{"confidence":"0.0","content":"?"}],"type":"punctuation"},{"start_time":"60.61","end_time":"61.25","alternatives":[{"confidence":"0.98855","content":"복귀하면"}],"type":"pronunciation"},{"start_time":"61.25","end_time":"61.4","alternatives":[{"confidence":"0.8769","content":"이제"}],"type":"pronunciation"},{"start_time":"61.4","end_time":"62.23","alternatives":[{"confidence":"0.8366000000000001","content":"업무들어가시는"}],"type":"pronunciation"},{"start_time":"62.23","end_time":"62.76","alternatives":[{"confidence":"0.9995","content":"건가요"}],"type":"pronunciation"},{"alternatives":[{"confidence":"0.0","content":"?"}],"type":"punctuation"},{"start_time":"63.59","end_time":"64.56","alternatives":[{"confidence":"0.8518666666666667","content":"한시까지는"}],"type":"pronunciation"},{"start_time":"64.56","end_time":"65.16","alternatives":[{"confidence":"0.9909","content":"쉬다가"}],"type":"pronunciation"},{"start_time":"65.59","end_time":"66.08","alternatives":[{"confidence":"0.80585","content":"한시부터"}],"type":"pronunciation"},{"start_time":"66.08","end_time":"66.51","alternatives":[{"confidence":"0.1482","content":"한시까지"}],"type":"pronunciation"},{"start_time":"68.2","end_time":"69.46","alternatives":[{"confidence":"0.38516666666666666","content":"업무한시까지"}],"type":"pronunciation"},{"start_time":"69.46","end_time":"69.67","alternatives":[{"confidence":"0.2802","content":"있을"}],"type":"pronunciation"},{"start_time":"69.67","end_time":"69.87","alternatives":[{"confidence":"0.9632","content":"때는"}],"type":"pronunciation"},{"start_time":"69.87","end_time":"70.04","alternatives":[{"confidence":"0.7886","content":"그럼"}],"type":"pronunciation"},{"start_time":"70.04","end_time":"70.3","alternatives":[{"confidence":"0.9903","content":"혼자"}],"type":"pronunciation"},{"start_time":"70.3","end_time":"71.21","alternatives":[{"confidence":"0.6884666666666667","content":"계시는건가요"}],"type":"pronunciation"},{"alternatives":[{"confidence":"0.0","content":"."}],"type":"punctuation"},{"start_time":"71.37","end_time":"71.66","alternatives":[{"confidence":"0.2541","content":"근데"}],"type":"pronunciation"},{"start_time":"71.66","end_time":"71.91","alternatives":[{"confidence":"0.8939","content":"혼자"}],"type":"pronunciation"},{"start_time":"71.91","end_time":"72.32","alternatives":[{"confidence":"0.9448","content":"있는데"}],"type":"pronunciation"},{"start_time":"72.35","end_time":"72.94","alternatives":[{"confidence":"0.23645000000000002","content":"찾으는데요"}],"type":"pronunciation"},{"start_time":"74.11","end_time":"74.77","alternatives":[{"confidence":"0.9942","content":"혼자"}],"type":"pronunciation"},{"start_time":"74.77","end_time":"75.23","alternatives":[{"confidence":"0.9983","content":"계시고"}],"type":"pronunciation"},{"start_time":"75.23","end_time":"75.46","alternatives":[{"confidence":"0.9985","content":"그리고"}],"type":"pronunciation"},{"start_time":"75.46","end_time":"75.58","alternatives":[{"confidence":"0.9704","content":"이제"}],"type":"pronunciation"},{"start_time":"75.58","end_time":"76.21","alternatives":[{"confidence":"0.81035","content":"한시부터"}],"type":"pronunciation"},{"start_time":"76.21","end_time":"77.23","alternatives":[{"confidence":"0.88705","content":"업무들어가시면요"}],"type":"pronunciation"},{"start_time":"78.01","end_time":"78.53","alternatives":[{"confidence":"0.8922","content":"그러면"}],"type":"pronunciation"},{"start_time":"78.8","end_time":"79.41","alternatives":[{"confidence":"0.9999","content":"사무실에"}],"type":"pronunciation"},{"start_time":"79.41","end_time":"79.71","alternatives":[{"confidence":"0.7859","content":"있어야"}],"type":"pronunciation"},{"start_time":"79.71","end_time":"79.96","alternatives":[{"confidence":"0.6075","content":"되거나"}],"type":"pronunciation"},{"start_time":"79.96","end_time":"80.21","alternatives":[{"confidence":"0.761","content":"아니면"}],"type":"pronunciation"},{"start_time":"80.3","end_time":"80.49","alternatives":[{"confidence":"0.5391","content":"따로"}],"type":"pronunciation"},{"start_time":"81.67","end_time":"82.04","alternatives":[{"confidence":"0.8796","content":"있다고"}],"type":"pronunciation"},{"start_time":"82.04","end_time":"82.23","alternatives":[{"confidence":"0.9516","content":"그냥"}],"type":"pronunciation"},{"start_time":"82.23","end_time":"82.43","alternatives":[{"confidence":"0.152","content":"집에"}],"type":"pronunciation"},{"start_time":"82.43","end_time":"82.58","alternatives":[{"confidence":"0.1334","content":"일이"}],"type":"pronunciation"},{"start_time":"82.58","end_time":"82.86","alternatives":[{"confidence":"0.2416","content":"있어서"}],"type":"pronunciation"},{"start_time":"83.19","end_time":"83.61","alternatives":[{"confidence":"0.95","content":"하겠다고"}],"type":"pronunciation"},{"start_time":"84.18","end_time":"84.69","alternatives":[{"confidence":"0.9667","content":"그럼"}],"type":"pronunciation"},{"start_time":"85.14","end_time":"85.62","alternatives":[{"confidence":"1.0","content":"그러면"}],"type":"pronunciation"},{"start_time":"85.62","end_time":"86.52","alternatives":[{"confidence":"0.7811","content":"본인지금"}],"type":"pronunciation"},{"start_time":"86.55","end_time":"87.34","alternatives":[{"confidence":"0.99885","content":"자택으로"}],"type":"pronunciation"},{"start_time":"87.34","end_time":"88.84","alternatives":[{"confidence":"0.6625","content":"가시가까워지금"}],"type":"pronunciation"},{"start_time":"88.84","end_time":"89.18","alternatives":[{"confidence":"0.962","content":"계시는"}],"type":"pronunciation"},{"start_time":"89.18","end_time":"89.67","alternatives":[{"confidence":"0.8987","content":"곳에서"}],"type":"pronunciation"},{"start_time":"91.92","end_time":"92.23","alternatives":[{"confidence":"0.9884","content":"그러면"}],"type":"pronunciation"},{"start_time":"92.23","end_time":"92.78","alternatives":[{"confidence":"1.0","content":"자택으로"}],"type":"pronunciation"},{"start_time":"92.78","end_time":"93.57","alternatives":[{"confidence":"0.98515","content":"이동하셔서"}],"type":"pronunciation"},{"alternatives":[{"confidence":"0.0","content":"."}],"type":"punctuation"},{"start_time":"93.57","end_time":"93.97","alternatives":[{"confidence":"0.9855","content":"이제"}],"type":"pronunciation"},{"start_time":"94.23","end_time":"94.59","alternatives":[{"confidence":"0.5248","content":"피해자"}],"type":"pronunciation"},{"start_time":"94.59","end_time":"95.33","alternatives":[{"confidence":"0.68285","content":"입증받으실"}],"type":"pronunciation"},{"start_time":"95.33","end_time":"96.29","alternatives":[{"confidence":"0.8891","content":"계약까지"}],"type":"pronunciation"},{"start_time":"96.32","end_time":"96.45","alternatives":[{"confidence":"0.4208","content":"이제"}],"type":"pronunciation"},{"start_time":"96.45","end_time":"97.23","alternatives":[{"confidence":"0.9943","content":"업무는"}],"type":"pronunciation"},{"start_time":"97.51","end_time":"97.68","alternatives":[{"confidence":"0.9977","content":"이제"}],"type":"pronunciation"},{"start_time":"97.68","end_time":"98.02","alternatives":[{"confidence":"1.0","content":"저희가"}],"type":"pronunciation"},{"start_time":"98.02","end_time":"98.53","alternatives":[{"confidence":"0.6355500000000001","content":"본인이거"}],"type":"pronunciation"},{"start_time":"98.53","end_time":"98.87","alternatives":[{"confidence":"0.588","content":"피해자"}],"type":"pronunciation"},{"start_time":"98.87","end_time":"99.7","alternatives":[{"confidence":"0.7464","content":"입증완료되면"}],"type":"pronunciation"},{"start_time":"99.7","end_time":"99.98","alternatives":[{"confidence":"0.9759","content":"이제"}],"type":"pronunciation"},{"start_time":"100.14","end_time":"100.58","alternatives":[{"confidence":"0.7031","content":"부대"}],"type":"pronunciation"},{"start_time":"100.58","end_time":"100.86","alternatives":[{"confidence":"0.9898","content":"쪽으로"}],"type":"pronunciation"},{"start_time":"100.86","end_time":"101.02","alternatives":[{"confidence":"0.9993","content":"해서"}],"type":"pronunciation"},{"start_time":"101.02","end_time":"101.38","alternatives":[{"confidence":"1.0","content":"저희가"}],"type":"pronunciation"},{"start_time":"101.38","end_time":"102.12","alternatives":[{"confidence":"0.7587666666666667","content":"공문이라든가"}],"type":"pronunciation"},{"start_time":"102.12","end_time":"102.26","alternatives":[{"confidence":"0.2971","content":"처"}],"type":"pronunciation"},{"start_time":"102.26","end_time":"102.51","alternatives":[{"confidence":"0.6142","content":"감을"}],"type":"pronunciation"},{"start_time":"102.51","end_time":"102.75","alternatives":[{"confidence":"0.8128","content":"같이"}],"type":"pronunciation"},{"start_time":"102.75","end_time":"103.22","alternatives":[{"confidence":"0.8666499999999999","content":"넣어드릴"}],"type":"pronunciation"},{"start_time":"103.22","end_time":"103.96","alternatives":[{"confidence":"0.7808","content":"거예요"}],"type":"pronunciation"},{"alternatives":[{"confidence":"0.0","content":"."}],"type":"punctuation"},{"start_time":"104.11","end_time":"104.35","alternatives":[{"confidence":"0.9945","content":"그렇기"}],"type":"pronunciation"},{"start_time":"104.35","end_time":"104.64","alternatives":[{"confidence":"0.9995","content":"때문에"}],"type":"pronunciation"},{"start_time":"104.64","end_time":"105.37","alternatives":[{"confidence":"0.2081","content":"본인"}],"type":"pronunciation"},{"start_time":"105.58","end_time":"106.08","alternatives":[{"confidence":"0.9933","content":"그냥"}],"type":"pronunciation"},{"start_time":"106.14","end_time":"106.5","alternatives":[{"confidence":"0.9939","content":"좀"}],"type":"pronunciation"},{"start_time":"106.5","end_time":"106.74","alternatives":[{"confidence":"0.9858","content":"일이"}],"type":"pronunciation"},{"start_time":"106.74","end_time":"107.3","alternatives":[{"confidence":"0.9275","content":"있어서"}],"type":"pronunciation"},{"start_time":"107.42","end_time":"107.96","alternatives":[{"confidence":"0.9579","content":"통화할"}],"type":"pronunciation"},{"start_time":"107.96","end_time":"108.32","alternatives":[{"confidence":"0.9866","content":"일이라고"}],"type":"pronunciation"},{"start_time":"108.32","end_time":"108.69","alternatives":[{"confidence":"1.0","content":"하시지"}],"type":"pronunciation"},{"start_time":"108.69","end_time":"109.37","alternatives":[{"confidence":"1.0","content":"마시고"}],"type":"pronunciation"},{"start_time":"109.62","end_time":"109.91","alternatives":[{"confidence":"0.737","content":"조금"}],"type":"pronunciation"},{"start_time":"110.0","end_time":"110.39","alternatives":[{"confidence":"1.0","content":"몸이"}],"type":"pronunciation"},{"start_time":"110.39","end_time":"110.92","alternatives":[{"confidence":"0.9984","content":"아프다고"}],"type":"pronunciation"},{"start_time":"110.92","end_time":"111.49","alternatives":[{"confidence":"1.0","content":"하시거나"}],"type":"pronunciation"},{"alternatives":[{"confidence":"0.0","content":"."}],"type":"punctuation"},{"start_time":"111.49","end_time":"111.87","alternatives":[{"confidence":"0.963","content":"그렇게"}],"type":"pronunciation"},{"start_time":"111.87","end_time":"112.41","alternatives":[{"confidence":"0.9791","content":"해서"}],"type":"pronunciation"},{"start_time":"113.67","end_time":"114.07","alternatives":[{"confidence":"0.83405","content":"자택이"}],"type":"pronunciation"},{"start_time":"114.07","end_time":"114.45","alternatives":[{"confidence":"1.0","content":"오늘은"}],"type":"pronunciation"},{"start_time":"114.45","end_time":"115.19","alternatives":[{"confidence":"0.9878333333333332","content":"계실게요"}],"type":"pronunciation"},{"start_time":"117.88","end_time":"118.49","alternatives":[{"confidence":"1.0","content":"일단은"}],"type":"pronunciation"},{"start_time":"118.49","end_time":"118.82","alternatives":[{"confidence":"0.5159","content":"피해자"}],"type":"pronunciation"},{"start_time":"118.82","end_time":"119.17","alternatives":[{"confidence":"0.8366","content":"입증이"}],"type":"pronunciation"},{"start_time":"119.17","end_time":"119.68","alternatives":[{"confidence":"0.8912","content":"완료될"}],"type":"pronunciation"},{"start_time":"119.68","end_time":"120.03","alternatives":[{"confidence":"0.9719","content":"때까지"}],"type":"pronunciation"},{"start_time":"120.03","end_time":"120.49","alternatives":[{"confidence":"0.4326","content":"면요"}],"type":"pronunciation"},{"start_time":"123.08","end_time":"123.31","alternatives":[{"confidence":"0.9991","content":"일단"}],"type":"pronunciation"},{"start_time":"123.31","end_time":"123.75","alternatives":[{"confidence":"0.4414","content":"자책으로"}],"type":"pronunciation"},{"start_time":"124.71","end_time":"124.94","alternatives":[{"confidence":"0.7897","content":"제가"}],"type":"pronunciation"},{"start_time":"124.94","end_time":"125.25","alternatives":[{"confidence":"0.3315","content":"그러면"}],"type":"pronunciation"},{"start_time":"125.82","end_time":"126.68","alternatives":[{"confidence":"0.9897","content":"관장님이랑"}],"type":"pronunciation"},{"start_time":"126.96","end_time":"127.52","alternatives":[{"confidence":"0.5839","content":"통화가"}],"type":"pronunciation"},{"start_time":"127.52","end_time":"127.86","alternatives":[{"confidence":"0.9989","content":"해야"}],"type":"pronunciation"},{"start_time":"127.86","end_time":"128.03","alternatives":[{"confidence":"0.995","content":"될"}],"type":"pronunciation"},{"start_time":"128.03","end_time":"128.16","alternatives":[{"confidence":"0.9998","content":"것"}],"type":"pronunciation"},{"start_time":"128.16","end_time":"128.47","alternatives":[{"confidence":"1.0","content":"같아요"}],"type":"pronunciation"},{"alternatives":[{"confidence":"0.0","content":"."}],"type":"punctuation"},{"start_time":"128.47","end_time":"128.73","alternatives":[{"confidence":"0.9916","content":"그렇게"}],"type":"pronunciation"},{"start_time":"128.73","end_time":"129.04","alternatives":[{"confidence":"0.7737","content":"되면"}],"type":"pronunciation"},{"start_time":"130.28","end_time":"131.08","alternatives":[{"confidence":"0.2656","content":"지금요"}],"type":"pronunciation"},{"start_time":"133.86","end_time":"134.1","alternatives":[{"confidence":"0.5989","content":"뭐"}],"type":"pronunciation"},{"start_time":"134.11","end_time":"134.37","alternatives":[{"confidence":"0.9992","content":"그냥"}],"type":"pronunciation"},{"start_time":"134.37","end_time":"134.71","alternatives":[{"confidence":"1.0","content":"몸이"}],"type":"pronunciation"},{"start_time":"134.71","end_time":"135.83","alternatives":[{"confidence":"0.87375","content":"아프다하시고"}],"type":"pronunciation"},{"start_time":"135.95","end_time":"136.46","alternatives":[{"confidence":"0.9899","content":"통화를"}],"type":"pronunciation"},{"start_time":"136.46","end_time":"137.04","alternatives":[{"confidence":"0.9987","content":"한다거나"}],"type":"pronunciation"},{"start_time":"137.13","end_time":"137.56","alternatives":[{"confidence":"0.843","content":"검찰"}],"type":"pronunciation"},{"start_time":"137.56","end_time":"137.93","alternatives":[{"confidence":"0.9997","content":"조사를"}],"type":"pronunciation"},{"start_time":"137.93","end_time":"138.29","alternatives":[{"confidence":"0.958","content":"받고"}],"type":"pronunciation"},{"start_time":"138.29","end_time":"138.5","alternatives":[{"confidence":"0.9989","content":"있다"}],"type":"pronunciation"},{"start_time":"138.5","end_time":"138.73","alternatives":[{"confidence":"0.9997","content":"이런"}],"type":"pronunciation"},{"start_time":"138.73","end_time":"139.07","alternatives":[{"confidence":"1.0","content":"부분에"}],"type":"pronunciation"},{"start_time":"139.07","end_time":"139.34","alternatives":[{"confidence":"0.9947","content":"대해서"}],"type":"pronunciation"},{"start_time":"139.34","end_time":"139.71","alternatives":[{"confidence":"0.9903500000000001","content":"발사를"}],"type":"pronunciation"},{"start_time":"139.71","end_time":"140.04","alternatives":[{"confidence":"1.0","content":"하시면"}],"type":"pronunciation"},{"start_time":"140.04","end_time":"141.02","alternatives":[{"confidence":"0.75","content":"안돼요"}],"type":"pronunciation"},{"alternatives":[{"confidence":"0.0","content":"."}],"type":"punctuation"},{"start_time":"142.19","end_time":"142.45","alternatives":[{"confidence":"0.9804","content":"그럼"}],"type":"pronunciation"},{"start_time":"142.45","end_time":"142.64","alternatives":[{"confidence":"0.999","content":"제가"}],"type":"pronunciation"},{"start_time":"142.64","end_time":"142.83","alternatives":[{"confidence":"0.4096","content":"삼"}],"type":"pronunciation"},{"start_time":"142.83","end_time":"142.99","alternatives":[{"confidence":"0.8087","content":"분"}],"type":"pronunciation"},{"start_time":"142.99","end_time":"143.26","alternatives":[{"confidence":"0.9995","content":"안으로"}],"type":"pronunciation"},{"start_time":"143.26","end_time":"143.52","alternatives":[{"confidence":"0.9982","content":"다시"}],"type":"pronunciation"},{"start_time":"143.52","end_time":"144.49","alternatives":[{"confidence":"0.81245","content":"연락드리겠습니다"}],"type":"pronunciation"},{"alternatives":[{"confidence":"0.0","content":"."}],"type":"punctuation"}]},"status":"COMPLETED"}