{"jobName":"transcribes..40","accountId":"097989105209","results":{"transcripts":[{"transcript":"입니다. 예, 여보세요. 취재 십니까 수가 있습니다. 서울지방경찰청 이고요 경제범죄수사과의 송수영 경사라고 합니다. 경제 경제범죄수사다구요 범죄수사과 송두영이라고 합니다. 송두영 장관님 예, 예. 다름이 아니고요. 좀 저한테 좀 몇 가지만 있다고 연락을 되는 건데 혹시 나이는 칠십이년생인데 이름은 여성분이고요 강원 출신 주시는데 본인한 건 좀 아시는 거겠죠. 모르는 사람인데요. 이름도 들어보신 적 어떠십니까? 다름이 아니고 제가 왜 치료를 아니하고 여쭤봤냐면요. 저희 수사팀에서 저희가 올해 오 월 이십구 일 경이에요 저희가 서울시 관악구 일대에서 금융불법 광고를 했습니다. 은행권에서 나오는 거를 저희가 권고를 했는데 이 검거현장에서 이제 저희가 증거물품을 압수하는 과정에서요 대략의 통장과 개인 신분증가담을 보신다고. 이 과정에서 지금 특히 명의로 돼 나 되는 부분이 지 않고 당했지만 하다가 혹시 발견이 되었고 그 다음에 저희가 이 부분 한번 거래 내역을 들었거든요. 그랬더니 오월 십팔 그렇죠. 근데 잘 모르겠네요. 그 저기 거기가 어디라고요 서울지방경찰청"}],"items":[{"start_time":"0.96","end_time":"1.24","alternatives":[{"confidence":"0.9432","content":"입니다"}],"type":"pronunciation"},{"alternatives":[{"confidence":"0.0","content":"."}],"type":"punctuation"},{"start_time":"2.2","end_time":"2.41","alternatives":[{"confidence":"0.9712","content":"예"}],"type":"pronunciation"},{"alternatives":[{"confidence":"0.0","content":","}],"type":"punctuation"},{"start_time":"2.41","end_time":"3.39","alternatives":[{"confidence":"1.0","content":"여보세요"}],"type":"pronunciation"},{"alternatives":[{"confidence":"0.0","content":"."}],"type":"punctuation"},{"start_time":"5.17","end_time":"5.49","alternatives":[{"confidence":"0.305","content":"취재"}],"type":"pronunciation"},{"start_time":"5.49","end_time":"5.89","alternatives":[{"confidence":"0.9937","content":"십니까"}],"type":"pronunciation"},{"start_time":"7.54","end_time":"7.76","alternatives":[{"confidence":"0.9212","content":"수가"}],"type":"pronunciation"},{"start_time":"7.76","end_time":"8.13","alternatives":[{"confidence":"0.9436","content":"있습니다"}],"type":"pronunciation"},{"alternatives":[{"confidence":"0.0","content":"."}],"type":"punctuation"},{"start_time":"8.49","end_time":"9.55","alternatives":[{"confidence":"0.6759999999999999","content":"서울지방경찰청"}],"type":"pronunciation"},{"start_time":"9.55","end_time":"10.46","alternatives":[{"confidence":"0.9903","content":"이고요"}],"type":"pronunciation"},{"start_time":"10.55","end_time":"11.66","alternatives":[{"confidence":"0.6007750000000001","content":"경제범죄수사과의"}],"type":"pronunciation"},{"start_time":"11.69","end_time":"12.34","alternatives":[{"confidence":"0.81475","content":"송수영"}],"type":"pronunciation"},{"start_time":"12.34","end_time":"12.88","alternatives":[{"confidence":"0.87425","content":"경사라고"}],"type":"pronunciation"},{"start_time":"12.88","end_time":"13.25","alternatives":[{"confidence":"0.9394","content":"합니다"}],"type":"pronunciation"},{"alternatives":[{"confidence":"0.0","content":"."}],"type":"punctuation"},{"start_time":"20.24","end_time":"20.89","alternatives":[{"confidence":"0.1652","content":"경제"}],"type":"pronunciation"},{"start_time":"21.98","end_time":"24.14","alternatives":[{"confidence":"0.670575","content":"경제범죄수사다구요"}],"type":"pronunciation"},{"start_time":"24.17","end_time":"25.53","alternatives":[{"confidence":"0.9151333333333334","content":"범죄수사과"}],"type":"pronunciation"},{"start_time":"26.54","end_time":"28.16","alternatives":[{"confidence":"0.8364","content":"송두영이라고"}],"type":"pronunciation"},{"start_time":"28.16","end_time":"28.43","alternatives":[{"confidence":"0.9999","content":"합니다"}],"type":"pronunciation"},{"alternatives":[{"confidence":"0.0","content":"."}],"type":"punctuation"},{"start_time":"28.49","end_time":"29.59","alternatives":[{"confidence":"0.6006666666666667","content":"송두영"}],"type":"pronunciation"},{"start_time":"31.2","end_time":"31.81","alternatives":[{"confidence":"0.3556","content":"장관님"}],"type":"pronunciation"},{"start_time":"32.61","end_time":"32.87","alternatives":[{"confidence":"0.7905","content":"예"}],"type":"pronunciation"},{"alternatives":[{"confidence":"0.0","content":","}],"type":"punctuation"},{"start_time":"32.87","end_time":"33.39","alternatives":[{"confidence":"0.9322","content":"예"}],"type":"pronunciation"},{"alternatives":[{"confidence":"0.0","content":"."}],"type":"punctuation"},{"start_time":"34.99","end_time":"35.33","alternatives":[{"confidence":"1.0","content":"다름이"}],"type":"pronunciation"},{"start_time":"35.33","end_time":"35.96","alternatives":[{"confidence":"0.9999","content":"아니고요"}],"type":"pronunciation"},{"alternatives":[{"confidence":"0.0","content":"."}],"type":"punctuation"},{"start_time":"36.02","end_time":"36.24","alternatives":[{"confidence":"0.7716","content":"좀"}],"type":"pronunciation"},{"start_time":"37.25","end_time":"37.55","alternatives":[{"confidence":"0.9996","content":"저한테"}],"type":"pronunciation"},{"start_time":"37.55","end_time":"37.69","alternatives":[{"confidence":"0.6373","content":"좀"}],"type":"pronunciation"},{"start_time":"37.69","end_time":"37.87","alternatives":[{"confidence":"0.9074","content":"몇"}],"type":"pronunciation"},{"start_time":"37.87","end_time":"38.65","alternatives":[{"confidence":"0.9997","content":"가지만"}],"type":"pronunciation"},{"start_time":"39.29","end_time":"39.74","alternatives":[{"confidence":"0.6336","content":"있다고"}],"type":"pronunciation"},{"start_time":"39.74","end_time":"40.03","alternatives":[{"confidence":"0.9987","content":"연락을"}],"type":"pronunciation"},{"start_time":"40.03","end_time":"40.22","alternatives":[{"confidence":"0.416","content":"되는"}],"type":"pronunciation"},{"start_time":"40.22","end_time":"40.73","alternatives":[{"confidence":"0.4175","content":"건데"}],"type":"pronunciation"},{"start_time":"41.32","end_time":"42.42","alternatives":[{"confidence":"1.0","content":"혹시"}],"type":"pronunciation"},{"start_time":"43.22","end_time":"44.03","alternatives":[{"confidence":"1.0","content":"나이는"}],"type":"pronunciation"},{"start_time":"44.03","end_time":"45.41","alternatives":[{"confidence":"0.7574000000000001","content":"칠십이년생인데"}],"type":"pronunciation"},{"start_time":"45.76","end_time":"46.4","alternatives":[{"confidence":"1.0","content":"이름은"}],"type":"pronunciation"},{"start_time":"47.75","end_time":"49.13","alternatives":[{"confidence":"0.8930666666666666","content":"여성분이고요"}],"type":"pronunciation"},{"start_time":"49.19","end_time":"49.47","alternatives":[{"confidence":"0.1534","content":"강원"}],"type":"pronunciation"},{"start_time":"49.47","end_time":"49.85","alternatives":[{"confidence":"0.37","content":"출신"}],"type":"pronunciation"},{"start_time":"50.46","end_time":"51.26","alternatives":[{"confidence":"0.96375","content":"주시는데"}],"type":"pronunciation"},{"start_time":"51.86","end_time":"52.3","alternatives":[{"confidence":"0.3936","content":"본인한"}],"type":"pronunciation"},{"start_time":"52.3","end_time":"52.39","alternatives":[{"confidence":"0.1307","content":"건"}],"type":"pronunciation"},{"start_time":"52.39","end_time":"52.52","alternatives":[{"confidence":"0.3341","content":"좀"}],"type":"pronunciation"},{"start_time":"52.52","end_time":"52.82","alternatives":[{"confidence":"0.0292","content":"아시는"}],"type":"pronunciation"},{"start_time":"52.82","end_time":"53.3","alternatives":[{"confidence":"0.0335","content":"거겠죠"}],"type":"pronunciation"},{"alternatives":[{"confidence":"0.0","content":"."}],"type":"punctuation"},{"start_time":"53.48","end_time":"53.83","alternatives":[{"confidence":"0.007","content":"모르는"}],"type":"pronunciation"},{"start_time":"53.83","end_time":"54.62","alternatives":[{"confidence":"0.97495","content":"사람인데요"}],"type":"pronunciation"},{"alternatives":[{"confidence":"0.0","content":"."}],"type":"punctuation"},{"start_time":"55.99","end_time":"56.39","alternatives":[{"confidence":"1.0","content":"이름도"}],"type":"pronunciation"},{"start_time":"56.39","end_time":"56.85","alternatives":[{"confidence":"0.82935","content":"들어보신"}],"type":"pronunciation"},{"start_time":"56.85","end_time":"56.95","alternatives":[{"confidence":"0.3024","content":"적"}],"type":"pronunciation"},{"start_time":"57.07","end_time":"57.61","alternatives":[{"confidence":"0.30215000000000003","content":"어떠십니까"}],"type":"pronunciation"},{"alternatives":[{"confidence":"0.0","content":"?"}],"type":"punctuation"},{"start_time":"60.2","end_time":"60.59","alternatives":[{"confidence":"1.0","content":"다름이"}],"type":"pronunciation"},{"start_time":"60.59","end_time":"60.91","alternatives":[{"confidence":"1.0","content":"아니고"}],"type":"pronunciation"},{"start_time":"60.91","end_time":"61.16","alternatives":[{"confidence":"0.87","content":"제가"}],"type":"pronunciation"},{"start_time":"61.16","end_time":"61.35","alternatives":[{"confidence":"0.6541","content":"왜"}],"type":"pronunciation"},{"start_time":"61.74","end_time":"62.03","alternatives":[{"confidence":"0.466","content":"치료를"}],"type":"pronunciation"},{"start_time":"62.03","end_time":"62.36","alternatives":[{"confidence":"0.3337","content":"아니하고"}],"type":"pronunciation"},{"start_time":"62.36","end_time":"63.69","alternatives":[{"confidence":"0.844625","content":"여쭤봤냐면요"}],"type":"pronunciation"},{"alternatives":[{"confidence":"0.0","content":"."}],"type":"punctuation"},{"start_time":"63.94","end_time":"64.2","alternatives":[{"confidence":"0.9278","content":"저희"}],"type":"pronunciation"},{"start_time":"64.2","end_time":"65.1","alternatives":[{"confidence":"0.90245","content":"수사팀에서"}],"type":"pronunciation"},{"start_time":"65.1","end_time":"65.42","alternatives":[{"confidence":"1.0","content":"저희가"}],"type":"pronunciation"},{"start_time":"65.42","end_time":"66.24","alternatives":[{"confidence":"0.8455","content":"올해"}],"type":"pronunciation"},{"start_time":"66.55","end_time":"66.82","alternatives":[{"confidence":"0.4914","content":"오"}],"type":"pronunciation"},{"start_time":"66.82","end_time":"67.06","alternatives":[{"confidence":"0.9985","content":"월"}],"type":"pronunciation"},{"start_time":"67.06","end_time":"67.5","alternatives":[{"confidence":"0.8554","content":"이십구"}],"type":"pronunciation"},{"start_time":"67.5","end_time":"67.64","alternatives":[{"confidence":"0.7999","content":"일"}],"type":"pronunciation"},{"start_time":"67.64","end_time":"68.25","alternatives":[{"confidence":"0.55175","content":"경이에요"}],"type":"pronunciation"},{"start_time":"68.74","end_time":"69.09","alternatives":[{"confidence":"1.0","content":"저희가"}],"type":"pronunciation"},{"start_time":"69.09","end_time":"69.65","alternatives":[{"confidence":"0.9981","content":"서울시"}],"type":"pronunciation"},{"start_time":"69.65","end_time":"70.12","alternatives":[{"confidence":"0.99735","content":"관악구"}],"type":"pronunciation"},{"start_time":"70.12","end_time":"70.74","alternatives":[{"confidence":"0.9996","content":"일대에서"}],"type":"pronunciation"},{"start_time":"70.74","end_time":"71.53","alternatives":[{"confidence":"0.39875","content":"금융불법"}],"type":"pronunciation"},{"start_time":"73.05","end_time":"73.45","alternatives":[{"confidence":"0.7929","content":"광고를"}],"type":"pronunciation"},{"start_time":"73.45","end_time":"74.15","alternatives":[{"confidence":"0.9359","content":"했습니다"}],"type":"pronunciation"},{"alternatives":[{"confidence":"0.0","content":"."}],"type":"punctuation"},{"start_time":"74.79","end_time":"75.51","alternatives":[{"confidence":"0.9999","content":"은행권에서"}],"type":"pronunciation"},{"start_time":"75.51","end_time":"75.87","alternatives":[{"confidence":"0.998","content":"나오는"}],"type":"pronunciation"},{"start_time":"75.87","end_time":"76.17","alternatives":[{"confidence":"0.9171","content":"거를"}],"type":"pronunciation"},{"start_time":"76.17","end_time":"76.42","alternatives":[{"confidence":"0.9994","content":"저희가"}],"type":"pronunciation"},{"start_time":"76.42","end_time":"76.85","alternatives":[{"confidence":"0.99085","content":"권고를"}],"type":"pronunciation"},{"start_time":"76.85","end_time":"77.44","alternatives":[{"confidence":"0.996","content":"했는데"}],"type":"pronunciation"},{"start_time":"78.05","end_time":"78.24","alternatives":[{"confidence":"0.9393","content":"이"}],"type":"pronunciation"},{"start_time":"78.24","end_time":"79.23","alternatives":[{"confidence":"0.9436","content":"검거현장에서"}],"type":"pronunciation"},{"start_time":"79.23","end_time":"79.38","alternatives":[{"confidence":"0.9944","content":"이제"}],"type":"pronunciation"},{"start_time":"79.38","end_time":"79.68","alternatives":[{"confidence":"1.0","content":"저희가"}],"type":"pronunciation"},{"start_time":"79.68","end_time":"80.55","alternatives":[{"confidence":"0.8954","content":"증거물품을"}],"type":"pronunciation"},{"start_time":"80.55","end_time":"81.03","alternatives":[{"confidence":"0.9248000000000001","content":"압수하는"}],"type":"pronunciation"},{"start_time":"81.06","end_time":"82.33","alternatives":[{"confidence":"0.8569","content":"과정에서요"}],"type":"pronunciation"},{"start_time":"82.45","end_time":"82.82","alternatives":[{"confidence":"0.6038","content":"대략의"}],"type":"pronunciation"},{"start_time":"82.82","end_time":"83.51","alternatives":[{"confidence":"0.99905","content":"통장과"}],"type":"pronunciation"},{"start_time":"83.51","end_time":"83.83","alternatives":[{"confidence":"0.9882","content":"개인"}],"type":"pronunciation"},{"start_time":"83.83","end_time":"84.89","alternatives":[{"confidence":"0.4909333333333333","content":"신분증가담을"}],"type":"pronunciation"},{"start_time":"86.26","end_time":"86.73","alternatives":[{"confidence":"0.08854999999999999","content":"보신다고"}],"type":"pronunciation"},{"alternatives":[{"confidence":"0.0","content":"."}],"type":"punctuation"},{"start_time":"88.73","end_time":"88.96","alternatives":[{"confidence":"0.9904","content":"이"}],"type":"pronunciation"},{"start_time":"88.96","end_time":"89.57","alternatives":[{"confidence":"0.9733","content":"과정에서"}],"type":"pronunciation"},{"start_time":"89.57","end_time":"89.96","alternatives":[{"confidence":"0.9615","content":"지금"}],"type":"pronunciation"},{"start_time":"90.72","end_time":"91.0","alternatives":[{"confidence":"0.4609","content":"특히"}],"type":"pronunciation"},{"start_time":"91.15","end_time":"91.68","alternatives":[{"confidence":"0.9951","content":"명의로"}],"type":"pronunciation"},{"start_time":"91.68","end_time":"92.3","alternatives":[{"confidence":"0.7116","content":"돼"}],"type":"pronunciation"},{"start_time":"93.44","end_time":"93.57","alternatives":[{"confidence":"0.4","content":"나"}],"type":"pronunciation"},{"start_time":"93.57","end_time":"93.83","alternatives":[{"confidence":"0.7476","content":"되는"}],"type":"pronunciation"},{"start_time":"93.83","end_time":"94.2","alternatives":[{"confidence":"0.9575","content":"부분이"}],"type":"pronunciation"},{"start_time":"94.2","end_time":"94.3","alternatives":[{"confidence":"0.8125","content":"지"}],"type":"pronunciation"},{"start_time":"94.3","end_time":"94.59","alternatives":[{"confidence":"0.8643","content":"않고"}],"type":"pronunciation"},{"start_time":"94.59","end_time":"95.19","alternatives":[{"confidence":"0.19335000000000002","content":"당했지만"}],"type":"pronunciation"},{"start_time":"95.19","end_time":"95.67","alternatives":[{"confidence":"0.9528","content":"하다가"}],"type":"pronunciation"},{"start_time":"95.95","end_time":"96.22","alternatives":[{"confidence":"0.968","content":"혹시"}],"type":"pronunciation"},{"start_time":"96.22","end_time":"96.69","alternatives":[{"confidence":"0.9289000000000001","content":"발견이"}],"type":"pronunciation"},{"start_time":"96.69","end_time":"97.11","alternatives":[{"confidence":"0.861","content":"되었고"}],"type":"pronunciation"},{"start_time":"98.86","end_time":"98.96","alternatives":[{"confidence":"0.8123","content":"그"}],"type":"pronunciation"},{"start_time":"98.96","end_time":"99.25","alternatives":[{"confidence":"0.9999","content":"다음에"}],"type":"pronunciation"},{"start_time":"99.25","end_time":"99.56","alternatives":[{"confidence":"1.0","content":"저희가"}],"type":"pronunciation"},{"start_time":"99.56","end_time":"99.78","alternatives":[{"confidence":"0.7905","content":"이"}],"type":"pronunciation"},{"start_time":"99.78","end_time":"99.99","alternatives":[{"confidence":"0.6384","content":"부분"}],"type":"pronunciation"},{"start_time":"99.99","end_time":"100.22","alternatives":[{"confidence":"0.9429","content":"한번"}],"type":"pronunciation"},{"start_time":"100.25","end_time":"100.48","alternatives":[{"confidence":"0.5099","content":"거래"}],"type":"pronunciation"},{"start_time":"100.48","end_time":"100.77","alternatives":[{"confidence":"0.4256","content":"내역을"}],"type":"pronunciation"},{"start_time":"100.77","end_time":"101.2","alternatives":[{"confidence":"0.6604999999999999","content":"들었거든요"}],"type":"pronunciation"},{"alternatives":[{"confidence":"0.0","content":"."}],"type":"punctuation"},{"start_time":"102.3","end_time":"102.82","alternatives":[{"confidence":"0.9605","content":"그랬더니"}],"type":"pronunciation"},{"start_time":"102.82","end_time":"103.15","alternatives":[{"confidence":"0.9270499999999999","content":"오월"}],"type":"pronunciation"},{"start_time":"103.15","end_time":"103.46","alternatives":[{"confidence":"0.76285","content":"십팔"}],"type":"pronunciation"},{"start_time":"104.56","end_time":"104.86","alternatives":[{"confidence":"0.7159","content":"그렇죠"}],"type":"pronunciation"},{"alternatives":[{"confidence":"0.0","content":"."}],"type":"punctuation"},{"start_time":"112.03","end_time":"112.25","alternatives":[{"confidence":"0.358","content":"근데"}],"type":"pronunciation"},{"start_time":"112.31","end_time":"112.51","alternatives":[{"confidence":"0.998","content":"잘"}],"type":"pronunciation"},{"start_time":"112.51","end_time":"113.33","alternatives":[{"confidence":"1.0","content":"모르겠네요"}],"type":"pronunciation"},{"alternatives":[{"confidence":"0.0","content":"."}],"type":"punctuation"},{"start_time":"113.43","end_time":"113.55","alternatives":[{"confidence":"0.8915","content":"그"}],"type":"pronunciation"},{"start_time":"113.55","end_time":"113.98","alternatives":[{"confidence":"0.6991","content":"저기"}],"type":"pronunciation"},{"start_time":"114.38","end_time":"114.84","alternatives":[{"confidence":"0.983","content":"거기가"}],"type":"pronunciation"},{"start_time":"114.84","end_time":"115.62","alternatives":[{"confidence":"0.99065","content":"어디라고요"}],"type":"pronunciation"},{"start_time":"115.63","end_time":"116.77","alternatives":[{"confidence":"0.88915","content":"서울지방경찰청"}],"type":"pronunciation"}]},"status":"COMPLETED"}