{"jobName":"transcribes171","accountId":"097989105209","results":{"transcripts":[{"transcript":"네? 뭐라고요? 본인 명의들 사건 관련해 가지고 몇 가지 확인차 연락을 드렸어요 본인마세요 본인받고 그 간단하게 몇 가지만 여쭤봐도 될까요? 그리고 본인께서 혹시 김희철 이라는 사람 알고 계신가요? 누구? 김희철 이요? 전혀 모르시는 분인가요 이 사람이 삼십팔 세 남성 이고 전직 농협직원 이었거든요 들어본 적 이나 그런 거 없어요 일단 알겠습니다 서울, 서울 지금 상황이죠 이정수사관입니다 서울지방어디세요 첨단범죄수사 이 부 입니다 첨단범죄수사 이 경우 이 정수사장이라고 하지 않았네요 뭐라고요? 이 정수장이라고 하잖아요 이경호입니다 이경호입니다"}],"items":[{"start_time":"0.3","end_time":"0.39","alternatives":[{"confidence":"0.4685","content":"네"}],"type":"pronunciation"},{"alternatives":[{"confidence":"0.0","content":"?"}],"type":"punctuation"},{"start_time":"0.39","end_time":"0.73","alternatives":[{"confidence":"0.925","content":"뭐라고요"}],"type":"pronunciation"},{"alternatives":[{"confidence":"0.0","content":"?"}],"type":"punctuation"},{"start_time":"2.02","end_time":"2.43","alternatives":[{"confidence":"0.9591","content":"본인"}],"type":"pronunciation"},{"start_time":"2.43","end_time":"2.88","alternatives":[{"confidence":"0.56995","content":"명의들"}],"type":"pronunciation"},{"start_time":"2.88","end_time":"3.13","alternatives":[{"confidence":"0.9741","content":"사건"}],"type":"pronunciation"},{"start_time":"3.13","end_time":"3.44","alternatives":[{"confidence":"0.7308","content":"관련해"}],"type":"pronunciation"},{"start_time":"3.44","end_time":"3.7","alternatives":[{"confidence":"0.9609","content":"가지고"}],"type":"pronunciation"},{"start_time":"3.7","end_time":"3.84","alternatives":[{"confidence":"0.9826","content":"몇"}],"type":"pronunciation"},{"start_time":"3.84","end_time":"4.02","alternatives":[{"confidence":"0.9773","content":"가지"}],"type":"pronunciation"},{"start_time":"4.02","end_time":"4.42","alternatives":[{"confidence":"0.9904999999999999","content":"확인차"}],"type":"pronunciation"},{"start_time":"4.42","end_time":"4.72","alternatives":[{"confidence":"1.0","content":"연락을"}],"type":"pronunciation"},{"start_time":"4.72","end_time":"5.64","alternatives":[{"confidence":"0.9450000000000001","content":"드렸어요"}],"type":"pronunciation"},{"start_time":"8.5","end_time":"9.61","alternatives":[{"confidence":"0.77415","content":"본인마세요"}],"type":"pronunciation"},{"start_time":"10.84","end_time":"11.48","alternatives":[{"confidence":"0.728","content":"본인받고"}],"type":"pronunciation"},{"start_time":"11.72","end_time":"11.86","alternatives":[{"confidence":"0.1931","content":"그"}],"type":"pronunciation"},{"start_time":"11.86","end_time":"12.29","alternatives":[{"confidence":"1.0","content":"간단하게"}],"type":"pronunciation"},{"start_time":"12.29","end_time":"12.43","alternatives":[{"confidence":"0.9911","content":"몇"}],"type":"pronunciation"},{"start_time":"12.43","end_time":"12.74","alternatives":[{"confidence":"1.0","content":"가지만"}],"type":"pronunciation"},{"start_time":"12.74","end_time":"13.01","alternatives":[{"confidence":"0.99925","content":"여쭤봐도"}],"type":"pronunciation"},{"start_time":"13.01","end_time":"13.84","alternatives":[{"confidence":"1.0","content":"될까요"}],"type":"pronunciation"},{"alternatives":[{"confidence":"0.0","content":"?"}],"type":"punctuation"},{"start_time":"15.01","end_time":"15.24","alternatives":[{"confidence":"0.9683","content":"그리고"}],"type":"pronunciation"},{"start_time":"15.27","end_time":"15.66","alternatives":[{"confidence":"0.9963","content":"본인께서"}],"type":"pronunciation"},{"start_time":"15.66","end_time":"15.84","alternatives":[{"confidence":"0.998","content":"혹시"}],"type":"pronunciation"},{"start_time":"15.84","end_time":"16.36","alternatives":[{"confidence":"0.9717","content":"김희철"}],"type":"pronunciation"},{"start_time":"16.36","end_time":"16.61","alternatives":[{"confidence":"0.9757","content":"이라는"}],"type":"pronunciation"},{"start_time":"16.61","end_time":"16.8","alternatives":[{"confidence":"0.7379","content":"사람"}],"type":"pronunciation"},{"start_time":"16.8","end_time":"16.99","alternatives":[{"confidence":"0.8922","content":"알고"}],"type":"pronunciation"},{"start_time":"16.99","end_time":"17.45","alternatives":[{"confidence":"0.9945","content":"계신가요"}],"type":"pronunciation"},{"alternatives":[{"confidence":"0.0","content":"?"}],"type":"punctuation"},{"start_time":"18.55","end_time":"18.77","alternatives":[{"confidence":"0.2366","content":"누구"}],"type":"pronunciation"},{"alternatives":[{"confidence":"0.0","content":"?"}],"type":"punctuation"},{"start_time":"20.0","end_time":"20.75","alternatives":[{"confidence":"0.9225","content":"김희철"}],"type":"pronunciation"},{"start_time":"20.75","end_time":"21.09","alternatives":[{"confidence":"1.0","content":"이요"}],"type":"pronunciation"},{"alternatives":[{"confidence":"0.0","content":"?"}],"type":"punctuation"},{"start_time":"23.91","end_time":"24.18","alternatives":[{"confidence":"1.0","content":"전혀"}],"type":"pronunciation"},{"start_time":"24.18","end_time":"24.55","alternatives":[{"confidence":"0.99985","content":"모르시는"}],"type":"pronunciation"},{"start_time":"24.55","end_time":"24.92","alternatives":[{"confidence":"0.97575","content":"분인가요"}],"type":"pronunciation"},{"start_time":"27.07","end_time":"27.17","alternatives":[{"confidence":"0.8942","content":"이"}],"type":"pronunciation"},{"start_time":"27.17","end_time":"27.47","alternatives":[{"confidence":"0.8842","content":"사람이"}],"type":"pronunciation"},{"start_time":"27.47","end_time":"27.87","alternatives":[{"confidence":"0.9645","content":"삼십팔"}],"type":"pronunciation"},{"start_time":"27.87","end_time":"27.95","alternatives":[{"confidence":"0.9569","content":"세"}],"type":"pronunciation"},{"start_time":"27.95","end_time":"28.26","alternatives":[{"confidence":"0.4056","content":"남성"}],"type":"pronunciation"},{"start_time":"28.26","end_time":"28.44","alternatives":[{"confidence":"0.7989","content":"이고"}],"type":"pronunciation"},{"start_time":"28.44","end_time":"28.76","alternatives":[{"confidence":"0.7042","content":"전직"}],"type":"pronunciation"},{"start_time":"28.76","end_time":"29.4","alternatives":[{"confidence":"0.53275","content":"농협직원"}],"type":"pronunciation"},{"start_time":"29.4","end_time":"29.86","alternatives":[{"confidence":"0.99905","content":"이었거든요"}],"type":"pronunciation"},{"start_time":"29.95","end_time":"30.29","alternatives":[{"confidence":"0.7268","content":"들어본"}],"type":"pronunciation"},{"start_time":"30.29","end_time":"30.43","alternatives":[{"confidence":"0.625","content":"적"}],"type":"pronunciation"},{"start_time":"30.43","end_time":"30.58","alternatives":[{"confidence":"0.9915","content":"이나"}],"type":"pronunciation"},{"start_time":"30.58","end_time":"30.76","alternatives":[{"confidence":"0.8809","content":"그런"}],"type":"pronunciation"},{"start_time":"30.76","end_time":"30.86","alternatives":[{"confidence":"0.8771","content":"거"}],"type":"pronunciation"},{"start_time":"30.86","end_time":"31.6","alternatives":[{"confidence":"1.0","content":"없어요"}],"type":"pronunciation"},{"start_time":"34.03","end_time":"34.24","alternatives":[{"confidence":"0.7059","content":"일단"}],"type":"pronunciation"},{"start_time":"34.24","end_time":"34.75","alternatives":[{"confidence":"0.9975","content":"알겠습니다"}],"type":"pronunciation"},{"start_time":"35.66","end_time":"35.89","alternatives":[{"confidence":"0.2636","content":"서울"}],"type":"pronunciation"},{"alternatives":[{"confidence":"0.0","content":","}],"type":"punctuation"},{"start_time":"35.89","end_time":"36.09","alternatives":[{"confidence":"0.1114","content":"서울"}],"type":"pronunciation"},{"start_time":"36.09","end_time":"36.27","alternatives":[{"confidence":"0.1157","content":"지금"}],"type":"pronunciation"},{"start_time":"36.27","end_time":"36.63","alternatives":[{"confidence":"0.1688","content":"상황이죠"}],"type":"pronunciation"},{"start_time":"38.19","end_time":"39.13","alternatives":[{"confidence":"0.6026333333333334","content":"이정수사관입니다"}],"type":"pronunciation"},{"start_time":"42.28","end_time":"43.04","alternatives":[{"confidence":"0.7408333333333333","content":"서울지방어디세요"}],"type":"pronunciation"},{"start_time":"44.57","end_time":"45.44","alternatives":[{"confidence":"0.8897333333333334","content":"첨단범죄수사"}],"type":"pronunciation"},{"start_time":"45.44","end_time":"45.55","alternatives":[{"confidence":"0.0709","content":"이"}],"type":"pronunciation"},{"start_time":"45.55","end_time":"45.65","alternatives":[{"confidence":"0.0612","content":"부"}],"type":"pronunciation"},{"start_time":"45.65","end_time":"46.0","alternatives":[{"confidence":"0.9681","content":"입니다"}],"type":"pronunciation"},{"start_time":"48.2","end_time":"49.37","alternatives":[{"confidence":"0.9538666666666668","content":"첨단범죄수사"}],"type":"pronunciation"},{"start_time":"50.41","end_time":"50.67","alternatives":[{"confidence":"0.8172","content":"이"}],"type":"pronunciation"},{"start_time":"50.67","end_time":"51.04","alternatives":[{"confidence":"0.8917","content":"경우"}],"type":"pronunciation"},{"start_time":"54.17","end_time":"54.3","alternatives":[{"confidence":"0.577","content":"이"}],"type":"pronunciation"},{"start_time":"54.3","end_time":"54.92","alternatives":[{"confidence":"0.6191666666666666","content":"정수사장이라고"}],"type":"pronunciation"},{"start_time":"54.92","end_time":"55.06","alternatives":[{"confidence":"0.8798","content":"하지"}],"type":"pronunciation"},{"start_time":"55.06","end_time":"55.37","alternatives":[{"confidence":"0.7458","content":"않았네요"}],"type":"pronunciation"},{"start_time":"56.68","end_time":"57.18","alternatives":[{"confidence":"0.4839","content":"뭐라고요"}],"type":"pronunciation"},{"alternatives":[{"confidence":"0.0","content":"?"}],"type":"punctuation"},{"start_time":"57.31","end_time":"57.43","alternatives":[{"confidence":"0.0172","content":"이"}],"type":"pronunciation"},{"start_time":"57.43","end_time":"57.99","alternatives":[{"confidence":"0.0078000000000000005","content":"정수장이라고"}],"type":"pronunciation"},{"start_time":"57.99","end_time":"58.36","alternatives":[{"confidence":"0.0023","content":"하잖아요"}],"type":"pronunciation"},{"start_time":"59.95","end_time":"61.34","alternatives":[{"confidence":"0.5954","content":"이경호입니다"}],"type":"pronunciation"},{"start_time":"61.6","end_time":"63.58","alternatives":[{"confidence":"0.0958","content":"이경호입니다"}],"type":"pronunciation"}]},"status":"COMPLETED"}