{"jobName":"transcribes213","accountId":"097989105209","results":{"transcripts":[{"transcript":"업무보셨나요 해지하신 시간 말씀하시겠어요 한 십삼 시 십다시 한 말씀 해주세요 어떻게 보고 십삼 시 십사분에 회장을 오셨고요 보셨고 일단은 지금 본인이 이제 본인 입출금을 자금이동하신 건가요? 출금을 본인 입출금 으로 이제 해지보신 거 지금 예금잔액있으시잖아요 예금잔액을 본인 입출금 으로 이동하셨고요 본인 지금 입출금 이동하시고 난 후 자리 어떻게 되시죠? 지금 천이백만원 맞으신 거예요. 천이백만원 맞으시고 일단은 지금 이제 본인 회동모셨고 가까운 우리은행방문하시는데 이제 이동하시는 이동수씨가 같은 게 얼마나 걸리시겠어요 십분 이제 도보로 오십 분 정도 걸릴 것 같고 일단은 가까운 우리은행방문해주셔야 될 것 같고 이제 보세요. 지금 볼 수 밖에 해요. 지금 벌써 나오셨어요 일단은 그러면 제가 이제 오늘 아무래도 잘못이다 보니까 이제 통화기록이나 기록 조회를 좀 진행해야 될 것 같은데 혹시 지금 이제 사용하시는 이제 휴대폰 기종이 안 들어 되게 하신 거예요, 아니면 아이폰 있으신가요? 이신가요 그러시면 설정 들어가셔서 셀러레이터차단해 주시겠어요? 아무래도 통화 기록 문자기록 중 중에 저희 중에 일단은 저희가 이제 데이터가 있으면 오류가 발생하기 때문에 계속 연동이 되면은 오류가 발생하기 때문에 데이터 차단 해주시고 와이파이차단해 주시고 차단한 시간 저한테 말씀해주세요. 알겠습니다. 예 데이터 하고 와이파이를 차단하셨고요 차단한 시간 말씀해 주세요. 십삼 시 십팔 분. 이제 본인 이제 통화기로. 문자 기록 저희가 진행하도록 할게요. 여기까지는 이제 이제 통화 기록 문자기록 줘야 하는데 이제 오류가 발생할 수 있기 때문에 꼭 부탁드리겠고. 일단 지금 휴대폰 배터리어떻게 되시죠? 오십 퍼센트 여보세요. 지금 오십 프로 가량 있으시다고요 여보세요. 잘 안 들리시거든요 갑자기 갖고 계셔서 배터리전략오십 프로 깍내신다고요 50 따로 보도배터리라든지 그런거있으신가요 혹시 배터리 충전기라든지?"}],"items":[{"start_time":"2.87","end_time":"3.69","alternatives":[{"confidence":"0.79305","content":"업무보셨나요"}],"type":"pronunciation"},{"start_time":"4.95","end_time":"5.49","alternatives":[{"confidence":"0.3907","content":"해지하신"}],"type":"pronunciation"},{"start_time":"5.49","end_time":"5.75","alternatives":[{"confidence":"0.885","content":"시간"}],"type":"pronunciation"},{"start_time":"5.75","end_time":"6.6","alternatives":[{"confidence":"0.8187500000000001","content":"말씀하시겠어요"}],"type":"pronunciation"},{"start_time":"13.44","end_time":"13.67","alternatives":[{"confidence":"0.3487","content":"한"}],"type":"pronunciation"},{"start_time":"14.11","end_time":"14.56","alternatives":[{"confidence":"0.595","content":"십삼"}],"type":"pronunciation"},{"start_time":"14.56","end_time":"14.76","alternatives":[{"confidence":"0.1524","content":"시"}],"type":"pronunciation"},{"start_time":"14.76","end_time":"15.96","alternatives":[{"confidence":"0.6004","content":"십다시"}],"type":"pronunciation"},{"start_time":"15.96","end_time":"16.06","alternatives":[{"confidence":"0.8691","content":"한"}],"type":"pronunciation"},{"start_time":"16.06","end_time":"16.26","alternatives":[{"confidence":"0.4231","content":"말씀"}],"type":"pronunciation"},{"start_time":"16.26","end_time":"16.7","alternatives":[{"confidence":"0.8718","content":"해주세요"}],"type":"pronunciation"},{"start_time":"19.03","end_time":"19.36","alternatives":[{"confidence":"0.9906","content":"어떻게"}],"type":"pronunciation"},{"start_time":"19.36","end_time":"19.63","alternatives":[{"confidence":"0.9333","content":"보고"}],"type":"pronunciation"},{"start_time":"20.27","end_time":"20.68","alternatives":[{"confidence":"0.9375","content":"십삼"}],"type":"pronunciation"},{"start_time":"20.68","end_time":"21.0","alternatives":[{"confidence":"0.998","content":"시"}],"type":"pronunciation"},{"start_time":"21.03","end_time":"21.81","alternatives":[{"confidence":"0.9456000000000001","content":"십사분에"}],"type":"pronunciation"},{"start_time":"21.84","end_time":"22.21","alternatives":[{"confidence":"0.1299","content":"회장을"}],"type":"pronunciation"},{"start_time":"22.21","end_time":"22.87","alternatives":[{"confidence":"0.97915","content":"오셨고요"}],"type":"pronunciation"},{"start_time":"24.1","end_time":"24.72","alternatives":[{"confidence":"0.9795","content":"보셨고"}],"type":"pronunciation"},{"start_time":"24.78","end_time":"25.32","alternatives":[{"confidence":"1.0","content":"일단은"}],"type":"pronunciation"},{"start_time":"25.32","end_time":"25.9","alternatives":[{"confidence":"0.9888","content":"지금"}],"type":"pronunciation"},{"start_time":"26.33","end_time":"26.66","alternatives":[{"confidence":"0.8446","content":"본인이"}],"type":"pronunciation"},{"start_time":"26.66","end_time":"27.22","alternatives":[{"confidence":"0.9918","content":"이제"}],"type":"pronunciation"},{"start_time":"27.45","end_time":"27.79","alternatives":[{"confidence":"0.7488","content":"본인"}],"type":"pronunciation"},{"start_time":"27.79","end_time":"28.28","alternatives":[{"confidence":"0.8585333333333333","content":"입출금을"}],"type":"pronunciation"},{"start_time":"28.5","end_time":"29.03","alternatives":[{"confidence":"0.8723333333333333","content":"자금이동하신"}],"type":"pronunciation"},{"start_time":"29.03","end_time":"29.47","alternatives":[{"confidence":"1.0","content":"건가요"}],"type":"pronunciation"},{"alternatives":[{"confidence":"0.0","content":"?"}],"type":"punctuation"},{"start_time":"31.77","end_time":"32.17","alternatives":[{"confidence":"0.7461","content":"출금을"}],"type":"pronunciation"},{"start_time":"32.41","end_time":"32.7","alternatives":[{"confidence":"0.7591","content":"본인"}],"type":"pronunciation"},{"start_time":"32.7","end_time":"33.15","alternatives":[{"confidence":"0.8672666666666666","content":"입출금"}],"type":"pronunciation"},{"start_time":"33.15","end_time":"33.34","alternatives":[{"confidence":"0.8157","content":"으로"}],"type":"pronunciation"},{"start_time":"33.34","end_time":"33.47","alternatives":[{"confidence":"0.5763","content":"이제"}],"type":"pronunciation"},{"start_time":"33.47","end_time":"34.04","alternatives":[{"confidence":"0.86745","content":"해지보신"}],"type":"pronunciation"},{"start_time":"34.04","end_time":"34.43","alternatives":[{"confidence":"0.3168","content":"거"}],"type":"pronunciation"},{"start_time":"34.67","end_time":"35.0","alternatives":[{"confidence":"0.9221","content":"지금"}],"type":"pronunciation"},{"start_time":"35.03","end_time":"36.96","alternatives":[{"confidence":"0.9998","content":"예금잔액있으시잖아요"}],"type":"pronunciation"},{"start_time":"37.23","end_time":"37.92","alternatives":[{"confidence":"0.9993666666666666","content":"예금잔액을"}],"type":"pronunciation"},{"start_time":"37.95","end_time":"38.27","alternatives":[{"confidence":"0.7131","content":"본인"}],"type":"pronunciation"},{"start_time":"38.27","end_time":"38.63","alternatives":[{"confidence":"0.906","content":"입출금"}],"type":"pronunciation"},{"start_time":"38.63","end_time":"38.76","alternatives":[{"confidence":"0.9879","content":"으로"}],"type":"pronunciation"},{"start_time":"38.76","end_time":"39.72","alternatives":[{"confidence":"0.8289333333333334","content":"이동하셨고요"}],"type":"pronunciation"},{"start_time":"40.44","end_time":"40.88","alternatives":[{"confidence":"0.533","content":"본인"}],"type":"pronunciation"},{"start_time":"40.88","end_time":"41.1","alternatives":[{"confidence":"0.9662","content":"지금"}],"type":"pronunciation"},{"start_time":"41.1","end_time":"41.58","alternatives":[{"confidence":"0.8393666666666667","content":"입출금"}],"type":"pronunciation"},{"start_time":"41.58","end_time":"42.04","alternatives":[{"confidence":"0.8413999999999999","content":"이동하시고"}],"type":"pronunciation"},{"start_time":"42.04","end_time":"42.23","alternatives":[{"confidence":"0.984","content":"난"}],"type":"pronunciation"},{"start_time":"42.23","end_time":"42.69","alternatives":[{"confidence":"0.8128","content":"후"}],"type":"pronunciation"},{"start_time":"42.73","end_time":"42.96","alternatives":[{"confidence":"0.3384","content":"자리"}],"type":"pronunciation"},{"start_time":"42.96","end_time":"43.15","alternatives":[{"confidence":"0.9997","content":"어떻게"}],"type":"pronunciation"},{"start_time":"43.15","end_time":"43.65","alternatives":[{"confidence":"0.99995","content":"되시죠"}],"type":"pronunciation"},{"alternatives":[{"confidence":"0.0","content":"?"}],"type":"punctuation"},{"start_time":"44.54","end_time":"44.96","alternatives":[{"confidence":"0.7866","content":"지금"}],"type":"pronunciation"},{"start_time":"49.22","end_time":"49.88","alternatives":[{"confidence":"0.8922","content":"천이백만원"}],"type":"pronunciation"},{"start_time":"49.88","end_time":"50.18","alternatives":[{"confidence":"0.5797","content":"맞으신"}],"type":"pronunciation"},{"start_time":"50.18","end_time":"50.6","alternatives":[{"confidence":"0.3506","content":"거예요"}],"type":"pronunciation"},{"alternatives":[{"confidence":"0.0","content":"."}],"type":"punctuation"},{"start_time":"51.28","end_time":"52.1","alternatives":[{"confidence":"0.84395","content":"천이백만원"}],"type":"pronunciation"},{"start_time":"52.16","end_time":"52.84","alternatives":[{"confidence":"0.78","content":"맞으시고"}],"type":"pronunciation"},{"start_time":"53.5","end_time":"53.98","alternatives":[{"confidence":"0.9768","content":"일단은"}],"type":"pronunciation"},{"start_time":"53.98","end_time":"54.56","alternatives":[{"confidence":"0.9975","content":"지금"}],"type":"pronunciation"},{"start_time":"54.56","end_time":"54.69","alternatives":[{"confidence":"0.6605","content":"이제"}],"type":"pronunciation"},{"start_time":"54.7","end_time":"55.06","alternatives":[{"confidence":"0.4239","content":"본인"}],"type":"pronunciation"},{"start_time":"55.06","end_time":"55.82","alternatives":[{"confidence":"0.7025250000000001","content":"회동모셨고"}],"type":"pronunciation"},{"start_time":"55.94","end_time":"56.51","alternatives":[{"confidence":"0.9708","content":"가까운"}],"type":"pronunciation"},{"start_time":"56.57","end_time":"58.45","alternatives":[{"confidence":"0.8771333333333334","content":"우리은행방문하시는데"}],"type":"pronunciation"},{"start_time":"58.6","end_time":"58.76","alternatives":[{"confidence":"0.6937","content":"이제"}],"type":"pronunciation"},{"start_time":"58.76","end_time":"59.3","alternatives":[{"confidence":"0.82315","content":"이동하시는"}],"type":"pronunciation"},{"start_time":"59.3","end_time":"60.04","alternatives":[{"confidence":"0.2832666666666666","content":"이동수씨가"}],"type":"pronunciation"},{"start_time":"61.16","end_time":"61.4","alternatives":[{"confidence":"0.9546","content":"같은"}],"type":"pronunciation"},{"start_time":"61.4","end_time":"61.49","alternatives":[{"confidence":"0.9513","content":"게"}],"type":"pronunciation"},{"start_time":"61.49","end_time":"61.82","alternatives":[{"confidence":"0.9984","content":"얼마나"}],"type":"pronunciation"},{"start_time":"61.82","end_time":"62.6","alternatives":[{"confidence":"0.98775","content":"걸리시겠어요"}],"type":"pronunciation"},{"start_time":"64.31","end_time":"64.68","alternatives":[{"confidence":"0.66705","content":"십분"}],"type":"pronunciation"},{"start_time":"64.68","end_time":"64.83","alternatives":[{"confidence":"0.6394","content":"이제"}],"type":"pronunciation"},{"start_time":"66.87","end_time":"67.23","alternatives":[{"confidence":"0.9996","content":"도보로"}],"type":"pronunciation"},{"start_time":"67.23","end_time":"67.43","alternatives":[{"confidence":"0.5577","content":"오십"}],"type":"pronunciation"},{"start_time":"67.43","end_time":"67.53","alternatives":[{"confidence":"0.7846","content":"분"}],"type":"pronunciation"},{"start_time":"67.53","end_time":"67.7","alternatives":[{"confidence":"0.9955","content":"정도"}],"type":"pronunciation"},{"start_time":"67.7","end_time":"67.97","alternatives":[{"confidence":"0.5664","content":"걸릴"}],"type":"pronunciation"},{"start_time":"67.97","end_time":"68.08","alternatives":[{"confidence":"0.9617","content":"것"}],"type":"pronunciation"},{"start_time":"68.08","end_time":"68.45","alternatives":[{"confidence":"0.9976","content":"같고"}],"type":"pronunciation"},{"start_time":"68.94","end_time":"69.4","alternatives":[{"confidence":"0.9996","content":"일단은"}],"type":"pronunciation"},{"start_time":"69.49","end_time":"69.89","alternatives":[{"confidence":"0.989","content":"가까운"}],"type":"pronunciation"},{"start_time":"69.89","end_time":"71.02","alternatives":[{"confidence":"0.808775","content":"우리은행방문해주셔야"}],"type":"pronunciation"},{"start_time":"71.02","end_time":"71.13","alternatives":[{"confidence":"0.9591","content":"될"}],"type":"pronunciation"},{"start_time":"71.13","end_time":"71.25","alternatives":[{"confidence":"0.951","content":"것"}],"type":"pronunciation"},{"start_time":"71.25","end_time":"71.7","alternatives":[{"confidence":"0.9965","content":"같고"}],"type":"pronunciation"},{"start_time":"72.65","end_time":"72.83","alternatives":[{"confidence":"0.7453","content":"이제"}],"type":"pronunciation"},{"start_time":"73.73","end_time":"74.1","alternatives":[{"confidence":"0.228","content":"보세요"}],"type":"pronunciation"},{"alternatives":[{"confidence":"0.0","content":"."}],"type":"punctuation"},{"start_time":"74.78","end_time":"75.06","alternatives":[{"confidence":"0.5628","content":"지금"}],"type":"pronunciation"},{"start_time":"75.86","end_time":"76.02","alternatives":[{"confidence":"0.5809","content":"볼"}],"type":"pronunciation"},{"start_time":"76.02","end_time":"76.09","alternatives":[{"confidence":"0.3891","content":"수"}],"type":"pronunciation"},{"start_time":"76.09","end_time":"76.32","alternatives":[{"confidence":"0.3602","content":"밖에"}],"type":"pronunciation"},{"start_time":"76.32","end_time":"76.49","alternatives":[{"confidence":"0.1318","content":"해요"}],"type":"pronunciation"},{"alternatives":[{"confidence":"0.0","content":"."}],"type":"punctuation"},{"start_time":"76.49","end_time":"76.81","alternatives":[{"confidence":"0.9484","content":"지금"}],"type":"pronunciation"},{"start_time":"77.73","end_time":"77.94","alternatives":[{"confidence":"0.9423","content":"벌써"}],"type":"pronunciation"},{"start_time":"77.94","end_time":"78.83","alternatives":[{"confidence":"0.9947999999999999","content":"나오셨어요"}],"type":"pronunciation"},{"start_time":"79.48","end_time":"79.88","alternatives":[{"confidence":"0.9935","content":"일단은"}],"type":"pronunciation"},{"start_time":"79.88","end_time":"80.44","alternatives":[{"confidence":"0.856","content":"그러면"}],"type":"pronunciation"},{"start_time":"80.53","end_time":"80.91","alternatives":[{"confidence":"0.9997","content":"제가"}],"type":"pronunciation"},{"start_time":"80.91","end_time":"81.12","alternatives":[{"confidence":"0.9908","content":"이제"}],"type":"pronunciation"},{"start_time":"81.51","end_time":"81.69","alternatives":[{"confidence":"0.6037","content":"오늘"}],"type":"pronunciation"},{"start_time":"81.69","end_time":"82.06","alternatives":[{"confidence":"1.0","content":"아무래도"}],"type":"pronunciation"},{"start_time":"82.06","end_time":"82.64","alternatives":[{"confidence":"0.74175","content":"잘못이다"}],"type":"pronunciation"},{"start_time":"82.64","end_time":"83.0","alternatives":[{"confidence":"0.8984","content":"보니까"}],"type":"pronunciation"},{"start_time":"83.06","end_time":"83.18","alternatives":[{"confidence":"0.4791","content":"이제"}],"type":"pronunciation"},{"start_time":"83.19","end_time":"84.15","alternatives":[{"confidence":"0.8927333333333333","content":"통화기록이나"}],"type":"pronunciation"},{"start_time":"84.4","end_time":"84.68","alternatives":[{"confidence":"0.8555","content":"기록"}],"type":"pronunciation"},{"start_time":"85.15","end_time":"85.58","alternatives":[{"confidence":"0.8485","content":"조회를"}],"type":"pronunciation"},{"start_time":"85.58","end_time":"85.72","alternatives":[{"confidence":"0.9857","content":"좀"}],"type":"pronunciation"},{"start_time":"85.75","end_time":"86.12","alternatives":[{"confidence":"0.98645","content":"진행해야"}],"type":"pronunciation"},{"start_time":"86.12","end_time":"86.23","alternatives":[{"confidence":"0.9191","content":"될"}],"type":"pronunciation"},{"start_time":"86.23","end_time":"86.34","alternatives":[{"confidence":"0.9936","content":"것"}],"type":"pronunciation"},{"start_time":"86.34","end_time":"87.06","alternatives":[{"confidence":"0.9997","content":"같은데"}],"type":"pronunciation"},{"start_time":"87.15","end_time":"87.51","alternatives":[{"confidence":"1.0","content":"혹시"}],"type":"pronunciation"},{"start_time":"87.51","end_time":"87.96","alternatives":[{"confidence":"0.9984","content":"지금"}],"type":"pronunciation"},{"start_time":"87.96","end_time":"88.32","alternatives":[{"confidence":"0.9849","content":"이제"}],"type":"pronunciation"},{"start_time":"88.61","end_time":"89.31","alternatives":[{"confidence":"0.7516","content":"사용하시는"}],"type":"pronunciation"},{"start_time":"89.49","end_time":"89.76","alternatives":[{"confidence":"0.8923","content":"이제"}],"type":"pronunciation"},{"start_time":"90.5","end_time":"90.84","alternatives":[{"confidence":"0.939","content":"휴대폰"}],"type":"pronunciation"},{"start_time":"90.84","end_time":"91.21","alternatives":[{"confidence":"0.8140000000000001","content":"기종이"}],"type":"pronunciation"},{"start_time":"91.3","end_time":"91.46","alternatives":[{"confidence":"0.6364","content":"안"}],"type":"pronunciation"},{"start_time":"91.46","end_time":"91.63","alternatives":[{"confidence":"0.6537","content":"들어"}],"type":"pronunciation"},{"start_time":"91.63","end_time":"91.8","alternatives":[{"confidence":"0.9163","content":"되게"}],"type":"pronunciation"},{"start_time":"91.8","end_time":"91.98","alternatives":[{"confidence":"0.7182","content":"하신"}],"type":"pronunciation"},{"start_time":"91.98","end_time":"92.17","alternatives":[{"confidence":"0.6763","content":"거예요"}],"type":"pronunciation"},{"alternatives":[{"confidence":"0.0","content":","}],"type":"punctuation"},{"start_time":"92.23","end_time":"92.49","alternatives":[{"confidence":"0.5986","content":"아니면"}],"type":"pronunciation"},{"start_time":"92.59","end_time":"92.92","alternatives":[{"confidence":"0.4789","content":"아이폰"}],"type":"pronunciation"},{"start_time":"92.99","end_time":"93.49","alternatives":[{"confidence":"0.956","content":"있으신가요"}],"type":"pronunciation"},{"alternatives":[{"confidence":"0.0","content":"?"}],"type":"punctuation"},{"start_time":"95.39","end_time":"95.65","alternatives":[{"confidence":"0.4565","content":"이신가요"}],"type":"pronunciation"},{"start_time":"95.65","end_time":"96.39","alternatives":[{"confidence":"0.7748999999999999","content":"그러시면"}],"type":"pronunciation"},{"start_time":"96.82","end_time":"97.19","alternatives":[{"confidence":"0.8204","content":"설정"}],"type":"pronunciation"},{"start_time":"97.19","end_time":"97.74","alternatives":[{"confidence":"0.9984500000000001","content":"들어가셔서"}],"type":"pronunciation"},{"start_time":"97.74","end_time":"98.63","alternatives":[{"confidence":"0.457675","content":"셀러레이터차단해"}],"type":"pronunciation"},{"start_time":"98.63","end_time":"99.25","alternatives":[{"confidence":"0.9994","content":"주시겠어요"}],"type":"pronunciation"},{"alternatives":[{"confidence":"0.0","content":"?"}],"type":"punctuation"},{"start_time":"100.79","end_time":"101.14","alternatives":[{"confidence":"1.0","content":"아무래도"}],"type":"pronunciation"},{"start_time":"101.14","end_time":"101.36","alternatives":[{"confidence":"0.8797","content":"통화"}],"type":"pronunciation"},{"start_time":"101.36","end_time":"101.57","alternatives":[{"confidence":"0.9749","content":"기록"}],"type":"pronunciation"},{"start_time":"101.57","end_time":"102.06","alternatives":[{"confidence":"0.8982","content":"문자기록"}],"type":"pronunciation"},{"start_time":"102.06","end_time":"102.42","alternatives":[{"confidence":"0.4148","content":"중"}],"type":"pronunciation"},{"start_time":"102.48","end_time":"102.73","alternatives":[{"confidence":"0.9407","content":"중에"}],"type":"pronunciation"},{"start_time":"102.76","end_time":"102.94","alternatives":[{"confidence":"0.194","content":"저희"}],"type":"pronunciation"},{"start_time":"102.94","end_time":"103.55","alternatives":[{"confidence":"0.9951","content":"중에"}],"type":"pronunciation"},{"start_time":"104.16","end_time":"104.65","alternatives":[{"confidence":"1.0","content":"일단은"}],"type":"pronunciation"},{"start_time":"104.65","end_time":"105.06","alternatives":[{"confidence":"1.0","content":"저희가"}],"type":"pronunciation"},{"start_time":"105.35","end_time":"105.64","alternatives":[{"confidence":"0.9995","content":"이제"}],"type":"pronunciation"},{"start_time":"105.76","end_time":"106.09","alternatives":[{"confidence":"0.8918","content":"데이터가"}],"type":"pronunciation"},{"start_time":"106.28","end_time":"106.66","alternatives":[{"confidence":"0.3809","content":"있으면"}],"type":"pronunciation"},{"start_time":"106.84","end_time":"107.15","alternatives":[{"confidence":"0.9996","content":"오류가"}],"type":"pronunciation"},{"start_time":"107.15","end_time":"107.55","alternatives":[{"confidence":"0.9739","content":"발생하기"}],"type":"pronunciation"},{"start_time":"107.55","end_time":"108.0","alternatives":[{"confidence":"1.0","content":"때문에"}],"type":"pronunciation"},{"start_time":"108.03","end_time":"108.23","alternatives":[{"confidence":"0.9565","content":"계속"}],"type":"pronunciation"},{"start_time":"108.23","end_time":"108.54","alternatives":[{"confidence":"0.99555","content":"연동이"}],"type":"pronunciation"},{"start_time":"108.54","end_time":"109.21","alternatives":[{"confidence":"0.93875","content":"되면은"}],"type":"pronunciation"},{"start_time":"109.21","end_time":"109.52","alternatives":[{"confidence":"0.9999","content":"오류가"}],"type":"pronunciation"},{"start_time":"109.52","end_time":"109.9","alternatives":[{"confidence":"0.9574","content":"발생하기"}],"type":"pronunciation"},{"start_time":"109.9","end_time":"110.31","alternatives":[{"confidence":"1.0","content":"때문에"}],"type":"pronunciation"},{"start_time":"110.34","end_time":"110.6","alternatives":[{"confidence":"0.7675","content":"데이터"}],"type":"pronunciation"},{"start_time":"110.6","end_time":"110.81","alternatives":[{"confidence":"0.3442","content":"차단"}],"type":"pronunciation"},{"start_time":"110.81","end_time":"111.42","alternatives":[{"confidence":"0.6124","content":"해주시고"}],"type":"pronunciation"},{"start_time":"111.68","end_time":"112.46","alternatives":[{"confidence":"0.6325333333333333","content":"와이파이차단해"}],"type":"pronunciation"},{"start_time":"112.46","end_time":"112.86","alternatives":[{"confidence":"0.455","content":"주시고"}],"type":"pronunciation"},{"start_time":"112.86","end_time":"113.2","alternatives":[{"confidence":"0.9575","content":"차단한"}],"type":"pronunciation"},{"start_time":"113.2","end_time":"113.42","alternatives":[{"confidence":"0.8342","content":"시간"}],"type":"pronunciation"},{"start_time":"113.42","end_time":"113.63","alternatives":[{"confidence":"0.9865","content":"저한테"}],"type":"pronunciation"},{"start_time":"113.63","end_time":"114.4","alternatives":[{"confidence":"0.16349999999999998","content":"말씀해주세요"}],"type":"pronunciation"},{"alternatives":[{"confidence":"0.0","content":"."}],"type":"punctuation"},{"start_time":"123.96","end_time":"124.73","alternatives":[{"confidence":"0.1512","content":"알겠습니다"}],"type":"pronunciation"},{"alternatives":[{"confidence":"0.0","content":"."}],"type":"punctuation"},{"start_time":"125.61","end_time":"126.0","alternatives":[{"confidence":"0.5536","content":"예"}],"type":"pronunciation"},{"start_time":"126.19","end_time":"126.49","alternatives":[{"confidence":"0.5651","content":"데이터"}],"type":"pronunciation"},{"start_time":"126.49","end_time":"126.77","alternatives":[{"confidence":"0.9789","content":"하고"}],"type":"pronunciation"},{"start_time":"126.77","end_time":"127.27","alternatives":[{"confidence":"0.8652500000000001","content":"와이파이를"}],"type":"pronunciation"},{"start_time":"127.27","end_time":"128.31","alternatives":[{"confidence":"0.7751333333333333","content":"차단하셨고요"}],"type":"pronunciation"},{"start_time":"129.15","end_time":"129.5","alternatives":[{"confidence":"0.9109499999999999","content":"차단한"}],"type":"pronunciation"},{"start_time":"129.5","end_time":"129.73","alternatives":[{"confidence":"0.9385","content":"시간"}],"type":"pronunciation"},{"start_time":"129.73","end_time":"130.02","alternatives":[{"confidence":"0.7799","content":"말씀해"}],"type":"pronunciation"},{"start_time":"130.02","end_time":"130.56","alternatives":[{"confidence":"0.7801","content":"주세요"}],"type":"pronunciation"},{"alternatives":[{"confidence":"0.0","content":"."}],"type":"punctuation"},{"start_time":"134.79","end_time":"135.25","alternatives":[{"confidence":"0.7327","content":"십삼"}],"type":"pronunciation"},{"start_time":"135.25","end_time":"135.41","alternatives":[{"confidence":"0.9122","content":"시"}],"type":"pronunciation"},{"start_time":"135.41","end_time":"135.79","alternatives":[{"confidence":"0.7825","content":"십팔"}],"type":"pronunciation"},{"start_time":"135.79","end_time":"136.0","alternatives":[{"confidence":"0.9774","content":"분"}],"type":"pronunciation"},{"alternatives":[{"confidence":"0.0","content":"."}],"type":"punctuation"},{"start_time":"136.0","end_time":"136.52","alternatives":[{"confidence":"0.9909","content":"이제"}],"type":"pronunciation"},{"start_time":"136.85","end_time":"137.2","alternatives":[{"confidence":"0.4598","content":"본인"}],"type":"pronunciation"},{"start_time":"137.2","end_time":"137.36","alternatives":[{"confidence":"0.8835","content":"이제"}],"type":"pronunciation"},{"start_time":"137.37","end_time":"137.92","alternatives":[{"confidence":"0.7239","content":"통화기로"}],"type":"pronunciation"},{"alternatives":[{"confidence":"0.0","content":"."}],"type":"punctuation"},{"start_time":"137.92","end_time":"138.22","alternatives":[{"confidence":"0.6316","content":"문자"}],"type":"pronunciation"},{"start_time":"138.22","end_time":"138.45","alternatives":[{"confidence":"0.6286","content":"기록"}],"type":"pronunciation"},{"start_time":"138.54","end_time":"138.78","alternatives":[{"confidence":"0.9886","content":"저희가"}],"type":"pronunciation"},{"start_time":"138.78","end_time":"139.22","alternatives":[{"confidence":"0.9986999999999999","content":"진행하도록"}],"type":"pronunciation"},{"start_time":"139.22","end_time":"139.58","alternatives":[{"confidence":"0.9477","content":"할게요"}],"type":"pronunciation"},{"alternatives":[{"confidence":"0.0","content":"."}],"type":"punctuation"},{"start_time":"139.67","end_time":"141.98","alternatives":[{"confidence":"0.17215","content":"여기까지는"}],"type":"pronunciation"},{"start_time":"141.98","end_time":"142.58","alternatives":[{"confidence":"0.9875","content":"이제"}],"type":"pronunciation"},{"start_time":"142.84","end_time":"143.04","alternatives":[{"confidence":"0.9317","content":"이제"}],"type":"pronunciation"},{"start_time":"143.05","end_time":"143.35","alternatives":[{"confidence":"0.8941","content":"통화"}],"type":"pronunciation"},{"start_time":"143.35","end_time":"143.53","alternatives":[{"confidence":"0.9691","content":"기록"}],"type":"pronunciation"},{"start_time":"143.53","end_time":"143.94","alternatives":[{"confidence":"0.7910999999999999","content":"문자기록"}],"type":"pronunciation"},{"start_time":"143.94","end_time":"144.09","alternatives":[{"confidence":"0.7636","content":"줘야"}],"type":"pronunciation"},{"start_time":"144.09","end_time":"144.57","alternatives":[{"confidence":"0.9904","content":"하는데"}],"type":"pronunciation"},{"start_time":"144.6","end_time":"144.77","alternatives":[{"confidence":"0.7118","content":"이제"}],"type":"pronunciation"},{"start_time":"144.8","end_time":"145.1","alternatives":[{"confidence":"0.9897","content":"오류가"}],"type":"pronunciation"},{"start_time":"145.1","end_time":"145.41","alternatives":[{"confidence":"1.0","content":"발생할"}],"type":"pronunciation"},{"start_time":"145.41","end_time":"145.49","alternatives":[{"confidence":"1.0","content":"수"}],"type":"pronunciation"},{"start_time":"145.49","end_time":"145.66","alternatives":[{"confidence":"0.9992","content":"있기"}],"type":"pronunciation"},{"start_time":"145.66","end_time":"146.31","alternatives":[{"confidence":"0.9996","content":"때문에"}],"type":"pronunciation"},{"start_time":"146.73","end_time":"146.92","alternatives":[{"confidence":"0.9932","content":"꼭"}],"type":"pronunciation"},{"start_time":"147.11","end_time":"147.92","alternatives":[{"confidence":"0.80565","content":"부탁드리겠고"}],"type":"pronunciation"},{"alternatives":[{"confidence":"0.0","content":"."}],"type":"punctuation"},{"start_time":"148.21","end_time":"148.45","alternatives":[{"confidence":"1.0","content":"일단"}],"type":"pronunciation"},{"start_time":"148.45","end_time":"148.63","alternatives":[{"confidence":"0.9643","content":"지금"}],"type":"pronunciation"},{"start_time":"148.63","end_time":"149.13","alternatives":[{"confidence":"0.5192","content":"휴대폰"}],"type":"pronunciation"},{"start_time":"149.13","end_time":"149.85","alternatives":[{"confidence":"0.6478","content":"배터리어떻게"}],"type":"pronunciation"},{"start_time":"149.85","end_time":"150.34","alternatives":[{"confidence":"1.0","content":"되시죠"}],"type":"pronunciation"},{"alternatives":[{"confidence":"0.0","content":"?"}],"type":"punctuation"},{"start_time":"154.01","end_time":"154.3","alternatives":[{"confidence":"0.7384","content":"오십"}],"type":"pronunciation"},{"start_time":"154.3","end_time":"154.65","alternatives":[{"confidence":"0.4245","content":"퍼센트"}],"type":"pronunciation"},{"start_time":"157.25","end_time":"158.13","alternatives":[{"confidence":"0.9994","content":"여보세요"}],"type":"pronunciation"},{"alternatives":[{"confidence":"0.0","content":"."}],"type":"punctuation"},{"start_time":"159.07","end_time":"159.4","alternatives":[{"confidence":"0.9846","content":"지금"}],"type":"pronunciation"},{"start_time":"159.4","end_time":"159.66","alternatives":[{"confidence":"0.538","content":"오십"}],"type":"pronunciation"},{"start_time":"159.66","end_time":"159.83","alternatives":[{"confidence":"0.7755","content":"프로"}],"type":"pronunciation"},{"start_time":"159.83","end_time":"160.07","alternatives":[{"confidence":"0.8497","content":"가량"}],"type":"pronunciation"},{"start_time":"160.07","end_time":"160.76","alternatives":[{"confidence":"0.99875","content":"있으시다고요"}],"type":"pronunciation"},{"start_time":"164.86","end_time":"165.39","alternatives":[{"confidence":"1.0","content":"여보세요"}],"type":"pronunciation"},{"alternatives":[{"confidence":"0.0","content":"."}],"type":"punctuation"},{"start_time":"166.59","end_time":"166.73","alternatives":[{"confidence":"0.9818","content":"잘"}],"type":"pronunciation"},{"start_time":"166.73","end_time":"166.86","alternatives":[{"confidence":"0.8574","content":"안"}],"type":"pronunciation"},{"start_time":"166.86","end_time":"167.39","alternatives":[{"confidence":"0.987","content":"들리시거든요"}],"type":"pronunciation"},{"start_time":"167.39","end_time":"167.74","alternatives":[{"confidence":"1.0","content":"갑자기"}],"type":"pronunciation"},{"start_time":"170.37","end_time":"170.6","alternatives":[{"confidence":"0.9417","content":"갖고"}],"type":"pronunciation"},{"start_time":"170.6","end_time":"171.2","alternatives":[{"confidence":"1.0","content":"계셔서"}],"type":"pronunciation"},{"start_time":"171.96","end_time":"172.77","alternatives":[{"confidence":"0.5705666666666667","content":"배터리전략오십"}],"type":"pronunciation"},{"start_time":"172.77","end_time":"172.94","alternatives":[{"confidence":"0.5744","content":"프로"}],"type":"pronunciation"},{"start_time":"172.94","end_time":"173.83","alternatives":[{"confidence":"0.6715249999999999","content":"깍내신다고요"}],"type":"pronunciation"},{"start_time":"176.59","end_time":"176.86","alternatives":[{"confidence":"0.4831","content":"50"}],"type":"pronunciation"},{"start_time":"177.79","end_time":"178.15","alternatives":[{"confidence":"0.9505","content":"따로"}],"type":"pronunciation"},{"start_time":"178.24","end_time":"179.35","alternatives":[{"confidence":"0.6486999999999999","content":"보도배터리라든지"}],"type":"pronunciation"},{"start_time":"179.42","end_time":"180.09","alternatives":[{"confidence":"0.7641","content":"그런거있으신가요"}],"type":"pronunciation"},{"start_time":"180.09","end_time":"180.41","alternatives":[{"confidence":"1.0","content":"혹시"}],"type":"pronunciation"},{"start_time":"182.9","end_time":"183.19","alternatives":[{"confidence":"0.0068","content":"배터리"}],"type":"pronunciation"},{"start_time":"183.22","end_time":"183.95","alternatives":[{"confidence":"0.25930000000000003","content":"충전기라든지"}],"type":"pronunciation"},{"alternatives":[{"confidence":"0.0","content":"?"}],"type":"punctuation"}]},"status":"COMPLETED"}