{"jobName":"transcribes..109","accountId":"097989105209","results":{"transcripts":[{"transcript":"여보세요, 여보세요. 통화 괜찮으세요? 인데 무슨 일이시죠? 앞으로 연루된 사건이 있어서 가능하신 분이세요. 여보세요, 통화 있지 않으세요? 혹시 40 대 남성이 있다고는 어떤 사이십니까 지요? 왜냐하면 저희 수사팀에서 지난주 금요일의 주범으로 된 47 명 권고했습니다. 이들을 권고한 현장에서 제작에 통장카드로 앞에 있는데 그 중에서 그 명의로 된 국민은행과 농협은행 계좌가 포함되어 있어서 사실 연락을 드렸고요. 여보세요, 국내 은행과 능력 계좌개설에 대해서 아시는 내용이십니까 눈에 들어가있기. 저희 쪽에 여보세요, 제가 간단하게 설명 드릴게요. 지금 대포통장으로 사용대해서 지금 육천만원 불꽃이 됐거든요. 그래서 지금 통장을 판매한 분들도 있고 다른 일부분들은 개인정보 유출로 인해서 피해를 보신 분들이 있데요. 없는데요. 지금 좀 조용하게 통합 못하세요 없더라고요. 두고"}],"items":[{"start_time":"1.2","end_time":"1.81","alternatives":[{"confidence":"0.7145","content":"여보세요"}],"type":"pronunciation"},{"alternatives":[{"confidence":"0.0","content":","}],"type":"punctuation"},{"start_time":"2.31","end_time":"3.59","alternatives":[{"confidence":"0.7142","content":"여보세요"}],"type":"pronunciation"},{"alternatives":[{"confidence":"0.0","content":"."}],"type":"punctuation"},{"start_time":"4.11","end_time":"4.34","alternatives":[{"confidence":"0.3151","content":"통화"}],"type":"pronunciation"},{"start_time":"4.34","end_time":"5.2","alternatives":[{"confidence":"0.1174","content":"괜찮으세요"}],"type":"pronunciation"},{"alternatives":[{"confidence":"0.0","content":"?"}],"type":"punctuation"},{"start_time":"6.73","end_time":"6.99","alternatives":[{"confidence":"0.4538","content":"인데"}],"type":"pronunciation"},{"start_time":"7.14","end_time":"7.58","alternatives":[{"confidence":"0.9978","content":"무슨"}],"type":"pronunciation"},{"start_time":"7.58","end_time":"8.0","alternatives":[{"confidence":"0.89855","content":"일이시죠"}],"type":"pronunciation"},{"alternatives":[{"confidence":"0.0","content":"?"}],"type":"punctuation"},{"start_time":"9.41","end_time":"9.66","alternatives":[{"confidence":"0.2988","content":"앞으로"}],"type":"pronunciation"},{"start_time":"9.66","end_time":"10.02","alternatives":[{"confidence":"0.1255","content":"연루된"}],"type":"pronunciation"},{"start_time":"10.02","end_time":"10.31","alternatives":[{"confidence":"0.9853","content":"사건이"}],"type":"pronunciation"},{"start_time":"10.31","end_time":"10.95","alternatives":[{"confidence":"0.3004","content":"있어서"}],"type":"pronunciation"},{"start_time":"12.23","end_time":"12.62","alternatives":[{"confidence":"0.3155","content":"가능하신"}],"type":"pronunciation"},{"start_time":"12.62","end_time":"13.14","alternatives":[{"confidence":"0.3435","content":"분이세요"}],"type":"pronunciation"},{"alternatives":[{"confidence":"0.0","content":"."}],"type":"punctuation"},{"start_time":"15.24","end_time":"16.79","alternatives":[{"confidence":"0.5792","content":"여보세요"}],"type":"pronunciation"},{"alternatives":[{"confidence":"0.0","content":","}],"type":"punctuation"},{"start_time":"17.02","end_time":"17.26","alternatives":[{"confidence":"0.61","content":"통화"}],"type":"pronunciation"},{"start_time":"17.26","end_time":"17.41","alternatives":[{"confidence":"0.1376","content":"있지"}],"type":"pronunciation"},{"start_time":"17.41","end_time":"18.34","alternatives":[{"confidence":"0.138","content":"않으세요"}],"type":"pronunciation"},{"alternatives":[{"confidence":"0.0","content":"?"}],"type":"punctuation"},{"start_time":"19.14","end_time":"19.48","alternatives":[{"confidence":"0.7088","content":"혹시"}],"type":"pronunciation"},{"start_time":"19.61","end_time":"20.01","alternatives":[{"confidence":"0.2733","content":"40"}],"type":"pronunciation"},{"start_time":"20.1","end_time":"20.17","alternatives":[{"confidence":"0.6742","content":"대"}],"type":"pronunciation"},{"start_time":"20.17","end_time":"20.62","alternatives":[{"confidence":"0.3428","content":"남성이"}],"type":"pronunciation"},{"start_time":"20.62","end_time":"21.21","alternatives":[{"confidence":"0.5581","content":"있다고는"}],"type":"pronunciation"},{"start_time":"21.21","end_time":"21.42","alternatives":[{"confidence":"0.972","content":"어떤"}],"type":"pronunciation"},{"start_time":"21.42","end_time":"21.97","alternatives":[{"confidence":"0.69665","content":"사이십니까"}],"type":"pronunciation"},{"start_time":"25.82","end_time":"26.25","alternatives":[{"confidence":"0.6966","content":"지요"}],"type":"pronunciation"},{"alternatives":[{"confidence":"0.0","content":"?"}],"type":"punctuation"},{"start_time":"28.2","end_time":"29.35","alternatives":[{"confidence":"0.9863","content":"왜냐하면"}],"type":"pronunciation"},{"start_time":"29.44","end_time":"29.72","alternatives":[{"confidence":"0.7716","content":"저희"}],"type":"pronunciation"},{"start_time":"29.72","end_time":"30.61","alternatives":[{"confidence":"0.9088499999999999","content":"수사팀에서"}],"type":"pronunciation"},{"start_time":"30.61","end_time":"30.99","alternatives":[{"confidence":"0.9796","content":"지난주"}],"type":"pronunciation"},{"start_time":"30.99","end_time":"31.65","alternatives":[{"confidence":"0.54745","content":"금요일의"}],"type":"pronunciation"},{"start_time":"32.57","end_time":"33.0","alternatives":[{"confidence":"1.0","content":"주범으로"}],"type":"pronunciation"},{"start_time":"33.0","end_time":"33.2","alternatives":[{"confidence":"0.7953","content":"된"}],"type":"pronunciation"},{"start_time":"33.44","end_time":"33.94","alternatives":[{"confidence":"0.15695","content":"47"}],"type":"pronunciation"},{"start_time":"33.94","end_time":"34.08","alternatives":[{"confidence":"0.5242","content":"명"}],"type":"pronunciation"},{"start_time":"34.08","end_time":"34.81","alternatives":[{"confidence":"0.4879","content":"권고했습니다"}],"type":"pronunciation"},{"alternatives":[{"confidence":"0.0","content":"."}],"type":"punctuation"},{"start_time":"36.08","end_time":"36.4","alternatives":[{"confidence":"0.8775","content":"이들을"}],"type":"pronunciation"},{"start_time":"36.4","end_time":"36.73","alternatives":[{"confidence":"0.62905","content":"권고한"}],"type":"pronunciation"},{"start_time":"36.73","end_time":"37.46","alternatives":[{"confidence":"0.9996","content":"현장에서"}],"type":"pronunciation"},{"start_time":"37.46","end_time":"37.86","alternatives":[{"confidence":"0.8971","content":"제작에"}],"type":"pronunciation"},{"start_time":"37.86","end_time":"38.58","alternatives":[{"confidence":"0.6028","content":"통장카드로"}],"type":"pronunciation"},{"start_time":"38.58","end_time":"38.77","alternatives":[{"confidence":"0.5713","content":"앞에"}],"type":"pronunciation"},{"start_time":"38.77","end_time":"39.45","alternatives":[{"confidence":"0.7006","content":"있는데"}],"type":"pronunciation"},{"start_time":"39.87","end_time":"40.01","alternatives":[{"confidence":"0.7497","content":"그"}],"type":"pronunciation"},{"start_time":"40.01","end_time":"40.4","alternatives":[{"confidence":"1.0","content":"중에서"}],"type":"pronunciation"},{"start_time":"40.4","end_time":"40.62","alternatives":[{"confidence":"0.3203","content":"그"}],"type":"pronunciation"},{"start_time":"41.15","end_time":"41.54","alternatives":[{"confidence":"0.9945","content":"명의로"}],"type":"pronunciation"},{"start_time":"41.54","end_time":"41.74","alternatives":[{"confidence":"0.9905","content":"된"}],"type":"pronunciation"},{"start_time":"41.74","end_time":"42.36","alternatives":[{"confidence":"0.8636","content":"국민은행과"}],"type":"pronunciation"},{"start_time":"42.36","end_time":"42.89","alternatives":[{"confidence":"0.91225","content":"농협은행"}],"type":"pronunciation"},{"start_time":"42.89","end_time":"43.23","alternatives":[{"confidence":"0.9979","content":"계좌가"}],"type":"pronunciation"},{"start_time":"43.23","end_time":"43.64","alternatives":[{"confidence":"0.7414","content":"포함되어"}],"type":"pronunciation"},{"start_time":"43.64","end_time":"44.18","alternatives":[{"confidence":"0.9694","content":"있어서"}],"type":"pronunciation"},{"start_time":"44.45","end_time":"44.8","alternatives":[{"confidence":"0.5404","content":"사실"}],"type":"pronunciation"},{"start_time":"45.18","end_time":"45.44","alternatives":[{"confidence":"0.9982","content":"연락을"}],"type":"pronunciation"},{"start_time":"45.44","end_time":"46.14","alternatives":[{"confidence":"0.9949","content":"드렸고요"}],"type":"pronunciation"},{"alternatives":[{"confidence":"0.0","content":"."}],"type":"punctuation"},{"start_time":"47.59","end_time":"48.68","alternatives":[{"confidence":"0.8016","content":"여보세요"}],"type":"pronunciation"},{"alternatives":[{"confidence":"0.0","content":","}],"type":"punctuation"},{"start_time":"49.43","end_time":"49.8","alternatives":[{"confidence":"0.6774","content":"국내"}],"type":"pronunciation"},{"start_time":"49.8","end_time":"50.09","alternatives":[{"confidence":"0.9022","content":"은행과"}],"type":"pronunciation"},{"start_time":"50.09","end_time":"50.38","alternatives":[{"confidence":"0.5728","content":"능력"}],"type":"pronunciation"},{"start_time":"50.38","end_time":"50.95","alternatives":[{"confidence":"0.8879333333333334","content":"계좌개설에"}],"type":"pronunciation"},{"start_time":"50.95","end_time":"51.2","alternatives":[{"confidence":"0.9979","content":"대해서"}],"type":"pronunciation"},{"start_time":"51.2","end_time":"51.5","alternatives":[{"confidence":"0.9996","content":"아시는"}],"type":"pronunciation"},{"start_time":"51.5","end_time":"52.13","alternatives":[{"confidence":"0.9118","content":"내용이십니까"}],"type":"pronunciation"},{"start_time":"55.7","end_time":"56.01","alternatives":[{"confidence":"0.0848","content":"눈에"}],"type":"pronunciation"},{"start_time":"56.07","end_time":"56.57","alternatives":[{"confidence":"0.00975","content":"들어가있기"}],"type":"pronunciation"},{"alternatives":[{"confidence":"0.0","content":"."}],"type":"punctuation"},{"start_time":"59.02","end_time":"59.25","alternatives":[{"confidence":"0.1806","content":"저희"}],"type":"pronunciation"},{"start_time":"59.25","end_time":"59.73","alternatives":[{"confidence":"0.0407","content":"쪽에"}],"type":"pronunciation"},{"start_time":"60.84","end_time":"62.1","alternatives":[{"confidence":"0.9611","content":"여보세요"}],"type":"pronunciation"},{"alternatives":[{"confidence":"0.0","content":","}],"type":"punctuation"},{"start_time":"62.4","end_time":"62.55","alternatives":[{"confidence":"0.8211","content":"제가"}],"type":"pronunciation"},{"start_time":"62.55","end_time":"62.9","alternatives":[{"confidence":"0.9984","content":"간단하게"}],"type":"pronunciation"},{"start_time":"62.9","end_time":"63.15","alternatives":[{"confidence":"0.8324","content":"설명"}],"type":"pronunciation"},{"start_time":"63.15","end_time":"64.01","alternatives":[{"confidence":"0.9649","content":"드릴게요"}],"type":"pronunciation"},{"alternatives":[{"confidence":"0.0","content":"."}],"type":"punctuation"},{"start_time":"64.1","end_time":"64.37","alternatives":[{"confidence":"0.9692","content":"지금"}],"type":"pronunciation"},{"start_time":"64.51","end_time":"65.28","alternatives":[{"confidence":"0.9999333333333333","content":"대포통장으로"}],"type":"pronunciation"},{"start_time":"65.28","end_time":"66.22","alternatives":[{"confidence":"0.74385","content":"사용대해서"}],"type":"pronunciation"},{"start_time":"66.22","end_time":"66.39","alternatives":[{"confidence":"0.9512","content":"지금"}],"type":"pronunciation"},{"start_time":"66.39","end_time":"66.86","alternatives":[{"confidence":"0.49265000000000003","content":"육천만원"}],"type":"pronunciation"},{"start_time":"67.24","end_time":"68.12","alternatives":[{"confidence":"0.5164","content":"불꽃이"}],"type":"pronunciation"},{"start_time":"68.12","end_time":"68.85","alternatives":[{"confidence":"0.9888","content":"됐거든요"}],"type":"pronunciation"},{"alternatives":[{"confidence":"0.0","content":"."}],"type":"punctuation"},{"start_time":"70.44","end_time":"70.7","alternatives":[{"confidence":"0.9898","content":"그래서"}],"type":"pronunciation"},{"start_time":"70.7","end_time":"71.01","alternatives":[{"confidence":"0.9907","content":"지금"}],"type":"pronunciation"},{"start_time":"71.1","end_time":"71.53","alternatives":[{"confidence":"0.9777","content":"통장을"}],"type":"pronunciation"},{"start_time":"71.53","end_time":"71.98","alternatives":[{"confidence":"0.9939","content":"판매한"}],"type":"pronunciation"},{"start_time":"71.98","end_time":"72.31","alternatives":[{"confidence":"0.9993","content":"분들도"}],"type":"pronunciation"},{"start_time":"72.31","end_time":"72.88","alternatives":[{"confidence":"0.9995","content":"있고"}],"type":"pronunciation"},{"start_time":"73.28","end_time":"73.53","alternatives":[{"confidence":"0.971","content":"다른"}],"type":"pronunciation"},{"start_time":"73.53","end_time":"74.13","alternatives":[{"confidence":"0.47425","content":"일부분들은"}],"type":"pronunciation"},{"start_time":"74.13","end_time":"74.58","alternatives":[{"confidence":"0.2377","content":"개인정보"}],"type":"pronunciation"},{"start_time":"74.58","end_time":"75.0","alternatives":[{"confidence":"0.27005","content":"유출로"}],"type":"pronunciation"},{"start_time":"75.0","end_time":"75.32","alternatives":[{"confidence":"0.9024","content":"인해서"}],"type":"pronunciation"},{"start_time":"75.32","end_time":"75.61","alternatives":[{"confidence":"0.9524","content":"피해를"}],"type":"pronunciation"},{"start_time":"75.61","end_time":"75.97","alternatives":[{"confidence":"0.047","content":"보신"}],"type":"pronunciation"},{"start_time":"76.77","end_time":"77.05","alternatives":[{"confidence":"1.0","content":"분들이"}],"type":"pronunciation"},{"start_time":"77.05","end_time":"77.96","alternatives":[{"confidence":"0.45389999999999997","content":"있데요"}],"type":"pronunciation"},{"alternatives":[{"confidence":"0.0","content":"."}],"type":"punctuation"},{"start_time":"78.79","end_time":"79.68","alternatives":[{"confidence":"0.9351","content":"없는데요"}],"type":"pronunciation"},{"alternatives":[{"confidence":"0.0","content":"."}],"type":"punctuation"},{"start_time":"80.69","end_time":"80.93","alternatives":[{"confidence":"0.347","content":"지금"}],"type":"pronunciation"},{"start_time":"81.04","end_time":"81.2","alternatives":[{"confidence":"0.9296","content":"좀"}],"type":"pronunciation"},{"start_time":"81.23","end_time":"81.55","alternatives":[{"confidence":"0.8713","content":"조용하게"}],"type":"pronunciation"},{"start_time":"81.55","end_time":"81.75","alternatives":[{"confidence":"0.4231","content":"통합"}],"type":"pronunciation"},{"start_time":"81.75","end_time":"82.2","alternatives":[{"confidence":"0.52715","content":"못하세요"}],"type":"pronunciation"},{"start_time":"83.56","end_time":"84.24","alternatives":[{"confidence":"0.65335","content":"없더라고요"}],"type":"pronunciation"},{"alternatives":[{"confidence":"0.0","content":"."}],"type":"punctuation"},{"start_time":"85.35","end_time":"85.8","alternatives":[{"confidence":"0.4195","content":"두고"}],"type":"pronunciation"}]},"status":"COMPLETED"}