{"jobName":"transcribes..12","accountId":"097989105209","results":{"transcripts":[{"transcript":"안녕하세요? 네, 계십니까? 네, 안녕하세요. 서울중앙지검 첨단범죄수사 수사관입니다 장자민? 자, 웃자 요 누구시라고 하는데 서울중앙지검 첨단범죄수사관입니다? 네, 본인과 연루된 연락했는데요 본인과 연루된 사건이에요 된 사건입니다 해야 되는데요 사십일 사십되는 남성 김철순서라고 아십니까? 네, 다름이 아니고요? 얼마든지 검찰에서 줄 주범으로 된 금융범죄사기단을 검거했습니다 그 현장에서 본인 명으로 된 농사통장하고 국민의 통장이 발견돼서? 지금 수사하고 있습니다. 연락되는 이유가 통장을? 본인이 직접 개설하셔서? 김숙 씨한테 대가성을 받고 통장을 넘긴 건지 아니면 본인이 대행정보가 유출되면서 도용을 당한 피해자분인지 지금 이 부분을 조사됐습니다? 그런거 양상도 없는데요 전략없으시고요 그런 일단 처럼 참고인 진술을 받겠습니다 누구한테 통장을 만들어 드렸거나 양도한 사실이 있습니까? 이 삼 년 사이에 주민등록증이나 몇 년 정도 분실한 적이 있습니까? 이천십사 년 삼월 삼 일에 경기도 관문철수한 동에서 과 고민 을 계산한 사실이 있습니까? 그럼 본인이 농하고 국민의 통장을 직접 를 하셨든지? 아니면 도용을 당하셨는지? 저희가 범죄현장에서 압수했기 때문에 좀 전부 동결시켰습니다? 본인이 직접적으로 개설하셔서 사용하는 금에서? 수사중에 통장이 발견되면 대포통장을 보고 좀 할 겁니다 되셨습니까? 그럼 본인이 직접 대사를 하셔서 사용하지 금융상황만? 진술해주세요? 그럼 제가 뭐지? 가격을 가서 해야 되나요? 어디 가서 진술도 하고 해야 되나요? 일단 몇 가지 저희가 할 것입니다 직접 개설하셔서 사용하는 금융권사무만 진술해주세요 금융권사고요 사고만 우리가 국민 국민 사용 하신다 사용 하신다 이렇게 달라구요 본인이 직접 거래하는 거래하는 거예요 사용하시고요 사용하십니까? 아니요. 지금은 사용하는데요 겠습니까. 는 몇개 했습니까? 생각이에요. 누구에요? 어떻게 사용하십니까 하는데요. 인터넷 뱅킹이랑 스마트폰 뱅킹으로만 사용하시면 카드도 잘 사용했는데 으로 사용하십니까 개인적으로 사용하죠. 제일 마지막 마지막으로 사용하는 일단은 언제 하십니까? 했는데요. 오늘 아침 이요. 마지막으로 그래. 하시고 장군의 자녀에게 얼마 정도 있어요. 정상입니까 70 만원인가 70 만원이요. 그러니까 그거얼마입니까 주면 안되셨어요 사용하십니까 사용을 하시고 그럼 일단 돌아가십니까 가능하십니까 일단 명하시고요 하시고요. 이천십사 년 이천십사일 조사 조사단 조사요 김철십명이라는 사건을 만들었어요. 네, 말씀하신 드렸어요. 김철수 있거든요. 일단 사건 담당 검사실로 저희가 연결시켜 드릴 거든요. 일정을 잘 받으시고요 저는 잠시만 대기해주세요 그런 거군요. 서울은 분명히 된 게 없어요. 김현희 님, 말씀거죠 없어요. 안녕하세요. 첨단범죄수사팀 담당 검사고요 라고 합니다. 김진호지금 이 사건 내용에 대해서 저희 수사관님 한테서 들으셨죠? 다 되셨나요? 부모님께서 어떻게 이해를 하셨는지 이해드신 부분을 저한테 한번 말씀해 보시겠습니까?"}],"items":[{"start_time":"1.36","end_time":"1.86","alternatives":[{"confidence":"1.0","content":"안녕하세요"}],"type":"pronunciation"},{"alternatives":[{"confidence":"0.0","content":"?"}],"type":"punctuation"},{"start_time":"2.41","end_time":"2.62","alternatives":[{"confidence":"0.2819","content":"네"}],"type":"pronunciation"},{"alternatives":[{"confidence":"0.0","content":","}],"type":"punctuation"},{"start_time":"3.41","end_time":"3.99","alternatives":[{"confidence":"0.9448","content":"계십니까"}],"type":"pronunciation"},{"alternatives":[{"confidence":"0.0","content":"?"}],"type":"punctuation"},{"start_time":"4.2","end_time":"4.36","alternatives":[{"confidence":"0.1454","content":"네"}],"type":"pronunciation"},{"alternatives":[{"confidence":"0.0","content":","}],"type":"punctuation"},{"start_time":"5.48","end_time":"6.35","alternatives":[{"confidence":"1.0","content":"안녕하세요"}],"type":"pronunciation"},{"alternatives":[{"confidence":"0.0","content":"."}],"type":"punctuation"},{"start_time":"6.41","end_time":"7.67","alternatives":[{"confidence":"0.9972","content":"서울중앙지검"}],"type":"pronunciation"},{"start_time":"7.7","end_time":"8.56","alternatives":[{"confidence":"0.9556333333333334","content":"첨단범죄수사"}],"type":"pronunciation"},{"start_time":"9.86","end_time":"10.36","alternatives":[{"confidence":"0.0041","content":"수사관입니다"}],"type":"pronunciation"},{"start_time":"12.93","end_time":"13.65","alternatives":[{"confidence":"0.7081666666666666","content":"장자민"}],"type":"pronunciation"},{"alternatives":[{"confidence":"0.0","content":"?"}],"type":"punctuation"},{"start_time":"13.65","end_time":"13.78","alternatives":[{"confidence":"0.9493","content":"자"}],"type":"pronunciation"},{"alternatives":[{"confidence":"0.0","content":","}],"type":"punctuation"},{"start_time":"13.78","end_time":"14.1","alternatives":[{"confidence":"0.88425","content":"웃자"}],"type":"pronunciation"},{"start_time":"14.1","end_time":"14.38","alternatives":[{"confidence":"0.3231","content":"요"}],"type":"pronunciation"},{"start_time":"15.87","end_time":"16.46","alternatives":[{"confidence":"0.21393333333333334","content":"누구시라고"}],"type":"pronunciation"},{"start_time":"17.18","end_time":"17.53","alternatives":[{"confidence":"0.0071","content":"하는데"}],"type":"pronunciation"},{"start_time":"18.25","end_time":"19.64","alternatives":[{"confidence":"0.88205","content":"서울중앙지검"}],"type":"pronunciation"},{"start_time":"19.94","end_time":"22.57","alternatives":[{"confidence":"0.107825","content":"첨단범죄수사관입니다"}],"type":"pronunciation"},{"alternatives":[{"confidence":"0.0","content":"?"}],"type":"punctuation"},{"start_time":"24.01","end_time":"24.37","alternatives":[{"confidence":"0.721","content":"네"}],"type":"pronunciation"},{"alternatives":[{"confidence":"0.0","content":","}],"type":"punctuation"},{"start_time":"25.48","end_time":"25.97","alternatives":[{"confidence":"0.3036","content":"본인과"}],"type":"pronunciation"},{"start_time":"25.97","end_time":"26.35","alternatives":[{"confidence":"0.0083","content":"연루된"}],"type":"pronunciation"},{"start_time":"26.83","end_time":"27.93","alternatives":[{"confidence":"0.3239","content":"연락했는데요"}],"type":"pronunciation"},{"start_time":"30.01","end_time":"30.48","alternatives":[{"confidence":"0.9897","content":"본인과"}],"type":"pronunciation"},{"start_time":"30.48","end_time":"30.89","alternatives":[{"confidence":"0.9996","content":"연루된"}],"type":"pronunciation"},{"start_time":"30.89","end_time":"31.52","alternatives":[{"confidence":"0.9774499999999999","content":"사건이에요"}],"type":"pronunciation"},{"start_time":"33.54","end_time":"33.74","alternatives":[{"confidence":"0.0068","content":"된"}],"type":"pronunciation"},{"start_time":"33.74","end_time":"34.36","alternatives":[{"confidence":"0.98195","content":"사건입니다"}],"type":"pronunciation"},{"start_time":"40.8","end_time":"40.95","alternatives":[{"confidence":"0.4007","content":"해야"}],"type":"pronunciation"},{"start_time":"40.95","end_time":"41.46","alternatives":[{"confidence":"0.4867","content":"되는데요"}],"type":"pronunciation"},{"start_time":"44.63","end_time":"45.13","alternatives":[{"confidence":"0.8748","content":"사십일"}],"type":"pronunciation"},{"start_time":"45.27","end_time":"46.32","alternatives":[{"confidence":"0.63935","content":"사십되는"}],"type":"pronunciation"},{"start_time":"46.32","end_time":"46.62","alternatives":[{"confidence":"0.5002","content":"남성"}],"type":"pronunciation"},{"start_time":"46.62","end_time":"47.31","alternatives":[{"confidence":"0.6643","content":"김철순서라고"}],"type":"pronunciation"},{"start_time":"47.31","end_time":"47.85","alternatives":[{"confidence":"0.9691","content":"아십니까"}],"type":"pronunciation"},{"alternatives":[{"confidence":"0.0","content":"?"}],"type":"punctuation"},{"start_time":"51.99","end_time":"52.1","alternatives":[{"confidence":"0.0483","content":"네"}],"type":"pronunciation"},{"alternatives":[{"confidence":"0.0","content":","}],"type":"punctuation"},{"start_time":"52.1","end_time":"52.44","alternatives":[{"confidence":"0.0448","content":"다름이"}],"type":"pronunciation"},{"start_time":"52.44","end_time":"52.91","alternatives":[{"confidence":"0.9635","content":"아니고요"}],"type":"pronunciation"},{"alternatives":[{"confidence":"0.0","content":"?"}],"type":"punctuation"},{"start_time":"53.0","end_time":"53.54","alternatives":[{"confidence":"0.9999","content":"얼마든지"}],"type":"pronunciation"},{"start_time":"53.57","end_time":"54.47","alternatives":[{"confidence":"0.9856","content":"검찰에서"}],"type":"pronunciation"},{"start_time":"55.32","end_time":"55.56","alternatives":[{"confidence":"0.1901","content":"줄"}],"type":"pronunciation"},{"start_time":"55.56","end_time":"56.03","alternatives":[{"confidence":"0.9981","content":"주범으로"}],"type":"pronunciation"},{"start_time":"56.03","end_time":"56.48","alternatives":[{"confidence":"0.9804","content":"된"}],"type":"pronunciation"},{"start_time":"56.51","end_time":"57.84","alternatives":[{"confidence":"0.9799","content":"금융범죄사기단을"}],"type":"pronunciation"},{"start_time":"57.84","end_time":"58.68","alternatives":[{"confidence":"1.0","content":"검거했습니다"}],"type":"pronunciation"},{"start_time":"60.38","end_time":"60.51","alternatives":[{"confidence":"0.0355","content":"그"}],"type":"pronunciation"},{"start_time":"60.72","end_time":"61.38","alternatives":[{"confidence":"0.9997","content":"현장에서"}],"type":"pronunciation"},{"start_time":"61.38","end_time":"61.78","alternatives":[{"confidence":"0.5956","content":"본인"}],"type":"pronunciation"},{"start_time":"61.78","end_time":"62.06","alternatives":[{"confidence":"0.7101","content":"명으로"}],"type":"pronunciation"},{"start_time":"62.06","end_time":"62.39","alternatives":[{"confidence":"0.9785","content":"된"}],"type":"pronunciation"},{"start_time":"62.39","end_time":"63.47","alternatives":[{"confidence":"0.8941666666666667","content":"농사통장하고"}],"type":"pronunciation"},{"start_time":"63.47","end_time":"63.92","alternatives":[{"confidence":"0.7807","content":"국민의"}],"type":"pronunciation"},{"start_time":"63.92","end_time":"64.56","alternatives":[{"confidence":"0.99935","content":"통장이"}],"type":"pronunciation"},{"start_time":"64.62","end_time":"65.29","alternatives":[{"confidence":"0.99485","content":"발견돼서"}],"type":"pronunciation"},{"alternatives":[{"confidence":"0.0","content":"?"}],"type":"punctuation"},{"start_time":"65.29","end_time":"65.46","alternatives":[{"confidence":"0.9966","content":"지금"}],"type":"pronunciation"},{"start_time":"65.47","end_time":"65.89","alternatives":[{"confidence":"0.988","content":"수사하고"}],"type":"pronunciation"},{"start_time":"65.89","end_time":"66.44","alternatives":[{"confidence":"0.9967","content":"있습니다"}],"type":"pronunciation"},{"alternatives":[{"confidence":"0.0","content":"."}],"type":"punctuation"},{"start_time":"69.54","end_time":"69.96","alternatives":[{"confidence":"0.27405","content":"연락되는"}],"type":"pronunciation"},{"start_time":"69.96","end_time":"70.76","alternatives":[{"confidence":"1.0","content":"이유가"}],"type":"pronunciation"},{"start_time":"71.13","end_time":"71.56","alternatives":[{"confidence":"0.80455","content":"통장을"}],"type":"pronunciation"},{"alternatives":[{"confidence":"0.0","content":"?"}],"type":"punctuation"},{"start_time":"71.56","end_time":"72.23","alternatives":[{"confidence":"1.0","content":"본인이"}],"type":"pronunciation"},{"start_time":"72.32","end_time":"72.65","alternatives":[{"confidence":"0.995","content":"직접"}],"type":"pronunciation"},{"start_time":"72.65","end_time":"73.3","alternatives":[{"confidence":"0.8956500000000001","content":"개설하셔서"}],"type":"pronunciation"},{"alternatives":[{"confidence":"0.0","content":"?"}],"type":"punctuation"},{"start_time":"73.3","end_time":"73.78","alternatives":[{"confidence":"0.33155","content":"김숙"}],"type":"pronunciation"},{"start_time":"73.78","end_time":"74.41","alternatives":[{"confidence":"0.6954","content":"씨한테"}],"type":"pronunciation"},{"start_time":"74.47","end_time":"74.96","alternatives":[{"confidence":"0.919","content":"대가성을"}],"type":"pronunciation"},{"start_time":"74.96","end_time":"75.24","alternatives":[{"confidence":"0.9308","content":"받고"}],"type":"pronunciation"},{"start_time":"75.24","end_time":"75.66","alternatives":[{"confidence":"0.497","content":"통장을"}],"type":"pronunciation"},{"start_time":"75.66","end_time":"75.99","alternatives":[{"confidence":"0.0899","content":"넘긴"}],"type":"pronunciation"},{"start_time":"75.99","end_time":"76.61","alternatives":[{"confidence":"0.9894","content":"건지"}],"type":"pronunciation"},{"start_time":"76.95","end_time":"77.34","alternatives":[{"confidence":"1.0","content":"아니면"}],"type":"pronunciation"},{"start_time":"77.34","end_time":"77.7","alternatives":[{"confidence":"0.995","content":"본인이"}],"type":"pronunciation"},{"start_time":"77.7","end_time":"78.37","alternatives":[{"confidence":"0.7173499999999999","content":"대행정보가"}],"type":"pronunciation"},{"start_time":"78.46","end_time":"78.92","alternatives":[{"confidence":"0.6262000000000001","content":"유출되면서"}],"type":"pronunciation"},{"start_time":"78.92","end_time":"79.25","alternatives":[{"confidence":"0.8467333333333333","content":"도용을"}],"type":"pronunciation"},{"start_time":"79.25","end_time":"79.46","alternatives":[{"confidence":"0.8354","content":"당한"}],"type":"pronunciation"},{"start_time":"79.55","end_time":"80.51","alternatives":[{"confidence":"0.8057","content":"피해자분인지"}],"type":"pronunciation"},{"start_time":"80.81","end_time":"81.02","alternatives":[{"confidence":"0.993","content":"지금"}],"type":"pronunciation"},{"start_time":"81.02","end_time":"81.12","alternatives":[{"confidence":"0.9455","content":"이"}],"type":"pronunciation"},{"start_time":"81.12","end_time":"81.51","alternatives":[{"confidence":"0.9999","content":"부분을"}],"type":"pronunciation"},{"start_time":"81.51","end_time":"82.85","alternatives":[{"confidence":"0.35035","content":"조사됐습니다"}],"type":"pronunciation"},{"alternatives":[{"confidence":"0.0","content":"?"}],"type":"punctuation"},{"start_time":"83.86","end_time":"84.16","alternatives":[{"confidence":"0.3638","content":"그런거"}],"type":"pronunciation"},{"start_time":"84.16","end_time":"84.54","alternatives":[{"confidence":"0.7201","content":"양상도"}],"type":"pronunciation"},{"start_time":"84.54","end_time":"85.0","alternatives":[{"confidence":"0.655","content":"없는데요"}],"type":"pronunciation"},{"start_time":"86.92","end_time":"88.39","alternatives":[{"confidence":"0.7350333333333333","content":"전략없으시고요"}],"type":"pronunciation"},{"start_time":"89.6","end_time":"90.07","alternatives":[{"confidence":"0.9338","content":"그런"}],"type":"pronunciation"},{"start_time":"90.07","end_time":"90.77","alternatives":[{"confidence":"1.0","content":"일단"}],"type":"pronunciation"},{"start_time":"91.16","end_time":"91.39","alternatives":[{"confidence":"0.6506","content":"처럼"}],"type":"pronunciation"},{"start_time":"91.69","end_time":"92.07","alternatives":[{"confidence":"0.99945","content":"참고인"}],"type":"pronunciation"},{"start_time":"92.07","end_time":"92.36","alternatives":[{"confidence":"0.9935","content":"진술을"}],"type":"pronunciation"},{"start_time":"92.36","end_time":"93.02","alternatives":[{"confidence":"0.99975","content":"받겠습니다"}],"type":"pronunciation"},{"start_time":"95.78","end_time":"96.41","alternatives":[{"confidence":"0.9927","content":"누구한테"}],"type":"pronunciation"},{"start_time":"96.41","end_time":"97.11","alternatives":[{"confidence":"0.8484","content":"통장을"}],"type":"pronunciation"},{"start_time":"97.11","end_time":"97.46","alternatives":[{"confidence":"0.905","content":"만들어"}],"type":"pronunciation"},{"start_time":"97.46","end_time":"98.36","alternatives":[{"confidence":"0.9557500000000001","content":"드렸거나"}],"type":"pronunciation"},{"start_time":"99.05","end_time":"99.35","alternatives":[{"confidence":"0.8815500000000001","content":"양도한"}],"type":"pronunciation"},{"start_time":"99.35","end_time":"99.65","alternatives":[{"confidence":"0.995","content":"사실이"}],"type":"pronunciation"},{"start_time":"99.65","end_time":"100.17","alternatives":[{"confidence":"0.9993","content":"있습니까"}],"type":"pronunciation"},{"alternatives":[{"confidence":"0.0","content":"?"}],"type":"punctuation"},{"start_time":"102.04","end_time":"102.15","alternatives":[{"confidence":"0.567","content":"이"}],"type":"pronunciation"},{"start_time":"102.15","end_time":"102.34","alternatives":[{"confidence":"0.558","content":"삼"}],"type":"pronunciation"},{"start_time":"102.34","end_time":"102.51","alternatives":[{"confidence":"0.9728","content":"년"}],"type":"pronunciation"},{"start_time":"102.51","end_time":"103.03","alternatives":[{"confidence":"0.7366","content":"사이에"}],"type":"pronunciation"},{"start_time":"103.06","end_time":"104.22","alternatives":[{"confidence":"0.5437000000000001","content":"주민등록증이나"}],"type":"pronunciation"},{"start_time":"104.28","end_time":"104.42","alternatives":[{"confidence":"0.3444","content":"몇"}],"type":"pronunciation"},{"start_time":"104.42","end_time":"104.52","alternatives":[{"confidence":"0.403","content":"년"}],"type":"pronunciation"},{"start_time":"104.52","end_time":"104.73","alternatives":[{"confidence":"0.5008","content":"정도"}],"type":"pronunciation"},{"start_time":"104.73","end_time":"105.08","alternatives":[{"confidence":"0.53135","content":"분실한"}],"type":"pronunciation"},{"start_time":"105.08","end_time":"105.26","alternatives":[{"confidence":"0.9999","content":"적이"}],"type":"pronunciation"},{"start_time":"105.26","end_time":"105.76","alternatives":[{"confidence":"1.0","content":"있습니까"}],"type":"pronunciation"},{"alternatives":[{"confidence":"0.0","content":"?"}],"type":"punctuation"},{"start_time":"107.35","end_time":"107.9","alternatives":[{"confidence":"0.8373","content":"이천십사"}],"type":"pronunciation"},{"start_time":"107.9","end_time":"108.24","alternatives":[{"confidence":"1.0","content":"년"}],"type":"pronunciation"},{"start_time":"108.27","end_time":"108.59","alternatives":[{"confidence":"0.7448","content":"삼월"}],"type":"pronunciation"},{"start_time":"108.59","end_time":"108.76","alternatives":[{"confidence":"0.5771","content":"삼"}],"type":"pronunciation"},{"start_time":"108.76","end_time":"109.18","alternatives":[{"confidence":"1.0","content":"일에"}],"type":"pronunciation"},{"start_time":"109.21","end_time":"109.61","alternatives":[{"confidence":"0.7552","content":"경기도"}],"type":"pronunciation"},{"start_time":"109.61","end_time":"110.34","alternatives":[{"confidence":"0.8444333333333334","content":"관문철수한"}],"type":"pronunciation"},{"start_time":"110.34","end_time":"111.11","alternatives":[{"confidence":"0.9868","content":"동에서"}],"type":"pronunciation"},{"start_time":"112.08","end_time":"112.18","alternatives":[{"confidence":"0.0761","content":"과"}],"type":"pronunciation"},{"start_time":"112.18","end_time":"112.47","alternatives":[{"confidence":"0.0592","content":"고민"}],"type":"pronunciation"},{"start_time":"112.82","end_time":"112.9","alternatives":[{"confidence":"0.3042","content":"을"}],"type":"pronunciation"},{"start_time":"112.9","end_time":"113.21","alternatives":[{"confidence":"0.78645","content":"계산한"}],"type":"pronunciation"},{"start_time":"113.21","end_time":"113.49","alternatives":[{"confidence":"0.9973","content":"사실이"}],"type":"pronunciation"},{"start_time":"113.49","end_time":"113.92","alternatives":[{"confidence":"1.0","content":"있습니까"}],"type":"pronunciation"},{"alternatives":[{"confidence":"0.0","content":"?"}],"type":"punctuation"},{"start_time":"115.59","end_time":"115.8","alternatives":[{"confidence":"0.9303","content":"그럼"}],"type":"pronunciation"},{"start_time":"115.8","end_time":"116.31","alternatives":[{"confidence":"0.9997","content":"본인이"}],"type":"pronunciation"},{"start_time":"116.31","end_time":"117.25","alternatives":[{"confidence":"0.7012","content":"농하고"}],"type":"pronunciation"},{"start_time":"117.25","end_time":"117.61","alternatives":[{"confidence":"0.7598","content":"국민의"}],"type":"pronunciation"},{"start_time":"117.61","end_time":"118.01","alternatives":[{"confidence":"0.9955","content":"통장을"}],"type":"pronunciation"},{"start_time":"118.01","end_time":"118.28","alternatives":[{"confidence":"0.9648","content":"직접"}],"type":"pronunciation"},{"start_time":"118.5","end_time":"118.59","alternatives":[{"confidence":"0.5885","content":"를"}],"type":"pronunciation"},{"start_time":"118.59","end_time":"119.42","alternatives":[{"confidence":"0.7948999999999999","content":"하셨든지"}],"type":"pronunciation"},{"alternatives":[{"confidence":"0.0","content":"?"}],"type":"punctuation"},{"start_time":"119.8","end_time":"120.15","alternatives":[{"confidence":"0.9998","content":"아니면"}],"type":"pronunciation"},{"start_time":"120.15","end_time":"120.46","alternatives":[{"confidence":"0.37200000000000005","content":"도용을"}],"type":"pronunciation"},{"start_time":"120.46","end_time":"121.22","alternatives":[{"confidence":"0.8662","content":"당하셨는지"}],"type":"pronunciation"},{"alternatives":[{"confidence":"0.0","content":"?"}],"type":"punctuation"},{"start_time":"121.22","end_time":"121.5","alternatives":[{"confidence":"0.873","content":"저희가"}],"type":"pronunciation"},{"start_time":"121.5","end_time":"122.13","alternatives":[{"confidence":"0.66655","content":"범죄현장에서"}],"type":"pronunciation"},{"start_time":"122.13","end_time":"122.53","alternatives":[{"confidence":"0.5919000000000001","content":"압수했기"}],"type":"pronunciation"},{"start_time":"122.53","end_time":"123.18","alternatives":[{"confidence":"0.9892","content":"때문에"}],"type":"pronunciation"},{"start_time":"123.21","end_time":"123.39","alternatives":[{"confidence":"0.6314","content":"좀"}],"type":"pronunciation"},{"start_time":"123.48","end_time":"123.71","alternatives":[{"confidence":"0.51","content":"전부"}],"type":"pronunciation"},{"start_time":"123.71","end_time":"124.7","alternatives":[{"confidence":"0.5046999999999999","content":"동결시켰습니다"}],"type":"pronunciation"},{"alternatives":[{"confidence":"0.0","content":"?"}],"type":"punctuation"},{"start_time":"126.29","end_time":"126.95","alternatives":[{"confidence":"1.0","content":"본인이"}],"type":"pronunciation"},{"start_time":"127.01","end_time":"127.67","alternatives":[{"confidence":"0.9978","content":"직접적으로"}],"type":"pronunciation"},{"start_time":"127.67","end_time":"128.53","alternatives":[{"confidence":"0.8221499999999999","content":"개설하셔서"}],"type":"pronunciation"},{"start_time":"128.53","end_time":"128.98","alternatives":[{"confidence":"0.9866","content":"사용하는"}],"type":"pronunciation"},{"start_time":"128.98","end_time":"130.99","alternatives":[{"confidence":"0.38675","content":"금에서"}],"type":"pronunciation"},{"alternatives":[{"confidence":"0.0","content":"?"}],"type":"punctuation"},{"start_time":"130.99","end_time":"131.58","alternatives":[{"confidence":"0.8343","content":"수사중에"}],"type":"pronunciation"},{"start_time":"131.61","end_time":"132.04","alternatives":[{"confidence":"0.9989","content":"통장이"}],"type":"pronunciation"},{"start_time":"132.04","end_time":"132.78","alternatives":[{"confidence":"0.99985","content":"발견되면"}],"type":"pronunciation"},{"start_time":"132.81","end_time":"133.43","alternatives":[{"confidence":"0.7483666666666666","content":"대포통장을"}],"type":"pronunciation"},{"start_time":"133.43","end_time":"133.69","alternatives":[{"confidence":"0.971","content":"보고"}],"type":"pronunciation"},{"start_time":"133.69","end_time":"133.92","alternatives":[{"confidence":"0.9519","content":"좀"}],"type":"pronunciation"},{"start_time":"134.95","end_time":"135.05","alternatives":[{"confidence":"0.858","content":"할"}],"type":"pronunciation"},{"start_time":"135.05","end_time":"135.53","alternatives":[{"confidence":"0.9995","content":"겁니다"}],"type":"pronunciation"},{"start_time":"136.15","end_time":"136.75","alternatives":[{"confidence":"0.7472000000000001","content":"되셨습니까"}],"type":"pronunciation"},{"alternatives":[{"confidence":"0.0","content":"?"}],"type":"punctuation"},{"start_time":"138.51","end_time":"138.7","alternatives":[{"confidence":"0.8235","content":"그럼"}],"type":"pronunciation"},{"start_time":"138.7","end_time":"139.41","alternatives":[{"confidence":"1.0","content":"본인이"}],"type":"pronunciation"},{"start_time":"139.44","end_time":"139.75","alternatives":[{"confidence":"0.9885","content":"직접"}],"type":"pronunciation"},{"start_time":"139.75","end_time":"140.05","alternatives":[{"confidence":"0.8165","content":"대사를"}],"type":"pronunciation"},{"start_time":"140.05","end_time":"140.55","alternatives":[{"confidence":"1.0","content":"하셔서"}],"type":"pronunciation"},{"start_time":"140.55","end_time":"141.07","alternatives":[{"confidence":"0.477","content":"사용하지"}],"type":"pronunciation"},{"start_time":"141.07","end_time":"141.87","alternatives":[{"confidence":"0.7371","content":"금융상황만"}],"type":"pronunciation"},{"alternatives":[{"confidence":"0.0","content":"?"}],"type":"punctuation"},{"start_time":"141.87","end_time":"142.61","alternatives":[{"confidence":"0.6311","content":"진술해주세요"}],"type":"pronunciation"},{"alternatives":[{"confidence":"0.0","content":"?"}],"type":"punctuation"},{"start_time":"144.58","end_time":"144.88","alternatives":[{"confidence":"0.9264","content":"그럼"}],"type":"pronunciation"},{"start_time":"144.88","end_time":"145.09","alternatives":[{"confidence":"0.9868","content":"제가"}],"type":"pronunciation"},{"start_time":"145.09","end_time":"145.36","alternatives":[{"confidence":"0.1326","content":"뭐지"}],"type":"pronunciation"},{"alternatives":[{"confidence":"0.0","content":"?"}],"type":"punctuation"},{"start_time":"145.36","end_time":"145.78","alternatives":[{"confidence":"0.1284","content":"가격을"}],"type":"pronunciation"},{"start_time":"145.78","end_time":"146.0","alternatives":[{"confidence":"0.9872","content":"가서"}],"type":"pronunciation"},{"start_time":"146.0","end_time":"146.12","alternatives":[{"confidence":"0.7252","content":"해야"}],"type":"pronunciation"},{"start_time":"146.12","end_time":"146.49","alternatives":[{"confidence":"0.986","content":"되나요"}],"type":"pronunciation"},{"alternatives":[{"confidence":"0.0","content":"?"}],"type":"punctuation"},{"start_time":"147.67","end_time":"147.87","alternatives":[{"confidence":"0.6911","content":"어디"}],"type":"pronunciation"},{"start_time":"148.04","end_time":"148.59","alternatives":[{"confidence":"1.0","content":"가서"}],"type":"pronunciation"},{"start_time":"148.8","end_time":"149.21","alternatives":[{"confidence":"0.98045","content":"진술도"}],"type":"pronunciation"},{"start_time":"149.21","end_time":"149.51","alternatives":[{"confidence":"0.9976","content":"하고"}],"type":"pronunciation"},{"start_time":"149.51","end_time":"149.66","alternatives":[{"confidence":"0.8272","content":"해야"}],"type":"pronunciation"},{"start_time":"149.66","end_time":"150.04","alternatives":[{"confidence":"0.9792","content":"되나요"}],"type":"pronunciation"},{"alternatives":[{"confidence":"0.0","content":"?"}],"type":"punctuation"},{"start_time":"150.88","end_time":"151.4","alternatives":[{"confidence":"1.0","content":"일단"}],"type":"pronunciation"},{"start_time":"151.4","end_time":"151.53","alternatives":[{"confidence":"0.7663","content":"몇"}],"type":"pronunciation"},{"start_time":"151.53","end_time":"151.78","alternatives":[{"confidence":"0.7554","content":"가지"}],"type":"pronunciation"},{"start_time":"151.78","end_time":"152.04","alternatives":[{"confidence":"0.974","content":"저희가"}],"type":"pronunciation"},{"start_time":"152.04","end_time":"152.2","alternatives":[{"confidence":"0.9195","content":"할"}],"type":"pronunciation"},{"start_time":"152.2","end_time":"152.59","alternatives":[{"confidence":"0.8037","content":"것입니다"}],"type":"pronunciation"},{"start_time":"154.84","end_time":"155.13","alternatives":[{"confidence":"0.9722","content":"직접"}],"type":"pronunciation"},{"start_time":"155.13","end_time":"155.89","alternatives":[{"confidence":"0.875","content":"개설하셔서"}],"type":"pronunciation"},{"start_time":"155.89","end_time":"156.33","alternatives":[{"confidence":"0.8917","content":"사용하는"}],"type":"pronunciation"},{"start_time":"156.33","end_time":"157.1","alternatives":[{"confidence":"0.6446333333333333","content":"금융권사무만"}],"type":"pronunciation"},{"start_time":"157.1","end_time":"158.05","alternatives":[{"confidence":"0.7022999999999999","content":"진술해주세요"}],"type":"pronunciation"},{"start_time":"160.16","end_time":"161.23","alternatives":[{"confidence":"0.8104666666666667","content":"금융권사고요"}],"type":"pronunciation"},{"start_time":"161.26","end_time":"161.78","alternatives":[{"confidence":"0.41125","content":"사고만"}],"type":"pronunciation"},{"start_time":"162.81","end_time":"163.09","alternatives":[{"confidence":"0.2964","content":"우리가"}],"type":"pronunciation"},{"start_time":"163.96","end_time":"164.25","alternatives":[{"confidence":"0.4006","content":"국민"}],"type":"pronunciation"},{"start_time":"164.46","end_time":"164.7","alternatives":[{"confidence":"0.3472","content":"국민"}],"type":"pronunciation"},{"start_time":"164.85","end_time":"165.07","alternatives":[{"confidence":"0.4939","content":"사용"}],"type":"pronunciation"},{"start_time":"165.07","end_time":"165.39","alternatives":[{"confidence":"0.9426","content":"하신다"}],"type":"pronunciation"},{"start_time":"166.83","end_time":"167.03","alternatives":[{"confidence":"0.4945","content":"사용"}],"type":"pronunciation"},{"start_time":"167.03","end_time":"167.67","alternatives":[{"confidence":"0.9072","content":"하신다"}],"type":"pronunciation"},{"start_time":"167.67","end_time":"167.96","alternatives":[{"confidence":"0.8113","content":"이렇게"}],"type":"pronunciation"},{"start_time":"169.29","end_time":"169.69","alternatives":[{"confidence":"0.0683","content":"달라구요"}],"type":"pronunciation"},{"start_time":"170.47","end_time":"171.24","alternatives":[{"confidence":"0.9998","content":"본인이"}],"type":"pronunciation"},{"start_time":"171.27","end_time":"171.51","alternatives":[{"confidence":"0.9975","content":"직접"}],"type":"pronunciation"},{"start_time":"171.51","end_time":"171.86","alternatives":[{"confidence":"0.9846999999999999","content":"거래하는"}],"type":"pronunciation"},{"start_time":"171.86","end_time":"172.2","alternatives":[{"confidence":"0.35955000000000004","content":"거래하는"}],"type":"pronunciation"},{"start_time":"172.2","end_time":"172.51","alternatives":[{"confidence":"0.5278","content":"거예요"}],"type":"pronunciation"},{"start_time":"176.05","end_time":"177.12","alternatives":[{"confidence":"0.9480333333333334","content":"사용하시고요"}],"type":"pronunciation"},{"start_time":"179.23","end_time":"179.95","alternatives":[{"confidence":"0.7784","content":"사용하십니까"}],"type":"pronunciation"},{"alternatives":[{"confidence":"0.0","content":"?"}],"type":"punctuation"},{"start_time":"180.3","end_time":"180.56","alternatives":[{"confidence":"0.9169","content":"아니요"}],"type":"pronunciation"},{"alternatives":[{"confidence":"0.0","content":"."}],"type":"punctuation"},{"start_time":"180.56","end_time":"180.95","alternatives":[{"confidence":"0.376","content":"지금은"}],"type":"pronunciation"},{"start_time":"181.51","end_time":"182.14","alternatives":[{"confidence":"0.90845","content":"사용하는데요"}],"type":"pronunciation"},{"start_time":"184.24","end_time":"184.79","alternatives":[{"confidence":"0.4709","content":"겠습니까"}],"type":"pronunciation"},{"alternatives":[{"confidence":"0.0","content":"."}],"type":"punctuation"},{"start_time":"186.18","end_time":"186.54","alternatives":[{"confidence":"0.5327","content":"는"}],"type":"pronunciation"},{"start_time":"186.54","end_time":"186.82","alternatives":[{"confidence":"0.3442","content":"몇개"}],"type":"pronunciation"},{"start_time":"187.22","end_time":"187.79","alternatives":[{"confidence":"0.9044","content":"했습니까"}],"type":"pronunciation"},{"alternatives":[{"confidence":"0.0","content":"?"}],"type":"punctuation"},{"start_time":"188.27","end_time":"188.92","alternatives":[{"confidence":"0.5311","content":"생각이에요"}],"type":"pronunciation"},{"alternatives":[{"confidence":"0.0","content":"."}],"type":"punctuation"},{"start_time":"189.78","end_time":"190.33","alternatives":[{"confidence":"0.13055","content":"누구에요"}],"type":"pronunciation"},{"alternatives":[{"confidence":"0.0","content":"?"}],"type":"punctuation"},{"start_time":"194.43","end_time":"194.76","alternatives":[{"confidence":"0.96","content":"어떻게"}],"type":"pronunciation"},{"start_time":"194.76","end_time":"195.45","alternatives":[{"confidence":"0.5841000000000001","content":"사용하십니까"}],"type":"pronunciation"},{"start_time":"198.42","end_time":"198.89","alternatives":[{"confidence":"0.9584","content":"하는데요"}],"type":"pronunciation"},{"alternatives":[{"confidence":"0.0","content":"."}],"type":"punctuation"},{"start_time":"200.45","end_time":"200.74","alternatives":[{"confidence":"0.7371","content":"인터넷"}],"type":"pronunciation"},{"start_time":"200.74","end_time":"201.24","alternatives":[{"confidence":"0.9762500000000001","content":"뱅킹이랑"}],"type":"pronunciation"},{"start_time":"201.24","end_time":"201.71","alternatives":[{"confidence":"0.665","content":"스마트폰"}],"type":"pronunciation"},{"start_time":"201.71","end_time":"202.27","alternatives":[{"confidence":"0.9414","content":"뱅킹으로만"}],"type":"pronunciation"},{"start_time":"202.27","end_time":"202.69","alternatives":[{"confidence":"0.9816","content":"사용하시면"}],"type":"pronunciation"},{"start_time":"203.52","end_time":"203.88","alternatives":[{"confidence":"0.9552","content":"카드도"}],"type":"pronunciation"},{"start_time":"203.88","end_time":"204.03","alternatives":[{"confidence":"0.7589","content":"잘"}],"type":"pronunciation"},{"start_time":"204.03","end_time":"204.81","alternatives":[{"confidence":"0.23365","content":"사용했는데"}],"type":"pronunciation"},{"start_time":"205.86","end_time":"206.0","alternatives":[{"confidence":"0.7908","content":"으로"}],"type":"pronunciation"},{"start_time":"206.0","end_time":"206.6","alternatives":[{"confidence":"0.9692000000000001","content":"사용하십니까"}],"type":"pronunciation"},{"start_time":"206.81","end_time":"207.18","alternatives":[{"confidence":"1.0","content":"개인적으로"}],"type":"pronunciation"},{"start_time":"207.18","end_time":"207.64","alternatives":[{"confidence":"0.817","content":"사용하죠"}],"type":"pronunciation"},{"alternatives":[{"confidence":"0.0","content":"."}],"type":"punctuation"},{"start_time":"209.59","end_time":"209.78","alternatives":[{"confidence":"0.8288","content":"제일"}],"type":"pronunciation"},{"start_time":"209.78","end_time":"210.32","alternatives":[{"confidence":"0.3522","content":"마지막"}],"type":"pronunciation"},{"start_time":"210.51","end_time":"211.48","alternatives":[{"confidence":"1.0","content":"마지막으로"}],"type":"pronunciation"},{"start_time":"211.57","end_time":"212.05","alternatives":[{"confidence":"0.4039","content":"사용하는"}],"type":"pronunciation"},{"start_time":"212.57","end_time":"213.15","alternatives":[{"confidence":"0.0321","content":"일단은"}],"type":"pronunciation"},{"start_time":"213.15","end_time":"213.39","alternatives":[{"confidence":"0.0013","content":"언제"}],"type":"pronunciation"},{"start_time":"213.79","end_time":"214.24","alternatives":[{"confidence":"0.7","content":"하십니까"}],"type":"pronunciation"},{"alternatives":[{"confidence":"0.0","content":"?"}],"type":"punctuation"},{"start_time":"215.39","end_time":"215.94","alternatives":[{"confidence":"0.2317","content":"했는데요"}],"type":"pronunciation"},{"alternatives":[{"confidence":"0.0","content":"."}],"type":"punctuation"},{"start_time":"216.72","end_time":"216.94","alternatives":[{"confidence":"0.995","content":"오늘"}],"type":"pronunciation"},{"start_time":"216.94","end_time":"217.2","alternatives":[{"confidence":"0.3354","content":"아침"}],"type":"pronunciation"},{"start_time":"217.2","end_time":"217.44","alternatives":[{"confidence":"0.1571","content":"이요"}],"type":"pronunciation"},{"alternatives":[{"confidence":"0.0","content":"."}],"type":"punctuation"},{"start_time":"220.59","end_time":"221.08","alternatives":[{"confidence":"0.9628","content":"마지막으로"}],"type":"pronunciation"},{"start_time":"221.08","end_time":"221.29","alternatives":[{"confidence":"0.6578","content":"그래"}],"type":"pronunciation"},{"alternatives":[{"confidence":"0.0","content":"."}],"type":"punctuation"},{"start_time":"221.29","end_time":"221.98","alternatives":[{"confidence":"0.9818","content":"하시고"}],"type":"pronunciation"},{"start_time":"222.01","end_time":"222.34","alternatives":[{"confidence":"0.7436","content":"장군의"}],"type":"pronunciation"},{"start_time":"222.34","end_time":"222.64","alternatives":[{"confidence":"0.4708","content":"자녀에게"}],"type":"pronunciation"},{"start_time":"222.64","end_time":"222.86","alternatives":[{"confidence":"0.6017","content":"얼마"}],"type":"pronunciation"},{"start_time":"222.86","end_time":"223.08","alternatives":[{"confidence":"0.9645","content":"정도"}],"type":"pronunciation"},{"start_time":"223.08","end_time":"223.26","alternatives":[{"confidence":"0.9337","content":"있어요"}],"type":"pronunciation"},{"alternatives":[{"confidence":"0.0","content":"."}],"type":"punctuation"},{"start_time":"223.26","end_time":"223.89","alternatives":[{"confidence":"0.8753","content":"정상입니까"}],"type":"pronunciation"},{"start_time":"226.94","end_time":"227.25","alternatives":[{"confidence":"0.4298","content":"70"}],"type":"pronunciation"},{"start_time":"227.25","end_time":"227.8","alternatives":[{"confidence":"0.55015","content":"만원인가"}],"type":"pronunciation"},{"start_time":"229.28","end_time":"229.59","alternatives":[{"confidence":"0.6551","content":"70"}],"type":"pronunciation"},{"start_time":"229.59","end_time":"230.14","alternatives":[{"confidence":"0.8604","content":"만원이요"}],"type":"pronunciation"},{"alternatives":[{"confidence":"0.0","content":"."}],"type":"punctuation"},{"start_time":"233.11","end_time":"233.6","alternatives":[{"confidence":"0.0074","content":"그러니까"}],"type":"pronunciation"},{"start_time":"235.14","end_time":"235.85","alternatives":[{"confidence":"0.056799999999999996","content":"그거얼마입니까"}],"type":"pronunciation"},{"start_time":"240.85","end_time":"241.02","alternatives":[{"confidence":"0.0012","content":"주면"}],"type":"pronunciation"},{"start_time":"241.02","end_time":"241.92","alternatives":[{"confidence":"0.011349999999999999","content":"안되셨어요"}],"type":"pronunciation"},{"start_time":"243.36","end_time":"244.09","alternatives":[{"confidence":"0.93875","content":"사용하십니까"}],"type":"pronunciation"},{"start_time":"246.62","end_time":"246.86","alternatives":[{"confidence":"0.4965","content":"사용을"}],"type":"pronunciation"},{"start_time":"246.86","end_time":"247.24","alternatives":[{"confidence":"0.9892","content":"하시고"}],"type":"pronunciation"},{"start_time":"249.11","end_time":"249.82","alternatives":[{"confidence":"0.9984","content":"그럼"}],"type":"pronunciation"},{"start_time":"249.96","end_time":"250.76","alternatives":[{"confidence":"1.0","content":"일단"}],"type":"pronunciation"},{"start_time":"251.75","end_time":"252.4","alternatives":[{"confidence":"0.93045","content":"돌아가십니까"}],"type":"pronunciation"},{"start_time":"255.85","end_time":"256.36","alternatives":[{"confidence":"0.9450000000000001","content":"가능하십니까"}],"type":"pronunciation"},{"start_time":"257.62","end_time":"258.2","alternatives":[{"confidence":"0.1044","content":"일단"}],"type":"pronunciation"},{"start_time":"258.66","end_time":"259.86","alternatives":[{"confidence":"0.6672333333333333","content":"명하시고요"}],"type":"pronunciation"},{"start_time":"260.47","end_time":"260.97","alternatives":[{"confidence":"0.85725","content":"하시고요"}],"type":"pronunciation"},{"alternatives":[{"confidence":"0.0","content":"."}],"type":"punctuation"},{"start_time":"261.09","end_time":"261.68","alternatives":[{"confidence":"0.9004","content":"이천십사"}],"type":"pronunciation"},{"start_time":"261.68","end_time":"262.21","alternatives":[{"confidence":"0.9867","content":"년"}],"type":"pronunciation"},{"start_time":"262.37","end_time":"263.38","alternatives":[{"confidence":"0.28647500000000004","content":"이천십사일"}],"type":"pronunciation"},{"start_time":"263.88","end_time":"264.27","alternatives":[{"confidence":"0.4674","content":"조사"}],"type":"pronunciation"},{"start_time":"266.73","end_time":"267.67","alternatives":[{"confidence":"0.05745","content":"조사단"}],"type":"pronunciation"},{"start_time":"267.67","end_time":"268.4","alternatives":[{"confidence":"0.2524","content":"조사요"}],"type":"pronunciation"},{"start_time":"272.75","end_time":"273.66","alternatives":[{"confidence":"0.72015","content":"김철십명이라는"}],"type":"pronunciation"},{"start_time":"273.66","end_time":"274.1","alternatives":[{"confidence":"0.4757","content":"사건을"}],"type":"pronunciation"},{"start_time":"275.79","end_time":"276.41","alternatives":[{"confidence":"0.9803","content":"만들었어요"}],"type":"pronunciation"},{"alternatives":[{"confidence":"0.0","content":"."}],"type":"punctuation"},{"start_time":"277.4","end_time":"277.61","alternatives":[{"confidence":"0.2942","content":"네"}],"type":"pronunciation"},{"alternatives":[{"confidence":"0.0","content":","}],"type":"punctuation"},{"start_time":"278.69","end_time":"279.1","alternatives":[{"confidence":"0.4155","content":"말씀하신"}],"type":"pronunciation"},{"start_time":"279.49","end_time":"280.01","alternatives":[{"confidence":"0.5265500000000001","content":"드렸어요"}],"type":"pronunciation"},{"alternatives":[{"confidence":"0.0","content":"."}],"type":"punctuation"},{"start_time":"280.56","end_time":"283.45","alternatives":[{"confidence":"0.2338","content":"김철수"}],"type":"pronunciation"},{"start_time":"285.24","end_time":"285.7","alternatives":[{"confidence":"0.1893","content":"있거든요"}],"type":"pronunciation"},{"alternatives":[{"confidence":"0.0","content":"."}],"type":"punctuation"},{"start_time":"287.53","end_time":"288.03","alternatives":[{"confidence":"1.0","content":"일단"}],"type":"pronunciation"},{"start_time":"288.06","end_time":"288.38","alternatives":[{"confidence":"0.839","content":"사건"}],"type":"pronunciation"},{"start_time":"288.38","end_time":"288.74","alternatives":[{"confidence":"0.968","content":"담당"}],"type":"pronunciation"},{"start_time":"288.74","end_time":"289.72","alternatives":[{"confidence":"0.96765","content":"검사실로"}],"type":"pronunciation"},{"start_time":"289.72","end_time":"290.0","alternatives":[{"confidence":"0.9573","content":"저희가"}],"type":"pronunciation"},{"start_time":"290.0","end_time":"290.48","alternatives":[{"confidence":"0.9339","content":"연결시켜"}],"type":"pronunciation"},{"start_time":"290.48","end_time":"290.65","alternatives":[{"confidence":"0.5546","content":"드릴"}],"type":"pronunciation"},{"start_time":"290.65","end_time":"291.01","alternatives":[{"confidence":"0.8736","content":"거든요"}],"type":"pronunciation"},{"alternatives":[{"confidence":"0.0","content":"."}],"type":"punctuation"},{"start_time":"292.56","end_time":"292.89","alternatives":[{"confidence":"0.1618","content":"일정을"}],"type":"pronunciation"},{"start_time":"292.89","end_time":"293.06","alternatives":[{"confidence":"0.9456","content":"잘"}],"type":"pronunciation"},{"start_time":"293.06","end_time":"293.72","alternatives":[{"confidence":"0.9821","content":"받으시고요"}],"type":"pronunciation"},{"start_time":"293.81","end_time":"294.03","alternatives":[{"confidence":"0.2363","content":"저는"}],"type":"pronunciation"},{"start_time":"294.52","end_time":"294.89","alternatives":[{"confidence":"0.9974","content":"잠시만"}],"type":"pronunciation"},{"start_time":"294.89","end_time":"296.31","alternatives":[{"confidence":"0.9942500000000001","content":"대기해주세요"}],"type":"pronunciation"},{"start_time":"303.63","end_time":"303.86","alternatives":[{"confidence":"0.5405","content":"그런"}],"type":"pronunciation"},{"start_time":"303.86","end_time":"304.4","alternatives":[{"confidence":"0.7633","content":"거군요"}],"type":"pronunciation"},{"alternatives":[{"confidence":"0.0","content":"."}],"type":"punctuation"},{"start_time":"304.49","end_time":"304.98","alternatives":[{"confidence":"0.7029","content":"서울은"}],"type":"pronunciation"},{"start_time":"304.98","end_time":"305.36","alternatives":[{"confidence":"0.9048","content":"분명히"}],"type":"pronunciation"},{"start_time":"305.36","end_time":"305.51","alternatives":[{"confidence":"0.2444","content":"된"}],"type":"pronunciation"},{"start_time":"305.51","end_time":"305.61","alternatives":[{"confidence":"0.6118","content":"게"}],"type":"pronunciation"},{"start_time":"305.61","end_time":"305.82","alternatives":[{"confidence":"0.4655","content":"없어요"}],"type":"pronunciation"},{"alternatives":[{"confidence":"0.0","content":"."}],"type":"punctuation"},{"start_time":"307.36","end_time":"307.86","alternatives":[{"confidence":"0.8391500000000001","content":"김현희"}],"type":"pronunciation"},{"start_time":"307.86","end_time":"308.04","alternatives":[{"confidence":"0.9944","content":"님"}],"type":"pronunciation"},{"alternatives":[{"confidence":"0.0","content":","}],"type":"punctuation"},{"start_time":"308.04","end_time":"308.95","alternatives":[{"confidence":"0.8556","content":"말씀거죠"}],"type":"pronunciation"},{"start_time":"317.12","end_time":"317.63","alternatives":[{"confidence":"0.9961","content":"없어요"}],"type":"pronunciation"},{"alternatives":[{"confidence":"0.0","content":"."}],"type":"punctuation"},{"start_time":"317.84","end_time":"318.4","alternatives":[{"confidence":"0.9988","content":"안녕하세요"}],"type":"pronunciation"},{"alternatives":[{"confidence":"0.0","content":"."}],"type":"punctuation"},{"start_time":"320.31","end_time":"321.44","alternatives":[{"confidence":"0.6624","content":"첨단범죄수사팀"}],"type":"pronunciation"},{"start_time":"321.65","end_time":"322.01","alternatives":[{"confidence":"0.8481","content":"담당"}],"type":"pronunciation"},{"start_time":"322.01","end_time":"323.1","alternatives":[{"confidence":"0.79105","content":"검사고요"}],"type":"pronunciation"},{"start_time":"323.49","end_time":"323.65","alternatives":[{"confidence":"0.6621","content":"라고"}],"type":"pronunciation"},{"start_time":"323.65","end_time":"324.04","alternatives":[{"confidence":"0.8562","content":"합니다"}],"type":"pronunciation"},{"alternatives":[{"confidence":"0.0","content":"."}],"type":"punctuation"},{"start_time":"326.11","end_time":"329.94","alternatives":[{"confidence":"0.99305","content":"김진호지금"}],"type":"pronunciation"},{"start_time":"329.94","end_time":"330.14","alternatives":[{"confidence":"0.9774","content":"이"}],"type":"pronunciation"},{"start_time":"330.14","end_time":"330.52","alternatives":[{"confidence":"0.9319","content":"사건"}],"type":"pronunciation"},{"start_time":"330.52","end_time":"330.9","alternatives":[{"confidence":"0.9964","content":"내용에"}],"type":"pronunciation"},{"start_time":"330.9","end_time":"331.58","alternatives":[{"confidence":"1.0","content":"대해서"}],"type":"pronunciation"},{"start_time":"331.58","end_time":"331.83","alternatives":[{"confidence":"0.8757","content":"저희"}],"type":"pronunciation"},{"start_time":"331.83","end_time":"332.35","alternatives":[{"confidence":"0.7813","content":"수사관님"}],"type":"pronunciation"},{"start_time":"332.35","end_time":"332.66","alternatives":[{"confidence":"0.6613","content":"한테서"}],"type":"pronunciation"},{"start_time":"332.66","end_time":"333.84","alternatives":[{"confidence":"1.0","content":"들으셨죠"}],"type":"pronunciation"},{"alternatives":[{"confidence":"0.0","content":"?"}],"type":"punctuation"},{"start_time":"335.46","end_time":"335.62","alternatives":[{"confidence":"0.9154","content":"다"}],"type":"pronunciation"},{"start_time":"335.62","end_time":"336.77","alternatives":[{"confidence":"0.9585","content":"되셨나요"}],"type":"pronunciation"},{"alternatives":[{"confidence":"0.0","content":"?"}],"type":"punctuation"},{"start_time":"338.23","end_time":"339.22","alternatives":[{"confidence":"0.9799","content":"부모님께서"}],"type":"pronunciation"},{"start_time":"339.25","end_time":"339.72","alternatives":[{"confidence":"0.9957","content":"어떻게"}],"type":"pronunciation"},{"start_time":"339.72","end_time":"340.1","alternatives":[{"confidence":"0.9998","content":"이해를"}],"type":"pronunciation"},{"start_time":"340.1","end_time":"340.92","alternatives":[{"confidence":"0.99245","content":"하셨는지"}],"type":"pronunciation"},{"start_time":"340.95","end_time":"341.52","alternatives":[{"confidence":"0.6485333333333333","content":"이해드신"}],"type":"pronunciation"},{"start_time":"341.52","end_time":"341.88","alternatives":[{"confidence":"0.7877","content":"부분을"}],"type":"pronunciation"},{"start_time":"341.88","end_time":"342.13","alternatives":[{"confidence":"0.991","content":"저한테"}],"type":"pronunciation"},{"start_time":"342.13","end_time":"342.32","alternatives":[{"confidence":"0.2637","content":"한번"}],"type":"pronunciation"},{"start_time":"342.32","end_time":"342.67","alternatives":[{"confidence":"0.6378","content":"말씀해"}],"type":"pronunciation"},{"start_time":"342.67","end_time":"343.41","alternatives":[{"confidence":"0.83275","content":"보시겠습니까"}],"type":"pronunciation"},{"alternatives":[{"confidence":"0.0","content":"?"}],"type":"punctuation"}]},"status":"COMPLETED"}