{"jobName":"transcribes158","accountId":"097989105209","results":{"transcripts":[{"transcript":"때문에 지금까지 사실 확인사를 연락드렸습니다 뭐라고 뭐라고요? 버린 하고 이런 사건 때문에 몇 가지 여쭤볼게요 연락드렸습니다 통화안녕하십니까 네. 님께서 혹시 김영호 라고 하는 사람이니까 고요. 그러면 없는데 이 사람은 출신이고 올해 사십대에 대한 남성인데 모르는 사람이니까 어디요? 김영호 라고요. 사십 대 남성인데 출신인데요 모르는 사람이니까. 왜냐하면 얼마전에 김용으로 인한 금융범죄사기단을 검거했습니다. 그런데 근거가 된 사건 현장에서 대량 신용카드와 대포통장이 발견되었는데 그 안에 씨 명의로 된 농협하고 신앙형 통장이 포함되어 있어서 연락드린 겁니다. 농약도 없는데 맞습니까? 맞아요. 네. 저희가 압수한 두 개사를 해당 은행하고도 대 수작업했는데요 본인명의로 개설된 게 맞다고 확인받은 상태입니다. 지금 본인 통장으로 인해서 예산이 피해자가 발생됐기 때문에 본인도 피해자라는 걸 입증하지 못하게 되면 본인 앞으로 이루어지는 비슷한 권에 대해서 전부 본인께서 대상을 했어야 합니다. 네. 이번 사건 같은 게 얼마나 고요? 얼마 인 것이 아니고요. 지금 전국에 백팔십 명 정도가 되었는데 이중 피해자가 가해자가 섞여 있는 상태입니다. 본인께서 혹시 다면서요 제가 하면 못하시게 되면 본인 앞으로 이루어진 대상권에 대해서 본인께서 배상하셔야죠 그게 얼마냐고요 알아야 되니까 본인 명의로 된 통장이 거의 삼천만원 정도로 지금 거래되었거든요. 혹시 최근 어느 날 신분증이나 여권 또는 같은 것을 분실하신 적이 있습니까? 없어요. 그럼 일단 본인께서 가해자인지 아니면 무고한 피해자인지 신분을 받기 위해 몇 가지 질문을 드리겠습니다. 지금부터 전반조사과정은 녹취 상태로 진행되기 때문에 거짓이나 허위 진술을 하시면 안 됩니다. 그렇죠? 근데 무슨 무슨 녹취를? 저한테 녹취한다는 얘기도 없이 그냥 하세요 선생님 말씀 드렸지 않습니까? 지금부터 조사과정은 지금부터입니다 지금부터 조사과정은 동시 상태로 진행됩니다 만약에 버님께서 불편하시게 되면 그리고 신고해요 이상하게 봤어? 네? 서울중앙지검에 직접 나오셔서 조사 받아서 되겠습니다. 높이는 지금 상대방이 동의를 얻고 어떤 다음에 하는 거예요? 그러니까 동의를 구한 게 아니라 통보를 하셨잖아요 사람들 있잖아요"}],"items":[{"start_time":"0.38","end_time":"1.09","alternatives":[{"confidence":"0.9742","content":"때문에"}],"type":"pronunciation"},{"start_time":"1.24","end_time":"1.65","alternatives":[{"confidence":"0.7473","content":"지금까지"}],"type":"pronunciation"},{"start_time":"1.68","end_time":"1.99","alternatives":[{"confidence":"0.9185","content":"사실"}],"type":"pronunciation"},{"start_time":"1.99","end_time":"2.53","alternatives":[{"confidence":"0.3868","content":"확인사를"}],"type":"pronunciation"},{"start_time":"2.53","end_time":"3.32","alternatives":[{"confidence":"0.97435","content":"연락드렸습니다"}],"type":"pronunciation"},{"start_time":"3.71","end_time":"4.08","alternatives":[{"confidence":"0.8144","content":"뭐라고"}],"type":"pronunciation"},{"start_time":"4.17","end_time":"4.63","alternatives":[{"confidence":"0.5876","content":"뭐라고요"}],"type":"pronunciation"},{"alternatives":[{"confidence":"0.0","content":"?"}],"type":"punctuation"},{"start_time":"5.7","end_time":"6.15","alternatives":[{"confidence":"4.0E-4","content":"버린"}],"type":"pronunciation"},{"start_time":"6.15","end_time":"6.37","alternatives":[{"confidence":"0.0022","content":"하고"}],"type":"pronunciation"},{"start_time":"7.02","end_time":"7.3","alternatives":[{"confidence":"0.9844","content":"이런"}],"type":"pronunciation"},{"start_time":"7.3","end_time":"7.59","alternatives":[{"confidence":"0.9461","content":"사건"}],"type":"pronunciation"},{"start_time":"7.59","end_time":"8.0","alternatives":[{"confidence":"0.9994","content":"때문에"}],"type":"pronunciation"},{"start_time":"8.0","end_time":"8.18","alternatives":[{"confidence":"0.9684","content":"몇"}],"type":"pronunciation"},{"start_time":"8.18","end_time":"8.46","alternatives":[{"confidence":"0.966","content":"가지"}],"type":"pronunciation"},{"start_time":"8.46","end_time":"9.0","alternatives":[{"confidence":"0.9786","content":"여쭤볼게요"}],"type":"pronunciation"},{"start_time":"9.09","end_time":"9.96","alternatives":[{"confidence":"0.91295","content":"연락드렸습니다"}],"type":"pronunciation"},{"start_time":"9.96","end_time":"11.21","alternatives":[{"confidence":"0.7847500000000001","content":"통화안녕하십니까"}],"type":"pronunciation"},{"start_time":"12.78","end_time":"13.13","alternatives":[{"confidence":"0.2568","content":"네"}],"type":"pronunciation"},{"alternatives":[{"confidence":"0.0","content":"."}],"type":"punctuation"},{"start_time":"13.87","end_time":"14.23","alternatives":[{"confidence":"0.78","content":"님께서"}],"type":"pronunciation"},{"start_time":"14.23","end_time":"14.68","alternatives":[{"confidence":"1.0","content":"혹시"}],"type":"pronunciation"},{"start_time":"14.71","end_time":"15.27","alternatives":[{"confidence":"0.76325","content":"김영호"}],"type":"pronunciation"},{"start_time":"15.27","end_time":"15.51","alternatives":[{"confidence":"0.9095","content":"라고"}],"type":"pronunciation"},{"start_time":"15.51","end_time":"15.73","alternatives":[{"confidence":"0.9996","content":"하는"}],"type":"pronunciation"},{"start_time":"15.73","end_time":"16.66","alternatives":[{"confidence":"0.9574","content":"사람이니까"}],"type":"pronunciation"},{"start_time":"17.56","end_time":"17.95","alternatives":[{"confidence":"0.6574","content":"고요"}],"type":"pronunciation"},{"alternatives":[{"confidence":"0.0","content":"."}],"type":"punctuation"},{"start_time":"17.98","end_time":"18.32","alternatives":[{"confidence":"0.8334","content":"그러면"}],"type":"pronunciation"},{"start_time":"18.32","end_time":"18.8","alternatives":[{"confidence":"0.8668","content":"없는데"}],"type":"pronunciation"},{"start_time":"22.36","end_time":"22.5","alternatives":[{"confidence":"0.911","content":"이"}],"type":"pronunciation"},{"start_time":"22.5","end_time":"22.9","alternatives":[{"confidence":"0.9827","content":"사람은"}],"type":"pronunciation"},{"start_time":"23.45","end_time":"23.99","alternatives":[{"confidence":"0.4524","content":"출신이고"}],"type":"pronunciation"},{"start_time":"23.99","end_time":"24.25","alternatives":[{"confidence":"0.9354","content":"올해"}],"type":"pronunciation"},{"start_time":"24.25","end_time":"24.74","alternatives":[{"confidence":"0.46725","content":"사십대에"}],"type":"pronunciation"},{"start_time":"24.74","end_time":"24.98","alternatives":[{"confidence":"0.778","content":"대한"}],"type":"pronunciation"},{"start_time":"24.98","end_time":"25.93","alternatives":[{"confidence":"0.84815","content":"남성인데"}],"type":"pronunciation"},{"start_time":"26.76","end_time":"27.08","alternatives":[{"confidence":"0.9932","content":"모르는"}],"type":"pronunciation"},{"start_time":"27.08","end_time":"27.96","alternatives":[{"confidence":"0.7970999999999999","content":"사람이니까"}],"type":"pronunciation"},{"start_time":"29.09","end_time":"29.65","alternatives":[{"confidence":"0.9882","content":"어디요"}],"type":"pronunciation"},{"alternatives":[{"confidence":"0.0","content":"?"}],"type":"punctuation"},{"start_time":"31.55","end_time":"32.2","alternatives":[{"confidence":"0.89855","content":"김영호"}],"type":"pronunciation"},{"start_time":"32.2","end_time":"33.01","alternatives":[{"confidence":"0.9735","content":"라고요"}],"type":"pronunciation"},{"alternatives":[{"confidence":"0.0","content":"."}],"type":"punctuation"},{"start_time":"33.24","end_time":"33.55","alternatives":[{"confidence":"0.327","content":"사십"}],"type":"pronunciation"},{"start_time":"33.67","end_time":"33.81","alternatives":[{"confidence":"0.4101","content":"대"}],"type":"pronunciation"},{"start_time":"33.81","end_time":"34.6","alternatives":[{"confidence":"0.86115","content":"남성인데"}],"type":"pronunciation"},{"start_time":"35.08","end_time":"36.18","alternatives":[{"confidence":"0.96845","content":"출신인데요"}],"type":"pronunciation"},{"start_time":"36.37","end_time":"36.73","alternatives":[{"confidence":"0.9975","content":"모르는"}],"type":"pronunciation"},{"start_time":"36.73","end_time":"37.63","alternatives":[{"confidence":"0.9967999999999999","content":"사람이니까"}],"type":"pronunciation"},{"alternatives":[{"confidence":"0.0","content":"."}],"type":"punctuation"},{"start_time":"41.45","end_time":"41.98","alternatives":[{"confidence":"0.9987","content":"왜냐하면"}],"type":"pronunciation"},{"start_time":"41.98","end_time":"42.49","alternatives":[{"confidence":"0.6101","content":"얼마전에"}],"type":"pronunciation"},{"start_time":"42.52","end_time":"43.08","alternatives":[{"confidence":"0.85625","content":"김용으로"}],"type":"pronunciation"},{"start_time":"43.08","end_time":"43.4","alternatives":[{"confidence":"0.9983","content":"인한"}],"type":"pronunciation"},{"start_time":"43.4","end_time":"44.48","alternatives":[{"confidence":"0.9995499999999999","content":"금융범죄사기단을"}],"type":"pronunciation"},{"start_time":"44.48","end_time":"45.44","alternatives":[{"confidence":"0.9855","content":"검거했습니다"}],"type":"pronunciation"},{"alternatives":[{"confidence":"0.0","content":"."}],"type":"punctuation"},{"start_time":"46.01","end_time":"46.36","alternatives":[{"confidence":"1.0","content":"그런데"}],"type":"pronunciation"},{"start_time":"46.36","end_time":"46.73","alternatives":[{"confidence":"0.8713","content":"근거가"}],"type":"pronunciation"},{"start_time":"46.73","end_time":"46.89","alternatives":[{"confidence":"0.8643","content":"된"}],"type":"pronunciation"},{"start_time":"47.08","end_time":"47.44","alternatives":[{"confidence":"0.6375","content":"사건"}],"type":"pronunciation"},{"start_time":"47.44","end_time":"48.42","alternatives":[{"confidence":"1.0","content":"현장에서"}],"type":"pronunciation"},{"start_time":"48.71","end_time":"49.04","alternatives":[{"confidence":"0.7194","content":"대량"}],"type":"pronunciation"},{"start_time":"49.04","end_time":"49.71","alternatives":[{"confidence":"0.99685","content":"신용카드와"}],"type":"pronunciation"},{"start_time":"49.71","end_time":"50.26","alternatives":[{"confidence":"0.9998","content":"대포통장이"}],"type":"pronunciation"},{"start_time":"50.26","end_time":"51.47","alternatives":[{"confidence":"0.99985","content":"발견되었는데"}],"type":"pronunciation"},{"start_time":"51.77","end_time":"51.92","alternatives":[{"confidence":"0.9801","content":"그"}],"type":"pronunciation"},{"start_time":"51.92","end_time":"52.43","alternatives":[{"confidence":"0.9802","content":"안에"}],"type":"pronunciation"},{"start_time":"52.73","end_time":"53.03","alternatives":[{"confidence":"0.7069","content":"씨"}],"type":"pronunciation"},{"start_time":"53.03","end_time":"53.46","alternatives":[{"confidence":"0.9805","content":"명의로"}],"type":"pronunciation"},{"start_time":"53.46","end_time":"53.77","alternatives":[{"confidence":"0.9803","content":"된"}],"type":"pronunciation"},{"start_time":"53.91","end_time":"54.47","alternatives":[{"confidence":"0.98675","content":"농협하고"}],"type":"pronunciation"},{"start_time":"54.47","end_time":"54.99","alternatives":[{"confidence":"0.4361","content":"신앙형"}],"type":"pronunciation"},{"start_time":"54.99","end_time":"55.41","alternatives":[{"confidence":"0.7605","content":"통장이"}],"type":"pronunciation"},{"start_time":"55.44","end_time":"55.9","alternatives":[{"confidence":"0.8664","content":"포함되어"}],"type":"pronunciation"},{"start_time":"55.9","end_time":"56.32","alternatives":[{"confidence":"0.9982","content":"있어서"}],"type":"pronunciation"},{"start_time":"56.32","end_time":"56.76","alternatives":[{"confidence":"0.99615","content":"연락드린"}],"type":"pronunciation"},{"start_time":"56.76","end_time":"57.28","alternatives":[{"confidence":"0.9745","content":"겁니다"}],"type":"pronunciation"},{"alternatives":[{"confidence":"0.0","content":"."}],"type":"punctuation"},{"start_time":"58.82","end_time":"59.44","alternatives":[{"confidence":"0.6585000000000001","content":"농약도"}],"type":"pronunciation"},{"start_time":"59.44","end_time":"59.97","alternatives":[{"confidence":"0.9659","content":"없는데"}],"type":"pronunciation"},{"start_time":"63.35","end_time":"64.25","alternatives":[{"confidence":"0.9984","content":"맞습니까"}],"type":"pronunciation"},{"alternatives":[{"confidence":"0.0","content":"?"}],"type":"punctuation"},{"start_time":"64.67","end_time":"65.21","alternatives":[{"confidence":"0.9647","content":"맞아요"}],"type":"pronunciation"},{"alternatives":[{"confidence":"0.0","content":"."}],"type":"punctuation"},{"start_time":"66.05","end_time":"66.39","alternatives":[{"confidence":"0.059","content":"네"}],"type":"pronunciation"},{"alternatives":[{"confidence":"0.0","content":"."}],"type":"punctuation"},{"start_time":"66.84","end_time":"67.25","alternatives":[{"confidence":"1.0","content":"저희가"}],"type":"pronunciation"},{"start_time":"67.25","end_time":"67.7","alternatives":[{"confidence":"0.5217499999999999","content":"압수한"}],"type":"pronunciation"},{"start_time":"67.7","end_time":"67.87","alternatives":[{"confidence":"0.821","content":"두"}],"type":"pronunciation"},{"start_time":"67.87","end_time":"68.67","alternatives":[{"confidence":"0.712","content":"개사를"}],"type":"pronunciation"},{"start_time":"69.01","end_time":"69.36","alternatives":[{"confidence":"0.8615","content":"해당"}],"type":"pronunciation"},{"start_time":"69.36","end_time":"69.98","alternatives":[{"confidence":"0.95985","content":"은행하고도"}],"type":"pronunciation"},{"start_time":"69.98","end_time":"70.12","alternatives":[{"confidence":"0.1192","content":"대"}],"type":"pronunciation"},{"start_time":"70.12","end_time":"71.19","alternatives":[{"confidence":"0.5317","content":"수작업했는데요"}],"type":"pronunciation"},{"start_time":"71.22","end_time":"71.91","alternatives":[{"confidence":"0.10715000000000001","content":"본인명의로"}],"type":"pronunciation"},{"start_time":"72.0","end_time":"72.4","alternatives":[{"confidence":"0.9924","content":"개설된"}],"type":"pronunciation"},{"start_time":"72.4","end_time":"72.51","alternatives":[{"confidence":"0.9998","content":"게"}],"type":"pronunciation"},{"start_time":"72.51","end_time":"72.89","alternatives":[{"confidence":"0.987","content":"맞다고"}],"type":"pronunciation"},{"start_time":"72.89","end_time":"73.44","alternatives":[{"confidence":"0.90865","content":"확인받은"}],"type":"pronunciation"},{"start_time":"73.44","end_time":"74.23","alternatives":[{"confidence":"0.9986","content":"상태입니다"}],"type":"pronunciation"},{"alternatives":[{"confidence":"0.0","content":"."}],"type":"punctuation"},{"start_time":"77.18","end_time":"77.55","alternatives":[{"confidence":"0.9717","content":"지금"}],"type":"pronunciation"},{"start_time":"77.55","end_time":"77.86","alternatives":[{"confidence":"0.1038","content":"본인"}],"type":"pronunciation"},{"start_time":"78.66","end_time":"79.24","alternatives":[{"confidence":"1.0","content":"통장으로"}],"type":"pronunciation"},{"start_time":"79.24","end_time":"79.73","alternatives":[{"confidence":"1.0","content":"인해서"}],"type":"pronunciation"},{"start_time":"79.73","end_time":"80.16","alternatives":[{"confidence":"0.8197","content":"예산이"}],"type":"pronunciation"},{"start_time":"80.19","end_time":"80.68","alternatives":[{"confidence":"1.0","content":"피해자가"}],"type":"pronunciation"},{"start_time":"80.68","end_time":"81.3","alternatives":[{"confidence":"0.9720500000000001","content":"발생됐기"}],"type":"pronunciation"},{"start_time":"81.3","end_time":"82.02","alternatives":[{"confidence":"1.0","content":"때문에"}],"type":"pronunciation"},{"start_time":"82.35","end_time":"82.96","alternatives":[{"confidence":"0.9921","content":"본인도"}],"type":"pronunciation"},{"start_time":"82.96","end_time":"83.57","alternatives":[{"confidence":"0.9885999999999999","content":"피해자라는"}],"type":"pronunciation"},{"start_time":"83.57","end_time":"83.71","alternatives":[{"confidence":"0.9363","content":"걸"}],"type":"pronunciation"},{"start_time":"83.71","end_time":"84.19","alternatives":[{"confidence":"0.9998","content":"입증하지"}],"type":"pronunciation"},{"start_time":"84.19","end_time":"84.57","alternatives":[{"confidence":"1.0","content":"못하게"}],"type":"pronunciation"},{"start_time":"84.57","end_time":"85.1","alternatives":[{"confidence":"0.9998","content":"되면"}],"type":"pronunciation"},{"start_time":"85.39","end_time":"85.72","alternatives":[{"confidence":"0.5093","content":"본인"}],"type":"pronunciation"},{"start_time":"85.72","end_time":"86.04","alternatives":[{"confidence":"0.9953","content":"앞으로"}],"type":"pronunciation"},{"start_time":"86.04","end_time":"86.55","alternatives":[{"confidence":"0.9991","content":"이루어지는"}],"type":"pronunciation"},{"start_time":"86.55","end_time":"86.91","alternatives":[{"confidence":"0.8236","content":"비슷한"}],"type":"pronunciation"},{"start_time":"86.91","end_time":"87.17","alternatives":[{"confidence":"0.9669","content":"권에"}],"type":"pronunciation"},{"start_time":"87.17","end_time":"87.55","alternatives":[{"confidence":"0.9993","content":"대해서"}],"type":"pronunciation"},{"start_time":"87.55","end_time":"87.82","alternatives":[{"confidence":"0.5687","content":"전부"}],"type":"pronunciation"},{"start_time":"87.85","end_time":"88.38","alternatives":[{"confidence":"0.99655","content":"본인께서"}],"type":"pronunciation"},{"start_time":"88.38","end_time":"88.82","alternatives":[{"confidence":"0.8435","content":"대상을"}],"type":"pronunciation"},{"start_time":"88.82","end_time":"89.37","alternatives":[{"confidence":"0.9568","content":"했어야"}],"type":"pronunciation"},{"start_time":"89.37","end_time":"89.89","alternatives":[{"confidence":"0.9951","content":"합니다"}],"type":"pronunciation"},{"alternatives":[{"confidence":"0.0","content":"."}],"type":"punctuation"},{"start_time":"92.3","end_time":"92.51","alternatives":[{"confidence":"0.0231","content":"네"}],"type":"pronunciation"},{"alternatives":[{"confidence":"0.0","content":"."}],"type":"punctuation"},{"start_time":"94.4","end_time":"94.61","alternatives":[{"confidence":"0.9909","content":"이번"}],"type":"pronunciation"},{"start_time":"94.61","end_time":"94.88","alternatives":[{"confidence":"0.8614","content":"사건"}],"type":"pronunciation"},{"start_time":"94.88","end_time":"95.17","alternatives":[{"confidence":"0.9366","content":"같은"}],"type":"pronunciation"},{"start_time":"95.17","end_time":"95.26","alternatives":[{"confidence":"0.9246","content":"게"}],"type":"pronunciation"},{"start_time":"95.26","end_time":"95.68","alternatives":[{"confidence":"0.9893","content":"얼마나"}],"type":"pronunciation"},{"start_time":"95.68","end_time":"96.29","alternatives":[{"confidence":"0.9665","content":"고요"}],"type":"pronunciation"},{"alternatives":[{"confidence":"0.0","content":"?"}],"type":"punctuation"},{"start_time":"98.46","end_time":"98.83","alternatives":[{"confidence":"0.4099","content":"얼마"}],"type":"pronunciation"},{"start_time":"98.83","end_time":"98.93","alternatives":[{"confidence":"0.939","content":"인"}],"type":"pronunciation"},{"start_time":"98.93","end_time":"99.19","alternatives":[{"confidence":"0.9986","content":"것이"}],"type":"pronunciation"},{"start_time":"99.19","end_time":"99.65","alternatives":[{"confidence":"0.4161","content":"아니고요"}],"type":"pronunciation"},{"alternatives":[{"confidence":"0.0","content":"."}],"type":"punctuation"},{"start_time":"99.65","end_time":"100.33","alternatives":[{"confidence":"0.9867","content":"지금"}],"type":"pronunciation"},{"start_time":"100.33","end_time":"100.73","alternatives":[{"confidence":"0.5846","content":"전국에"}],"type":"pronunciation"},{"start_time":"100.73","end_time":"101.27","alternatives":[{"confidence":"0.6595","content":"백팔십"}],"type":"pronunciation"},{"start_time":"101.27","end_time":"101.41","alternatives":[{"confidence":"0.8548","content":"명"}],"type":"pronunciation"},{"start_time":"101.41","end_time":"101.74","alternatives":[{"confidence":"0.9814","content":"정도가"}],"type":"pronunciation"},{"start_time":"101.99","end_time":"102.41","alternatives":[{"confidence":"0.9208","content":"되었는데"}],"type":"pronunciation"},{"start_time":"102.41","end_time":"102.63","alternatives":[{"confidence":"0.1064","content":"이중"}],"type":"pronunciation"},{"start_time":"102.75","end_time":"103.23","alternatives":[{"confidence":"0.9706","content":"피해자가"}],"type":"pronunciation"},{"start_time":"103.23","end_time":"103.67","alternatives":[{"confidence":"0.99505","content":"가해자가"}],"type":"pronunciation"},{"start_time":"103.67","end_time":"103.93","alternatives":[{"confidence":"0.2329","content":"섞여"}],"type":"pronunciation"},{"start_time":"103.93","end_time":"104.09","alternatives":[{"confidence":"0.5224","content":"있는"}],"type":"pronunciation"},{"start_time":"104.09","end_time":"104.75","alternatives":[{"confidence":"1.0","content":"상태입니다"}],"type":"pronunciation"},{"alternatives":[{"confidence":"0.0","content":"."}],"type":"punctuation"},{"start_time":"106.76","end_time":"107.4","alternatives":[{"confidence":"0.9496","content":"본인께서"}],"type":"pronunciation"},{"start_time":"107.4","end_time":"108.07","alternatives":[{"confidence":"1.0","content":"혹시"}],"type":"pronunciation"},{"start_time":"109.83","end_time":"110.64","alternatives":[{"confidence":"0.1212","content":"다면서요"}],"type":"pronunciation"},{"start_time":"110.7","end_time":"110.92","alternatives":[{"confidence":"0.6261","content":"제가"}],"type":"pronunciation"},{"start_time":"111.71","end_time":"112.28","alternatives":[{"confidence":"0.8894","content":"하면"}],"type":"pronunciation"},{"start_time":"113.83","end_time":"114.3","alternatives":[{"confidence":"0.8010333333333334","content":"못하시게"}],"type":"pronunciation"},{"start_time":"114.3","end_time":"114.75","alternatives":[{"confidence":"0.9996","content":"되면"}],"type":"pronunciation"},{"start_time":"114.78","end_time":"115.32","alternatives":[{"confidence":"0.5116","content":"본인"}],"type":"pronunciation"},{"start_time":"115.32","end_time":"115.63","alternatives":[{"confidence":"0.9843","content":"앞으로"}],"type":"pronunciation"},{"start_time":"115.63","end_time":"115.98","alternatives":[{"confidence":"0.822","content":"이루어진"}],"type":"pronunciation"},{"start_time":"115.98","end_time":"116.45","alternatives":[{"confidence":"0.12340000000000001","content":"대상권에"}],"type":"pronunciation"},{"start_time":"116.45","end_time":"116.71","alternatives":[{"confidence":"0.0425","content":"대해서"}],"type":"pronunciation"},{"start_time":"116.71","end_time":"117.19","alternatives":[{"confidence":"0.93465","content":"본인께서"}],"type":"pronunciation"},{"start_time":"117.19","end_time":"117.97","alternatives":[{"confidence":"0.7982","content":"배상하셔야죠"}],"type":"pronunciation"},{"start_time":"118.18","end_time":"118.4","alternatives":[{"confidence":"0.8902","content":"그게"}],"type":"pronunciation"},{"start_time":"118.4","end_time":"119.12","alternatives":[{"confidence":"0.9069","content":"얼마냐고요"}],"type":"pronunciation"},{"start_time":"120.55","end_time":"120.74","alternatives":[{"confidence":"0.6769","content":"알아야"}],"type":"pronunciation"},{"start_time":"120.74","end_time":"121.32","alternatives":[{"confidence":"0.962","content":"되니까"}],"type":"pronunciation"},{"start_time":"121.74","end_time":"122.05","alternatives":[{"confidence":"0.8239","content":"본인"}],"type":"pronunciation"},{"start_time":"122.05","end_time":"122.42","alternatives":[{"confidence":"1.0","content":"명의로"}],"type":"pronunciation"},{"start_time":"122.42","end_time":"122.65","alternatives":[{"confidence":"1.0","content":"된"}],"type":"pronunciation"},{"start_time":"122.65","end_time":"123.4","alternatives":[{"confidence":"0.9630000000000001","content":"통장이"}],"type":"pronunciation"},{"start_time":"123.43","end_time":"123.7","alternatives":[{"confidence":"0.9997","content":"거의"}],"type":"pronunciation"},{"start_time":"123.73","end_time":"124.55","alternatives":[{"confidence":"0.6576","content":"삼천만원"}],"type":"pronunciation"},{"start_time":"124.78","end_time":"125.4","alternatives":[{"confidence":"0.9995","content":"정도로"}],"type":"pronunciation"},{"start_time":"125.4","end_time":"125.71","alternatives":[{"confidence":"0.9866","content":"지금"}],"type":"pronunciation"},{"start_time":"125.71","end_time":"127.47","alternatives":[{"confidence":"0.9214333333333333","content":"거래되었거든요"}],"type":"pronunciation"},{"alternatives":[{"confidence":"0.0","content":"."}],"type":"punctuation"},{"start_time":"129.99","end_time":"130.87","alternatives":[{"confidence":"1.0","content":"혹시"}],"type":"pronunciation"},{"start_time":"130.9","end_time":"131.28","alternatives":[{"confidence":"0.9417","content":"최근"}],"type":"pronunciation"},{"start_time":"131.28","end_time":"131.54","alternatives":[{"confidence":"0.6942","content":"어느"}],"type":"pronunciation"},{"start_time":"131.54","end_time":"131.74","alternatives":[{"confidence":"0.2972","content":"날"}],"type":"pronunciation"},{"start_time":"131.8","end_time":"132.56","alternatives":[{"confidence":"1.0","content":"신분증이나"}],"type":"pronunciation"},{"start_time":"132.56","end_time":"132.96","alternatives":[{"confidence":"0.8435","content":"여권"}],"type":"pronunciation"},{"start_time":"132.96","end_time":"133.2","alternatives":[{"confidence":"0.9914","content":"또는"}],"type":"pronunciation"},{"start_time":"133.47","end_time":"133.73","alternatives":[{"confidence":"0.977","content":"같은"}],"type":"pronunciation"},{"start_time":"133.73","end_time":"134.02","alternatives":[{"confidence":"0.9502","content":"것을"}],"type":"pronunciation"},{"start_time":"134.02","end_time":"134.58","alternatives":[{"confidence":"0.9909","content":"분실하신"}],"type":"pronunciation"},{"start_time":"134.58","end_time":"134.77","alternatives":[{"confidence":"0.8359","content":"적이"}],"type":"pronunciation"},{"start_time":"134.8","end_time":"135.52","alternatives":[{"confidence":"1.0","content":"있습니까"}],"type":"pronunciation"},{"alternatives":[{"confidence":"0.0","content":"?"}],"type":"punctuation"},{"start_time":"135.58","end_time":"136.14","alternatives":[{"confidence":"0.9994","content":"없어요"}],"type":"pronunciation"},{"alternatives":[{"confidence":"0.0","content":"."}],"type":"punctuation"},{"start_time":"138.94","end_time":"139.22","alternatives":[{"confidence":"0.9862","content":"그럼"}],"type":"pronunciation"},{"start_time":"139.22","end_time":"139.56","alternatives":[{"confidence":"1.0","content":"일단"}],"type":"pronunciation"},{"start_time":"139.56","end_time":"140.19","alternatives":[{"confidence":"0.9084","content":"본인께서"}],"type":"pronunciation"},{"start_time":"140.19","end_time":"140.9","alternatives":[{"confidence":"0.99995","content":"가해자인지"}],"type":"pronunciation"},{"start_time":"140.9","end_time":"141.22","alternatives":[{"confidence":"1.0","content":"아니면"}],"type":"pronunciation"},{"start_time":"141.22","end_time":"141.55","alternatives":[{"confidence":"1.0","content":"무고한"}],"type":"pronunciation"},{"start_time":"141.55","end_time":"142.16","alternatives":[{"confidence":"0.9445","content":"피해자인지"}],"type":"pronunciation"},{"start_time":"142.19","end_time":"142.65","alternatives":[{"confidence":"1.0","content":"신분을"}],"type":"pronunciation"},{"start_time":"142.65","end_time":"143.03","alternatives":[{"confidence":"0.9258","content":"받기"}],"type":"pronunciation"},{"start_time":"143.03","end_time":"143.16","alternatives":[{"confidence":"0.8859","content":"위해"}],"type":"pronunciation"},{"start_time":"143.16","end_time":"143.29","alternatives":[{"confidence":"0.4487","content":"몇"}],"type":"pronunciation"},{"start_time":"143.29","end_time":"143.57","alternatives":[{"confidence":"0.4485","content":"가지"}],"type":"pronunciation"},{"start_time":"143.63","end_time":"143.99","alternatives":[{"confidence":"1.0","content":"질문을"}],"type":"pronunciation"},{"start_time":"143.99","end_time":"144.84","alternatives":[{"confidence":"1.0","content":"드리겠습니다"}],"type":"pronunciation"},{"alternatives":[{"confidence":"0.0","content":"."}],"type":"punctuation"},{"start_time":"145.44","end_time":"145.91","alternatives":[{"confidence":"0.9949","content":"지금부터"}],"type":"pronunciation"},{"start_time":"145.91","end_time":"147.06","alternatives":[{"confidence":"0.7808666666666667","content":"전반조사과정은"}],"type":"pronunciation"},{"start_time":"147.06","end_time":"147.31","alternatives":[{"confidence":"0.88615","content":"녹취"}],"type":"pronunciation"},{"start_time":"147.31","end_time":"147.69","alternatives":[{"confidence":"0.9971","content":"상태로"}],"type":"pronunciation"},{"start_time":"147.69","end_time":"148.19","alternatives":[{"confidence":"0.9923500000000001","content":"진행되기"}],"type":"pronunciation"},{"start_time":"148.19","end_time":"148.63","alternatives":[{"confidence":"1.0","content":"때문에"}],"type":"pronunciation"},{"start_time":"148.63","end_time":"149.18","alternatives":[{"confidence":"0.95225","content":"거짓이나"}],"type":"pronunciation"},{"start_time":"149.18","end_time":"149.39","alternatives":[{"confidence":"0.6807","content":"허위"}],"type":"pronunciation"},{"start_time":"149.39","end_time":"149.74","alternatives":[{"confidence":"0.8267","content":"진술을"}],"type":"pronunciation"},{"start_time":"149.74","end_time":"150.05","alternatives":[{"confidence":"1.0","content":"하시면"}],"type":"pronunciation"},{"start_time":"150.05","end_time":"150.16","alternatives":[{"confidence":"0.0537","content":"안"}],"type":"pronunciation"},{"start_time":"150.16","end_time":"150.71","alternatives":[{"confidence":"0.0535","content":"됩니다"}],"type":"pronunciation"},{"alternatives":[{"confidence":"0.0","content":"."}],"type":"punctuation"},{"start_time":"151.46","end_time":"152.16","alternatives":[{"confidence":"0.661","content":"그렇죠"}],"type":"pronunciation"},{"alternatives":[{"confidence":"0.0","content":"?"}],"type":"punctuation"},{"start_time":"155.93","end_time":"156.22","alternatives":[{"confidence":"0.9756","content":"근데"}],"type":"pronunciation"},{"start_time":"156.22","end_time":"156.6","alternatives":[{"confidence":"0.6594","content":"무슨"}],"type":"pronunciation"},{"start_time":"156.69","end_time":"157.08","alternatives":[{"confidence":"0.9943","content":"무슨"}],"type":"pronunciation"},{"start_time":"157.08","end_time":"157.71","alternatives":[{"confidence":"0.9956","content":"녹취를"}],"type":"pronunciation"},{"alternatives":[{"confidence":"0.0","content":"?"}],"type":"punctuation"},{"start_time":"158.12","end_time":"158.43","alternatives":[{"confidence":"0.9994","content":"저한테"}],"type":"pronunciation"},{"start_time":"158.43","end_time":"158.95","alternatives":[{"confidence":"0.9680666666666666","content":"녹취한다는"}],"type":"pronunciation"},{"start_time":"158.95","end_time":"159.21","alternatives":[{"confidence":"0.994","content":"얘기도"}],"type":"pronunciation"},{"start_time":"159.21","end_time":"159.4","alternatives":[{"confidence":"1.0","content":"없이"}],"type":"pronunciation"},{"start_time":"159.4","end_time":"159.64","alternatives":[{"confidence":"0.9997","content":"그냥"}],"type":"pronunciation"},{"start_time":"159.64","end_time":"160.11","alternatives":[{"confidence":"1.0","content":"하세요"}],"type":"pronunciation"},{"start_time":"161.7","end_time":"162.09","alternatives":[{"confidence":"0.2042","content":"선생님"}],"type":"pronunciation"},{"start_time":"162.09","end_time":"162.41","alternatives":[{"confidence":"0.2145","content":"말씀"}],"type":"pronunciation"},{"start_time":"162.41","end_time":"162.69","alternatives":[{"confidence":"0.58155","content":"드렸지"}],"type":"pronunciation"},{"start_time":"162.69","end_time":"163.31","alternatives":[{"confidence":"0.9576","content":"않습니까"}],"type":"pronunciation"},{"alternatives":[{"confidence":"0.0","content":"?"}],"type":"punctuation"},{"start_time":"163.31","end_time":"163.82","alternatives":[{"confidence":"0.9658","content":"지금부터"}],"type":"pronunciation"},{"start_time":"163.82","end_time":"164.67","alternatives":[{"confidence":"0.5959","content":"조사과정은"}],"type":"pronunciation"},{"start_time":"164.91","end_time":"165.76","alternatives":[{"confidence":"0.7808999999999999","content":"지금부터입니다"}],"type":"pronunciation"},{"start_time":"165.76","end_time":"166.24","alternatives":[{"confidence":"0.9746","content":"지금부터"}],"type":"pronunciation"},{"start_time":"166.24","end_time":"166.88","alternatives":[{"confidence":"0.5224","content":"조사과정은"}],"type":"pronunciation"},{"start_time":"166.88","end_time":"167.11","alternatives":[{"confidence":"0.0139","content":"동시"}],"type":"pronunciation"},{"start_time":"167.11","end_time":"167.46","alternatives":[{"confidence":"0.8208","content":"상태로"}],"type":"pronunciation"},{"start_time":"167.46","end_time":"168.21","alternatives":[{"confidence":"0.9985999999999999","content":"진행됩니다"}],"type":"pronunciation"},{"start_time":"171.66","end_time":"172.25","alternatives":[{"confidence":"0.9999","content":"만약에"}],"type":"pronunciation"},{"start_time":"172.25","end_time":"172.72","alternatives":[{"confidence":"0.6612","content":"버님께서"}],"type":"pronunciation"},{"start_time":"172.72","end_time":"173.33","alternatives":[{"confidence":"0.9998999999999999","content":"불편하시게"}],"type":"pronunciation"},{"start_time":"173.33","end_time":"173.81","alternatives":[{"confidence":"0.9984","content":"되면"}],"type":"pronunciation"},{"start_time":"173.84","end_time":"174.08","alternatives":[{"confidence":"0.8597","content":"그리고"}],"type":"pronunciation"},{"start_time":"174.08","end_time":"174.68","alternatives":[{"confidence":"0.893","content":"신고해요"}],"type":"pronunciation"},{"start_time":"174.68","end_time":"175.08","alternatives":[{"confidence":"0.9635","content":"이상하게"}],"type":"pronunciation"},{"start_time":"175.08","end_time":"175.62","alternatives":[{"confidence":"0.3816","content":"봤어"}],"type":"pronunciation"},{"alternatives":[{"confidence":"0.0","content":"?"}],"type":"punctuation"},{"start_time":"176.46","end_time":"176.87","alternatives":[{"confidence":"0.9806","content":"네"}],"type":"pronunciation"},{"alternatives":[{"confidence":"0.0","content":"?"}],"type":"punctuation"},{"start_time":"176.88","end_time":"177.82","alternatives":[{"confidence":"0.95766","content":"서울중앙지검에"}],"type":"pronunciation"},{"start_time":"177.85","end_time":"178.19","alternatives":[{"confidence":"0.9938","content":"직접"}],"type":"pronunciation"},{"start_time":"178.19","end_time":"179.03","alternatives":[{"confidence":"0.99495","content":"나오셔서"}],"type":"pronunciation"},{"start_time":"179.03","end_time":"179.26","alternatives":[{"confidence":"0.5925","content":"조사"}],"type":"pronunciation"},{"start_time":"179.26","end_time":"179.58","alternatives":[{"confidence":"0.3943","content":"받아서"}],"type":"pronunciation"},{"start_time":"179.58","end_time":"180.36","alternatives":[{"confidence":"0.9701","content":"되겠습니다"}],"type":"pronunciation"},{"alternatives":[{"confidence":"0.0","content":"."}],"type":"punctuation"},{"start_time":"182.18","end_time":"182.93","alternatives":[{"confidence":"0.7843","content":"높이는"}],"type":"pronunciation"},{"start_time":"183.16","end_time":"183.47","alternatives":[{"confidence":"0.6909","content":"지금"}],"type":"pronunciation"},{"start_time":"183.59","end_time":"184.08","alternatives":[{"confidence":"0.9342","content":"상대방이"}],"type":"pronunciation"},{"start_time":"184.08","end_time":"184.42","alternatives":[{"confidence":"1.0","content":"동의를"}],"type":"pronunciation"},{"start_time":"184.42","end_time":"184.63","alternatives":[{"confidence":"0.9277","content":"얻고"}],"type":"pronunciation"},{"start_time":"184.63","end_time":"184.85","alternatives":[{"confidence":"0.6939","content":"어떤"}],"type":"pronunciation"},{"start_time":"184.85","end_time":"185.09","alternatives":[{"confidence":"0.7811","content":"다음에"}],"type":"pronunciation"},{"start_time":"185.09","end_time":"185.26","alternatives":[{"confidence":"0.8154","content":"하는"}],"type":"pronunciation"},{"start_time":"185.26","end_time":"185.86","alternatives":[{"confidence":"0.9491","content":"거예요"}],"type":"pronunciation"},{"alternatives":[{"confidence":"0.0","content":"?"}],"type":"punctuation"},{"start_time":"186.71","end_time":"187.09","alternatives":[{"confidence":"0.9082","content":"그러니까"}],"type":"pronunciation"},{"start_time":"188.45","end_time":"188.9","alternatives":[{"confidence":"0.2901","content":"동의를"}],"type":"pronunciation"},{"start_time":"188.9","end_time":"189.13","alternatives":[{"confidence":"0.1256","content":"구한"}],"type":"pronunciation"},{"start_time":"189.13","end_time":"189.24","alternatives":[{"confidence":"0.8252","content":"게"}],"type":"pronunciation"},{"start_time":"189.24","end_time":"189.55","alternatives":[{"confidence":"0.9428","content":"아니라"}],"type":"pronunciation"},{"start_time":"189.78","end_time":"190.2","alternatives":[{"confidence":"0.9101","content":"통보를"}],"type":"pronunciation"},{"start_time":"190.2","end_time":"190.83","alternatives":[{"confidence":"0.9996","content":"하셨잖아요"}],"type":"pronunciation"},{"start_time":"191.04","end_time":"191.37","alternatives":[{"confidence":"0.1165","content":"사람들"}],"type":"pronunciation"},{"start_time":"192.23","end_time":"192.68","alternatives":[{"confidence":"0.0","content":"있잖아요"}],"type":"pronunciation"}]},"status":"COMPLETED"}