{"jobName":"transcribes144","accountId":"097989105209","results":{"transcripts":[{"transcript":"말씀해주세요. 예. 자, 어디 어디까지 얘기를 했죠? 명의 도용 사건 이라고 제가 말씀을 드렸죠. 그러니까 본인 명의의 통장이 발견됐기 때문에 불법 대포통장이 발견됐기 때문에 요 본인이 이 김민수 일당과 상관이 없다라는 것을 입증하시지. 못하신다면 본인한테 일 년간 금융제한 조치가 들어갈 수 있어요. 그렇기 때문에 본인이 본청 홈페이지에서 신고하시는 게 제일 중요한 사항이고. 일단 신고를 하셔야저희가 접수를 받아서 민수와의 상관관계를 확인을 할 겁니다. 저희가 하는 게 아니라 금감원에서 계좌추적 조율을 통해 가지고 김민수 일당과 금전적인 거래가 있는 정황을 저희가 확인을 할 겁니다. 그래서 그러한 상황이 없으면 본인은 무고한 피해자가 되시는 거고, 만약에 김민수한테 돈을 진짜 받고 통장을 팔았다거나 이런 것들에 이 발견이 되면 개인 변호를 선임하셔가지고 으로 방문을 하셔야 되는 그런 상황이 되는 겁니다. 아시겠죠? 자, 서울중앙지방검찰청들어가시면 본인앞으로 나와 있는 공문확인 가능합니다. 확인하시고 거기에 따라서 본인이 직접 개인정보침해신고센터를 통해서 신고를 해주시길 라는게 제가 고지드릴 내용입니다. 예. 수고하십시오 네, 알겠습니다."}],"items":[{"start_time":"2.22","end_time":"3.07","alternatives":[{"confidence":"0.5153","content":"말씀해주세요"}],"type":"pronunciation"},{"alternatives":[{"confidence":"0.0","content":"."}],"type":"punctuation"},{"start_time":"4.03","end_time":"4.48","alternatives":[{"confidence":"0.8588","content":"예"}],"type":"pronunciation"},{"alternatives":[{"confidence":"0.0","content":"."}],"type":"punctuation"},{"start_time":"5.33","end_time":"5.56","alternatives":[{"confidence":"0.6427","content":"자"}],"type":"pronunciation"},{"alternatives":[{"confidence":"0.0","content":","}],"type":"punctuation"},{"start_time":"5.56","end_time":"5.82","alternatives":[{"confidence":"0.3733","content":"어디"}],"type":"pronunciation"},{"start_time":"6.0","end_time":"6.48","alternatives":[{"confidence":"0.791","content":"어디까지"}],"type":"pronunciation"},{"start_time":"6.48","end_time":"6.74","alternatives":[{"confidence":"1.0","content":"얘기를"}],"type":"pronunciation"},{"start_time":"6.74","end_time":"7.31","alternatives":[{"confidence":"1.0","content":"했죠"}],"type":"pronunciation"},{"alternatives":[{"confidence":"0.0","content":"?"}],"type":"punctuation"},{"start_time":"9.4","end_time":"9.75","alternatives":[{"confidence":"0.9999","content":"명의"}],"type":"pronunciation"},{"start_time":"9.75","end_time":"10.0","alternatives":[{"confidence":"0.9721500000000001","content":"도용"}],"type":"pronunciation"},{"start_time":"10.0","end_time":"10.3","alternatives":[{"confidence":"0.5914","content":"사건"}],"type":"pronunciation"},{"start_time":"10.3","end_time":"10.52","alternatives":[{"confidence":"0.9987","content":"이라고"}],"type":"pronunciation"},{"start_time":"10.52","end_time":"10.71","alternatives":[{"confidence":"0.9995","content":"제가"}],"type":"pronunciation"},{"start_time":"10.71","end_time":"11.11","alternatives":[{"confidence":"1.0","content":"말씀을"}],"type":"pronunciation"},{"start_time":"11.11","end_time":"12.45","alternatives":[{"confidence":"0.99785","content":"드렸죠"}],"type":"pronunciation"},{"alternatives":[{"confidence":"0.0","content":"."}],"type":"punctuation"},{"start_time":"12.96","end_time":"13.37","alternatives":[{"confidence":"0.9995","content":"그러니까"}],"type":"pronunciation"},{"start_time":"13.37","end_time":"13.86","alternatives":[{"confidence":"0.9924","content":"본인"}],"type":"pronunciation"},{"start_time":"13.86","end_time":"14.73","alternatives":[{"confidence":"1.0","content":"명의의"}],"type":"pronunciation"},{"start_time":"15.65","end_time":"16.35","alternatives":[{"confidence":"0.99985","content":"통장이"}],"type":"pronunciation"},{"start_time":"16.35","end_time":"16.96","alternatives":[{"confidence":"0.9997","content":"발견됐기"}],"type":"pronunciation"},{"start_time":"16.96","end_time":"17.27","alternatives":[{"confidence":"1.0","content":"때문에"}],"type":"pronunciation"},{"start_time":"17.27","end_time":"17.65","alternatives":[{"confidence":"0.6854","content":"불법"}],"type":"pronunciation"},{"start_time":"17.65","end_time":"18.29","alternatives":[{"confidence":"0.9999333333333333","content":"대포통장이"}],"type":"pronunciation"},{"start_time":"18.29","end_time":"18.9","alternatives":[{"confidence":"0.99995","content":"발견됐기"}],"type":"pronunciation"},{"start_time":"18.9","end_time":"19.73","alternatives":[{"confidence":"1.0","content":"때문에"}],"type":"pronunciation"},{"start_time":"19.78","end_time":"20.07","alternatives":[{"confidence":"0.1985","content":"요"}],"type":"pronunciation"},{"start_time":"20.16","end_time":"20.89","alternatives":[{"confidence":"1.0","content":"본인이"}],"type":"pronunciation"},{"start_time":"21.32","end_time":"21.5","alternatives":[{"confidence":"0.591","content":"이"}],"type":"pronunciation"},{"start_time":"21.5","end_time":"22.02","alternatives":[{"confidence":"0.82405","content":"김민수"}],"type":"pronunciation"},{"start_time":"22.02","end_time":"22.8","alternatives":[{"confidence":"0.96155","content":"일당과"}],"type":"pronunciation"},{"start_time":"23.38","end_time":"23.78","alternatives":[{"confidence":"0.9997","content":"상관이"}],"type":"pronunciation"},{"start_time":"23.78","end_time":"24.26","alternatives":[{"confidence":"0.7745","content":"없다라는"}],"type":"pronunciation"},{"start_time":"24.26","end_time":"24.45","alternatives":[{"confidence":"0.9666","content":"것을"}],"type":"pronunciation"},{"start_time":"24.45","end_time":"25.19","alternatives":[{"confidence":"0.9988","content":"입증하시지"}],"type":"pronunciation"},{"alternatives":[{"confidence":"0.0","content":"."}],"type":"punctuation"},{"start_time":"25.19","end_time":"26.07","alternatives":[{"confidence":"0.98275","content":"못하신다면"}],"type":"pronunciation"},{"start_time":"26.07","end_time":"26.62","alternatives":[{"confidence":"0.9934499999999999","content":"본인한테"}],"type":"pronunciation"},{"start_time":"26.62","end_time":"26.77","alternatives":[{"confidence":"0.5142","content":"일"}],"type":"pronunciation"},{"start_time":"26.77","end_time":"27.14","alternatives":[{"confidence":"0.9855","content":"년간"}],"type":"pronunciation"},{"start_time":"27.14","end_time":"28.29","alternatives":[{"confidence":"0.93265","content":"금융제한"}],"type":"pronunciation"},{"start_time":"28.73","end_time":"29.12","alternatives":[{"confidence":"1.0","content":"조치가"}],"type":"pronunciation"},{"start_time":"29.12","end_time":"29.46","alternatives":[{"confidence":"0.9774","content":"들어갈"}],"type":"pronunciation"},{"start_time":"29.46","end_time":"29.6","alternatives":[{"confidence":"0.9999","content":"수"}],"type":"pronunciation"},{"start_time":"29.6","end_time":"30.72","alternatives":[{"confidence":"0.9993","content":"있어요"}],"type":"pronunciation"},{"alternatives":[{"confidence":"0.0","content":"."}],"type":"punctuation"},{"start_time":"30.75","end_time":"31.08","alternatives":[{"confidence":"0.9994","content":"그렇기"}],"type":"pronunciation"},{"start_time":"31.08","end_time":"31.67","alternatives":[{"confidence":"0.9982","content":"때문에"}],"type":"pronunciation"},{"start_time":"31.67","end_time":"32.31","alternatives":[{"confidence":"1.0","content":"본인이"}],"type":"pronunciation"},{"start_time":"32.6","end_time":"32.96","alternatives":[{"confidence":"0.94945","content":"본청"}],"type":"pronunciation"},{"start_time":"32.96","end_time":"33.6","alternatives":[{"confidence":"0.9716","content":"홈페이지에서"}],"type":"pronunciation"},{"start_time":"33.6","end_time":"34.29","alternatives":[{"confidence":"0.887","content":"신고하시는"}],"type":"pronunciation"},{"start_time":"34.29","end_time":"34.44","alternatives":[{"confidence":"0.9994","content":"게"}],"type":"pronunciation"},{"start_time":"34.44","end_time":"34.95","alternatives":[{"confidence":"0.9999","content":"제일"}],"type":"pronunciation"},{"start_time":"34.96","end_time":"35.42","alternatives":[{"confidence":"0.9942","content":"중요한"}],"type":"pronunciation"},{"start_time":"35.42","end_time":"36.3","alternatives":[{"confidence":"0.9721500000000001","content":"사항이고"}],"type":"pronunciation"},{"alternatives":[{"confidence":"0.0","content":"."}],"type":"punctuation"},{"start_time":"37.18","end_time":"37.45","alternatives":[{"confidence":"1.0","content":"일단"}],"type":"pronunciation"},{"start_time":"37.45","end_time":"37.84","alternatives":[{"confidence":"1.0","content":"신고를"}],"type":"pronunciation"},{"start_time":"37.84","end_time":"39.09","alternatives":[{"confidence":"0.96795","content":"하셔야저희가"}],"type":"pronunciation"},{"start_time":"39.15","end_time":"39.65","alternatives":[{"confidence":"1.0","content":"접수를"}],"type":"pronunciation"},{"start_time":"39.65","end_time":"40.32","alternatives":[{"confidence":"1.0","content":"받아서"}],"type":"pronunciation"},{"start_time":"41.476","end_time":"42.196","alternatives":[{"confidence":"0.6335000000000001","content":"민수와의"}],"type":"pronunciation"},{"start_time":"42.456","end_time":"43.296","alternatives":[{"confidence":"0.91995","content":"상관관계를"}],"type":"pronunciation"},{"start_time":"43.296","end_time":"43.646","alternatives":[{"confidence":"0.9995","content":"확인을"}],"type":"pronunciation"},{"start_time":"43.646","end_time":"43.796","alternatives":[{"confidence":"0.9995","content":"할"}],"type":"pronunciation"},{"start_time":"43.796","end_time":"44.456","alternatives":[{"confidence":"0.9943","content":"겁니다"}],"type":"pronunciation"},{"alternatives":[{"confidence":"0.0","content":"."}],"type":"punctuation"},{"start_time":"44.456","end_time":"44.856","alternatives":[{"confidence":"1.0","content":"저희가"}],"type":"pronunciation"},{"start_time":"44.856","end_time":"45.016","alternatives":[{"confidence":"0.5998","content":"하는"}],"type":"pronunciation"},{"start_time":"45.016","end_time":"45.106","alternatives":[{"confidence":"0.5998","content":"게"}],"type":"pronunciation"},{"start_time":"45.106","end_time":"45.356","alternatives":[{"confidence":"0.9941","content":"아니라"}],"type":"pronunciation"},{"start_time":"45.356","end_time":"46.236","alternatives":[{"confidence":"0.9962500000000001","content":"금감원에서"}],"type":"pronunciation"},{"start_time":"46.236","end_time":"46.826","alternatives":[{"confidence":"0.84395","content":"계좌추적"}],"type":"pronunciation"},{"start_time":"46.826","end_time":"47.106","alternatives":[{"confidence":"0.9969","content":"조율을"}],"type":"pronunciation"},{"start_time":"47.106","end_time":"47.306","alternatives":[{"confidence":"0.9999","content":"통해"}],"type":"pronunciation"},{"start_time":"47.306","end_time":"47.816","alternatives":[{"confidence":"0.9748","content":"가지고"}],"type":"pronunciation"},{"start_time":"48.436","end_time":"48.786","alternatives":[{"confidence":"0.77505","content":"김민수"}],"type":"pronunciation"},{"start_time":"48.786","end_time":"49.196","alternatives":[{"confidence":"0.96175","content":"일당과"}],"type":"pronunciation"},{"start_time":"49.196","end_time":"49.686","alternatives":[{"confidence":"0.99985","content":"금전적인"}],"type":"pronunciation"},{"start_time":"49.686","end_time":"50.036","alternatives":[{"confidence":"1.0","content":"거래가"}],"type":"pronunciation"},{"start_time":"50.036","end_time":"50.276","alternatives":[{"confidence":"0.9957","content":"있는"}],"type":"pronunciation"},{"start_time":"50.276","end_time":"50.696","alternatives":[{"confidence":"0.99975","content":"정황을"}],"type":"pronunciation"},{"start_time":"50.696","end_time":"50.956","alternatives":[{"confidence":"1.0","content":"저희가"}],"type":"pronunciation"},{"start_time":"50.956","end_time":"51.326","alternatives":[{"confidence":"1.0","content":"확인을"}],"type":"pronunciation"},{"start_time":"51.326","end_time":"51.466","alternatives":[{"confidence":"0.9997","content":"할"}],"type":"pronunciation"},{"start_time":"51.466","end_time":"52.086","alternatives":[{"confidence":"0.9977","content":"겁니다"}],"type":"pronunciation"},{"alternatives":[{"confidence":"0.0","content":"."}],"type":"punctuation"},{"start_time":"52.726","end_time":"53.326","alternatives":[{"confidence":"1.0","content":"그래서"}],"type":"pronunciation"},{"start_time":"53.356","end_time":"53.736","alternatives":[{"confidence":"1.0","content":"그러한"}],"type":"pronunciation"},{"start_time":"53.736","end_time":"54.076","alternatives":[{"confidence":"0.9793","content":"상황이"}],"type":"pronunciation"},{"start_time":"54.076","end_time":"54.536","alternatives":[{"confidence":"0.993","content":"없으면"}],"type":"pronunciation"},{"start_time":"54.536","end_time":"55.056","alternatives":[{"confidence":"1.0","content":"본인은"}],"type":"pronunciation"},{"start_time":"55.096","end_time":"55.676","alternatives":[{"confidence":"1.0","content":"무고한"}],"type":"pronunciation"},{"start_time":"55.816","end_time":"56.266","alternatives":[{"confidence":"0.9833","content":"피해자가"}],"type":"pronunciation"},{"start_time":"56.266","end_time":"56.676","alternatives":[{"confidence":"0.9974000000000001","content":"되시는"}],"type":"pronunciation"},{"start_time":"56.676","end_time":"57.086","alternatives":[{"confidence":"1.0","content":"거고"}],"type":"pronunciation"},{"alternatives":[{"confidence":"0.0","content":","}],"type":"punctuation"},{"start_time":"57.946","end_time":"58.416","alternatives":[{"confidence":"1.0","content":"만약에"}],"type":"pronunciation"},{"start_time":"58.416","end_time":"59.236","alternatives":[{"confidence":"0.8623","content":"김민수한테"}],"type":"pronunciation"},{"start_time":"59.326","end_time":"59.776","alternatives":[{"confidence":"1.0","content":"돈을"}],"type":"pronunciation"},{"start_time":"60.036","end_time":"60.306","alternatives":[{"confidence":"0.9435","content":"진짜"}],"type":"pronunciation"},{"start_time":"60.306","end_time":"60.756","alternatives":[{"confidence":"0.9376","content":"받고"}],"type":"pronunciation"},{"start_time":"60.756","end_time":"61.126","alternatives":[{"confidence":"0.9978","content":"통장을"}],"type":"pronunciation"},{"start_time":"61.126","end_time":"61.726","alternatives":[{"confidence":"0.9456","content":"팔았다거나"}],"type":"pronunciation"},{"start_time":"61.742","end_time":"61.922","alternatives":[{"confidence":"0.9353","content":"이런"}],"type":"pronunciation"},{"start_time":"61.922","end_time":"62.522","alternatives":[{"confidence":"0.9997","content":"것들에"}],"type":"pronunciation"},{"start_time":"62.652","end_time":"62.822","alternatives":[{"confidence":"0.9458","content":"이"}],"type":"pronunciation"},{"start_time":"62.822","end_time":"63.272","alternatives":[{"confidence":"0.9858","content":"발견이"}],"type":"pronunciation"},{"start_time":"63.272","end_time":"63.822","alternatives":[{"confidence":"0.9849","content":"되면"}],"type":"pronunciation"},{"start_time":"64.632","end_time":"64.942","alternatives":[{"confidence":"0.9132","content":"개인"}],"type":"pronunciation"},{"start_time":"64.942","end_time":"65.282","alternatives":[{"confidence":"0.7104","content":"변호를"}],"type":"pronunciation"},{"start_time":"65.282","end_time":"66.302","alternatives":[{"confidence":"0.827125","content":"선임하셔가지고"}],"type":"pronunciation"},{"start_time":"67.352","end_time":"67.582","alternatives":[{"confidence":"0.9147","content":"으로"}],"type":"pronunciation"},{"start_time":"67.582","end_time":"67.982","alternatives":[{"confidence":"1.0","content":"방문을"}],"type":"pronunciation"},{"start_time":"67.982","end_time":"68.262","alternatives":[{"confidence":"0.9814","content":"하셔야"}],"type":"pronunciation"},{"start_time":"68.262","end_time":"68.592","alternatives":[{"confidence":"0.998","content":"되는"}],"type":"pronunciation"},{"start_time":"68.592","end_time":"68.832","alternatives":[{"confidence":"0.9999","content":"그런"}],"type":"pronunciation"},{"start_time":"68.832","end_time":"69.142","alternatives":[{"confidence":"0.9999","content":"상황이"}],"type":"pronunciation"},{"start_time":"69.142","end_time":"69.372","alternatives":[{"confidence":"0.9549","content":"되는"}],"type":"pronunciation"},{"start_time":"69.372","end_time":"69.922","alternatives":[{"confidence":"1.0","content":"겁니다"}],"type":"pronunciation"},{"alternatives":[{"confidence":"0.0","content":"."}],"type":"punctuation"},{"start_time":"69.922","end_time":"71.002","alternatives":[{"confidence":"1.0","content":"아시겠죠"}],"type":"pronunciation"},{"alternatives":[{"confidence":"0.0","content":"?"}],"type":"punctuation"},{"start_time":"72.022","end_time":"72.212","alternatives":[{"confidence":"0.9325","content":"자"}],"type":"pronunciation"},{"alternatives":[{"confidence":"0.0","content":","}],"type":"punctuation"},{"start_time":"72.212","end_time":"74.212","alternatives":[{"confidence":"0.9814833333333333","content":"서울중앙지방검찰청들어가시면"}],"type":"pronunciation"},{"start_time":"74.212","end_time":"74.742","alternatives":[{"confidence":"0.7703500000000001","content":"본인앞으로"}],"type":"pronunciation"},{"start_time":"74.742","end_time":"74.952","alternatives":[{"confidence":"0.5479","content":"나와"}],"type":"pronunciation"},{"start_time":"74.952","end_time":"75.142","alternatives":[{"confidence":"0.9962","content":"있는"}],"type":"pronunciation"},{"start_time":"75.142","end_time":"75.682","alternatives":[{"confidence":"0.8260333333333333","content":"공문확인"}],"type":"pronunciation"},{"start_time":"75.682","end_time":"76.262","alternatives":[{"confidence":"0.9967","content":"가능합니다"}],"type":"pronunciation"},{"alternatives":[{"confidence":"0.0","content":"."}],"type":"punctuation"},{"start_time":"76.262","end_time":"77.082","alternatives":[{"confidence":"0.78625","content":"확인하시고"}],"type":"pronunciation"},{"start_time":"77.642","end_time":"77.902","alternatives":[{"confidence":"0.9998","content":"거기에"}],"type":"pronunciation"},{"start_time":"77.902","end_time":"78.332","alternatives":[{"confidence":"1.0","content":"따라서"}],"type":"pronunciation"},{"start_time":"78.332","end_time":"78.752","alternatives":[{"confidence":"1.0","content":"본인이"}],"type":"pronunciation"},{"start_time":"78.752","end_time":"79.402","alternatives":[{"confidence":"0.9841","content":"직접"}],"type":"pronunciation"},{"start_time":"79.462","end_time":"81.222","alternatives":[{"confidence":"0.855725","content":"개인정보침해신고센터를"}],"type":"pronunciation"},{"start_time":"81.222","end_time":"81.862","alternatives":[{"confidence":"0.9949","content":"통해서"}],"type":"pronunciation"},{"start_time":"82.882","end_time":"83.452","alternatives":[{"confidence":"1.0","content":"신고를"}],"type":"pronunciation"},{"start_time":"83.452","end_time":"84.162","alternatives":[{"confidence":"0.79835","content":"해주시길"}],"type":"pronunciation"},{"start_time":"86.09","end_time":"86.97","alternatives":[{"confidence":"0.6259","content":"라는게"}],"type":"pronunciation"},{"start_time":"86.97","end_time":"87.27","alternatives":[{"confidence":"0.9893","content":"제가"}],"type":"pronunciation"},{"start_time":"87.27","end_time":"87.8","alternatives":[{"confidence":"0.7129","content":"고지드릴"}],"type":"pronunciation"},{"start_time":"87.8","end_time":"88.5","alternatives":[{"confidence":"1.0","content":"내용입니다"}],"type":"pronunciation"},{"alternatives":[{"confidence":"0.0","content":"."}],"type":"punctuation"},{"start_time":"90.41","end_time":"90.77","alternatives":[{"confidence":"0.3007","content":"예"}],"type":"pronunciation"},{"alternatives":[{"confidence":"0.0","content":"."}],"type":"punctuation"},{"start_time":"90.86","end_time":"91.88","alternatives":[{"confidence":"1.0","content":"수고하십시오"}],"type":"pronunciation"},{"start_time":"91.91","end_time":"92.07","alternatives":[{"confidence":"0.5957","content":"네"}],"type":"pronunciation"},{"alternatives":[{"confidence":"0.0","content":","}],"type":"punctuation"},{"start_time":"92.07","end_time":"92.85","alternatives":[{"confidence":"0.9931","content":"알겠습니다"}],"type":"pronunciation"},{"alternatives":[{"confidence":"0.0","content":"."}],"type":"punctuation"}]},"status":"COMPLETED"}