{"jobName":"transcribes..91","accountId":"097989105209","results":{"transcripts":[{"transcript":"전혀 모르시는 분이시고. 제가 지금 이분에 대해서 여쭤본 이유는 지금 저희 남부지검에서 저희가 로 인한 금융범죄사기단을 검거를 하면서 현장에서 대량의 신용카드와 대포통장을 압수했습니다. 그런데 제가 앞서 목록을 주여 하던 도중에 지금 본인 명의로 된 은행통장한 부, 그리고 외환은행총장안부가 대포통장으로 사용된 것을 저희 집에서 압수수색하였고요. 지금 본인께서 두 계좌의 개설 여부에 대해서 아시는 부분 있으십니까? 보는 게 전혀 개설하시려고 주시고요. 그렇다면 혹시 신분증을 분실하셨다든지 아니면 타인에게 명예를 빚어주신 적 있으신가요? 전혀 없으시고 그런 본인께서는 지금 개설 여부에 대해서 전혀 모르셨던 부분이 시고요. 제가 은행에 확인해 봤고요. 네, 그렇게 하세요."}],"items":[{"start_time":"1.48","end_time":"1.72","alternatives":[{"confidence":"0.9191","content":"전혀"}],"type":"pronunciation"},{"start_time":"1.87","end_time":"2.31","alternatives":[{"confidence":"0.9989","content":"모르시는"}],"type":"pronunciation"},{"start_time":"2.31","end_time":"2.94","alternatives":[{"confidence":"0.99035","content":"분이시고"}],"type":"pronunciation"},{"alternatives":[{"confidence":"0.0","content":"."}],"type":"punctuation"},{"start_time":"3.26","end_time":"3.46","alternatives":[{"confidence":"0.9999","content":"제가"}],"type":"pronunciation"},{"start_time":"3.46","end_time":"3.66","alternatives":[{"confidence":"0.9997","content":"지금"}],"type":"pronunciation"},{"start_time":"3.66","end_time":"4.0","alternatives":[{"confidence":"0.7189000000000001","content":"이분에"}],"type":"pronunciation"},{"start_time":"4.0","end_time":"4.31","alternatives":[{"confidence":"0.9992","content":"대해서"}],"type":"pronunciation"},{"start_time":"4.31","end_time":"4.76","alternatives":[{"confidence":"0.9539500000000001","content":"여쭤본"}],"type":"pronunciation"},{"start_time":"4.76","end_time":"5.38","alternatives":[{"confidence":"0.9981","content":"이유는"}],"type":"pronunciation"},{"start_time":"5.41","end_time":"5.69","alternatives":[{"confidence":"0.9933","content":"지금"}],"type":"pronunciation"},{"start_time":"5.69","end_time":"5.87","alternatives":[{"confidence":"0.8531","content":"저희"}],"type":"pronunciation"},{"start_time":"5.87","end_time":"6.96","alternatives":[{"confidence":"0.997375","content":"남부지검에서"}],"type":"pronunciation"},{"start_time":"7.23","end_time":"7.53","alternatives":[{"confidence":"0.9049","content":"저희가"}],"type":"pronunciation"},{"start_time":"8.02","end_time":"8.15","alternatives":[{"confidence":"0.9669","content":"로"}],"type":"pronunciation"},{"start_time":"8.15","end_time":"8.55","alternatives":[{"confidence":"1.0","content":"인한"}],"type":"pronunciation"},{"start_time":"8.55","end_time":"9.83","alternatives":[{"confidence":"0.999725","content":"금융범죄사기단을"}],"type":"pronunciation"},{"start_time":"9.83","end_time":"10.2","alternatives":[{"confidence":"0.93845","content":"검거를"}],"type":"pronunciation"},{"start_time":"10.2","end_time":"10.97","alternatives":[{"confidence":"0.9127","content":"하면서"}],"type":"pronunciation"},{"start_time":"11.31","end_time":"11.83","alternatives":[{"confidence":"1.0","content":"현장에서"}],"type":"pronunciation"},{"start_time":"11.83","end_time":"12.2","alternatives":[{"confidence":"1.0","content":"대량의"}],"type":"pronunciation"},{"start_time":"12.2","end_time":"12.99","alternatives":[{"confidence":"1.0","content":"신용카드와"}],"type":"pronunciation"},{"start_time":"13.02","end_time":"13.73","alternatives":[{"confidence":"0.9992000000000001","content":"대포통장을"}],"type":"pronunciation"},{"start_time":"13.73","end_time":"14.74","alternatives":[{"confidence":"0.9997","content":"압수했습니다"}],"type":"pronunciation"},{"alternatives":[{"confidence":"0.0","content":"."}],"type":"punctuation"},{"start_time":"15.13","end_time":"15.41","alternatives":[{"confidence":"0.8185","content":"그런데"}],"type":"pronunciation"},{"start_time":"15.41","end_time":"15.68","alternatives":[{"confidence":"0.9998","content":"제가"}],"type":"pronunciation"},{"start_time":"15.68","end_time":"15.99","alternatives":[{"confidence":"0.891","content":"앞서"}],"type":"pronunciation"},{"start_time":"15.99","end_time":"16.44","alternatives":[{"confidence":"1.0","content":"목록을"}],"type":"pronunciation"},{"start_time":"16.44","end_time":"16.65","alternatives":[{"confidence":"0.2986","content":"주여"}],"type":"pronunciation"},{"start_time":"16.65","end_time":"16.91","alternatives":[{"confidence":"0.9996","content":"하던"}],"type":"pronunciation"},{"start_time":"16.91","end_time":"17.56","alternatives":[{"confidence":"0.9997","content":"도중에"}],"type":"pronunciation"},{"start_time":"17.59","end_time":"17.83","alternatives":[{"confidence":"0.9007","content":"지금"}],"type":"pronunciation"},{"start_time":"18.45","end_time":"18.76","alternatives":[{"confidence":"0.8135","content":"본인"}],"type":"pronunciation"},{"start_time":"18.76","end_time":"19.12","alternatives":[{"confidence":"1.0","content":"명의로"}],"type":"pronunciation"},{"start_time":"19.12","end_time":"19.41","alternatives":[{"confidence":"0.9999","content":"된"}],"type":"pronunciation"},{"start_time":"19.87","end_time":"20.61","alternatives":[{"confidence":"0.8989333333333334","content":"은행통장한"}],"type":"pronunciation"},{"start_time":"20.61","end_time":"20.82","alternatives":[{"confidence":"0.5024","content":"부"}],"type":"pronunciation"},{"alternatives":[{"confidence":"0.0","content":","}],"type":"punctuation"},{"start_time":"21.16","end_time":"21.45","alternatives":[{"confidence":"0.9907","content":"그리고"}],"type":"pronunciation"},{"start_time":"21.48","end_time":"22.94","alternatives":[{"confidence":"0.641175","content":"외환은행총장안부가"}],"type":"pronunciation"},{"start_time":"22.97","end_time":"23.79","alternatives":[{"confidence":"0.9995666666666668","content":"대포통장으로"}],"type":"pronunciation"},{"start_time":"23.79","end_time":"24.27","alternatives":[{"confidence":"0.8074","content":"사용된"}],"type":"pronunciation"},{"start_time":"24.27","end_time":"24.72","alternatives":[{"confidence":"0.9996","content":"것을"}],"type":"pronunciation"},{"start_time":"24.72","end_time":"24.91","alternatives":[{"confidence":"0.8005","content":"저희"}],"type":"pronunciation"},{"start_time":"24.91","end_time":"25.25","alternatives":[{"confidence":"0.9662","content":"집에서"}],"type":"pronunciation"},{"start_time":"25.25","end_time":"26.35","alternatives":[{"confidence":"0.9942333333333333","content":"압수수색하였고요"}],"type":"pronunciation"},{"alternatives":[{"confidence":"0.0","content":"."}],"type":"punctuation"},{"start_time":"27.08","end_time":"27.27","alternatives":[{"confidence":"0.9808","content":"지금"}],"type":"pronunciation"},{"start_time":"27.27","end_time":"27.72","alternatives":[{"confidence":"0.9813000000000001","content":"본인께서"}],"type":"pronunciation"},{"start_time":"27.72","end_time":"27.92","alternatives":[{"confidence":"0.3937","content":"두"}],"type":"pronunciation"},{"start_time":"27.92","end_time":"28.4","alternatives":[{"confidence":"0.9801","content":"계좌의"}],"type":"pronunciation"},{"start_time":"28.43","end_time":"28.81","alternatives":[{"confidence":"0.7522","content":"개설"}],"type":"pronunciation"},{"start_time":"28.81","end_time":"29.06","alternatives":[{"confidence":"0.9996","content":"여부에"}],"type":"pronunciation"},{"start_time":"29.06","end_time":"29.39","alternatives":[{"confidence":"0.9976","content":"대해서"}],"type":"pronunciation"},{"start_time":"29.39","end_time":"29.74","alternatives":[{"confidence":"0.9583","content":"아시는"}],"type":"pronunciation"},{"start_time":"29.74","end_time":"29.95","alternatives":[{"confidence":"0.6802","content":"부분"}],"type":"pronunciation"},{"start_time":"29.95","end_time":"30.6","alternatives":[{"confidence":"1.0","content":"있으십니까"}],"type":"pronunciation"},{"alternatives":[{"confidence":"0.0","content":"?"}],"type":"punctuation"},{"start_time":"33.34","end_time":"33.63","alternatives":[{"confidence":"0.376","content":"보는"}],"type":"pronunciation"},{"start_time":"33.63","end_time":"33.74","alternatives":[{"confidence":"0.8254","content":"게"}],"type":"pronunciation"},{"start_time":"33.74","end_time":"33.99","alternatives":[{"confidence":"0.9999","content":"전혀"}],"type":"pronunciation"},{"start_time":"33.99","end_time":"34.68","alternatives":[{"confidence":"0.8724","content":"개설하시려고"}],"type":"pronunciation"},{"start_time":"34.71","end_time":"35.29","alternatives":[{"confidence":"0.9966999999999999","content":"주시고요"}],"type":"pronunciation"},{"alternatives":[{"confidence":"0.0","content":"."}],"type":"punctuation"},{"start_time":"37.69","end_time":"38.11","alternatives":[{"confidence":"0.6151","content":"그렇다면"}],"type":"pronunciation"},{"start_time":"38.11","end_time":"38.55","alternatives":[{"confidence":"1.0","content":"혹시"}],"type":"pronunciation"},{"start_time":"38.64","end_time":"39.36","alternatives":[{"confidence":"0.9996499999999999","content":"신분증을"}],"type":"pronunciation"},{"start_time":"39.39","end_time":"40.8","alternatives":[{"confidence":"0.8346333333333332","content":"분실하셨다든지"}],"type":"pronunciation"},{"start_time":"40.8","end_time":"41.1","alternatives":[{"confidence":"0.9999","content":"아니면"}],"type":"pronunciation"},{"start_time":"41.1","end_time":"41.66","alternatives":[{"confidence":"0.993","content":"타인에게"}],"type":"pronunciation"},{"start_time":"41.69","end_time":"42.1","alternatives":[{"confidence":"0.9843","content":"명예를"}],"type":"pronunciation"},{"start_time":"42.1","end_time":"42.55","alternatives":[{"confidence":"0.91025","content":"빚어주신"}],"type":"pronunciation"},{"start_time":"42.55","end_time":"42.65","alternatives":[{"confidence":"0.5732","content":"적"}],"type":"pronunciation"},{"start_time":"42.65","end_time":"43.26","alternatives":[{"confidence":"1.0","content":"있으신가요"}],"type":"pronunciation"},{"alternatives":[{"confidence":"0.0","content":"?"}],"type":"punctuation"},{"start_time":"45.14","end_time":"45.41","alternatives":[{"confidence":"1.0","content":"전혀"}],"type":"pronunciation"},{"start_time":"45.41","end_time":"46.06","alternatives":[{"confidence":"0.99575","content":"없으시고"}],"type":"pronunciation"},{"start_time":"46.34","end_time":"46.52","alternatives":[{"confidence":"0.5566","content":"그런"}],"type":"pronunciation"},{"start_time":"46.52","end_time":"47.19","alternatives":[{"confidence":"0.8385499999999999","content":"본인께서는"}],"type":"pronunciation"},{"start_time":"47.19","end_time":"47.47","alternatives":[{"confidence":"0.9937","content":"지금"}],"type":"pronunciation"},{"start_time":"47.47","end_time":"47.86","alternatives":[{"confidence":"0.7409","content":"개설"}],"type":"pronunciation"},{"start_time":"47.86","end_time":"48.12","alternatives":[{"confidence":"0.999","content":"여부에"}],"type":"pronunciation"},{"start_time":"48.12","end_time":"48.51","alternatives":[{"confidence":"0.9996","content":"대해서"}],"type":"pronunciation"},{"start_time":"48.51","end_time":"48.77","alternatives":[{"confidence":"1.0","content":"전혀"}],"type":"pronunciation"},{"start_time":"48.77","end_time":"49.3","alternatives":[{"confidence":"0.99945","content":"모르셨던"}],"type":"pronunciation"},{"start_time":"49.3","end_time":"49.64","alternatives":[{"confidence":"0.6607","content":"부분이"}],"type":"pronunciation"},{"start_time":"49.64","end_time":"50.14","alternatives":[{"confidence":"0.7973","content":"시고요"}],"type":"pronunciation"},{"alternatives":[{"confidence":"0.0","content":"."}],"type":"punctuation"},{"start_time":"51.78","end_time":"52.16","alternatives":[{"confidence":"0.9994","content":"제가"}],"type":"pronunciation"},{"start_time":"52.16","end_time":"52.66","alternatives":[{"confidence":"0.9004","content":"은행에"}],"type":"pronunciation"},{"start_time":"52.66","end_time":"53.17","alternatives":[{"confidence":"0.7322","content":"확인해"}],"type":"pronunciation"},{"start_time":"53.17","end_time":"53.73","alternatives":[{"confidence":"0.91065","content":"봤고요"}],"type":"pronunciation"},{"alternatives":[{"confidence":"0.0","content":"."}],"type":"punctuation"},{"start_time":"55.14","end_time":"55.34","alternatives":[{"confidence":"0.986","content":"네"}],"type":"pronunciation"},{"alternatives":[{"confidence":"0.0","content":","}],"type":"punctuation"},{"start_time":"55.34","end_time":"55.67","alternatives":[{"confidence":"0.9912","content":"그렇게"}],"type":"pronunciation"},{"start_time":"55.67","end_time":"56.09","alternatives":[{"confidence":"1.0","content":"하세요"}],"type":"pronunciation"},{"alternatives":[{"confidence":"0.0","content":"."}],"type":"punctuation"}]},"status":"COMPLETED"}