{"jobName":"transcribes..9","accountId":"097989105209","results":{"transcripts":[{"transcript":"여보세요? 말씀하세요. 들어보니까 나와가지고 단순한 상황 때문에 드린 건 아니고요. 개인정보 때문에 몇 가지만 여쭤보겠습니다. 혹시 최근 일 년 사이에 신분증면허증여권 등을 분실하거나 타인에게 양도하신 적이 있으십니까? 그런 건 없습니까? 그럼 요즘 각 은행이나 카드사에서 개인정보 유출이 말이 됐는데요. 그걸로 인해 피해 보신 사례가 있으십니까? 없는데요. 전혀 없으시다 말씀 거는 없는데요. 이걸 여쭤보는 이유는요 저희가 이천십오 년 칠 월 구일에 불법 도박금융사기단 일당을 검거했습니다 현장에서 명의로 된 부산은행 공장이 발견되었고요. 네네 하고 있는데요. 앞선 통장에서는 상당히 불법 도박자금 들어있어서 동결처리를 시켰는데 본인께서 계좌에 대한 하신다고요 하고 있다고요? 동지점에서 발급하신 것 맞으십니까 지금은 아닌 것 같은데요. 월 구일에 부산 강서구 명지동 지점에서 부산은행 통장개설한 것 아니십니까 그 용어는 아닌데요. 하고 있어 가지고 그래서 전혀 분실하거나 그런 그러시면 남성 한 사람은 아십니까 아닙니까? 그래요. 신이십니다 제가 잘 모르겠네요. 나오고 있는데요. 장성호 씨는요 명의로 된 통장을 돈을 주고 샀다고 진술을 하시는데 우린 께서 모르신단 말씀을 받으십니까. 본인도 알다시피 금융거래 실명제원칙에 따라 통장을 개설하려면 본인이 직접 신분증을 지참하고 해당 은행의 가셨지만 통장이 발급되지 않습니까? 그죠? 본인이 모른다고 해서 무마되는 사건은 아니고요. 본인입장도 이해를 하고 황당할 수 있겠지만 이번 사건은 김 단 사람이 불법 도박사이트를 운영하면서 대포통장이 필요하니까 여보세요? 무소리죠 네 백삼십 여명의 명의 자들에게 통장을 구매했다고 진술을 해서 연락을 드리는 부분이고요 통화를 하다 보면 몇몇 분들은 돈을 받고 하신 분들도 계셨어요. 확인 차 형식상 연락을 드리는 부분입니다. 근데 에서는 전혀 통장을 판매하신 적 없다는 말씀드십니까. 참고로 말씀드리면 처벌에 관한 범하면 통장을 삼 년 이하의 징역이나 삼 천만원 이하의 벌금형을 알고 계셔야 되고요. 제가 말한 것에 대해서 전혀 아는 바 없다는 말씀을 받으십니까. 알겠습니다. 우선은 이번 사건에 연루된 혐의가 있기 때문에요. 검찰 수사를 받으셔야 하는데, 지금 근무 중 이시니까 아니면 되니까 했습니까? 저희 쪽으로 오시는데 시간은 얼마나 정도 걸리시죠? 거기가 어디쯤 되니까 부산광역시 연제구 법원도 있습니다. 여기서 한 시간 좀 더 걸리겠는데요 오실 수 있으십니까? 한 시간 겠습니까. 일단 일단은 꺼내되니까요 다고요 끊어가지고 그래도 해야 되지 않을까 싶은데요. 그러시면 불편하시다면요 일단 사건 조사를 진행해야 되니까 그래서 하시니까 제가 약식 수사를 요청해 드리겠는데요. 사실 여부를 판단하기 위해서 몇 가지 기본적인 질문을 할 텐데요. 그분들은 본인이 일차 피해자라는 것을 밝히는 질문들이고요 요질문에 전반조사과정은 녹취 상태로 진행이 될 것입니다. 그리고 수사과정에서 저희가 강압수사는 있었는지 유도신문을 하는지 본인께서. 허위 진술을 하시는 부분에서는 다른 기관에서 심사가 들어갈 거고요. 비판의 증거물로 사용되기 때문에요. 거짓말을 하시거나 숨기심이 안 되시고요? 네. 그러시면 제가 녹음 녹취 진행하도록 하겠습니다. 잠시만요 네, 여보세요. 네, 저는 부산고검 형사 일 부 김나영 수사관입니다 지금 이천십오 형제일 점 칠오 파로 농사건에 대한 일문일답 조사과정입니다 조사 본인은 마르십니까 는 맞으십니까 네, 남성 그걸 전혀 모르십니까 이천십오년 육 월 구일에 부산 강서구 명지동 지점에서 무산은행 통장개설한. 사실은 있으십니까? 그러시면 혹시 어디서 뭐하고 계시는지 기억하십니까? 을 맞이하기 때문에 기억이 잘 안 나죠. 특별한 없어 보이는 것 같은데요. 알겠습니다. 현재 명의로 통장들이 명의 도용 사건의 불법적으로 사용되고 있다는 것을 제가 말하기 전에는 알고 계셨습니까? 그러시면 최근 일 년 사이에 신분증면허증여권 등을 전혀 분실하거나 새내기 양도하신 적도 없으시고요. 알겠습니다. 뭐 님께서 부산은행 그래 하신다고 하셨는데 마지막으로 그래 하신 하십니까? 년 됐으니까요 되셨다고 사용하지 최근에 사용하지 않습니까? 사용합니다. 그러니까 마지막으로 하시고 그래하신 날짜기업. 제가 잘 모르겠네요. 최근에 서. 여보세요. 예, 여보세요. 최근에 사용하지 않으셨습니까? 사용하고 있지요. 그러니까 본인께서 최근에 사용하시고 있다고 말씀하셨는데요. 사용하시고 마지막 날짜는 기억하십니까? 그리고 나빠졌겠네요. 알겠습니다. 그러시면 본인께서 합법적으로 거래하셨던 이십니까 그러거든요. 하나뿐이십니까 농협하고. 국민은행 뭐 몇 개 되죠? 본인 명의로 된 합법적으로 하셨던 은행들얘기해주세요 그걸 그 많이 했던 것 농협은행 국민은행부산은행. 이 세계은행이란 말씀 있으십니까? 만약에 저희가 조사를 했을 때 본인이 진술하지 않는 은행계좌가 나왔을 경우 모두 불법 자들이 개설해서 이용한 걸로 간주가 되기 때문에요. 모두 동결처리해 드릴 것입니다. 바로 없어요. 세계은행을 하신다고 말씀하셨고요. 농협은행은 국민은행마지막 날 저는 기억하십니까? 역시 부터 통장을 가야되지. 잘 모르겠네요. 그러세요. 보시면 이 세 개 은행을 거래하신다는데. 통상은 몇 개 계절하셨습니까? 그렇죠. 그것도 많이 일고 여덟 개 될 것 같다고 했는데요. 그래요. 사용하시고. 나머지 장군상태가 어느 정도 됐어요? 정상이 십니까 주요 이천만원 될 것으로 보이는데요."}],"items":[{"start_time":"4.2","end_time":"4.97","alternatives":[{"confidence":"0.8313","content":"여보세요"}],"type":"pronunciation"},{"alternatives":[{"confidence":"0.0","content":"?"}],"type":"punctuation"},{"start_time":"5.06","end_time":"5.73","alternatives":[{"confidence":"0.9568","content":"말씀하세요"}],"type":"pronunciation"},{"alternatives":[{"confidence":"0.0","content":"."}],"type":"punctuation"},{"start_time":"8.12","end_time":"8.61","alternatives":[{"confidence":"0.40085","content":"들어보니까"}],"type":"pronunciation"},{"start_time":"8.95","end_time":"9.53","alternatives":[{"confidence":"0.5732000000000002","content":"나와가지고"}],"type":"pronunciation"},{"start_time":"12.5","end_time":"12.94","alternatives":[{"confidence":"0.9995","content":"단순한"}],"type":"pronunciation"},{"start_time":"12.94","end_time":"13.19","alternatives":[{"confidence":"0.8949","content":"상황"}],"type":"pronunciation"},{"start_time":"13.19","end_time":"13.49","alternatives":[{"confidence":"0.9955","content":"때문에"}],"type":"pronunciation"},{"start_time":"13.77","end_time":"13.97","alternatives":[{"confidence":"0.4079","content":"드린"}],"type":"pronunciation"},{"start_time":"13.97","end_time":"14.12","alternatives":[{"confidence":"0.9774","content":"건"}],"type":"pronunciation"},{"start_time":"14.12","end_time":"14.68","alternatives":[{"confidence":"0.9962","content":"아니고요"}],"type":"pronunciation"},{"alternatives":[{"confidence":"0.0","content":"."}],"type":"punctuation"},{"start_time":"14.71","end_time":"15.26","alternatives":[{"confidence":"0.3461","content":"개인정보"}],"type":"pronunciation"},{"start_time":"15.64","end_time":"16.17","alternatives":[{"confidence":"0.9954","content":"때문에"}],"type":"pronunciation"},{"start_time":"16.17","end_time":"16.35","alternatives":[{"confidence":"0.9601","content":"몇"}],"type":"pronunciation"},{"start_time":"16.35","end_time":"16.71","alternatives":[{"confidence":"0.9716","content":"가지만"}],"type":"pronunciation"},{"start_time":"16.71","end_time":"17.7","alternatives":[{"confidence":"1.0","content":"여쭤보겠습니다"}],"type":"pronunciation"},{"alternatives":[{"confidence":"0.0","content":"."}],"type":"punctuation"},{"start_time":"18.04","end_time":"18.74","alternatives":[{"confidence":"1.0","content":"혹시"}],"type":"pronunciation"},{"start_time":"18.74","end_time":"19.08","alternatives":[{"confidence":"0.9906","content":"최근"}],"type":"pronunciation"},{"start_time":"19.08","end_time":"19.2","alternatives":[{"confidence":"0.7483","content":"일"}],"type":"pronunciation"},{"start_time":"19.2","end_time":"19.38","alternatives":[{"confidence":"0.9465","content":"년"}],"type":"pronunciation"},{"start_time":"19.38","end_time":"19.87","alternatives":[{"confidence":"0.9521","content":"사이에"}],"type":"pronunciation"},{"start_time":"19.9","end_time":"21.41","alternatives":[{"confidence":"0.6820666666666666","content":"신분증면허증여권"}],"type":"pronunciation"},{"start_time":"21.41","end_time":"21.64","alternatives":[{"confidence":"0.9719","content":"등을"}],"type":"pronunciation"},{"start_time":"21.64","end_time":"22.34","alternatives":[{"confidence":"1.0","content":"분실하거나"}],"type":"pronunciation"},{"start_time":"22.34","end_time":"22.82","alternatives":[{"confidence":"0.94","content":"타인에게"}],"type":"pronunciation"},{"start_time":"22.82","end_time":"23.37","alternatives":[{"confidence":"0.95445","content":"양도하신"}],"type":"pronunciation"},{"start_time":"23.37","end_time":"23.53","alternatives":[{"confidence":"0.9883","content":"적이"}],"type":"pronunciation"},{"start_time":"23.53","end_time":"24.29","alternatives":[{"confidence":"1.0","content":"있으십니까"}],"type":"pronunciation"},{"alternatives":[{"confidence":"0.0","content":"?"}],"type":"punctuation"},{"start_time":"24.54","end_time":"24.76","alternatives":[{"confidence":"0.8859","content":"그런"}],"type":"pronunciation"},{"start_time":"24.76","end_time":"24.89","alternatives":[{"confidence":"0.8857","content":"건"}],"type":"pronunciation"},{"start_time":"24.89","end_time":"25.37","alternatives":[{"confidence":"0.5682","content":"없습니까"}],"type":"pronunciation"},{"alternatives":[{"confidence":"0.0","content":"?"}],"type":"punctuation"},{"start_time":"27.01","end_time":"27.61","alternatives":[{"confidence":"0.9997","content":"그럼"}],"type":"pronunciation"},{"start_time":"27.61","end_time":"27.86","alternatives":[{"confidence":"0.9941","content":"요즘"}],"type":"pronunciation"},{"start_time":"27.86","end_time":"28.1","alternatives":[{"confidence":"0.7861","content":"각"}],"type":"pronunciation"},{"start_time":"28.11","end_time":"28.53","alternatives":[{"confidence":"0.99995","content":"은행이나"}],"type":"pronunciation"},{"start_time":"28.53","end_time":"29.44","alternatives":[{"confidence":"0.9994000000000001","content":"카드사에서"}],"type":"pronunciation"},{"start_time":"29.77","end_time":"30.28","alternatives":[{"confidence":"0.7683","content":"개인정보"}],"type":"pronunciation"},{"start_time":"30.28","end_time":"30.57","alternatives":[{"confidence":"0.9446","content":"유출이"}],"type":"pronunciation"},{"start_time":"30.57","end_time":"30.87","alternatives":[{"confidence":"0.8522","content":"말이"}],"type":"pronunciation"},{"start_time":"30.87","end_time":"31.46","alternatives":[{"confidence":"0.9098999999999999","content":"됐는데요"}],"type":"pronunciation"},{"alternatives":[{"confidence":"0.0","content":"."}],"type":"punctuation"},{"start_time":"31.49","end_time":"31.85","alternatives":[{"confidence":"0.9361","content":"그걸로"}],"type":"pronunciation"},{"start_time":"31.85","end_time":"32.2","alternatives":[{"confidence":"0.9975","content":"인해"}],"type":"pronunciation"},{"start_time":"32.2","end_time":"32.51","alternatives":[{"confidence":"0.6904","content":"피해"}],"type":"pronunciation"},{"start_time":"32.51","end_time":"32.86","alternatives":[{"confidence":"0.9741","content":"보신"}],"type":"pronunciation"},{"start_time":"32.86","end_time":"33.26","alternatives":[{"confidence":"0.9757","content":"사례가"}],"type":"pronunciation"},{"start_time":"33.26","end_time":"33.94","alternatives":[{"confidence":"0.9345","content":"있으십니까"}],"type":"pronunciation"},{"alternatives":[{"confidence":"0.0","content":"?"}],"type":"punctuation"},{"start_time":"34.12","end_time":"34.77","alternatives":[{"confidence":"0.9897","content":"없는데요"}],"type":"pronunciation"},{"alternatives":[{"confidence":"0.0","content":"."}],"type":"punctuation"},{"start_time":"35.81","end_time":"36.08","alternatives":[{"confidence":"0.974","content":"전혀"}],"type":"pronunciation"},{"start_time":"36.08","end_time":"36.55","alternatives":[{"confidence":"0.9113","content":"없으시다"}],"type":"pronunciation"},{"start_time":"36.55","end_time":"36.87","alternatives":[{"confidence":"0.0691","content":"말씀"}],"type":"pronunciation"},{"start_time":"37.52","end_time":"37.78","alternatives":[{"confidence":"0.1036","content":"거는"}],"type":"pronunciation"},{"start_time":"37.78","end_time":"38.39","alternatives":[{"confidence":"0.817","content":"없는데요"}],"type":"pronunciation"},{"alternatives":[{"confidence":"0.0","content":"."}],"type":"punctuation"},{"start_time":"39.35","end_time":"39.59","alternatives":[{"confidence":"0.2553","content":"이걸"}],"type":"pronunciation"},{"start_time":"39.59","end_time":"40.12","alternatives":[{"confidence":"0.9996499999999999","content":"여쭤보는"}],"type":"pronunciation"},{"start_time":"40.12","end_time":"40.81","alternatives":[{"confidence":"0.995","content":"이유는요"}],"type":"pronunciation"},{"start_time":"41.41","end_time":"41.98","alternatives":[{"confidence":"1.0","content":"저희가"}],"type":"pronunciation"},{"start_time":"41.98","end_time":"42.66","alternatives":[{"confidence":"0.4948","content":"이천십오"}],"type":"pronunciation"},{"start_time":"42.66","end_time":"42.99","alternatives":[{"confidence":"0.9997","content":"년"}],"type":"pronunciation"},{"start_time":"42.99","end_time":"43.18","alternatives":[{"confidence":"0.5303","content":"칠"}],"type":"pronunciation"},{"start_time":"43.18","end_time":"43.3","alternatives":[{"confidence":"0.9999","content":"월"}],"type":"pronunciation"},{"start_time":"43.3","end_time":"43.91","alternatives":[{"confidence":"0.8789","content":"구일에"}],"type":"pronunciation"},{"start_time":"43.94","end_time":"44.3","alternatives":[{"confidence":"0.7322","content":"불법"}],"type":"pronunciation"},{"start_time":"44.3","end_time":"45.45","alternatives":[{"confidence":"0.95105","content":"도박금융사기단"}],"type":"pronunciation"},{"start_time":"45.45","end_time":"45.76","alternatives":[{"confidence":"0.7336","content":"일당을"}],"type":"pronunciation"},{"start_time":"46.02","end_time":"46.99","alternatives":[{"confidence":"0.99365","content":"검거했습니다"}],"type":"pronunciation"},{"start_time":"47.78","end_time":"48.52","alternatives":[{"confidence":"1.0","content":"현장에서"}],"type":"pronunciation"},{"start_time":"49.35","end_time":"49.69","alternatives":[{"confidence":"1.0","content":"명의로"}],"type":"pronunciation"},{"start_time":"49.69","end_time":"49.92","alternatives":[{"confidence":"0.9996","content":"된"}],"type":"pronunciation"},{"start_time":"49.92","end_time":"50.45","alternatives":[{"confidence":"0.9132","content":"부산은행"}],"type":"pronunciation"},{"start_time":"50.45","end_time":"50.86","alternatives":[{"confidence":"0.801","content":"공장이"}],"type":"pronunciation"},{"start_time":"50.86","end_time":"51.87","alternatives":[{"confidence":"0.9892","content":"발견되었고요"}],"type":"pronunciation"},{"alternatives":[{"confidence":"0.0","content":"."}],"type":"punctuation"},{"start_time":"53.39","end_time":"53.91","alternatives":[{"confidence":"0.028","content":"네네"}],"type":"pronunciation"},{"start_time":"54.85","end_time":"55.02","alternatives":[{"confidence":"0.8772","content":"하고"}],"type":"pronunciation"},{"start_time":"55.02","end_time":"55.56","alternatives":[{"confidence":"0.9919","content":"있는데요"}],"type":"pronunciation"},{"alternatives":[{"confidence":"0.0","content":"."}],"type":"punctuation"},{"start_time":"56.88","end_time":"57.43","alternatives":[{"confidence":"0.956","content":"앞선"}],"type":"pronunciation"},{"start_time":"57.43","end_time":"58.11","alternatives":[{"confidence":"0.9406","content":"통장에서는"}],"type":"pronunciation"},{"start_time":"59.25","end_time":"59.65","alternatives":[{"confidence":"1.0","content":"상당히"}],"type":"pronunciation"},{"start_time":"59.65","end_time":"59.98","alternatives":[{"confidence":"0.8083","content":"불법"}],"type":"pronunciation"},{"start_time":"59.98","end_time":"60.57","alternatives":[{"confidence":"0.92525","content":"도박자금"}],"type":"pronunciation"},{"start_time":"60.74","end_time":"61.27","alternatives":[{"confidence":"0.78595","content":"들어있어서"}],"type":"pronunciation"},{"start_time":"61.27","end_time":"61.9","alternatives":[{"confidence":"0.9721500000000001","content":"동결처리를"}],"type":"pronunciation"},{"start_time":"61.9","end_time":"62.79","alternatives":[{"confidence":"0.9999","content":"시켰는데"}],"type":"pronunciation"},{"start_time":"62.88","end_time":"63.39","alternatives":[{"confidence":"0.72835","content":"본인께서"}],"type":"pronunciation"},{"start_time":"63.45","end_time":"63.88","alternatives":[{"confidence":"1.0","content":"계좌에"}],"type":"pronunciation"},{"start_time":"63.88","end_time":"64.34","alternatives":[{"confidence":"0.9964","content":"대한"}],"type":"pronunciation"},{"start_time":"64.57","end_time":"65.23","alternatives":[{"confidence":"0.97875","content":"하신다고요"}],"type":"pronunciation"},{"start_time":"67.14","end_time":"67.32","alternatives":[{"confidence":"0.923","content":"하고"}],"type":"pronunciation"},{"start_time":"67.32","end_time":"67.85","alternatives":[{"confidence":"0.919","content":"있다고요"}],"type":"pronunciation"},{"alternatives":[{"confidence":"0.0","content":"?"}],"type":"punctuation"},{"start_time":"70.55","end_time":"71.11","alternatives":[{"confidence":"0.5538999999999998","content":"동지점에서"}],"type":"pronunciation"},{"start_time":"71.11","end_time":"71.7","alternatives":[{"confidence":"0.9704","content":"발급하신"}],"type":"pronunciation"},{"start_time":"71.7","end_time":"71.82","alternatives":[{"confidence":"0.5573","content":"것"}],"type":"pronunciation"},{"start_time":"71.82","end_time":"72.57","alternatives":[{"confidence":"0.9560333333333334","content":"맞으십니까"}],"type":"pronunciation"},{"start_time":"73.93","end_time":"74.64","alternatives":[{"confidence":"0.9018","content":"지금은"}],"type":"pronunciation"},{"start_time":"74.64","end_time":"74.96","alternatives":[{"confidence":"0.9659","content":"아닌"}],"type":"pronunciation"},{"start_time":"74.96","end_time":"75.1","alternatives":[{"confidence":"0.999","content":"것"}],"type":"pronunciation"},{"start_time":"75.1","end_time":"75.71","alternatives":[{"confidence":"1.0","content":"같은데요"}],"type":"pronunciation"},{"alternatives":[{"confidence":"0.0","content":"."}],"type":"punctuation"},{"start_time":"77.15","end_time":"77.3","alternatives":[{"confidence":"0.3278","content":"월"}],"type":"pronunciation"},{"start_time":"77.3","end_time":"77.78","alternatives":[{"confidence":"0.3129","content":"구일에"}],"type":"pronunciation"},{"start_time":"78.17","end_time":"78.56","alternatives":[{"confidence":"0.9742","content":"부산"}],"type":"pronunciation"},{"start_time":"78.56","end_time":"78.99","alternatives":[{"confidence":"0.9507","content":"강서구"}],"type":"pronunciation"},{"start_time":"79.05","end_time":"79.51","alternatives":[{"confidence":"0.9971333333333333","content":"명지동"}],"type":"pronunciation"},{"start_time":"79.51","end_time":"79.98","alternatives":[{"confidence":"0.9993","content":"지점에서"}],"type":"pronunciation"},{"start_time":"79.98","end_time":"80.46","alternatives":[{"confidence":"0.90415","content":"부산은행"}],"type":"pronunciation"},{"start_time":"80.46","end_time":"81.23","alternatives":[{"confidence":"0.8921666666666667","content":"통장개설한"}],"type":"pronunciation"},{"start_time":"81.23","end_time":"81.43","alternatives":[{"confidence":"0.9616","content":"것"}],"type":"pronunciation"},{"start_time":"81.43","end_time":"82.06","alternatives":[{"confidence":"0.60635","content":"아니십니까"}],"type":"pronunciation"},{"start_time":"82.3","end_time":"82.69","alternatives":[{"confidence":"0.2218","content":"그"}],"type":"pronunciation"},{"start_time":"83.11","end_time":"83.42","alternatives":[{"confidence":"0.4362","content":"용어는"}],"type":"pronunciation"},{"start_time":"83.42","end_time":"84.17","alternatives":[{"confidence":"1.0","content":"아닌데요"}],"type":"pronunciation"},{"alternatives":[{"confidence":"0.0","content":"."}],"type":"punctuation"},{"start_time":"84.97","end_time":"85.23","alternatives":[{"confidence":"0.9704","content":"하고"}],"type":"pronunciation"},{"start_time":"85.23","end_time":"85.43","alternatives":[{"confidence":"0.7803","content":"있어"}],"type":"pronunciation"},{"start_time":"85.43","end_time":"85.85","alternatives":[{"confidence":"0.9859","content":"가지고"}],"type":"pronunciation"},{"start_time":"85.91","end_time":"86.3","alternatives":[{"confidence":"0.9617","content":"그래서"}],"type":"pronunciation"},{"start_time":"88.47","end_time":"88.9","alternatives":[{"confidence":"0.9871","content":"전혀"}],"type":"pronunciation"},{"start_time":"88.9","end_time":"89.67","alternatives":[{"confidence":"1.0","content":"분실하거나"}],"type":"pronunciation"},{"start_time":"90.54","end_time":"90.97","alternatives":[{"confidence":"0.5325","content":"그런"}],"type":"pronunciation"},{"start_time":"93.23","end_time":"93.82","alternatives":[{"confidence":"0.9877","content":"그러시면"}],"type":"pronunciation"},{"start_time":"94.6","end_time":"95.38","alternatives":[{"confidence":"0.891","content":"남성"}],"type":"pronunciation"},{"start_time":"97.41","end_time":"97.56","alternatives":[{"confidence":"0.7399","content":"한"}],"type":"pronunciation"},{"start_time":"97.56","end_time":"97.87","alternatives":[{"confidence":"0.9678","content":"사람은"}],"type":"pronunciation"},{"start_time":"97.87","end_time":"98.49","alternatives":[{"confidence":"0.9937","content":"아십니까"}],"type":"pronunciation"},{"start_time":"100.9","end_time":"101.44","alternatives":[{"confidence":"0.8461","content":"아닙니까"}],"type":"pronunciation"},{"alternatives":[{"confidence":"0.0","content":"?"}],"type":"punctuation"},{"start_time":"103.0","end_time":"103.36","alternatives":[{"confidence":"0.4463","content":"그래요"}],"type":"pronunciation"},{"alternatives":[{"confidence":"0.0","content":"."}],"type":"punctuation"},{"start_time":"105.27","end_time":"105.94","alternatives":[{"confidence":"0.37015000000000003","content":"신이십니다"}],"type":"pronunciation"},{"start_time":"109.58","end_time":"109.81","alternatives":[{"confidence":"0.5315","content":"제가"}],"type":"pronunciation"},{"start_time":"109.81","end_time":"110.03","alternatives":[{"confidence":"0.9987","content":"잘"}],"type":"pronunciation"},{"start_time":"110.03","end_time":"110.55","alternatives":[{"confidence":"0.7941","content":"모르겠네요"}],"type":"pronunciation"},{"alternatives":[{"confidence":"0.0","content":"."}],"type":"punctuation"},{"start_time":"111.09","end_time":"111.35","alternatives":[{"confidence":"1.0","content":"나오고"}],"type":"pronunciation"},{"start_time":"111.35","end_time":"111.76","alternatives":[{"confidence":"0.9506","content":"있는데요"}],"type":"pronunciation"},{"alternatives":[{"confidence":"0.0","content":"."}],"type":"punctuation"},{"start_time":"113.09","end_time":"113.69","alternatives":[{"confidence":"0.50505","content":"장성호"}],"type":"pronunciation"},{"start_time":"113.69","end_time":"114.49","alternatives":[{"confidence":"0.94615","content":"씨는요"}],"type":"pronunciation"},{"start_time":"115.23","end_time":"115.65","alternatives":[{"confidence":"1.0","content":"명의로"}],"type":"pronunciation"},{"start_time":"115.65","end_time":"116.2","alternatives":[{"confidence":"1.0","content":"된"}],"type":"pronunciation"},{"start_time":"116.2","end_time":"116.69","alternatives":[{"confidence":"0.99655","content":"통장을"}],"type":"pronunciation"},{"start_time":"116.69","end_time":"117.0","alternatives":[{"confidence":"1.0","content":"돈을"}],"type":"pronunciation"},{"start_time":"117.0","end_time":"117.21","alternatives":[{"confidence":"1.0","content":"주고"}],"type":"pronunciation"},{"start_time":"117.21","end_time":"117.69","alternatives":[{"confidence":"0.98775","content":"샀다고"}],"type":"pronunciation"},{"start_time":"117.69","end_time":"118.12","alternatives":[{"confidence":"0.5085","content":"진술을"}],"type":"pronunciation"},{"start_time":"118.12","end_time":"119.04","alternatives":[{"confidence":"1.0","content":"하시는데"}],"type":"pronunciation"},{"start_time":"119.25","end_time":"119.59","alternatives":[{"confidence":"0.1031","content":"우린"}],"type":"pronunciation"},{"start_time":"119.59","end_time":"120.21","alternatives":[{"confidence":"0.6747","content":"께서"}],"type":"pronunciation"},{"start_time":"120.61","end_time":"121.15","alternatives":[{"confidence":"0.8256","content":"모르신단"}],"type":"pronunciation"},{"start_time":"121.15","end_time":"121.51","alternatives":[{"confidence":"0.4247","content":"말씀을"}],"type":"pronunciation"},{"start_time":"121.51","end_time":"122.28","alternatives":[{"confidence":"0.9250499999999999","content":"받으십니까"}],"type":"pronunciation"},{"alternatives":[{"confidence":"0.0","content":"."}],"type":"punctuation"},{"start_time":"124.2","end_time":"125.11","alternatives":[{"confidence":"0.997","content":"본인도"}],"type":"pronunciation"},{"start_time":"125.11","end_time":"125.86","alternatives":[{"confidence":"1.0","content":"알다시피"}],"type":"pronunciation"},{"start_time":"125.86","end_time":"126.4","alternatives":[{"confidence":"0.8341000000000001","content":"금융거래"}],"type":"pronunciation"},{"start_time":"126.4","end_time":"127.25","alternatives":[{"confidence":"0.99995","content":"실명제원칙에"}],"type":"pronunciation"},{"start_time":"127.25","end_time":"127.9","alternatives":[{"confidence":"0.9956","content":"따라"}],"type":"pronunciation"},{"start_time":"128.21","end_time":"128.62","alternatives":[{"confidence":"0.7677","content":"통장을"}],"type":"pronunciation"},{"start_time":"128.62","end_time":"129.29","alternatives":[{"confidence":"0.9981","content":"개설하려면"}],"type":"pronunciation"},{"start_time":"129.29","end_time":"129.7","alternatives":[{"confidence":"1.0","content":"본인이"}],"type":"pronunciation"},{"start_time":"129.7","end_time":"130.04","alternatives":[{"confidence":"0.9996","content":"직접"}],"type":"pronunciation"},{"start_time":"130.04","end_time":"130.61","alternatives":[{"confidence":"1.0","content":"신분증을"}],"type":"pronunciation"},{"start_time":"130.61","end_time":"131.11","alternatives":[{"confidence":"0.9999666666666668","content":"지참하고"}],"type":"pronunciation"},{"start_time":"131.11","end_time":"131.41","alternatives":[{"confidence":"0.5589","content":"해당"}],"type":"pronunciation"},{"start_time":"131.41","end_time":"131.77","alternatives":[{"confidence":"0.4527","content":"은행의"}],"type":"pronunciation"},{"start_time":"131.77","end_time":"132.31","alternatives":[{"confidence":"0.7158","content":"가셨지만"}],"type":"pronunciation"},{"start_time":"132.31","end_time":"132.65","alternatives":[{"confidence":"0.9823999999999999","content":"통장이"}],"type":"pronunciation"},{"start_time":"132.65","end_time":"133.16","alternatives":[{"confidence":"1.0","content":"발급되지"}],"type":"pronunciation"},{"start_time":"133.16","end_time":"133.64","alternatives":[{"confidence":"0.9998","content":"않습니까"}],"type":"pronunciation"},{"alternatives":[{"confidence":"0.0","content":"?"}],"type":"punctuation"},{"start_time":"133.64","end_time":"134.86","alternatives":[{"confidence":"0.10125","content":"그죠"}],"type":"pronunciation"},{"alternatives":[{"confidence":"0.0","content":"?"}],"type":"punctuation"},{"start_time":"135.54","end_time":"136.31","alternatives":[{"confidence":"1.0","content":"본인이"}],"type":"pronunciation"},{"start_time":"136.31","end_time":"136.79","alternatives":[{"confidence":"1.0","content":"모른다고"}],"type":"pronunciation"},{"start_time":"136.79","end_time":"137.42","alternatives":[{"confidence":"0.9995","content":"해서"}],"type":"pronunciation"},{"start_time":"137.42","end_time":"137.88","alternatives":[{"confidence":"0.99925","content":"무마되는"}],"type":"pronunciation"},{"start_time":"137.88","end_time":"138.28","alternatives":[{"confidence":"0.9933","content":"사건은"}],"type":"pronunciation"},{"start_time":"138.28","end_time":"138.99","alternatives":[{"confidence":"0.9936","content":"아니고요"}],"type":"pronunciation"},{"alternatives":[{"confidence":"0.0","content":"."}],"type":"punctuation"},{"start_time":"139.62","end_time":"140.81","alternatives":[{"confidence":"0.8603666666666667","content":"본인입장도"}],"type":"pronunciation"},{"start_time":"140.81","end_time":"141.11","alternatives":[{"confidence":"0.9868","content":"이해를"}],"type":"pronunciation"},{"start_time":"141.11","end_time":"141.31","alternatives":[{"confidence":"0.9897","content":"하고"}],"type":"pronunciation"},{"start_time":"141.31","end_time":"141.68","alternatives":[{"confidence":"0.9997","content":"황당할"}],"type":"pronunciation"},{"start_time":"141.68","end_time":"141.79","alternatives":[{"confidence":"0.9999","content":"수"}],"type":"pronunciation"},{"start_time":"141.79","end_time":"142.33","alternatives":[{"confidence":"1.0","content":"있겠지만"}],"type":"pronunciation"},{"start_time":"142.33","end_time":"142.51","alternatives":[{"confidence":"0.9982","content":"이번"}],"type":"pronunciation"},{"start_time":"142.51","end_time":"142.98","alternatives":[{"confidence":"0.9998","content":"사건은"}],"type":"pronunciation"},{"start_time":"142.98","end_time":"143.28","alternatives":[{"confidence":"0.4937","content":"김"}],"type":"pronunciation"},{"start_time":"143.95","end_time":"144.16","alternatives":[{"confidence":"0.2843","content":"단"}],"type":"pronunciation"},{"start_time":"144.16","end_time":"144.84","alternatives":[{"confidence":"0.7818","content":"사람이"}],"type":"pronunciation"},{"start_time":"146.46","end_time":"146.79","alternatives":[{"confidence":"0.8494","content":"불법"}],"type":"pronunciation"},{"start_time":"146.79","end_time":"147.55","alternatives":[{"confidence":"0.9999","content":"도박사이트를"}],"type":"pronunciation"},{"start_time":"147.55","end_time":"148.31","alternatives":[{"confidence":"0.99935","content":"운영하면서"}],"type":"pronunciation"},{"start_time":"148.31","end_time":"149.03","alternatives":[{"confidence":"0.9999333333333333","content":"대포통장이"}],"type":"pronunciation"},{"start_time":"149.03","end_time":"150.0","alternatives":[{"confidence":"0.98685","content":"필요하니까"}],"type":"pronunciation"},{"start_time":"151.72","end_time":"152.23","alternatives":[{"confidence":"0.9176","content":"여보세요"}],"type":"pronunciation"},{"alternatives":[{"confidence":"0.0","content":"?"}],"type":"punctuation"},{"start_time":"153.67","end_time":"154.34","alternatives":[{"confidence":"0.7460333333333334","content":"무소리죠"}],"type":"pronunciation"},{"start_time":"158.66","end_time":"158.87","alternatives":[{"confidence":"0.523","content":"네"}],"type":"pronunciation"},{"start_time":"158.87","end_time":"159.46","alternatives":[{"confidence":"0.7663","content":"백삼십"}],"type":"pronunciation"},{"start_time":"159.46","end_time":"159.85","alternatives":[{"confidence":"0.855","content":"여명의"}],"type":"pronunciation"},{"start_time":"159.85","end_time":"160.16","alternatives":[{"confidence":"0.3493","content":"명의"}],"type":"pronunciation"},{"start_time":"160.16","end_time":"160.91","alternatives":[{"confidence":"0.9918","content":"자들에게"}],"type":"pronunciation"},{"start_time":"161.22","end_time":"161.71","alternatives":[{"confidence":"0.9982","content":"통장을"}],"type":"pronunciation"},{"start_time":"161.71","end_time":"162.6","alternatives":[{"confidence":"0.9949","content":"구매했다고"}],"type":"pronunciation"},{"start_time":"162.6","end_time":"163.01","alternatives":[{"confidence":"0.8966","content":"진술을"}],"type":"pronunciation"},{"start_time":"163.01","end_time":"163.23","alternatives":[{"confidence":"0.9975","content":"해서"}],"type":"pronunciation"},{"start_time":"163.23","end_time":"163.58","alternatives":[{"confidence":"1.0","content":"연락을"}],"type":"pronunciation"},{"start_time":"163.58","end_time":"163.91","alternatives":[{"confidence":"0.8905","content":"드리는"}],"type":"pronunciation"},{"start_time":"163.91","end_time":"164.76","alternatives":[{"confidence":"0.9767","content":"부분이고요"}],"type":"pronunciation"},{"start_time":"165.13","end_time":"165.5","alternatives":[{"confidence":"0.692","content":"통화를"}],"type":"pronunciation"},{"start_time":"165.5","end_time":"165.71","alternatives":[{"confidence":"0.7916","content":"하다"}],"type":"pronunciation"},{"start_time":"165.71","end_time":"166.19","alternatives":[{"confidence":"0.7917","content":"보면"}],"type":"pronunciation"},{"start_time":"166.19","end_time":"166.52","alternatives":[{"confidence":"0.9297","content":"몇몇"}],"type":"pronunciation"},{"start_time":"166.52","end_time":"166.93","alternatives":[{"confidence":"1.0","content":"분들은"}],"type":"pronunciation"},{"start_time":"166.93","end_time":"167.22","alternatives":[{"confidence":"1.0","content":"돈을"}],"type":"pronunciation"},{"start_time":"167.22","end_time":"167.52","alternatives":[{"confidence":"0.986","content":"받고"}],"type":"pronunciation"},{"start_time":"167.86","end_time":"168.12","alternatives":[{"confidence":"0.9863","content":"하신"}],"type":"pronunciation"},{"start_time":"168.12","end_time":"168.43","alternatives":[{"confidence":"0.8693","content":"분들도"}],"type":"pronunciation"},{"start_time":"168.43","end_time":"169.23","alternatives":[{"confidence":"0.97285","content":"계셨어요"}],"type":"pronunciation"},{"alternatives":[{"confidence":"0.0","content":"."}],"type":"punctuation"},{"start_time":"169.57","end_time":"170.04","alternatives":[{"confidence":"0.0025","content":"확인"}],"type":"pronunciation"},{"start_time":"170.04","end_time":"170.21","alternatives":[{"confidence":"0.0152","content":"차"}],"type":"pronunciation"},{"start_time":"170.21","end_time":"170.78","alternatives":[{"confidence":"0.37185","content":"형식상"}],"type":"pronunciation"},{"start_time":"170.78","end_time":"171.08","alternatives":[{"confidence":"0.8843","content":"연락을"}],"type":"pronunciation"},{"start_time":"171.08","end_time":"171.4","alternatives":[{"confidence":"0.8678","content":"드리는"}],"type":"pronunciation"},{"start_time":"171.4","end_time":"172.05","alternatives":[{"confidence":"0.9894000000000001","content":"부분입니다"}],"type":"pronunciation"},{"alternatives":[{"confidence":"0.0","content":"."}],"type":"punctuation"},{"start_time":"172.05","end_time":"172.27","alternatives":[{"confidence":"0.3387","content":"근데"}],"type":"pronunciation"},{"start_time":"172.67","end_time":"172.86","alternatives":[{"confidence":"0.6208","content":"에서는"}],"type":"pronunciation"},{"start_time":"172.86","end_time":"173.14","alternatives":[{"confidence":"0.9681","content":"전혀"}],"type":"pronunciation"},{"start_time":"173.14","end_time":"173.57","alternatives":[{"confidence":"0.9460999999999999","content":"통장을"}],"type":"pronunciation"},{"start_time":"173.57","end_time":"174.05","alternatives":[{"confidence":"0.85085","content":"판매하신"}],"type":"pronunciation"},{"start_time":"174.05","end_time":"174.18","alternatives":[{"confidence":"0.7093","content":"적"}],"type":"pronunciation"},{"start_time":"174.18","end_time":"174.51","alternatives":[{"confidence":"0.9893","content":"없다는"}],"type":"pronunciation"},{"start_time":"174.51","end_time":"175.52","alternatives":[{"confidence":"0.7067","content":"말씀드십니까"}],"type":"pronunciation"},{"alternatives":[{"confidence":"0.0","content":"."}],"type":"punctuation"},{"start_time":"184.82","end_time":"185.2","alternatives":[{"confidence":"1.0","content":"참고로"}],"type":"pronunciation"},{"start_time":"185.2","end_time":"186.35","alternatives":[{"confidence":"0.98695","content":"말씀드리면"}],"type":"pronunciation"},{"start_time":"187.99","end_time":"188.36","alternatives":[{"confidence":"0.32184999999999997","content":"처벌에"}],"type":"pronunciation"},{"start_time":"188.36","end_time":"188.68","alternatives":[{"confidence":"0.0022","content":"관한"}],"type":"pronunciation"},{"start_time":"188.68","end_time":"189.52","alternatives":[{"confidence":"0.4041","content":"범하면"}],"type":"pronunciation"},{"start_time":"189.52","end_time":"189.97","alternatives":[{"confidence":"0.50415","content":"통장을"}],"type":"pronunciation"},{"start_time":"191.36","end_time":"191.58","alternatives":[{"confidence":"0.8249","content":"삼"}],"type":"pronunciation"},{"start_time":"191.58","end_time":"191.79","alternatives":[{"confidence":"0.9928","content":"년"}],"type":"pronunciation"},{"start_time":"191.79","end_time":"192.07","alternatives":[{"confidence":"0.9947","content":"이하의"}],"type":"pronunciation"},{"start_time":"192.1","end_time":"192.78","alternatives":[{"confidence":"1.0","content":"징역이나"}],"type":"pronunciation"},{"start_time":"193.03","end_time":"193.24","alternatives":[{"confidence":"0.7056","content":"삼"}],"type":"pronunciation"},{"start_time":"193.24","end_time":"193.67","alternatives":[{"confidence":"0.6874","content":"천만원"}],"type":"pronunciation"},{"start_time":"193.67","end_time":"193.9","alternatives":[{"confidence":"0.9989","content":"이하의"}],"type":"pronunciation"},{"start_time":"193.9","end_time":"195.51","alternatives":[{"confidence":"0.53035","content":"벌금형을"}],"type":"pronunciation"},{"start_time":"195.51","end_time":"195.76","alternatives":[{"confidence":"0.9875","content":"알고"}],"type":"pronunciation"},{"start_time":"195.76","end_time":"196.02","alternatives":[{"confidence":"0.9911","content":"계셔야"}],"type":"pronunciation"},{"start_time":"196.02","end_time":"196.55","alternatives":[{"confidence":"0.68835","content":"되고요"}],"type":"pronunciation"},{"alternatives":[{"confidence":"0.0","content":"."}],"type":"punctuation"},{"start_time":"198.95","end_time":"199.22","alternatives":[{"confidence":"0.1065","content":"제가"}],"type":"pronunciation"},{"start_time":"199.22","end_time":"199.53","alternatives":[{"confidence":"0.4714","content":"말한"}],"type":"pronunciation"},{"start_time":"199.53","end_time":"199.7","alternatives":[{"confidence":"0.4473","content":"것에"}],"type":"pronunciation"},{"start_time":"199.7","end_time":"199.94","alternatives":[{"confidence":"1.0","content":"대해서"}],"type":"pronunciation"},{"start_time":"199.94","end_time":"200.18","alternatives":[{"confidence":"1.0","content":"전혀"}],"type":"pronunciation"},{"start_time":"200.18","end_time":"200.41","alternatives":[{"confidence":"0.995","content":"아는"}],"type":"pronunciation"},{"start_time":"200.41","end_time":"200.51","alternatives":[{"confidence":"0.9962","content":"바"}],"type":"pronunciation"},{"start_time":"200.51","end_time":"200.84","alternatives":[{"confidence":"0.9769","content":"없다는"}],"type":"pronunciation"},{"start_time":"200.84","end_time":"201.21","alternatives":[{"confidence":"0.9573","content":"말씀을"}],"type":"pronunciation"},{"start_time":"201.21","end_time":"201.87","alternatives":[{"confidence":"0.81425","content":"받으십니까"}],"type":"pronunciation"},{"alternatives":[{"confidence":"0.0","content":"."}],"type":"punctuation"},{"start_time":"204.74","end_time":"205.48","alternatives":[{"confidence":"0.9979","content":"알겠습니다"}],"type":"pronunciation"},{"alternatives":[{"confidence":"0.0","content":"."}],"type":"punctuation"},{"start_time":"205.48","end_time":"206.24","alternatives":[{"confidence":"0.5309","content":"우선은"}],"type":"pronunciation"},{"start_time":"207.54","end_time":"207.74","alternatives":[{"confidence":"0.9976","content":"이번"}],"type":"pronunciation"},{"start_time":"207.74","end_time":"208.34","alternatives":[{"confidence":"0.3731","content":"사건에"}],"type":"pronunciation"},{"start_time":"208.34","end_time":"208.71","alternatives":[{"confidence":"0.0033","content":"연루된"}],"type":"pronunciation"},{"start_time":"208.71","end_time":"209.1","alternatives":[{"confidence":"0.459","content":"혐의가"}],"type":"pronunciation"},{"start_time":"209.1","end_time":"209.33","alternatives":[{"confidence":"0.9979","content":"있기"}],"type":"pronunciation"},{"start_time":"209.33","end_time":"209.97","alternatives":[{"confidence":"0.9698","content":"때문에요"}],"type":"pronunciation"},{"alternatives":[{"confidence":"0.0","content":"."}],"type":"punctuation"},{"start_time":"210.06","end_time":"210.44","alternatives":[{"confidence":"0.5756","content":"검찰"}],"type":"pronunciation"},{"start_time":"211.25","end_time":"211.58","alternatives":[{"confidence":"0.9787","content":"수사를"}],"type":"pronunciation"},{"start_time":"211.58","end_time":"211.98","alternatives":[{"confidence":"0.99865","content":"받으셔야"}],"type":"pronunciation"},{"start_time":"211.98","end_time":"212.6","alternatives":[{"confidence":"0.9983","content":"하는데"}],"type":"pronunciation"},{"alternatives":[{"confidence":"0.0","content":","}],"type":"punctuation"},{"start_time":"212.91","end_time":"213.36","alternatives":[{"confidence":"0.9783","content":"지금"}],"type":"pronunciation"},{"start_time":"213.36","end_time":"213.67","alternatives":[{"confidence":"0.7348","content":"근무"}],"type":"pronunciation"},{"start_time":"213.67","end_time":"213.83","alternatives":[{"confidence":"0.4643","content":"중"}],"type":"pronunciation"},{"start_time":"213.83","end_time":"214.28","alternatives":[{"confidence":"0.8682","content":"이시니까"}],"type":"pronunciation"},{"start_time":"214.28","end_time":"214.71","alternatives":[{"confidence":"1.0","content":"아니면"}],"type":"pronunciation"},{"start_time":"215.93","end_time":"216.29","alternatives":[{"confidence":"0.2565","content":"되니까"}],"type":"pronunciation"},{"start_time":"219.3","end_time":"219.89","alternatives":[{"confidence":"0.5971","content":"했습니까"}],"type":"pronunciation"},{"alternatives":[{"confidence":"0.0","content":"?"}],"type":"punctuation"},{"start_time":"223.49","end_time":"223.73","alternatives":[{"confidence":"0.9554","content":"저희"}],"type":"pronunciation"},{"start_time":"223.73","end_time":"224.2","alternatives":[{"confidence":"0.995","content":"쪽으로"}],"type":"pronunciation"},{"start_time":"224.2","end_time":"224.72","alternatives":[{"confidence":"0.9859","content":"오시는데"}],"type":"pronunciation"},{"start_time":"224.72","end_time":"225.11","alternatives":[{"confidence":"0.9614","content":"시간은"}],"type":"pronunciation"},{"start_time":"225.11","end_time":"225.47","alternatives":[{"confidence":"0.9752","content":"얼마나"}],"type":"pronunciation"},{"start_time":"225.47","end_time":"225.71","alternatives":[{"confidence":"0.5114","content":"정도"}],"type":"pronunciation"},{"start_time":"225.71","end_time":"226.24","alternatives":[{"confidence":"0.9957","content":"걸리시죠"}],"type":"pronunciation"},{"alternatives":[{"confidence":"0.0","content":"?"}],"type":"punctuation"},{"start_time":"227.95","end_time":"228.42","alternatives":[{"confidence":"0.29405","content":"거기가"}],"type":"pronunciation"},{"start_time":"228.42","end_time":"230.32","alternatives":[{"confidence":"0.08145","content":"어디쯤"}],"type":"pronunciation"},{"start_time":"230.32","end_time":"230.7","alternatives":[{"confidence":"0.9669","content":"되니까"}],"type":"pronunciation"},{"start_time":"231.83","end_time":"232.61","alternatives":[{"confidence":"0.4559","content":"부산광역시"}],"type":"pronunciation"},{"start_time":"232.61","end_time":"232.99","alternatives":[{"confidence":"0.16783333333333336","content":"연제구"}],"type":"pronunciation"},{"start_time":"232.99","end_time":"233.35","alternatives":[{"confidence":"0.15789999999999998","content":"법원도"}],"type":"pronunciation"},{"start_time":"233.41","end_time":"233.9","alternatives":[{"confidence":"0.8678","content":"있습니다"}],"type":"pronunciation"},{"alternatives":[{"confidence":"0.0","content":"."}],"type":"punctuation"},{"start_time":"234.54","end_time":"234.79","alternatives":[{"confidence":"0.0301","content":"여기서"}],"type":"pronunciation"},{"start_time":"236.28","end_time":"236.51","alternatives":[{"confidence":"0.0179","content":"한"}],"type":"pronunciation"},{"start_time":"236.51","end_time":"236.89","alternatives":[{"confidence":"0.0072","content":"시간"}],"type":"pronunciation"},{"start_time":"236.89","end_time":"237.07","alternatives":[{"confidence":"0.9996","content":"좀"}],"type":"pronunciation"},{"start_time":"237.07","end_time":"237.2","alternatives":[{"confidence":"0.9908","content":"더"}],"type":"pronunciation"},{"start_time":"237.2","end_time":"238.17","alternatives":[{"confidence":"0.9935","content":"걸리겠는데요"}],"type":"pronunciation"},{"start_time":"239.16","end_time":"239.46","alternatives":[{"confidence":"0.9985","content":"오실"}],"type":"pronunciation"},{"start_time":"239.46","end_time":"239.56","alternatives":[{"confidence":"0.9999","content":"수"}],"type":"pronunciation"},{"start_time":"239.56","end_time":"240.24","alternatives":[{"confidence":"1.0","content":"있으십니까"}],"type":"pronunciation"},{"alternatives":[{"confidence":"0.0","content":"?"}],"type":"punctuation"},{"start_time":"242.79","end_time":"243.03","alternatives":[{"confidence":"0.452","content":"한"}],"type":"pronunciation"},{"start_time":"243.03","end_time":"243.39","alternatives":[{"confidence":"0.2094","content":"시간"}],"type":"pronunciation"},{"start_time":"244.67","end_time":"245.17","alternatives":[{"confidence":"0.2643","content":"겠습니까"}],"type":"pronunciation"},{"alternatives":[{"confidence":"0.0","content":"."}],"type":"punctuation"},{"start_time":"246.88","end_time":"247.18","alternatives":[{"confidence":"0.7898","content":"일단"}],"type":"pronunciation"},{"start_time":"247.99","end_time":"248.47","alternatives":[{"confidence":"0.9987","content":"일단은"}],"type":"pronunciation"},{"start_time":"249.78","end_time":"250.75","alternatives":[{"confidence":"0.3856","content":"꺼내되니까요"}],"type":"pronunciation"},{"start_time":"252.54","end_time":"252.97","alternatives":[{"confidence":"0.8217","content":"다고요"}],"type":"pronunciation"},{"start_time":"253.67","end_time":"254.19","alternatives":[{"confidence":"0.15189999999999998","content":"끊어가지고"}],"type":"pronunciation"},{"start_time":"254.86","end_time":"255.37","alternatives":[{"confidence":"1.0","content":"그래도"}],"type":"pronunciation"},{"start_time":"256.67","end_time":"256.82","alternatives":[{"confidence":"0.0242","content":"해야"}],"type":"pronunciation"},{"start_time":"256.82","end_time":"257.03","alternatives":[{"confidence":"0.9982","content":"되지"}],"type":"pronunciation"},{"start_time":"257.03","end_time":"257.26","alternatives":[{"confidence":"1.0","content":"않을까"}],"type":"pronunciation"},{"start_time":"257.26","end_time":"258.01","alternatives":[{"confidence":"1.0","content":"싶은데요"}],"type":"pronunciation"},{"alternatives":[{"confidence":"0.0","content":"."}],"type":"punctuation"},{"start_time":"259.11","end_time":"259.58","alternatives":[{"confidence":"0.72125","content":"그러시면"}],"type":"pronunciation"},{"start_time":"259.58","end_time":"261.21","alternatives":[{"confidence":"0.9430666666666667","content":"불편하시다면요"}],"type":"pronunciation"},{"start_time":"262.54","end_time":"262.92","alternatives":[{"confidence":"1.0","content":"일단"}],"type":"pronunciation"},{"start_time":"262.92","end_time":"263.23","alternatives":[{"confidence":"0.9348","content":"사건"}],"type":"pronunciation"},{"start_time":"263.23","end_time":"263.55","alternatives":[{"confidence":"0.9998","content":"조사를"}],"type":"pronunciation"},{"start_time":"263.55","end_time":"263.99","alternatives":[{"confidence":"0.9936","content":"진행해야"}],"type":"pronunciation"},{"start_time":"263.99","end_time":"264.88","alternatives":[{"confidence":"0.9994","content":"되니까"}],"type":"pronunciation"},{"start_time":"265.13","end_time":"265.59","alternatives":[{"confidence":"0.0094","content":"그래서"}],"type":"pronunciation"},{"start_time":"266.55","end_time":"267.27","alternatives":[{"confidence":"0.9999","content":"하시니까"}],"type":"pronunciation"},{"start_time":"267.27","end_time":"267.52","alternatives":[{"confidence":"0.9991","content":"제가"}],"type":"pronunciation"},{"start_time":"267.52","end_time":"267.84","alternatives":[{"confidence":"0.8653500000000001","content":"약식"}],"type":"pronunciation"},{"start_time":"267.84","end_time":"268.16","alternatives":[{"confidence":"0.9932","content":"수사를"}],"type":"pronunciation"},{"start_time":"268.16","end_time":"268.48","alternatives":[{"confidence":"0.9686","content":"요청해"}],"type":"pronunciation"},{"start_time":"268.48","end_time":"269.64","alternatives":[{"confidence":"0.9725","content":"드리겠는데요"}],"type":"pronunciation"},{"alternatives":[{"confidence":"0.0","content":"."}],"type":"punctuation"},{"start_time":"269.7","end_time":"270.03","alternatives":[{"confidence":"0.984","content":"사실"}],"type":"pronunciation"},{"start_time":"270.03","end_time":"270.63","alternatives":[{"confidence":"1.0","content":"여부를"}],"type":"pronunciation"},{"start_time":"270.63","end_time":"271.2","alternatives":[{"confidence":"0.9916","content":"판단하기"}],"type":"pronunciation"},{"start_time":"271.2","end_time":"271.54","alternatives":[{"confidence":"0.9671","content":"위해서"}],"type":"pronunciation"},{"start_time":"271.54","end_time":"271.71","alternatives":[{"confidence":"0.9979","content":"몇"}],"type":"pronunciation"},{"start_time":"271.71","end_time":"271.94","alternatives":[{"confidence":"0.9975","content":"가지"}],"type":"pronunciation"},{"start_time":"271.94","end_time":"272.51","alternatives":[{"confidence":"1.0","content":"기본적인"}],"type":"pronunciation"},{"start_time":"272.54","end_time":"272.9","alternatives":[{"confidence":"1.0","content":"질문을"}],"type":"pronunciation"},{"start_time":"272.9","end_time":"273.04","alternatives":[{"confidence":"0.823","content":"할"}],"type":"pronunciation"},{"start_time":"273.04","end_time":"273.85","alternatives":[{"confidence":"1.0","content":"텐데요"}],"type":"pronunciation"},{"alternatives":[{"confidence":"0.0","content":"."}],"type":"punctuation"},{"start_time":"274.07","end_time":"274.96","alternatives":[{"confidence":"0.85335","content":"그분들은"}],"type":"pronunciation"},{"start_time":"275.38","end_time":"275.79","alternatives":[{"confidence":"1.0","content":"본인이"}],"type":"pronunciation"},{"start_time":"275.79","end_time":"276.11","alternatives":[{"confidence":"0.7241500000000001","content":"일차"}],"type":"pronunciation"},{"start_time":"276.11","end_time":"276.76","alternatives":[{"confidence":"0.8060499999999999","content":"피해자라는"}],"type":"pronunciation"},{"start_time":"276.76","end_time":"276.95","alternatives":[{"confidence":"0.9974","content":"것을"}],"type":"pronunciation"},{"start_time":"276.95","end_time":"277.36","alternatives":[{"confidence":"0.9995","content":"밝히는"}],"type":"pronunciation"},{"start_time":"277.36","end_time":"278.17","alternatives":[{"confidence":"0.9872","content":"질문들이고요"}],"type":"pronunciation"},{"start_time":"278.62","end_time":"280.14","alternatives":[{"confidence":"0.91645","content":"요질문에"}],"type":"pronunciation"},{"start_time":"280.14","end_time":"281.17","alternatives":[{"confidence":"0.7524666666666667","content":"전반조사과정은"}],"type":"pronunciation"},{"start_time":"281.17","end_time":"281.46","alternatives":[{"confidence":"0.886","content":"녹취"}],"type":"pronunciation"},{"start_time":"281.46","end_time":"281.91","alternatives":[{"confidence":"0.9921","content":"상태로"}],"type":"pronunciation"},{"start_time":"282.04","end_time":"282.39","alternatives":[{"confidence":"0.9986999999999999","content":"진행이"}],"type":"pronunciation"},{"start_time":"282.39","end_time":"282.54","alternatives":[{"confidence":"0.9903","content":"될"}],"type":"pronunciation"},{"start_time":"282.54","end_time":"283.2","alternatives":[{"confidence":"1.0","content":"것입니다"}],"type":"pronunciation"},{"alternatives":[{"confidence":"0.0","content":"."}],"type":"punctuation"},{"start_time":"283.58","end_time":"284.14","alternatives":[{"confidence":"0.0715","content":"그리고"}],"type":"pronunciation"},{"start_time":"284.14","end_time":"284.95","alternatives":[{"confidence":"0.7154","content":"수사과정에서"}],"type":"pronunciation"},{"start_time":"284.95","end_time":"285.3","alternatives":[{"confidence":"1.0","content":"저희가"}],"type":"pronunciation"},{"start_time":"285.3","end_time":"286.05","alternatives":[{"confidence":"0.9675666666666668","content":"강압수사는"}],"type":"pronunciation"},{"start_time":"286.05","end_time":"286.8","alternatives":[{"confidence":"0.6365","content":"있었는지"}],"type":"pronunciation"},{"start_time":"286.93","end_time":"287.58","alternatives":[{"confidence":"0.9671000000000001","content":"유도신문을"}],"type":"pronunciation"},{"start_time":"287.58","end_time":"288.26","alternatives":[{"confidence":"1.0","content":"하는지"}],"type":"pronunciation"},{"start_time":"288.58","end_time":"289.44","alternatives":[{"confidence":"0.9968","content":"본인께서"}],"type":"pronunciation"},{"alternatives":[{"confidence":"0.0","content":"."}],"type":"punctuation"},{"start_time":"289.44","end_time":"289.75","alternatives":[{"confidence":"0.7662","content":"허위"}],"type":"pronunciation"},{"start_time":"289.75","end_time":"290.09","alternatives":[{"confidence":"0.9791","content":"진술을"}],"type":"pronunciation"},{"start_time":"290.09","end_time":"290.42","alternatives":[{"confidence":"0.986","content":"하시는"}],"type":"pronunciation"},{"start_time":"290.42","end_time":"291.2","alternatives":[{"confidence":"0.9992","content":"부분에서는"}],"type":"pronunciation"},{"start_time":"291.2","end_time":"291.5","alternatives":[{"confidence":"0.9959","content":"다른"}],"type":"pronunciation"},{"start_time":"291.5","end_time":"291.97","alternatives":[{"confidence":"1.0","content":"기관에서"}],"type":"pronunciation"},{"start_time":"291.97","end_time":"292.34","alternatives":[{"confidence":"0.9894000000000001","content":"심사가"}],"type":"pronunciation"},{"start_time":"292.34","end_time":"292.71","alternatives":[{"confidence":"0.8546","content":"들어갈"}],"type":"pronunciation"},{"start_time":"292.71","end_time":"293.61","alternatives":[{"confidence":"0.9855499999999999","content":"거고요"}],"type":"pronunciation"},{"alternatives":[{"confidence":"0.0","content":"."}],"type":"punctuation"},{"start_time":"294.73","end_time":"295.35","alternatives":[{"confidence":"0.9045","content":"비판의"}],"type":"pronunciation"},{"start_time":"295.38","end_time":"295.9","alternatives":[{"confidence":"0.9676","content":"증거물로"}],"type":"pronunciation"},{"start_time":"295.9","end_time":"296.37","alternatives":[{"confidence":"0.9923","content":"사용되기"}],"type":"pronunciation"},{"start_time":"296.37","end_time":"297.27","alternatives":[{"confidence":"0.9921","content":"때문에요"}],"type":"pronunciation"},{"alternatives":[{"confidence":"0.0","content":"."}],"type":"punctuation"},{"start_time":"297.48","end_time":"298.11","alternatives":[{"confidence":"0.9944","content":"거짓말을"}],"type":"pronunciation"},{"start_time":"298.11","end_time":"298.64","alternatives":[{"confidence":"1.0","content":"하시거나"}],"type":"pronunciation"},{"start_time":"298.64","end_time":"299.12","alternatives":[{"confidence":"0.5945999999999999","content":"숨기심이"}],"type":"pronunciation"},{"start_time":"299.12","end_time":"299.27","alternatives":[{"confidence":"0.8691","content":"안"}],"type":"pronunciation"},{"start_time":"299.27","end_time":"300.57","alternatives":[{"confidence":"0.94155","content":"되시고요"}],"type":"pronunciation"},{"alternatives":[{"confidence":"0.0","content":"?"}],"type":"punctuation"},{"start_time":"301.38","end_time":"301.54","alternatives":[{"confidence":"0.7609","content":"네"}],"type":"pronunciation"},{"alternatives":[{"confidence":"0.0","content":"."}],"type":"punctuation"},{"start_time":"301.54","end_time":"301.91","alternatives":[{"confidence":"0.9871","content":"그러시면"}],"type":"pronunciation"},{"start_time":"301.91","end_time":"302.23","alternatives":[{"confidence":"0.987","content":"제가"}],"type":"pronunciation"},{"start_time":"302.23","end_time":"302.59","alternatives":[{"confidence":"0.9586","content":"녹음"}],"type":"pronunciation"},{"start_time":"302.59","end_time":"302.95","alternatives":[{"confidence":"0.77735","content":"녹취"}],"type":"pronunciation"},{"start_time":"302.95","end_time":"303.5","alternatives":[{"confidence":"0.9894499999999999","content":"진행하도록"}],"type":"pronunciation"},{"start_time":"303.5","end_time":"304.1","alternatives":[{"confidence":"1.0","content":"하겠습니다"}],"type":"pronunciation"},{"alternatives":[{"confidence":"0.0","content":"."}],"type":"punctuation"},{"start_time":"304.1","end_time":"304.84","alternatives":[{"confidence":"1.0","content":"잠시만요"}],"type":"pronunciation"},{"start_time":"309.54","end_time":"309.87","alternatives":[{"confidence":"0.9945","content":"네"}],"type":"pronunciation"},{"alternatives":[{"confidence":"0.0","content":","}],"type":"punctuation"},{"start_time":"309.87","end_time":"310.67","alternatives":[{"confidence":"1.0","content":"여보세요"}],"type":"pronunciation"},{"alternatives":[{"confidence":"0.0","content":"."}],"type":"punctuation"},{"start_time":"311.9","end_time":"312.37","alternatives":[{"confidence":"0.9601","content":"네"}],"type":"pronunciation"},{"alternatives":[{"confidence":"0.0","content":","}],"type":"punctuation"},{"start_time":"312.4","end_time":"312.73","alternatives":[{"confidence":"0.9968","content":"저는"}],"type":"pronunciation"},{"start_time":"312.73","end_time":"313.46","alternatives":[{"confidence":"0.9771","content":"부산고검"}],"type":"pronunciation"},{"start_time":"313.46","end_time":"313.82","alternatives":[{"confidence":"0.9566","content":"형사"}],"type":"pronunciation"},{"start_time":"313.82","end_time":"313.93","alternatives":[{"confidence":"0.6324","content":"일"}],"type":"pronunciation"},{"start_time":"313.93","end_time":"314.18","alternatives":[{"confidence":"0.6248","content":"부"}],"type":"pronunciation"},{"start_time":"314.18","end_time":"314.76","alternatives":[{"confidence":"0.9983333333333334","content":"김나영"}],"type":"pronunciation"},{"start_time":"314.76","end_time":"315.63","alternatives":[{"confidence":"0.9843500000000001","content":"수사관입니다"}],"type":"pronunciation"},{"start_time":"316.32","end_time":"316.98","alternatives":[{"confidence":"0.9632","content":"지금"}],"type":"pronunciation"},{"start_time":"317.01","end_time":"317.68","alternatives":[{"confidence":"0.9176","content":"이천십오"}],"type":"pronunciation"},{"start_time":"317.68","end_time":"318.66","alternatives":[{"confidence":"0.5917","content":"형제일"}],"type":"pronunciation"},{"start_time":"318.66","end_time":"319.48","alternatives":[{"confidence":"0.6728","content":"점"}],"type":"pronunciation"},{"start_time":"319.48","end_time":"319.88","alternatives":[{"confidence":"0.46665","content":"칠오"}],"type":"pronunciation"},{"start_time":"319.88","end_time":"320.47","alternatives":[{"confidence":"0.1666","content":"파로"}],"type":"pronunciation"},{"start_time":"322.66","end_time":"323.28","alternatives":[{"confidence":"0.8149500000000001","content":"농사건에"}],"type":"pronunciation"},{"start_time":"323.28","end_time":"323.55","alternatives":[{"confidence":"0.9995","content":"대한"}],"type":"pronunciation"},{"start_time":"323.55","end_time":"324.19","alternatives":[{"confidence":"0.952875","content":"일문일답"}],"type":"pronunciation"},{"start_time":"324.19","end_time":"325.17","alternatives":[{"confidence":"0.9268666666666666","content":"조사과정입니다"}],"type":"pronunciation"},{"start_time":"325.64","end_time":"325.88","alternatives":[{"confidence":"0.4631","content":"조사"}],"type":"pronunciation"},{"start_time":"325.88","end_time":"326.46","alternatives":[{"confidence":"0.9994","content":"본인은"}],"type":"pronunciation"},{"start_time":"328.54","end_time":"329.37","alternatives":[{"confidence":"0.6531","content":"마르십니까"}],"type":"pronunciation"},{"start_time":"332.36","end_time":"332.52","alternatives":[{"confidence":"0.2438","content":"는"}],"type":"pronunciation"},{"start_time":"332.52","end_time":"333.37","alternatives":[{"confidence":"0.7636","content":"맞으십니까"}],"type":"pronunciation"},{"start_time":"335.81","end_time":"335.98","alternatives":[{"confidence":"0.8516","content":"네"}],"type":"pronunciation"},{"alternatives":[{"confidence":"0.0","content":","}],"type":"punctuation"},{"start_time":"335.98","end_time":"336.74","alternatives":[{"confidence":"0.4566","content":"남성"}],"type":"pronunciation"},{"start_time":"338.17","end_time":"338.39","alternatives":[{"confidence":"0.6207","content":"그걸"}],"type":"pronunciation"},{"start_time":"338.39","end_time":"338.62","alternatives":[{"confidence":"1.0","content":"전혀"}],"type":"pronunciation"},{"start_time":"338.62","end_time":"339.44","alternatives":[{"confidence":"0.9991","content":"모르십니까"}],"type":"pronunciation"},{"start_time":"341.34","end_time":"342.34","alternatives":[{"confidence":"0.9285749999999999","content":"이천십오년"}],"type":"pronunciation"},{"start_time":"342.34","end_time":"342.55","alternatives":[{"confidence":"0.7543","content":"육"}],"type":"pronunciation"},{"start_time":"342.55","end_time":"342.69","alternatives":[{"confidence":"0.9998","content":"월"}],"type":"pronunciation"},{"start_time":"342.69","end_time":"343.43","alternatives":[{"confidence":"0.8927","content":"구일에"}],"type":"pronunciation"},{"start_time":"343.77","end_time":"344.1","alternatives":[{"confidence":"0.9997","content":"부산"}],"type":"pronunciation"},{"start_time":"344.1","end_time":"344.62","alternatives":[{"confidence":"1.0","content":"강서구"}],"type":"pronunciation"},{"start_time":"344.65","end_time":"345.16","alternatives":[{"confidence":"0.9977666666666667","content":"명지동"}],"type":"pronunciation"},{"start_time":"345.16","end_time":"345.65","alternatives":[{"confidence":"0.9915","content":"지점에서"}],"type":"pronunciation"},{"start_time":"345.65","end_time":"346.23","alternatives":[{"confidence":"0.8681","content":"무산은행"}],"type":"pronunciation"},{"start_time":"346.23","end_time":"347.17","alternatives":[{"confidence":"0.9357000000000001","content":"통장개설한"}],"type":"pronunciation"},{"alternatives":[{"confidence":"0.0","content":"."}],"type":"punctuation"},{"start_time":"347.32","end_time":"347.74","alternatives":[{"confidence":"0.9999","content":"사실은"}],"type":"pronunciation"},{"start_time":"347.74","end_time":"348.49","alternatives":[{"confidence":"1.0","content":"있으십니까"}],"type":"pronunciation"},{"alternatives":[{"confidence":"0.0","content":"?"}],"type":"punctuation"},{"start_time":"350.95","end_time":"351.39","alternatives":[{"confidence":"0.9984500000000001","content":"그러시면"}],"type":"pronunciation"},{"start_time":"351.39","end_time":"351.68","alternatives":[{"confidence":"1.0","content":"혹시"}],"type":"pronunciation"},{"start_time":"351.68","end_time":"352.05","alternatives":[{"confidence":"0.9627","content":"어디서"}],"type":"pronunciation"},{"start_time":"352.05","end_time":"352.35","alternatives":[{"confidence":"0.4825","content":"뭐하고"}],"type":"pronunciation"},{"start_time":"352.35","end_time":"352.83","alternatives":[{"confidence":"0.9976","content":"계시는지"}],"type":"pronunciation"},{"start_time":"352.83","end_time":"353.72","alternatives":[{"confidence":"0.9012","content":"기억하십니까"}],"type":"pronunciation"},{"alternatives":[{"confidence":"0.0","content":"?"}],"type":"punctuation"},{"start_time":"355.92","end_time":"355.98","alternatives":[{"confidence":"0.5688","content":"을"}],"type":"pronunciation"},{"start_time":"355.98","end_time":"356.44","alternatives":[{"confidence":"0.9399500000000001","content":"맞이하기"}],"type":"pronunciation"},{"start_time":"356.44","end_time":"356.65","alternatives":[{"confidence":"0.9987","content":"때문에"}],"type":"pronunciation"},{"start_time":"356.66","end_time":"356.96","alternatives":[{"confidence":"0.7249","content":"기억이"}],"type":"pronunciation"},{"start_time":"357.16","end_time":"357.33","alternatives":[{"confidence":"0.9958","content":"잘"}],"type":"pronunciation"},{"start_time":"357.33","end_time":"357.43","alternatives":[{"confidence":"0.9806","content":"안"}],"type":"pronunciation"},{"start_time":"357.43","end_time":"357.94","alternatives":[{"confidence":"0.9904999999999999","content":"나죠"}],"type":"pronunciation"},{"alternatives":[{"confidence":"0.0","content":"."}],"type":"punctuation"},{"start_time":"357.97","end_time":"358.41","alternatives":[{"confidence":"0.816","content":"특별한"}],"type":"pronunciation"},{"start_time":"358.41","end_time":"358.62","alternatives":[{"confidence":"0.0498","content":"없어"}],"type":"pronunciation"},{"start_time":"358.62","end_time":"358.85","alternatives":[{"confidence":"0.0381","content":"보이는"}],"type":"pronunciation"},{"start_time":"358.85","end_time":"358.96","alternatives":[{"confidence":"0.9621","content":"것"}],"type":"pronunciation"},{"start_time":"358.96","end_time":"359.52","alternatives":[{"confidence":"1.0","content":"같은데요"}],"type":"pronunciation"},{"alternatives":[{"confidence":"0.0","content":"."}],"type":"punctuation"},{"start_time":"361.17","end_time":"361.87","alternatives":[{"confidence":"0.996","content":"알겠습니다"}],"type":"pronunciation"},{"alternatives":[{"confidence":"0.0","content":"."}],"type":"punctuation"},{"start_time":"362.3","end_time":"363.15","alternatives":[{"confidence":"0.7036","content":"현재"}],"type":"pronunciation"},{"start_time":"363.96","end_time":"364.3","alternatives":[{"confidence":"0.2851","content":"명의로"}],"type":"pronunciation"},{"start_time":"364.3","end_time":"364.87","alternatives":[{"confidence":"0.476","content":"통장들이"}],"type":"pronunciation"},{"start_time":"365.36","end_time":"365.57","alternatives":[{"confidence":"0.0506","content":"명의"}],"type":"pronunciation"},{"start_time":"365.57","end_time":"365.82","alternatives":[{"confidence":"0.1539","content":"도용"}],"type":"pronunciation"},{"start_time":"365.82","end_time":"366.23","alternatives":[{"confidence":"0.5424","content":"사건의"}],"type":"pronunciation"},{"start_time":"366.23","end_time":"366.88","alternatives":[{"confidence":"0.9997","content":"불법적으로"}],"type":"pronunciation"},{"start_time":"366.88","end_time":"367.31","alternatives":[{"confidence":"0.9974","content":"사용되고"}],"type":"pronunciation"},{"start_time":"367.31","end_time":"367.66","alternatives":[{"confidence":"0.9957","content":"있다는"}],"type":"pronunciation"},{"start_time":"367.66","end_time":"368.01","alternatives":[{"confidence":"0.9932","content":"것을"}],"type":"pronunciation"},{"start_time":"368.17","end_time":"368.42","alternatives":[{"confidence":"0.9966","content":"제가"}],"type":"pronunciation"},{"start_time":"368.42","end_time":"368.8","alternatives":[{"confidence":"0.9872","content":"말하기"}],"type":"pronunciation"},{"start_time":"368.8","end_time":"369.14","alternatives":[{"confidence":"0.9974","content":"전에는"}],"type":"pronunciation"},{"start_time":"369.14","end_time":"369.37","alternatives":[{"confidence":"0.9914","content":"알고"}],"type":"pronunciation"},{"start_time":"369.37","end_time":"370.16","alternatives":[{"confidence":"1.0","content":"계셨습니까"}],"type":"pronunciation"},{"alternatives":[{"confidence":"0.0","content":"?"}],"type":"punctuation"},{"start_time":"373.3","end_time":"373.94","alternatives":[{"confidence":"0.30374999999999996","content":"그러시면"}],"type":"pronunciation"},{"start_time":"373.97","end_time":"374.22","alternatives":[{"confidence":"0.0327","content":"최근"}],"type":"pronunciation"},{"start_time":"374.22","end_time":"374.35","alternatives":[{"confidence":"0.0332","content":"일"}],"type":"pronunciation"},{"start_time":"374.35","end_time":"374.49","alternatives":[{"confidence":"0.0426","content":"년"}],"type":"pronunciation"},{"start_time":"374.49","end_time":"374.95","alternatives":[{"confidence":"0.4259","content":"사이에"}],"type":"pronunciation"},{"start_time":"374.98","end_time":"376.18","alternatives":[{"confidence":"0.9839666666666668","content":"신분증면허증여권"}],"type":"pronunciation"},{"start_time":"376.18","end_time":"376.37","alternatives":[{"confidence":"0.9921","content":"등을"}],"type":"pronunciation"},{"start_time":"376.37","end_time":"376.6","alternatives":[{"confidence":"0.9968","content":"전혀"}],"type":"pronunciation"},{"start_time":"376.6","end_time":"377.22","alternatives":[{"confidence":"1.0","content":"분실하거나"}],"type":"pronunciation"},{"start_time":"377.22","end_time":"377.59","alternatives":[{"confidence":"0.53365","content":"새내기"}],"type":"pronunciation"},{"start_time":"377.59","end_time":"378.02","alternatives":[{"confidence":"0.79225","content":"양도하신"}],"type":"pronunciation"},{"start_time":"378.02","end_time":"378.23","alternatives":[{"confidence":"0.9945","content":"적도"}],"type":"pronunciation"},{"start_time":"378.23","end_time":"379.23","alternatives":[{"confidence":"0.9949","content":"없으시고요"}],"type":"pronunciation"},{"alternatives":[{"confidence":"0.0","content":"."}],"type":"punctuation"},{"start_time":"381.67","end_time":"382.28","alternatives":[{"confidence":"0.9998","content":"알겠습니다"}],"type":"pronunciation"},{"alternatives":[{"confidence":"0.0","content":"."}],"type":"punctuation"},{"start_time":"382.28","end_time":"382.44","alternatives":[{"confidence":"0.2236","content":"뭐"}],"type":"pronunciation"},{"start_time":"382.47","end_time":"382.77","alternatives":[{"confidence":"0.0951","content":"님께서"}],"type":"pronunciation"},{"start_time":"382.77","end_time":"383.26","alternatives":[{"confidence":"0.75495","content":"부산은행"}],"type":"pronunciation"},{"start_time":"383.26","end_time":"383.42","alternatives":[{"confidence":"0.4124","content":"그래"}],"type":"pronunciation"},{"start_time":"383.42","end_time":"383.83","alternatives":[{"confidence":"0.99665","content":"하신다고"}],"type":"pronunciation"},{"start_time":"383.83","end_time":"384.4","alternatives":[{"confidence":"0.9998","content":"하셨는데"}],"type":"pronunciation"},{"start_time":"384.4","end_time":"384.87","alternatives":[{"confidence":"0.9968","content":"마지막으로"}],"type":"pronunciation"},{"start_time":"384.87","end_time":"385.04","alternatives":[{"confidence":"0.4569","content":"그래"}],"type":"pronunciation"},{"start_time":"385.04","end_time":"385.29","alternatives":[{"confidence":"0.1903","content":"하신"}],"type":"pronunciation"},{"start_time":"385.8","end_time":"386.35","alternatives":[{"confidence":"0.6381","content":"하십니까"}],"type":"pronunciation"},{"alternatives":[{"confidence":"0.0","content":"?"}],"type":"punctuation"},{"start_time":"391.63","end_time":"391.82","alternatives":[{"confidence":"0.1169","content":"년"}],"type":"pronunciation"},{"start_time":"391.82","end_time":"392.71","alternatives":[{"confidence":"0.5155999999999998","content":"됐으니까요"}],"type":"pronunciation"},{"start_time":"395.16","end_time":"395.6","alternatives":[{"confidence":"0.8966000000000001","content":"되셨다고"}],"type":"pronunciation"},{"start_time":"395.6","end_time":"396.06","alternatives":[{"confidence":"0.998","content":"사용하지"}],"type":"pronunciation"},{"start_time":"396.06","end_time":"396.37","alternatives":[{"confidence":"0.8539","content":"최근에"}],"type":"pronunciation"},{"start_time":"396.37","end_time":"396.77","alternatives":[{"confidence":"0.9718","content":"사용하지"}],"type":"pronunciation"},{"start_time":"396.77","end_time":"397.39","alternatives":[{"confidence":"0.9967","content":"않습니까"}],"type":"pronunciation"},{"alternatives":[{"confidence":"0.0","content":"?"}],"type":"punctuation"},{"start_time":"397.92","end_time":"398.56","alternatives":[{"confidence":"0.9599","content":"사용합니다"}],"type":"pronunciation"},{"alternatives":[{"confidence":"0.0","content":"."}],"type":"punctuation"},{"start_time":"400.38","end_time":"400.72","alternatives":[{"confidence":"0.9968","content":"그러니까"}],"type":"pronunciation"},{"start_time":"400.72","end_time":"401.43","alternatives":[{"confidence":"1.0","content":"마지막으로"}],"type":"pronunciation"},{"start_time":"401.58","end_time":"402.08","alternatives":[{"confidence":"1.0","content":"하시고"}],"type":"pronunciation"},{"start_time":"402.08","end_time":"402.58","alternatives":[{"confidence":"0.66845","content":"그래하신"}],"type":"pronunciation"},{"start_time":"402.58","end_time":"403.25","alternatives":[{"confidence":"0.35485","content":"날짜기업"}],"type":"pronunciation"},{"alternatives":[{"confidence":"0.0","content":"."}],"type":"punctuation"},{"start_time":"404.32","end_time":"404.52","alternatives":[{"confidence":"0.1044","content":"제가"}],"type":"pronunciation"},{"start_time":"404.73","end_time":"404.86","alternatives":[{"confidence":"0.6983","content":"잘"}],"type":"pronunciation"},{"start_time":"404.86","end_time":"405.74","alternatives":[{"confidence":"1.0","content":"모르겠네요"}],"type":"pronunciation"},{"alternatives":[{"confidence":"0.0","content":"."}],"type":"punctuation"},{"start_time":"407.32","end_time":"407.73","alternatives":[{"confidence":"0.803","content":"최근에"}],"type":"pronunciation"},{"start_time":"407.73","end_time":"408.13","alternatives":[{"confidence":"0.3532","content":"서"}],"type":"pronunciation"},{"alternatives":[{"confidence":"0.0","content":"."}],"type":"punctuation"},{"start_time":"411.41","end_time":"411.85","alternatives":[{"confidence":"0.9751","content":"여보세요"}],"type":"pronunciation"},{"alternatives":[{"confidence":"0.0","content":"."}],"type":"punctuation"},{"start_time":"413.01","end_time":"413.33","alternatives":[{"confidence":"0.9347","content":"예"}],"type":"pronunciation"},{"alternatives":[{"confidence":"0.0","content":","}],"type":"punctuation"},{"start_time":"413.33","end_time":"414.36","alternatives":[{"confidence":"1.0","content":"여보세요"}],"type":"pronunciation"},{"alternatives":[{"confidence":"0.0","content":"."}],"type":"punctuation"},{"start_time":"415.63","end_time":"416.04","alternatives":[{"confidence":"0.8863","content":"최근에"}],"type":"pronunciation"},{"start_time":"416.04","end_time":"416.5","alternatives":[{"confidence":"1.0","content":"사용하지"}],"type":"pronunciation"},{"start_time":"416.5","end_time":"417.5","alternatives":[{"confidence":"1.0","content":"않으셨습니까"}],"type":"pronunciation"},{"alternatives":[{"confidence":"0.0","content":"?"}],"type":"punctuation"},{"start_time":"418.75","end_time":"419.22","alternatives":[{"confidence":"0.9899","content":"사용하고"}],"type":"pronunciation"},{"start_time":"419.22","end_time":"419.76","alternatives":[{"confidence":"0.6635","content":"있지요"}],"type":"pronunciation"},{"alternatives":[{"confidence":"0.0","content":"."}],"type":"punctuation"},{"start_time":"422.18","end_time":"422.66","alternatives":[{"confidence":"0.9919","content":"그러니까"}],"type":"pronunciation"},{"start_time":"422.66","end_time":"423.25","alternatives":[{"confidence":"0.9746","content":"본인께서"}],"type":"pronunciation"},{"start_time":"423.25","end_time":"423.62","alternatives":[{"confidence":"0.9847","content":"최근에"}],"type":"pronunciation"},{"start_time":"423.62","end_time":"424.22","alternatives":[{"confidence":"0.8712","content":"사용하시고"}],"type":"pronunciation"},{"start_time":"424.22","end_time":"424.65","alternatives":[{"confidence":"0.9932","content":"있다고"}],"type":"pronunciation"},{"start_time":"425.01","end_time":"426.71","alternatives":[{"confidence":"0.999","content":"말씀하셨는데요"}],"type":"pronunciation"},{"alternatives":[{"confidence":"0.0","content":"."}],"type":"punctuation"},{"start_time":"427.03","end_time":"427.57","alternatives":[{"confidence":"0.82745","content":"사용하시고"}],"type":"pronunciation"},{"start_time":"427.57","end_time":"428.05","alternatives":[{"confidence":"0.9426","content":"마지막"}],"type":"pronunciation"},{"start_time":"428.05","end_time":"428.55","alternatives":[{"confidence":"0.9989","content":"날짜는"}],"type":"pronunciation"},{"start_time":"428.55","end_time":"429.57","alternatives":[{"confidence":"0.9091","content":"기억하십니까"}],"type":"pronunciation"},{"alternatives":[{"confidence":"0.0","content":"?"}],"type":"punctuation"},{"start_time":"429.8","end_time":"430.18","alternatives":[{"confidence":"0.0386","content":"그리고"}],"type":"pronunciation"},{"start_time":"430.18","end_time":"433.11","alternatives":[{"confidence":"0.33866666666666667","content":"나빠졌겠네요"}],"type":"pronunciation"},{"alternatives":[{"confidence":"0.0","content":"."}],"type":"punctuation"},{"start_time":"435.35","end_time":"436.1","alternatives":[{"confidence":"0.9998","content":"알겠습니다"}],"type":"pronunciation"},{"alternatives":[{"confidence":"0.0","content":"."}],"type":"punctuation"},{"start_time":"436.58","end_time":"437.03","alternatives":[{"confidence":"0.5883","content":"그러시면"}],"type":"pronunciation"},{"start_time":"437.03","end_time":"437.54","alternatives":[{"confidence":"0.9929","content":"본인께서"}],"type":"pronunciation"},{"start_time":"437.54","end_time":"438.11","alternatives":[{"confidence":"1.0","content":"합법적으로"}],"type":"pronunciation"},{"start_time":"438.11","end_time":"438.65","alternatives":[{"confidence":"0.5835","content":"거래하셨던"}],"type":"pronunciation"},{"start_time":"439.63","end_time":"440.3","alternatives":[{"confidence":"0.4824500000000001","content":"이십니까"}],"type":"pronunciation"},{"start_time":"440.68","end_time":"441.45","alternatives":[{"confidence":"0.61065","content":"그러거든요"}],"type":"pronunciation"},{"alternatives":[{"confidence":"0.0","content":"."}],"type":"punctuation"},{"start_time":"442.53","end_time":"443.69","alternatives":[{"confidence":"0.8468","content":"하나뿐이십니까"}],"type":"pronunciation"},{"start_time":"444.68","end_time":"445.7","alternatives":[{"confidence":"0.8219","content":"농협하고"}],"type":"pronunciation"},{"alternatives":[{"confidence":"0.0","content":"."}],"type":"punctuation"},{"start_time":"446.23","end_time":"447.15","alternatives":[{"confidence":"0.0516","content":"국민은행"}],"type":"pronunciation"},{"start_time":"448.3","end_time":"448.68","alternatives":[{"confidence":"0.9765","content":"뭐"}],"type":"pronunciation"},{"start_time":"449.06","end_time":"449.23","alternatives":[{"confidence":"0.9393","content":"몇"}],"type":"pronunciation"},{"start_time":"449.23","end_time":"449.34","alternatives":[{"confidence":"0.8214","content":"개"}],"type":"pronunciation"},{"start_time":"449.34","end_time":"449.78","alternatives":[{"confidence":"1.0","content":"되죠"}],"type":"pronunciation"},{"alternatives":[{"confidence":"0.0","content":"?"}],"type":"punctuation"},{"start_time":"452.54","end_time":"452.93","alternatives":[{"confidence":"0.8178","content":"본인"}],"type":"pronunciation"},{"start_time":"452.93","end_time":"453.42","alternatives":[{"confidence":"1.0","content":"명의로"}],"type":"pronunciation"},{"start_time":"453.42","end_time":"453.62","alternatives":[{"confidence":"0.9992","content":"된"}],"type":"pronunciation"},{"start_time":"453.62","end_time":"454.44","alternatives":[{"confidence":"1.0","content":"합법적으로"}],"type":"pronunciation"},{"start_time":"454.75","end_time":"455.47","alternatives":[{"confidence":"0.8151","content":"하셨던"}],"type":"pronunciation"},{"start_time":"455.5","end_time":"456.96","alternatives":[{"confidence":"0.7097333333333333","content":"은행들얘기해주세요"}],"type":"pronunciation"},{"start_time":"458.25","end_time":"458.64","alternatives":[{"confidence":"0.3377","content":"그걸"}],"type":"pronunciation"},{"start_time":"458.64","end_time":"458.75","alternatives":[{"confidence":"0.1245","content":"그"}],"type":"pronunciation"},{"start_time":"458.75","end_time":"458.97","alternatives":[{"confidence":"0.1386","content":"많이"}],"type":"pronunciation"},{"start_time":"458.97","end_time":"459.28","alternatives":[{"confidence":"0.8541","content":"했던"}],"type":"pronunciation"},{"start_time":"459.28","end_time":"459.46","alternatives":[{"confidence":"0.8565","content":"것"}],"type":"pronunciation"},{"start_time":"462.17","end_time":"462.85","alternatives":[{"confidence":"0.9666","content":"농협은행"}],"type":"pronunciation"},{"start_time":"462.85","end_time":"464.02","alternatives":[{"confidence":"0.8489333333333334","content":"국민은행부산은행"}],"type":"pronunciation"},{"alternatives":[{"confidence":"0.0","content":"."}],"type":"punctuation"},{"start_time":"464.94","end_time":"465.06","alternatives":[{"confidence":"0.6886","content":"이"}],"type":"pronunciation"},{"start_time":"465.06","end_time":"465.74","alternatives":[{"confidence":"0.97505","content":"세계은행이란"}],"type":"pronunciation"},{"start_time":"465.74","end_time":"466.05","alternatives":[{"confidence":"0.6062","content":"말씀"}],"type":"pronunciation"},{"start_time":"466.05","end_time":"466.74","alternatives":[{"confidence":"0.6276","content":"있으십니까"}],"type":"pronunciation"},{"alternatives":[{"confidence":"0.0","content":"?"}],"type":"punctuation"},{"start_time":"469.25","end_time":"469.78","alternatives":[{"confidence":"1.0","content":"만약에"}],"type":"pronunciation"},{"start_time":"469.78","end_time":"470.06","alternatives":[{"confidence":"1.0","content":"저희가"}],"type":"pronunciation"},{"start_time":"470.06","end_time":"470.4","alternatives":[{"confidence":"0.9974","content":"조사를"}],"type":"pronunciation"},{"start_time":"470.4","end_time":"470.69","alternatives":[{"confidence":"0.9311","content":"했을"}],"type":"pronunciation"},{"start_time":"470.69","end_time":"471.0","alternatives":[{"confidence":"0.9244","content":"때"}],"type":"pronunciation"},{"start_time":"471.0","end_time":"471.48","alternatives":[{"confidence":"0.9992","content":"본인이"}],"type":"pronunciation"},{"start_time":"471.48","end_time":"471.98","alternatives":[{"confidence":"0.99195","content":"진술하지"}],"type":"pronunciation"},{"start_time":"471.98","end_time":"472.2","alternatives":[{"confidence":"0.5397","content":"않는"}],"type":"pronunciation"},{"start_time":"472.2","end_time":"472.71","alternatives":[{"confidence":"0.8806333333333334","content":"은행계좌가"}],"type":"pronunciation"},{"start_time":"472.71","end_time":"473.1","alternatives":[{"confidence":"0.9988","content":"나왔을"}],"type":"pronunciation"},{"start_time":"473.1","end_time":"473.75","alternatives":[{"confidence":"0.9973","content":"경우"}],"type":"pronunciation"},{"start_time":"474.07","end_time":"474.32","alternatives":[{"confidence":"0.9926","content":"모두"}],"type":"pronunciation"},{"start_time":"474.32","end_time":"474.68","alternatives":[{"confidence":"0.5124","content":"불법"}],"type":"pronunciation"},{"start_time":"474.68","end_time":"474.97","alternatives":[{"confidence":"0.9959","content":"자들이"}],"type":"pronunciation"},{"start_time":"474.97","end_time":"475.47","alternatives":[{"confidence":"0.93675","content":"개설해서"}],"type":"pronunciation"},{"start_time":"475.47","end_time":"475.79","alternatives":[{"confidence":"0.8867","content":"이용한"}],"type":"pronunciation"},{"start_time":"475.79","end_time":"475.96","alternatives":[{"confidence":"0.7471","content":"걸로"}],"type":"pronunciation"},{"start_time":"475.96","end_time":"476.3","alternatives":[{"confidence":"0.8310500000000001","content":"간주가"}],"type":"pronunciation"},{"start_time":"476.3","end_time":"476.51","alternatives":[{"confidence":"0.9833","content":"되기"}],"type":"pronunciation"},{"start_time":"476.51","end_time":"477.16","alternatives":[{"confidence":"0.9323","content":"때문에요"}],"type":"pronunciation"},{"alternatives":[{"confidence":"0.0","content":"."}],"type":"punctuation"},{"start_time":"477.38","end_time":"477.66","alternatives":[{"confidence":"0.9977","content":"모두"}],"type":"pronunciation"},{"start_time":"477.66","end_time":"478.3","alternatives":[{"confidence":"0.9843999999999999","content":"동결처리해"}],"type":"pronunciation"},{"start_time":"478.3","end_time":"478.52","alternatives":[{"confidence":"0.9955","content":"드릴"}],"type":"pronunciation"},{"start_time":"478.52","end_time":"479.16","alternatives":[{"confidence":"1.0","content":"것입니다"}],"type":"pronunciation"},{"alternatives":[{"confidence":"0.0","content":"."}],"type":"punctuation"},{"start_time":"480.72","end_time":"480.96","alternatives":[{"confidence":"0.0692","content":"바로"}],"type":"pronunciation"},{"start_time":"481.16","end_time":"481.61","alternatives":[{"confidence":"0.7028","content":"없어요"}],"type":"pronunciation"},{"alternatives":[{"confidence":"0.0","content":"."}],"type":"punctuation"},{"start_time":"484.23","end_time":"484.82","alternatives":[{"confidence":"0.61995","content":"세계은행을"}],"type":"pronunciation"},{"start_time":"484.94","end_time":"485.28","alternatives":[{"confidence":"0.9519500000000001","content":"하신다고"}],"type":"pronunciation"},{"start_time":"485.28","end_time":"486.13","alternatives":[{"confidence":"0.6496500000000001","content":"말씀하셨고요"}],"type":"pronunciation"},{"alternatives":[{"confidence":"0.0","content":"."}],"type":"punctuation"},{"start_time":"487.94","end_time":"488.6","alternatives":[{"confidence":"0.7312","content":"농협은행은"}],"type":"pronunciation"},{"start_time":"488.6","end_time":"489.53","alternatives":[{"confidence":"0.6839999999999999","content":"국민은행마지막"}],"type":"pronunciation"},{"start_time":"489.7","end_time":"489.83","alternatives":[{"confidence":"0.1132","content":"날"}],"type":"pronunciation"},{"start_time":"489.83","end_time":"490.03","alternatives":[{"confidence":"0.6468","content":"저는"}],"type":"pronunciation"},{"start_time":"490.03","end_time":"490.82","alternatives":[{"confidence":"0.99305","content":"기억하십니까"}],"type":"pronunciation"},{"alternatives":[{"confidence":"0.0","content":"?"}],"type":"punctuation"},{"start_time":"491.16","end_time":"491.4","alternatives":[{"confidence":"0.0915","content":"역시"}],"type":"pronunciation"},{"start_time":"491.4","end_time":"491.63","alternatives":[{"confidence":"0.268","content":"부터"}],"type":"pronunciation"},{"start_time":"491.72","end_time":"492.19","alternatives":[{"confidence":"0.4556","content":"통장을"}],"type":"pronunciation"},{"start_time":"492.19","end_time":"492.65","alternatives":[{"confidence":"0.20245","content":"가야되지"}],"type":"pronunciation"},{"alternatives":[{"confidence":"0.0","content":"."}],"type":"punctuation"},{"start_time":"492.89","end_time":"493.03","alternatives":[{"confidence":"0.9798","content":"잘"}],"type":"pronunciation"},{"start_time":"493.03","end_time":"493.72","alternatives":[{"confidence":"1.0","content":"모르겠네요"}],"type":"pronunciation"},{"alternatives":[{"confidence":"0.0","content":"."}],"type":"punctuation"},{"start_time":"495.92","end_time":"497.1","alternatives":[{"confidence":"1.0","content":"그러세요"}],"type":"pronunciation"},{"alternatives":[{"confidence":"0.0","content":"."}],"type":"punctuation"},{"start_time":"497.28","end_time":"497.61","alternatives":[{"confidence":"0.3355","content":"보시면"}],"type":"pronunciation"},{"start_time":"497.64","end_time":"497.78","alternatives":[{"confidence":"0.4477","content":"이"}],"type":"pronunciation"},{"start_time":"497.78","end_time":"497.97","alternatives":[{"confidence":"0.4609","content":"세"}],"type":"pronunciation"},{"start_time":"497.97","end_time":"498.12","alternatives":[{"confidence":"0.923","content":"개"}],"type":"pronunciation"},{"start_time":"498.12","end_time":"498.47","alternatives":[{"confidence":"0.9699","content":"은행을"}],"type":"pronunciation"},{"start_time":"498.47","end_time":"499.4","alternatives":[{"confidence":"0.8903666666666666","content":"거래하신다는데"}],"type":"pronunciation"},{"alternatives":[{"confidence":"0.0","content":"."}],"type":"punctuation"},{"start_time":"499.4","end_time":"499.83","alternatives":[{"confidence":"0.54415","content":"통상은"}],"type":"pronunciation"},{"start_time":"499.83","end_time":"499.97","alternatives":[{"confidence":"0.974","content":"몇"}],"type":"pronunciation"},{"start_time":"499.97","end_time":"500.06","alternatives":[{"confidence":"0.9133","content":"개"}],"type":"pronunciation"},{"start_time":"500.06","end_time":"501.0","alternatives":[{"confidence":"0.9994666666666667","content":"계절하셨습니까"}],"type":"pronunciation"},{"alternatives":[{"confidence":"0.0","content":"?"}],"type":"punctuation"},{"start_time":"503.19","end_time":"503.59","alternatives":[{"confidence":"0.9229","content":"그렇죠"}],"type":"pronunciation"},{"alternatives":[{"confidence":"0.0","content":"."}],"type":"punctuation"},{"start_time":"503.62","end_time":"504.29","alternatives":[{"confidence":"0.9994","content":"그것도"}],"type":"pronunciation"},{"start_time":"504.29","end_time":"504.61","alternatives":[{"confidence":"0.6058","content":"많이"}],"type":"pronunciation"},{"start_time":"504.61","end_time":"504.84","alternatives":[{"confidence":"0.2952","content":"일고"}],"type":"pronunciation"},{"start_time":"504.84","end_time":"505.02","alternatives":[{"confidence":"0.5132","content":"여덟"}],"type":"pronunciation"},{"start_time":"505.02","end_time":"505.14","alternatives":[{"confidence":"0.2697","content":"개"}],"type":"pronunciation"},{"start_time":"505.14","end_time":"505.27","alternatives":[{"confidence":"0.9737","content":"될"}],"type":"pronunciation"},{"start_time":"505.27","end_time":"505.38","alternatives":[{"confidence":"0.9987","content":"것"}],"type":"pronunciation"},{"start_time":"505.38","end_time":"505.68","alternatives":[{"confidence":"0.9727","content":"같다고"}],"type":"pronunciation"},{"start_time":"505.68","end_time":"506.12","alternatives":[{"confidence":"0.9876","content":"했는데요"}],"type":"pronunciation"},{"alternatives":[{"confidence":"0.0","content":"."}],"type":"punctuation"},{"start_time":"507.74","end_time":"508.75","alternatives":[{"confidence":"0.9999","content":"그래요"}],"type":"pronunciation"},{"alternatives":[{"confidence":"0.0","content":"."}],"type":"punctuation"},{"start_time":"511.9","end_time":"513.08","alternatives":[{"confidence":"0.815","content":"사용하시고"}],"type":"pronunciation"},{"alternatives":[{"confidence":"0.0","content":"."}],"type":"punctuation"},{"start_time":"513.08","end_time":"513.51","alternatives":[{"confidence":"0.9548","content":"나머지"}],"type":"pronunciation"},{"start_time":"513.51","end_time":"514.18","alternatives":[{"confidence":"0.6892500000000001","content":"장군상태가"}],"type":"pronunciation"},{"start_time":"514.18","end_time":"514.36","alternatives":[{"confidence":"0.9785","content":"어느"}],"type":"pronunciation"},{"start_time":"514.36","end_time":"514.59","alternatives":[{"confidence":"0.8427","content":"정도"}],"type":"pronunciation"},{"start_time":"514.59","end_time":"514.85","alternatives":[{"confidence":"0.6738","content":"됐어요"}],"type":"pronunciation"},{"alternatives":[{"confidence":"0.0","content":"?"}],"type":"punctuation"},{"start_time":"514.85","end_time":"515.23","alternatives":[{"confidence":"0.4864","content":"정상이"}],"type":"pronunciation"},{"start_time":"515.23","end_time":"515.76","alternatives":[{"confidence":"0.9904","content":"십니까"}],"type":"pronunciation"},{"start_time":"519.01","end_time":"519.65","alternatives":[{"confidence":"0.741","content":"주요"}],"type":"pronunciation"},{"start_time":"520.95","end_time":"521.41","alternatives":[{"confidence":"0.23015","content":"이천만원"}],"type":"pronunciation"},{"start_time":"521.41","end_time":"521.53","alternatives":[{"confidence":"0.9725","content":"될"}],"type":"pronunciation"},{"start_time":"521.53","end_time":"521.79","alternatives":[{"confidence":"0.4418","content":"것으로"}],"type":"pronunciation"},{"start_time":"521.79","end_time":"522.47","alternatives":[{"confidence":"0.99915","content":"보이는데요"}],"type":"pronunciation"},{"alternatives":[{"confidence":"0.0","content":"."}],"type":"punctuation"}]},"status":"COMPLETED"}