{"jobName":"transcribes..30","accountId":"097989105209","results":{"transcripts":[{"transcript":"서울지방경찰 죠 서울입니다, 서울지방경찰청 입니다. 서울지방경찰 서울지방경찰청 경제범죄수사과 경제 보험수사김태우 경장 입니다. 김자태자 5 짜경장입니다 사무실 번호가 서울 공익 누기 공사는 공삼공 입니다. 본인께서 지금 피해자로 피해자 신분을 깨끗하게 받게 되시고요. 이 가해자는 대한민국 법에 따라서 이 법정 처벌을 받아 주십니다. 그리고 우선 조치를 수사단과 절차가 있기 때문에 이 본회의앞으로 일대일 통과농업방식으로 1 차 조사를 진행하고 이 본인께서 피해자 는요 개인정보침해신고로부터 이 본의 앞으로 1 차 신고보다 해드리겠습니다. 그리고 통화량이 정말 녹취 상태로 법정 증거로 잘 남길 겁니다. 그렇게 간단히 몇 가지만 질문 드릴게요. 바로 녹취를 하겠습니다. 없어요. 저는 서울지방경찰청 경제범죄수사팀. 김태우 경장 이고요 지난 이천십삼 년 삼 월 사 일 오후 2 시 삼십 분 경 서울 송파구 송파통지점에서 이 농협 계좌를 개선사실이 있습니까? 말씀이고 지난 이천십사 년 삼월 삼 일 오후 한 시 사십 분경 서울 강남구 예상동지점에서 고민계좌를 개설한 사실이 있습니까? 권한이 없다 말씀이고요. 그럼 타인에게 통장을 판매하거나 아마 양도 해준 사실이 있습니까? 그런 것도 하셨고요. 그럴 때 인터넷 이용하시니까 보세요. 지금 사시는 거예요? 지금 계십니까? 제가 돈을 요구했으니까 뭐 요구했습니까 말씀하시죠 하시는 분이라고? 지금 아니요. 말씀드렸고요 말을 들었게 아십니까? 말을 더럽게 아십니까? 지금 뭐 이 아니라 돈을 요구했으니까? 경찰 이시라면 경찰에서 국민한테 말을 더럽냐고 음계를 해요. 지금 기름을 있지 않으면 사무실 하면 좋으세요? 아니 사무실 번호로 연락을 하는 게 문제가 아니고 경찰이 신분 그런데 말이야, 도시 도시라고 그렇게 않습니까? 말이에요. 그러니까 그러니까 경찰이 국민한테 말을 더럽냐고 얘기를 하냐 고 지금 이쪽부터 말하셨잖아요. 아니, 여보세요. 내가 운 은행계좌하고 하고 개설된 적이 없다는데 뭘 웃기려라고? 지금 그러면 는지 제가 어떻게 압니까? 현재 제가 진술을 했어요. 돈이 돈을 구십만주고 국민통장과 농협 통장을 샀다고 말씀을 하십니다. 누구를 밀어야 되십니까? 보세요. 지금 저는 그런 보증도 분배를 줄 아는 사람이에요. 지금 누구한테 사기를 주시려고 해요. 그렇겠죠. 제가 걸로 소환전으로 보내드리겠습니다. 오늘 오후 세시장으로 안 오시면 저희가 골로 가겠습니다."}],"items":[{"start_time":"4.4","end_time":"5.75","alternatives":[{"confidence":"0.5249","content":"서울지방경찰"}],"type":"pronunciation"},{"start_time":"5.75","end_time":"6.02","alternatives":[{"confidence":"0.7557","content":"죠"}],"type":"pronunciation"},{"start_time":"8.26","end_time":"8.89","alternatives":[{"confidence":"0.8672","content":"서울입니다"}],"type":"pronunciation"},{"alternatives":[{"confidence":"0.0","content":","}],"type":"punctuation"},{"start_time":"8.89","end_time":"10.04","alternatives":[{"confidence":"0.6485","content":"서울지방경찰청"}],"type":"pronunciation"},{"start_time":"10.04","end_time":"10.34","alternatives":[{"confidence":"0.9752","content":"입니다"}],"type":"pronunciation"},{"alternatives":[{"confidence":"0.0","content":"."}],"type":"punctuation"},{"start_time":"10.56","end_time":"11.89","alternatives":[{"confidence":"0.53485","content":"서울지방경찰"}],"type":"pronunciation"},{"start_time":"11.98","end_time":"13.28","alternatives":[{"confidence":"0.99565","content":"서울지방경찰청"}],"type":"pronunciation"},{"start_time":"15.9","end_time":"17.85","alternatives":[{"confidence":"0.9920500000000001","content":"경제범죄수사과"}],"type":"pronunciation"},{"start_time":"18.67","end_time":"19.32","alternatives":[{"confidence":"0.4181","content":"경제"}],"type":"pronunciation"},{"start_time":"19.32","end_time":"22.62","alternatives":[{"confidence":"0.7888","content":"보험수사김태우"}],"type":"pronunciation"},{"start_time":"22.62","end_time":"23.15","alternatives":[{"confidence":"0.76865","content":"경장"}],"type":"pronunciation"},{"start_time":"23.15","end_time":"23.48","alternatives":[{"confidence":"0.9989","content":"입니다"}],"type":"pronunciation"},{"alternatives":[{"confidence":"0.0","content":"."}],"type":"punctuation"},{"start_time":"23.48","end_time":"24.76","alternatives":[{"confidence":"0.767075","content":"김자태자"}],"type":"pronunciation"},{"start_time":"24.76","end_time":"25.05","alternatives":[{"confidence":"0.2873","content":"5"}],"type":"pronunciation"},{"start_time":"25.05","end_time":"26.26","alternatives":[{"confidence":"0.8767","content":"짜경장입니다"}],"type":"pronunciation"},{"start_time":"28.17","end_time":"28.54","alternatives":[{"confidence":"0.8686","content":"사무실"}],"type":"pronunciation"},{"start_time":"28.54","end_time":"28.89","alternatives":[{"confidence":"0.9754","content":"번호가"}],"type":"pronunciation"},{"start_time":"28.89","end_time":"29.21","alternatives":[{"confidence":"0.6532","content":"서울"}],"type":"pronunciation"},{"start_time":"29.21","end_time":"29.53","alternatives":[{"confidence":"0.6151","content":"공익"}],"type":"pronunciation"},{"start_time":"31.31","end_time":"31.81","alternatives":[{"confidence":"0.5883499999999999","content":"누기"}],"type":"pronunciation"},{"start_time":"31.81","end_time":"32.42","alternatives":[{"confidence":"0.9999","content":"공사는"}],"type":"pronunciation"},{"start_time":"34.01","end_time":"35.26","alternatives":[{"confidence":"0.5446666666666666","content":"공삼공"}],"type":"pronunciation"},{"start_time":"35.26","end_time":"35.68","alternatives":[{"confidence":"0.8978","content":"입니다"}],"type":"pronunciation"},{"alternatives":[{"confidence":"0.0","content":"."}],"type":"punctuation"},{"start_time":"38.1","end_time":"38.52","alternatives":[{"confidence":"0.23964999999999997","content":"본인께서"}],"type":"pronunciation"},{"start_time":"38.52","end_time":"38.7","alternatives":[{"confidence":"0.9927","content":"지금"}],"type":"pronunciation"},{"start_time":"38.7","end_time":"39.1","alternatives":[{"confidence":"0.78885","content":"피해자로"}],"type":"pronunciation"},{"start_time":"39.42","end_time":"39.74","alternatives":[{"confidence":"0.8404","content":"피해자"}],"type":"pronunciation"},{"start_time":"39.74","end_time":"40.06","alternatives":[{"confidence":"0.7886","content":"신분을"}],"type":"pronunciation"},{"start_time":"40.12","end_time":"40.59","alternatives":[{"confidence":"0.9968","content":"깨끗하게"}],"type":"pronunciation"},{"start_time":"40.59","end_time":"40.84","alternatives":[{"confidence":"0.9515","content":"받게"}],"type":"pronunciation"},{"start_time":"40.84","end_time":"41.39","alternatives":[{"confidence":"0.8119000000000001","content":"되시고요"}],"type":"pronunciation"},{"alternatives":[{"confidence":"0.0","content":"."}],"type":"punctuation"},{"start_time":"41.42","end_time":"41.52","alternatives":[{"confidence":"0.8581","content":"이"}],"type":"pronunciation"},{"start_time":"41.52","end_time":"42.11","alternatives":[{"confidence":"0.37655","content":"가해자는"}],"type":"pronunciation"},{"start_time":"42.11","end_time":"42.52","alternatives":[{"confidence":"0.8869","content":"대한민국"}],"type":"pronunciation"},{"start_time":"42.52","end_time":"42.73","alternatives":[{"confidence":"0.9649","content":"법에"}],"type":"pronunciation"},{"start_time":"42.73","end_time":"43.17","alternatives":[{"confidence":"1.0","content":"따라서"}],"type":"pronunciation"},{"start_time":"43.17","end_time":"43.32","alternatives":[{"confidence":"0.9017","content":"이"}],"type":"pronunciation"},{"start_time":"43.32","end_time":"43.63","alternatives":[{"confidence":"0.513","content":"법정"}],"type":"pronunciation"},{"start_time":"43.63","end_time":"43.94","alternatives":[{"confidence":"1.0","content":"처벌을"}],"type":"pronunciation"},{"start_time":"43.94","end_time":"44.16","alternatives":[{"confidence":"0.8506","content":"받아"}],"type":"pronunciation"},{"start_time":"44.16","end_time":"44.75","alternatives":[{"confidence":"0.78085","content":"주십니다"}],"type":"pronunciation"},{"alternatives":[{"confidence":"0.0","content":"."}],"type":"punctuation"},{"start_time":"46.47","end_time":"46.75","alternatives":[{"confidence":"0.9993","content":"그리고"}],"type":"pronunciation"},{"start_time":"46.75","end_time":"46.96","alternatives":[{"confidence":"0.6653","content":"우선"}],"type":"pronunciation"},{"start_time":"46.96","end_time":"47.25","alternatives":[{"confidence":"0.3222","content":"조치를"}],"type":"pronunciation"},{"start_time":"47.25","end_time":"47.68","alternatives":[{"confidence":"0.54155","content":"수사단과"}],"type":"pronunciation"},{"start_time":"47.68","end_time":"48.01","alternatives":[{"confidence":"0.9477","content":"절차가"}],"type":"pronunciation"},{"start_time":"48.01","end_time":"48.2","alternatives":[{"confidence":"0.9999","content":"있기"}],"type":"pronunciation"},{"start_time":"48.2","end_time":"48.6","alternatives":[{"confidence":"0.9999","content":"때문에"}],"type":"pronunciation"},{"start_time":"48.6","end_time":"48.74","alternatives":[{"confidence":"0.8105","content":"이"}],"type":"pronunciation"},{"start_time":"48.74","end_time":"49.34","alternatives":[{"confidence":"0.5837999999999999","content":"본회의앞으로"}],"type":"pronunciation"},{"start_time":"49.34","end_time":"49.74","alternatives":[{"confidence":"0.55795","content":"일대일"}],"type":"pronunciation"},{"start_time":"49.74","end_time":"50.58","alternatives":[{"confidence":"0.8155","content":"통과농업방식으로"}],"type":"pronunciation"},{"start_time":"50.73","end_time":"50.97","alternatives":[{"confidence":"0.5472","content":"1"}],"type":"pronunciation"},{"start_time":"50.97","end_time":"51.13","alternatives":[{"confidence":"0.9857","content":"차"}],"type":"pronunciation"},{"start_time":"51.13","end_time":"51.45","alternatives":[{"confidence":"1.0","content":"조사를"}],"type":"pronunciation"},{"start_time":"51.45","end_time":"52.04","alternatives":[{"confidence":"0.9926","content":"진행하고"}],"type":"pronunciation"},{"start_time":"52.35","end_time":"52.46","alternatives":[{"confidence":"0.6872","content":"이"}],"type":"pronunciation"},{"start_time":"52.46","end_time":"53.05","alternatives":[{"confidence":"0.9911","content":"본인께서"}],"type":"pronunciation"},{"start_time":"53.05","end_time":"53.42","alternatives":[{"confidence":"0.508","content":"피해자"}],"type":"pronunciation"},{"start_time":"53.42","end_time":"53.79","alternatives":[{"confidence":"0.6048","content":"는요"}],"type":"pronunciation"},{"start_time":"53.82","end_time":"55.35","alternatives":[{"confidence":"0.876025","content":"개인정보침해신고로부터"}],"type":"pronunciation"},{"start_time":"55.41","end_time":"55.54","alternatives":[{"confidence":"0.6041","content":"이"}],"type":"pronunciation"},{"start_time":"55.54","end_time":"55.79","alternatives":[{"confidence":"0.39944999999999997","content":"본의"}],"type":"pronunciation"},{"start_time":"55.79","end_time":"56.09","alternatives":[{"confidence":"0.9975","content":"앞으로"}],"type":"pronunciation"},{"start_time":"56.09","end_time":"56.24","alternatives":[{"confidence":"0.6839","content":"1"}],"type":"pronunciation"},{"start_time":"56.24","end_time":"56.37","alternatives":[{"confidence":"0.9444","content":"차"}],"type":"pronunciation"},{"start_time":"56.37","end_time":"56.83","alternatives":[{"confidence":"0.7928999999999999","content":"신고보다"}],"type":"pronunciation"},{"start_time":"56.83","end_time":"57.64","alternatives":[{"confidence":"0.8641","content":"해드리겠습니다"}],"type":"pronunciation"},{"alternatives":[{"confidence":"0.0","content":"."}],"type":"punctuation"},{"start_time":"58.15","end_time":"58.4","alternatives":[{"confidence":"0.9981","content":"그리고"}],"type":"pronunciation"},{"start_time":"58.4","end_time":"58.84","alternatives":[{"confidence":"0.494","content":"통화량이"}],"type":"pronunciation"},{"start_time":"58.84","end_time":"59.06","alternatives":[{"confidence":"0.4732","content":"정말"}],"type":"pronunciation"},{"start_time":"59.06","end_time":"59.29","alternatives":[{"confidence":"0.8868","content":"녹취"}],"type":"pronunciation"},{"start_time":"59.29","end_time":"59.64","alternatives":[{"confidence":"0.9708","content":"상태로"}],"type":"pronunciation"},{"start_time":"59.88","end_time":"60.21","alternatives":[{"confidence":"0.8239","content":"법정"}],"type":"pronunciation"},{"start_time":"60.21","end_time":"60.45","alternatives":[{"confidence":"0.6252","content":"증거로"}],"type":"pronunciation"},{"start_time":"60.45","end_time":"60.61","alternatives":[{"confidence":"0.8047","content":"잘"}],"type":"pronunciation"},{"start_time":"60.61","end_time":"60.87","alternatives":[{"confidence":"0.9928","content":"남길"}],"type":"pronunciation"},{"start_time":"60.87","end_time":"61.3","alternatives":[{"confidence":"1.0","content":"겁니다"}],"type":"pronunciation"},{"alternatives":[{"confidence":"0.0","content":"."}],"type":"punctuation"},{"start_time":"61.49","end_time":"61.77","alternatives":[{"confidence":"0.94","content":"그렇게"}],"type":"pronunciation"},{"start_time":"61.77","end_time":"62.15","alternatives":[{"confidence":"0.8948","content":"간단히"}],"type":"pronunciation"},{"start_time":"62.15","end_time":"62.29","alternatives":[{"confidence":"0.9008","content":"몇"}],"type":"pronunciation"},{"start_time":"62.29","end_time":"62.64","alternatives":[{"confidence":"1.0","content":"가지만"}],"type":"pronunciation"},{"start_time":"62.64","end_time":"62.9","alternatives":[{"confidence":"0.8554","content":"질문"}],"type":"pronunciation"},{"start_time":"62.9","end_time":"63.79","alternatives":[{"confidence":"0.8972","content":"드릴게요"}],"type":"pronunciation"},{"alternatives":[{"confidence":"0.0","content":"."}],"type":"punctuation"},{"start_time":"64.78","end_time":"65.05","alternatives":[{"confidence":"0.9346","content":"바로"}],"type":"pronunciation"},{"start_time":"65.05","end_time":"65.36","alternatives":[{"confidence":"0.9963666666666667","content":"녹취를"}],"type":"pronunciation"},{"start_time":"65.36","end_time":"65.95","alternatives":[{"confidence":"0.9297","content":"하겠습니다"}],"type":"pronunciation"},{"alternatives":[{"confidence":"0.0","content":"."}],"type":"punctuation"},{"start_time":"69.52","end_time":"70.42","alternatives":[{"confidence":"0.9882","content":"없어요"}],"type":"pronunciation"},{"alternatives":[{"confidence":"0.0","content":"."}],"type":"punctuation"},{"start_time":"71.55","end_time":"71.77","alternatives":[{"confidence":"0.966","content":"저는"}],"type":"pronunciation"},{"start_time":"71.77","end_time":"72.98","alternatives":[{"confidence":"0.99895","content":"서울지방경찰청"}],"type":"pronunciation"},{"start_time":"72.98","end_time":"74.3","alternatives":[{"confidence":"0.9208000000000001","content":"경제범죄수사팀"}],"type":"pronunciation"},{"alternatives":[{"confidence":"0.0","content":"."}],"type":"punctuation"},{"start_time":"74.3","end_time":"74.7","alternatives":[{"confidence":"0.99065","content":"김태우"}],"type":"pronunciation"},{"start_time":"74.7","end_time":"75.1","alternatives":[{"confidence":"0.98475","content":"경장"}],"type":"pronunciation"},{"start_time":"75.1","end_time":"75.85","alternatives":[{"confidence":"0.9827","content":"이고요"}],"type":"pronunciation"},{"start_time":"77.38","end_time":"77.59","alternatives":[{"confidence":"0.9994","content":"지난"}],"type":"pronunciation"},{"start_time":"77.59","end_time":"78.08","alternatives":[{"confidence":"0.5271","content":"이천십삼"}],"type":"pronunciation"},{"start_time":"78.08","end_time":"78.23","alternatives":[{"confidence":"0.9999","content":"년"}],"type":"pronunciation"},{"start_time":"78.23","end_time":"78.43","alternatives":[{"confidence":"0.5308","content":"삼"}],"type":"pronunciation"},{"start_time":"78.43","end_time":"78.5","alternatives":[{"confidence":"0.9991","content":"월"}],"type":"pronunciation"},{"start_time":"78.5","end_time":"78.67","alternatives":[{"confidence":"0.7691","content":"사"}],"type":"pronunciation"},{"start_time":"78.67","end_time":"78.78","alternatives":[{"confidence":"0.9971","content":"일"}],"type":"pronunciation"},{"start_time":"78.78","end_time":"79.27","alternatives":[{"confidence":"1.0","content":"오후"}],"type":"pronunciation"},{"start_time":"79.28","end_time":"79.42","alternatives":[{"confidence":"0.912","content":"2"}],"type":"pronunciation"},{"start_time":"79.42","end_time":"79.53","alternatives":[{"confidence":"0.9961","content":"시"}],"type":"pronunciation"},{"start_time":"79.53","end_time":"79.79","alternatives":[{"confidence":"0.3791","content":"삼십"}],"type":"pronunciation"},{"start_time":"79.79","end_time":"79.9","alternatives":[{"confidence":"0.6602","content":"분"}],"type":"pronunciation"},{"start_time":"79.9","end_time":"80.04","alternatives":[{"confidence":"0.551","content":"경"}],"type":"pronunciation"},{"start_time":"80.19","end_time":"80.41","alternatives":[{"confidence":"0.9993","content":"서울"}],"type":"pronunciation"},{"start_time":"80.41","end_time":"80.82","alternatives":[{"confidence":"0.9976","content":"송파구"}],"type":"pronunciation"},{"start_time":"80.82","end_time":"81.66","alternatives":[{"confidence":"0.7785666666666667","content":"송파통지점에서"}],"type":"pronunciation"},{"start_time":"81.66","end_time":"81.78","alternatives":[{"confidence":"0.4657","content":"이"}],"type":"pronunciation"},{"start_time":"81.78","end_time":"82.07","alternatives":[{"confidence":"0.8777","content":"농협"}],"type":"pronunciation"},{"start_time":"82.07","end_time":"82.42","alternatives":[{"confidence":"0.9985","content":"계좌를"}],"type":"pronunciation"},{"start_time":"82.42","end_time":"83.06","alternatives":[{"confidence":"0.6832","content":"개선사실이"}],"type":"pronunciation"},{"start_time":"83.06","end_time":"83.67","alternatives":[{"confidence":"0.8459","content":"있습니까"}],"type":"pronunciation"},{"alternatives":[{"confidence":"0.0","content":"?"}],"type":"punctuation"},{"start_time":"85.8","end_time":"86.27","alternatives":[{"confidence":"0.94365","content":"말씀이고"}],"type":"pronunciation"},{"start_time":"86.7","end_time":"86.88","alternatives":[{"confidence":"0.9784","content":"지난"}],"type":"pronunciation"},{"start_time":"86.88","end_time":"87.24","alternatives":[{"confidence":"0.5921","content":"이천십사"}],"type":"pronunciation"},{"start_time":"87.24","end_time":"87.39","alternatives":[{"confidence":"1.0","content":"년"}],"type":"pronunciation"},{"start_time":"87.39","end_time":"87.65","alternatives":[{"confidence":"0.81055","content":"삼월"}],"type":"pronunciation"},{"start_time":"87.65","end_time":"87.82","alternatives":[{"confidence":"0.7947","content":"삼"}],"type":"pronunciation"},{"start_time":"87.82","end_time":"87.92","alternatives":[{"confidence":"0.9897","content":"일"}],"type":"pronunciation"},{"start_time":"87.92","end_time":"88.32","alternatives":[{"confidence":"0.9995","content":"오후"}],"type":"pronunciation"},{"start_time":"88.45","end_time":"88.67","alternatives":[{"confidence":"0.7582","content":"한"}],"type":"pronunciation"},{"start_time":"88.67","end_time":"88.77","alternatives":[{"confidence":"1.0","content":"시"}],"type":"pronunciation"},{"start_time":"88.77","end_time":"89.0","alternatives":[{"confidence":"0.5802","content":"사십"}],"type":"pronunciation"},{"start_time":"89.0","end_time":"89.22","alternatives":[{"confidence":"0.4718","content":"분경"}],"type":"pronunciation"},{"start_time":"89.34","end_time":"89.54","alternatives":[{"confidence":"0.9959","content":"서울"}],"type":"pronunciation"},{"start_time":"89.54","end_time":"89.95","alternatives":[{"confidence":"0.813","content":"강남구"}],"type":"pronunciation"},{"start_time":"89.95","end_time":"90.7","alternatives":[{"confidence":"0.5258666666666666","content":"예상동지점에서"}],"type":"pronunciation"},{"start_time":"90.7","end_time":"91.35","alternatives":[{"confidence":"0.74325","content":"고민계좌를"}],"type":"pronunciation"},{"start_time":"91.35","end_time":"91.65","alternatives":[{"confidence":"0.921","content":"개설한"}],"type":"pronunciation"},{"start_time":"91.65","end_time":"91.93","alternatives":[{"confidence":"0.9847","content":"사실이"}],"type":"pronunciation"},{"start_time":"91.93","end_time":"92.4","alternatives":[{"confidence":"0.9684","content":"있습니까"}],"type":"pronunciation"},{"alternatives":[{"confidence":"0.0","content":"?"}],"type":"punctuation"},{"start_time":"93.92","end_time":"94.19","alternatives":[{"confidence":"0.4533","content":"권한이"}],"type":"pronunciation"},{"start_time":"94.19","end_time":"94.37","alternatives":[{"confidence":"0.7588","content":"없다"}],"type":"pronunciation"},{"start_time":"94.37","end_time":"94.99","alternatives":[{"confidence":"0.88255","content":"말씀이고요"}],"type":"pronunciation"},{"alternatives":[{"confidence":"0.0","content":"."}],"type":"punctuation"},{"start_time":"95.23","end_time":"95.49","alternatives":[{"confidence":"0.8386","content":"그럼"}],"type":"pronunciation"},{"start_time":"95.49","end_time":"95.81","alternatives":[{"confidence":"0.5382","content":"타인에게"}],"type":"pronunciation"},{"start_time":"95.81","end_time":"96.19","alternatives":[{"confidence":"0.997","content":"통장을"}],"type":"pronunciation"},{"start_time":"96.19","end_time":"96.73","alternatives":[{"confidence":"0.99875","content":"판매하거나"}],"type":"pronunciation"},{"start_time":"96.73","end_time":"96.88","alternatives":[{"confidence":"0.2982","content":"아마"}],"type":"pronunciation"},{"start_time":"96.88","end_time":"97.14","alternatives":[{"confidence":"0.5898","content":"양도"}],"type":"pronunciation"},{"start_time":"97.14","end_time":"97.37","alternatives":[{"confidence":"0.9354","content":"해준"}],"type":"pronunciation"},{"start_time":"97.37","end_time":"97.71","alternatives":[{"confidence":"0.9829","content":"사실이"}],"type":"pronunciation"},{"start_time":"97.71","end_time":"98.24","alternatives":[{"confidence":"0.8122","content":"있습니까"}],"type":"pronunciation"},{"alternatives":[{"confidence":"0.0","content":"?"}],"type":"punctuation"},{"start_time":"99.56","end_time":"99.75","alternatives":[{"confidence":"0.8563","content":"그런"}],"type":"pronunciation"},{"start_time":"99.75","end_time":"99.98","alternatives":[{"confidence":"0.738","content":"것도"}],"type":"pronunciation"},{"start_time":"99.98","end_time":"100.67","alternatives":[{"confidence":"0.7947","content":"하셨고요"}],"type":"pronunciation"},{"alternatives":[{"confidence":"0.0","content":"."}],"type":"punctuation"},{"start_time":"101.77","end_time":"101.99","alternatives":[{"confidence":"0.3839","content":"그럴"}],"type":"pronunciation"},{"start_time":"101.99","end_time":"102.09","alternatives":[{"confidence":"0.2224","content":"때"}],"type":"pronunciation"},{"start_time":"102.21","end_time":"102.51","alternatives":[{"confidence":"0.0035","content":"인터넷"}],"type":"pronunciation"},{"start_time":"103.56","end_time":"104.36","alternatives":[{"confidence":"0.47713333333333335","content":"이용하시니까"}],"type":"pronunciation"},{"start_time":"105.18","end_time":"105.81","alternatives":[{"confidence":"0.6833","content":"보세요"}],"type":"pronunciation"},{"alternatives":[{"confidence":"0.0","content":"."}],"type":"punctuation"},{"start_time":"107.36","end_time":"107.92","alternatives":[{"confidence":"0.0082","content":"지금"}],"type":"pronunciation"},{"start_time":"109.0","end_time":"109.78","alternatives":[{"confidence":"0.1323","content":"사시는"}],"type":"pronunciation"},{"start_time":"109.78","end_time":"110.12","alternatives":[{"confidence":"0.554","content":"거예요"}],"type":"pronunciation"},{"alternatives":[{"confidence":"0.0","content":"?"}],"type":"punctuation"},{"start_time":"110.12","end_time":"110.39","alternatives":[{"confidence":"0.7016","content":"지금"}],"type":"pronunciation"},{"start_time":"112.37","end_time":"112.96","alternatives":[{"confidence":"0.8373","content":"계십니까"}],"type":"pronunciation"},{"alternatives":[{"confidence":"0.0","content":"?"}],"type":"punctuation"},{"start_time":"115.61","end_time":"115.95","alternatives":[{"confidence":"0.6596","content":"제가"}],"type":"pronunciation"},{"start_time":"116.11","end_time":"116.41","alternatives":[{"confidence":"1.0","content":"돈을"}],"type":"pronunciation"},{"start_time":"116.41","end_time":"117.08","alternatives":[{"confidence":"0.8557","content":"요구했으니까"}],"type":"pronunciation"},{"start_time":"117.08","end_time":"117.2","alternatives":[{"confidence":"0.1222","content":"뭐"}],"type":"pronunciation"},{"start_time":"117.29","end_time":"117.87","alternatives":[{"confidence":"0.6538999999999999","content":"요구했습니까"}],"type":"pronunciation"},{"start_time":"118.58","end_time":"119.33","alternatives":[{"confidence":"0.7762","content":"말씀하시죠"}],"type":"pronunciation"},{"start_time":"121.38","end_time":"121.73","alternatives":[{"confidence":"0.8644","content":"하시는"}],"type":"pronunciation"},{"start_time":"121.73","end_time":"122.12","alternatives":[{"confidence":"0.5681","content":"분이라고"}],"type":"pronunciation"},{"alternatives":[{"confidence":"0.0","content":"?"}],"type":"punctuation"},{"start_time":"122.12","end_time":"122.43","alternatives":[{"confidence":"0.4935","content":"지금"}],"type":"pronunciation"},{"start_time":"123.47","end_time":"123.8","alternatives":[{"confidence":"0.3689","content":"아니요"}],"type":"pronunciation"},{"alternatives":[{"confidence":"0.0","content":"."}],"type":"punctuation"},{"start_time":"123.8","end_time":"124.81","alternatives":[{"confidence":"0.8936999999999999","content":"말씀드렸고요"}],"type":"pronunciation"},{"start_time":"125.05","end_time":"125.41","alternatives":[{"confidence":"0.912","content":"말을"}],"type":"pronunciation"},{"start_time":"125.41","end_time":"125.69","alternatives":[{"confidence":"0.74205","content":"들었게"}],"type":"pronunciation"},{"start_time":"125.69","end_time":"126.24","alternatives":[{"confidence":"0.7495","content":"아십니까"}],"type":"pronunciation"},{"alternatives":[{"confidence":"0.0","content":"?"}],"type":"punctuation"},{"start_time":"127.97","end_time":"128.21","alternatives":[{"confidence":"0.7766","content":"말을"}],"type":"pronunciation"},{"start_time":"128.32","end_time":"128.62","alternatives":[{"confidence":"0.3598","content":"더럽게"}],"type":"pronunciation"},{"start_time":"128.62","end_time":"129.09","alternatives":[{"confidence":"0.4238","content":"아십니까"}],"type":"pronunciation"},{"alternatives":[{"confidence":"0.0","content":"?"}],"type":"punctuation"},{"start_time":"129.09","end_time":"129.36","alternatives":[{"confidence":"0.9216","content":"지금"}],"type":"pronunciation"},{"start_time":"129.61","end_time":"129.74","alternatives":[{"confidence":"0.3795","content":"뭐"}],"type":"pronunciation"},{"start_time":"129.77","end_time":"129.85","alternatives":[{"confidence":"0.3168","content":"이"}],"type":"pronunciation"},{"start_time":"129.85","end_time":"130.03","alternatives":[{"confidence":"0.7978","content":"아니라"}],"type":"pronunciation"},{"start_time":"130.03","end_time":"130.25","alternatives":[{"confidence":"0.9998","content":"돈을"}],"type":"pronunciation"},{"start_time":"130.25","end_time":"130.99","alternatives":[{"confidence":"0.9561","content":"요구했으니까"}],"type":"pronunciation"},{"alternatives":[{"confidence":"0.0","content":"?"}],"type":"punctuation"},{"start_time":"134.04","end_time":"134.72","alternatives":[{"confidence":"0.4928","content":"경찰"}],"type":"pronunciation"},{"start_time":"134.72","end_time":"135.72","alternatives":[{"confidence":"0.16904999999999998","content":"이시라면"}],"type":"pronunciation"},{"start_time":"137.2","end_time":"138.03","alternatives":[{"confidence":"0.9866","content":"경찰에서"}],"type":"pronunciation"},{"start_time":"138.03","end_time":"138.81","alternatives":[{"confidence":"0.9911","content":"국민한테"}],"type":"pronunciation"},{"start_time":"138.81","end_time":"139.18","alternatives":[{"confidence":"0.9869","content":"말을"}],"type":"pronunciation"},{"start_time":"139.18","end_time":"139.98","alternatives":[{"confidence":"0.55855","content":"더럽냐고"}],"type":"pronunciation"},{"start_time":"140.01","end_time":"140.7","alternatives":[{"confidence":"0.16835","content":"음계를"}],"type":"pronunciation"},{"start_time":"140.7","end_time":"140.96","alternatives":[{"confidence":"0.284","content":"해요"}],"type":"pronunciation"},{"alternatives":[{"confidence":"0.0","content":"."}],"type":"punctuation"},{"start_time":"140.96","end_time":"141.35","alternatives":[{"confidence":"0.6352","content":"지금"}],"type":"pronunciation"},{"start_time":"143.05","end_time":"143.56","alternatives":[{"confidence":"0.2358","content":"기름을"}],"type":"pronunciation"},{"start_time":"143.73","end_time":"144.16","alternatives":[{"confidence":"0.4208","content":"있지"}],"type":"pronunciation"},{"start_time":"144.16","end_time":"144.52","alternatives":[{"confidence":"0.9879","content":"않으면"}],"type":"pronunciation"},{"start_time":"144.6","end_time":"144.98","alternatives":[{"confidence":"0.6784","content":"사무실"}],"type":"pronunciation"},{"start_time":"145.38","end_time":"145.57","alternatives":[{"confidence":"0.8938","content":"하면"}],"type":"pronunciation"},{"start_time":"145.57","end_time":"146.27","alternatives":[{"confidence":"0.8906000000000001","content":"좋으세요"}],"type":"pronunciation"},{"alternatives":[{"confidence":"0.0","content":"?"}],"type":"punctuation"},{"start_time":"146.33","end_time":"146.77","alternatives":[{"confidence":"0.008","content":"아니"}],"type":"pronunciation"},{"start_time":"146.8","end_time":"147.47","alternatives":[{"confidence":"0.8451","content":"사무실"}],"type":"pronunciation"},{"start_time":"147.5","end_time":"148.11","alternatives":[{"confidence":"0.9869","content":"번호로"}],"type":"pronunciation"},{"start_time":"148.11","end_time":"148.68","alternatives":[{"confidence":"1.0","content":"연락을"}],"type":"pronunciation"},{"start_time":"148.68","end_time":"148.89","alternatives":[{"confidence":"0.9114","content":"하는"}],"type":"pronunciation"},{"start_time":"148.89","end_time":"149.01","alternatives":[{"confidence":"0.9134","content":"게"}],"type":"pronunciation"},{"start_time":"149.01","end_time":"149.43","alternatives":[{"confidence":"1.0","content":"문제가"}],"type":"pronunciation"},{"start_time":"149.43","end_time":"150.04","alternatives":[{"confidence":"1.0","content":"아니고"}],"type":"pronunciation"},{"start_time":"151.27","end_time":"151.91","alternatives":[{"confidence":"0.201","content":"경찰이"}],"type":"pronunciation"},{"start_time":"152.42","end_time":"152.81","alternatives":[{"confidence":"0.0266","content":"신분"}],"type":"pronunciation"},{"start_time":"154.38","end_time":"154.72","alternatives":[{"confidence":"0.8149","content":"그런데"}],"type":"pronunciation"},{"start_time":"154.87","end_time":"155.19","alternatives":[{"confidence":"0.1682","content":"말이야"}],"type":"pronunciation"},{"alternatives":[{"confidence":"0.0","content":","}],"type":"punctuation"},{"start_time":"155.33","end_time":"155.68","alternatives":[{"confidence":"0.4428","content":"도시"}],"type":"pronunciation"},{"start_time":"156.17","end_time":"156.66","alternatives":[{"confidence":"0.03425","content":"도시라고"}],"type":"pronunciation"},{"start_time":"156.66","end_time":"156.95","alternatives":[{"confidence":"0.0246","content":"그렇게"}],"type":"pronunciation"},{"start_time":"156.95","end_time":"157.38","alternatives":[{"confidence":"0.3127","content":"않습니까"}],"type":"pronunciation"},{"alternatives":[{"confidence":"0.0","content":"?"}],"type":"punctuation"},{"start_time":"157.38","end_time":"157.86","alternatives":[{"confidence":"0.9949","content":"말이에요"}],"type":"pronunciation"},{"alternatives":[{"confidence":"0.0","content":"."}],"type":"punctuation"},{"start_time":"157.89","end_time":"158.42","alternatives":[{"confidence":"0.9996","content":"그러니까"}],"type":"pronunciation"},{"start_time":"158.42","end_time":"158.81","alternatives":[{"confidence":"0.9536","content":"그러니까"}],"type":"pronunciation"},{"start_time":"159.01","end_time":"159.83","alternatives":[{"confidence":"1.0","content":"경찰이"}],"type":"pronunciation"},{"start_time":"159.86","end_time":"160.57","alternatives":[{"confidence":"0.98455","content":"국민한테"}],"type":"pronunciation"},{"start_time":"160.57","end_time":"160.96","alternatives":[{"confidence":"0.9715","content":"말을"}],"type":"pronunciation"},{"start_time":"160.96","end_time":"161.85","alternatives":[{"confidence":"0.8336","content":"더럽냐고"}],"type":"pronunciation"},{"start_time":"161.85","end_time":"162.29","alternatives":[{"confidence":"0.9922","content":"얘기를"}],"type":"pronunciation"},{"start_time":"162.29","end_time":"162.51","alternatives":[{"confidence":"0.6335","content":"하냐"}],"type":"pronunciation"},{"start_time":"162.51","end_time":"162.73","alternatives":[{"confidence":"0.6389","content":"고"}],"type":"pronunciation"},{"start_time":"162.73","end_time":"163.5","alternatives":[{"confidence":"0.9411","content":"지금"}],"type":"pronunciation"},{"start_time":"165.08","end_time":"165.68","alternatives":[{"confidence":"0.55055","content":"이쪽부터"}],"type":"pronunciation"},{"start_time":"165.68","end_time":"166.83","alternatives":[{"confidence":"0.6751500000000001","content":"말하셨잖아요"}],"type":"pronunciation"},{"alternatives":[{"confidence":"0.0","content":"."}],"type":"punctuation"},{"start_time":"167.99","end_time":"168.25","alternatives":[{"confidence":"0.677","content":"아니"}],"type":"pronunciation"},{"alternatives":[{"confidence":"0.0","content":","}],"type":"punctuation"},{"start_time":"168.25","end_time":"169.01","alternatives":[{"confidence":"0.9988","content":"여보세요"}],"type":"pronunciation"},{"alternatives":[{"confidence":"0.0","content":"."}],"type":"punctuation"},{"start_time":"170.66","end_time":"170.98","alternatives":[{"confidence":"0.8492","content":"내가"}],"type":"pronunciation"},{"start_time":"171.55","end_time":"171.96","alternatives":[{"confidence":"0.1276","content":"운"}],"type":"pronunciation"},{"start_time":"172.02","end_time":"174.12","alternatives":[{"confidence":"0.49546666666666667","content":"은행계좌하고"}],"type":"pronunciation"},{"start_time":"174.83","end_time":"175.16","alternatives":[{"confidence":"0.9743","content":"하고"}],"type":"pronunciation"},{"start_time":"175.16","end_time":"175.74","alternatives":[{"confidence":"0.9955499999999999","content":"개설된"}],"type":"pronunciation"},{"start_time":"175.74","end_time":"176.04","alternatives":[{"confidence":"0.9995","content":"적이"}],"type":"pronunciation"},{"start_time":"176.04","end_time":"176.81","alternatives":[{"confidence":"0.97905","content":"없다는데"}],"type":"pronunciation"},{"start_time":"177.2","end_time":"177.58","alternatives":[{"confidence":"0.9333","content":"뭘"}],"type":"pronunciation"},{"start_time":"177.58","end_time":"178.16","alternatives":[{"confidence":"0.6325333333333333","content":"웃기려라고"}],"type":"pronunciation"},{"alternatives":[{"confidence":"0.0","content":"?"}],"type":"punctuation"},{"start_time":"178.16","end_time":"178.49","alternatives":[{"confidence":"0.9906","content":"지금"}],"type":"pronunciation"},{"start_time":"178.49","end_time":"178.88","alternatives":[{"confidence":"0.9988","content":"그러면"}],"type":"pronunciation"},{"start_time":"180.4","end_time":"180.75","alternatives":[{"confidence":"0.2107","content":"는지"}],"type":"pronunciation"},{"start_time":"180.75","end_time":"181.0","alternatives":[{"confidence":"0.9998","content":"제가"}],"type":"pronunciation"},{"start_time":"181.0","end_time":"181.35","alternatives":[{"confidence":"1.0","content":"어떻게"}],"type":"pronunciation"},{"start_time":"181.35","end_time":"181.76","alternatives":[{"confidence":"0.8748","content":"압니까"}],"type":"pronunciation"},{"alternatives":[{"confidence":"0.0","content":"?"}],"type":"punctuation"},{"start_time":"181.79","end_time":"182.44","alternatives":[{"confidence":"0.9398","content":"현재"}],"type":"pronunciation"},{"start_time":"182.82","end_time":"183.06","alternatives":[{"confidence":"0.9847","content":"제가"}],"type":"pronunciation"},{"start_time":"183.06","end_time":"183.43","alternatives":[{"confidence":"0.2416","content":"진술을"}],"type":"pronunciation"},{"start_time":"183.52","end_time":"183.79","alternatives":[{"confidence":"0.0185","content":"했어요"}],"type":"pronunciation"},{"alternatives":[{"confidence":"0.0","content":"."}],"type":"punctuation"},{"start_time":"183.79","end_time":"184.01","alternatives":[{"confidence":"0.9229","content":"돈이"}],"type":"pronunciation"},{"start_time":"184.01","end_time":"184.24","alternatives":[{"confidence":"0.9951","content":"돈을"}],"type":"pronunciation"},{"start_time":"184.24","end_time":"184.96","alternatives":[{"confidence":"0.5795666666666667","content":"구십만주고"}],"type":"pronunciation"},{"start_time":"185.02","end_time":"185.78","alternatives":[{"confidence":"0.8043666666666667","content":"국민통장과"}],"type":"pronunciation"},{"start_time":"185.78","end_time":"186.03","alternatives":[{"confidence":"0.3294","content":"농협"}],"type":"pronunciation"},{"start_time":"186.03","end_time":"186.39","alternatives":[{"confidence":"0.9983","content":"통장을"}],"type":"pronunciation"},{"start_time":"186.39","end_time":"186.8","alternatives":[{"confidence":"0.99375","content":"샀다고"}],"type":"pronunciation"},{"start_time":"186.8","end_time":"187.16","alternatives":[{"confidence":"0.8354","content":"말씀을"}],"type":"pronunciation"},{"start_time":"187.16","end_time":"187.71","alternatives":[{"confidence":"0.9991","content":"하십니다"}],"type":"pronunciation"},{"alternatives":[{"confidence":"0.0","content":"."}],"type":"punctuation"},{"start_time":"188.32","end_time":"188.77","alternatives":[{"confidence":"0.9839","content":"누구를"}],"type":"pronunciation"},{"start_time":"188.77","end_time":"189.04","alternatives":[{"confidence":"0.70425","content":"밀어야"}],"type":"pronunciation"},{"start_time":"189.04","end_time":"189.71","alternatives":[{"confidence":"0.8085","content":"되십니까"}],"type":"pronunciation"},{"alternatives":[{"confidence":"0.0","content":"?"}],"type":"punctuation"},{"start_time":"190.24","end_time":"191.06","alternatives":[{"confidence":"0.9632","content":"보세요"}],"type":"pronunciation"},{"alternatives":[{"confidence":"0.0","content":"."}],"type":"punctuation"},{"start_time":"192.34","end_time":"192.78","alternatives":[{"confidence":"0.6527","content":"지금"}],"type":"pronunciation"},{"start_time":"193.1","end_time":"193.46","alternatives":[{"confidence":"0.998","content":"저는"}],"type":"pronunciation"},{"start_time":"193.46","end_time":"193.84","alternatives":[{"confidence":"0.9477","content":"그런"}],"type":"pronunciation"},{"start_time":"193.84","end_time":"194.33","alternatives":[{"confidence":"0.6191","content":"보증도"}],"type":"pronunciation"},{"start_time":"194.33","end_time":"194.93","alternatives":[{"confidence":"0.86345","content":"분배를"}],"type":"pronunciation"},{"start_time":"194.93","end_time":"195.09","alternatives":[{"confidence":"0.2197","content":"줄"}],"type":"pronunciation"},{"start_time":"195.09","end_time":"195.29","alternatives":[{"confidence":"0.386","content":"아는"}],"type":"pronunciation"},{"start_time":"195.29","end_time":"196.55","alternatives":[{"confidence":"0.6431","content":"사람이에요"}],"type":"pronunciation"},{"alternatives":[{"confidence":"0.0","content":"."}],"type":"punctuation"},{"start_time":"197.83","end_time":"198.07","alternatives":[{"confidence":"0.8321","content":"지금"}],"type":"pronunciation"},{"start_time":"198.46","end_time":"198.97","alternatives":[{"confidence":"0.751","content":"누구한테"}],"type":"pronunciation"},{"start_time":"199.0","end_time":"199.43","alternatives":[{"confidence":"0.9477","content":"사기를"}],"type":"pronunciation"},{"start_time":"199.44","end_time":"200.01","alternatives":[{"confidence":"0.98925","content":"주시려고"}],"type":"pronunciation"},{"start_time":"200.01","end_time":"200.14","alternatives":[{"confidence":"0.6037","content":"해요"}],"type":"pronunciation"},{"alternatives":[{"confidence":"0.0","content":"."}],"type":"punctuation"},{"start_time":"204.58","end_time":"205.8","alternatives":[{"confidence":"0.39854999999999996","content":"그렇겠죠"}],"type":"pronunciation"},{"alternatives":[{"confidence":"0.0","content":"."}],"type":"punctuation"},{"start_time":"206.71","end_time":"206.92","alternatives":[{"confidence":"0.9694","content":"제가"}],"type":"pronunciation"},{"start_time":"206.92","end_time":"207.12","alternatives":[{"confidence":"0.6218","content":"걸로"}],"type":"pronunciation"},{"start_time":"207.12","end_time":"207.55","alternatives":[{"confidence":"0.42525","content":"소환전으로"}],"type":"pronunciation"},{"start_time":"207.55","end_time":"208.25","alternatives":[{"confidence":"0.9325","content":"보내드리겠습니다"}],"type":"pronunciation"},{"alternatives":[{"confidence":"0.0","content":"."}],"type":"punctuation"},{"start_time":"208.25","end_time":"208.82","alternatives":[{"confidence":"0.9993","content":"오늘"}],"type":"pronunciation"},{"start_time":"208.82","end_time":"209.12","alternatives":[{"confidence":"0.9955","content":"오후"}],"type":"pronunciation"},{"start_time":"209.12","end_time":"209.61","alternatives":[{"confidence":"0.34040000000000004","content":"세시장으로"}],"type":"pronunciation"},{"start_time":"209.61","end_time":"209.71","alternatives":[{"confidence":"0.4471","content":"안"}],"type":"pronunciation"},{"start_time":"209.71","end_time":"210.01","alternatives":[{"confidence":"0.9956","content":"오시면"}],"type":"pronunciation"},{"start_time":"210.01","end_time":"210.19","alternatives":[{"confidence":"0.8406","content":"저희가"}],"type":"pronunciation"},{"start_time":"210.35","end_time":"210.55","alternatives":[{"confidence":"0.2607","content":"골로"}],"type":"pronunciation"},{"start_time":"210.55","end_time":"211.14","alternatives":[{"confidence":"0.9942500000000001","content":"가겠습니다"}],"type":"pronunciation"},{"alternatives":[{"confidence":"0.0","content":"."}],"type":"punctuation"}]},"status":"COMPLETED"}